# Blender 5.0.1
# www.blender.org
mtllib build2.mtl
o Object_28
v -0.137481 4.042776 3.480692
v -0.137481 4.145985 3.480692
v -0.127413 4.145985 3.481683
v -0.127413 4.042776 3.481683
v -0.127413 4.042776 3.481683
v -0.127413 4.145985 3.481683
v -0.117733 4.145985 3.484620
v -0.117733 4.042776 3.484620
v -0.117733 4.042776 3.484620
v -0.117733 4.145985 3.484620
v -0.108811 4.145985 3.489388
v -0.108811 4.042776 3.489388
v -0.108811 4.042776 3.489388
v -0.108811 4.145985 3.489388
v -0.100991 4.145985 3.495806
v -0.100991 4.042776 3.495806
v -0.100991 4.042776 3.495806
v -0.100991 4.145985 3.495806
v -0.094573 4.145985 3.503626
v -0.094573 4.042776 3.503626
v -0.094573 4.042776 3.503626
v -0.094573 4.145985 3.503626
v -0.089805 4.145985 3.512548
v -0.089805 4.042776 3.512548
v -0.089805 4.042776 3.512548
v -0.089805 4.145985 3.512548
v -0.086868 4.145985 3.522228
v -0.086868 4.042776 3.522228
v -0.086868 4.042776 3.522228
v -0.086868 4.145985 3.522228
v -0.085877 4.145985 3.532296
v -0.085877 4.042776 3.532296
v -0.085877 4.042776 3.532296
v -0.085877 4.145985 3.532296
v -0.086868 4.145985 3.542363
v -0.086868 4.042776 3.542363
v -0.086868 4.042776 3.542363
v -0.086868 4.145985 3.542363
v -0.089805 4.145985 3.552044
v -0.089805 4.042776 3.552044
v -0.089805 4.042776 3.552044
v -0.089805 4.145985 3.552044
v -0.094573 4.145985 3.560966
v -0.094573 4.042776 3.560966
v -0.094573 4.042776 3.560966
v -0.094573 4.145985 3.560966
v -0.100991 4.145985 3.568785
v -0.100991 4.042776 3.568785
v -0.100991 4.042776 3.568785
v -0.100991 4.145985 3.568785
v -0.108811 4.145985 3.575203
v -0.108811 4.042776 3.575203
v -0.108811 4.042776 3.575203
v -0.108811 4.145985 3.575203
v -0.117733 4.145985 3.579972
v -0.117733 4.042776 3.579972
v -0.117733 4.042776 3.579972
v -0.117733 4.145985 3.579972
v -0.127413 4.145985 3.582908
v -0.127413 4.042776 3.582908
v -0.127413 4.042776 3.582908
v -0.127413 4.145985 3.582908
v -0.137481 4.145985 3.583900
v -0.137481 4.042776 3.583900
v -0.137481 4.042776 3.583900
v -0.137481 4.145985 3.583900
v -0.147548 4.145985 3.582908
v -0.147548 4.042776 3.582908
v -0.147548 4.042776 3.582908
v -0.147548 4.145985 3.582908
v -0.157229 4.145985 3.579972
v -0.157229 4.042776 3.579972
v -0.157229 4.042776 3.579972
v -0.157229 4.145985 3.579972
v -0.166150 4.145985 3.575203
v -0.166150 4.042776 3.575203
v -0.166150 4.042776 3.575203
v -0.166150 4.145985 3.575203
v -0.173970 4.145985 3.568785
v -0.173970 4.042776 3.568785
v -0.173970 4.042776 3.568785
v -0.173970 4.145985 3.568785
v -0.180388 4.145985 3.560966
v -0.180388 4.042776 3.560966
v -0.180388 4.042776 3.560966
v -0.180388 4.145985 3.560966
v -0.185157 4.145985 3.552044
v -0.185157 4.042776 3.552044
v -0.185157 4.042776 3.552044
v -0.185157 4.145985 3.552044
v -0.188093 4.145985 3.542363
v -0.188093 4.042776 3.542363
v -0.188093 4.042776 3.542363
v -0.188093 4.145985 3.542363
v -0.189085 4.145985 3.532296
v -0.189085 4.042776 3.532296
v -0.189085 4.042776 3.532296
v -0.189085 4.145985 3.532296
v -0.188093 4.145985 3.522228
v -0.188093 4.042776 3.522228
v -0.188093 4.042776 3.522228
v -0.188093 4.145985 3.522228
v -0.185157 4.145985 3.512548
v -0.185157 4.042776 3.512548
v -0.185157 4.042776 3.512548
v -0.185157 4.145985 3.512548
v -0.180388 4.145985 3.503626
v -0.180388 4.042776 3.503626
v -0.180388 4.042776 3.503626
v -0.180388 4.145985 3.503626
v -0.173970 4.145985 3.495806
v -0.173970 4.042776 3.495806
v -0.173970 4.042776 3.495806
v -0.173970 4.145985 3.495806
v -0.166150 4.145985 3.489388
v -0.166150 4.042776 3.489388
v -0.166150 4.042776 3.489388
v -0.166150 4.145985 3.489388
v -0.157229 4.145985 3.484620
v -0.157229 4.042776 3.484620
v -0.117733 4.272759 3.579972
v -0.108811 4.272759 3.575203
v -0.108811 4.294713 3.575203
v -0.117733 4.294713 3.579972
v -0.157229 4.042776 3.484620
v -0.157229 4.145985 3.484620
v -0.147548 4.145985 3.481683
v -0.147548 4.042776 3.481683
v -0.147548 4.042776 3.481683
v -0.147548 4.145985 3.481683
v -0.137481 4.145985 3.480692
v -0.137481 4.042776 3.480692
v -0.108811 4.294713 3.575203
v -0.100991 4.294713 3.568785
v -0.098378 4.294713 3.571399
v -0.106758 4.294713 3.578276
v -0.188093 4.272759 3.542363
v -0.185157 4.272759 3.552044
v -0.185157 4.294713 3.552044
v -0.188093 4.294713 3.542363
v -0.127413 4.272759 3.481683
v -0.137481 4.272759 3.480692
v -0.137481 4.294713 3.480692
v -0.127413 4.294713 3.481683
v -0.137481 4.272759 3.480692
v -0.147548 4.272759 3.481683
v -0.147548 4.294713 3.481683
v -0.137481 4.294713 3.480692
v -0.089805 4.272759 3.552044
v -0.086868 4.272759 3.542363
v -0.086868 4.294713 3.542363
v -0.089805 4.294713 3.552044
v -0.166150 4.272759 3.575203
v -0.157229 4.272759 3.579972
v -0.157229 4.294713 3.579972
v -0.166150 4.294713 3.575203
v -0.173970 4.272759 3.495806
v -0.180388 4.272759 3.503626
v -0.180388 4.294713 3.503626
v -0.173970 4.294713 3.495806
v -0.089805 4.272759 3.512548
v -0.094573 4.272759 3.503626
v -0.094573 4.294713 3.503626
v -0.089805 4.294713 3.512548
v -0.127413 4.272759 3.582908
v -0.117733 4.272759 3.579972
v -0.117733 4.294713 3.579972
v -0.127413 4.294713 3.582908
v -0.189085 4.272759 3.532296
v -0.188093 4.272759 3.542363
v -0.188093 4.294713 3.542363
v -0.189085 4.294713 3.532296
v -0.117733 4.272759 3.484620
v -0.127413 4.272759 3.481683
v -0.127413 4.294713 3.481683
v -0.117733 4.294713 3.484620
v -0.094573 4.272759 3.560966
v -0.089805 4.272759 3.552044
v -0.089805 4.294713 3.552044
v -0.094573 4.294713 3.560966
v -0.173970 4.272759 3.568785
v -0.166150 4.272759 3.575203
v -0.166150 4.294713 3.575203
v -0.173970 4.294713 3.568785
v -0.166150 4.272759 3.489388
v -0.173970 4.272759 3.495806
v -0.173970 4.294713 3.495806
v -0.166150 4.294713 3.489388
v -0.086868 4.272759 3.522228
v -0.089805 4.272759 3.512548
v -0.089805 4.294713 3.512548
v -0.086868 4.294713 3.522228
v -0.137481 4.272759 3.583900
v -0.127413 4.272759 3.582908
v -0.127413 4.294713 3.582908
v -0.137481 4.294713 3.583900
v -0.188093 4.272759 3.522228
v -0.189085 4.272759 3.532296
v -0.189085 4.294713 3.532296
v -0.188093 4.294713 3.522228
v -0.108811 4.272759 3.489388
v -0.117733 4.272759 3.484620
v -0.117733 4.294713 3.484620
v -0.108811 4.294713 3.489388
v -0.100991 4.272759 3.568785
v -0.094573 4.272759 3.560966
v -0.094573 4.294713 3.560966
v -0.100991 4.294713 3.568785
v -0.180388 4.272759 3.560966
v -0.173970 4.272759 3.568785
v -0.173970 4.294713 3.568785
v -0.180388 4.294713 3.560966
v -0.157229 4.272759 3.484620
v -0.166150 4.272759 3.489388
v -0.166150 4.294713 3.489388
v -0.157229 4.294713 3.484620
v -0.085877 4.272759 3.532296
v -0.086868 4.272759 3.522228
v -0.086868 4.294713 3.522228
v -0.085877 4.294713 3.532296
v -0.147548 4.272759 3.582908
v -0.137481 4.272759 3.583900
v -0.137481 4.294713 3.583900
v -0.147548 4.294713 3.582908
v -0.185157 4.272759 3.512548
v -0.188093 4.272759 3.522228
v -0.188093 4.294713 3.522228
v -0.185157 4.294713 3.512548
v -0.100991 4.272759 3.495806
v -0.108811 4.272759 3.489388
v -0.108811 4.294713 3.489388
v -0.100991 4.294713 3.495806
v -0.108811 4.272759 3.575203
v -0.100991 4.272759 3.568785
v -0.100991 4.294713 3.568785
v -0.108811 4.294713 3.575203
v -0.185157 4.272759 3.552044
v -0.180388 4.272759 3.560966
v -0.180388 4.294713 3.560966
v -0.185157 4.294713 3.552044
v -0.147548 4.272759 3.481683
v -0.157229 4.272759 3.484620
v -0.157229 4.294713 3.484620
v -0.147548 4.294713 3.481683
v -0.086868 4.272759 3.542363
v -0.085877 4.272759 3.532296
v -0.085877 4.294713 3.532296
v -0.086868 4.294713 3.542363
v -0.157229 4.272759 3.579972
v -0.147548 4.272759 3.582908
v -0.147548 4.294713 3.582908
v -0.157229 4.294713 3.579972
v -0.180388 4.272759 3.503626
v -0.185157 4.272759 3.512548
v -0.185157 4.294713 3.512548
v -0.180388 4.294713 3.503626
v -0.094573 4.272759 3.503626
v -0.100991 4.272759 3.495806
v -0.100991 4.294713 3.495806
v -0.094573 4.294713 3.503626
v -0.094573 4.145985 3.503626
v -0.100991 4.145985 3.495806
v -0.100991 4.264413 3.495806
v -0.094573 4.264413 3.503626
v -0.147548 4.272759 3.582908
v -0.157229 4.272759 3.579972
v -0.158220 4.272968 3.582364
v -0.148053 4.272968 3.585448
v -0.180388 4.145985 3.503626
v -0.185157 4.145985 3.512548
v -0.185157 4.264413 3.512548
v -0.180388 4.264413 3.503626
v -0.189085 4.272759 3.532296
v -0.188093 4.272759 3.522228
v -0.190633 4.272968 3.521723
v -0.191674 4.272968 3.532296
v -0.157229 4.145985 3.579972
v -0.147548 4.145985 3.582908
v -0.147548 4.264413 3.582908
v -0.157229 4.264413 3.579972
v -0.147548 4.272759 3.481683
v -0.137481 4.272759 3.480692
v -0.137481 4.272968 3.478102
v -0.148053 4.272968 3.479144
v -0.086868 4.145985 3.542363
v -0.085877 4.145985 3.532296
v -0.085877 4.264413 3.532296
v -0.086868 4.264413 3.542363
v -0.157229 4.264413 3.579972
v -0.147548 4.264413 3.582908
v -0.148053 4.264204 3.585448
v -0.158220 4.264204 3.582364
v -0.147548 4.145985 3.481683
v -0.157229 4.145985 3.484620
v -0.157229 4.264413 3.484620
v -0.147548 4.264413 3.481683
v -0.188093 4.264413 3.522228
v -0.189085 4.264413 3.532296
v -0.191674 4.264204 3.532296
v -0.190633 4.264204 3.521723
v -0.185157 4.145985 3.552044
v -0.180388 4.145985 3.560966
v -0.180388 4.264413 3.560966
v -0.185157 4.264413 3.552044
v -0.137481 4.264413 3.480692
v -0.147548 4.264413 3.481683
v -0.148053 4.264204 3.479144
v -0.137481 4.264204 3.478102
v -0.108811 4.145985 3.575203
v -0.100991 4.145985 3.568785
v -0.100991 4.264413 3.568785
v -0.108811 4.264413 3.575203
v -0.185157 4.272759 3.512548
v -0.180388 4.272759 3.503626
v -0.182541 4.272968 3.502187
v -0.187549 4.272968 3.511557
v -0.100991 4.145985 3.495806
v -0.108811 4.145985 3.489388
v -0.108811 4.264413 3.489388
v -0.100991 4.264413 3.495806
v -0.117733 4.272759 3.484620
v -0.108811 4.272759 3.489388
v -0.107373 4.272968 3.487236
v -0.116742 4.272968 3.482228
v -0.185157 4.145985 3.512548
v -0.188093 4.145985 3.522228
v -0.188093 4.264413 3.522228
v -0.185157 4.264413 3.512548
v -0.086868 4.272759 3.542363
v -0.089805 4.272759 3.552044
v -0.087413 4.272968 3.553035
v -0.084329 4.272968 3.542868
v -0.147548 4.145985 3.582908
v -0.137481 4.145985 3.583900
v -0.137481 4.264413 3.583900
v -0.147548 4.264413 3.582908
v -0.180388 4.264413 3.503626
v -0.185157 4.264413 3.512548
v -0.187549 4.264204 3.511557
v -0.182541 4.264204 3.502187
v -0.085877 4.145985 3.532296
v -0.086868 4.145985 3.522228
v -0.086868 4.264413 3.522228
v -0.085877 4.264413 3.532296
v -0.108811 4.264413 3.489388
v -0.117733 4.264413 3.484620
v -0.116742 4.264204 3.482228
v -0.107373 4.264204 3.487236
v -0.157229 4.145985 3.484620
v -0.166150 4.145985 3.489388
v -0.166150 4.264413 3.489388
v -0.157229 4.264413 3.484620
v -0.089805 4.264413 3.552044
v -0.086868 4.264413 3.542363
v -0.084329 4.264204 3.542868
v -0.087413 4.264204 3.553035
v -0.180388 4.145985 3.560966
v -0.173970 4.145985 3.568785
v -0.173970 4.264413 3.568785
v -0.180388 4.264413 3.560966
v -0.100991 4.272759 3.495806
v -0.094573 4.272759 3.503626
v -0.092421 4.272968 3.502187
v -0.099160 4.272968 3.493975
v -0.100991 4.145985 3.568785
v -0.094573 4.145985 3.560966
v -0.094573 4.264413 3.560966
v -0.100991 4.264413 3.568785
v -0.094573 4.272759 3.560966
v -0.100991 4.272759 3.568785
v -0.099160 4.272968 3.570616
v -0.092421 4.272968 3.562404
v -0.108811 4.145985 3.489388
v -0.117733 4.145985 3.484620
v -0.117733 4.264413 3.484620
v -0.108811 4.264413 3.489388
v -0.157229 4.272759 3.579972
v -0.166150 4.272759 3.575203
v -0.167589 4.272968 3.577356
v -0.158220 4.272968 3.582364
v -0.188093 4.145985 3.522228
v -0.189085 4.145985 3.532296
v -0.189085 4.264413 3.532296
v -0.188093 4.264413 3.522228
v -0.094573 4.264413 3.503626
v -0.100991 4.264413 3.495806
v -0.099160 4.264204 3.493975
v -0.092421 4.264204 3.502187
v -0.137481 4.145985 3.583900
v -0.127413 4.145985 3.582908
v -0.127413 4.264413 3.582908
v -0.137481 4.264413 3.583900
v -0.100991 4.264413 3.568785
v -0.094573 4.264413 3.560966
v -0.092421 4.264204 3.562404
v -0.099160 4.264204 3.570616
v -0.086868 4.145985 3.522228
v -0.089805 4.145985 3.512548
v -0.089805 4.264413 3.512548
v -0.086868 4.264413 3.522228
v -0.166150 4.264413 3.575203
v -0.157229 4.264413 3.579972
v -0.158220 4.264204 3.582364
v -0.167589 4.264204 3.577356
v -0.166150 4.145985 3.489388
v -0.173970 4.145985 3.495806
v -0.173970 4.264413 3.495806
v -0.166150 4.264413 3.489388
v -0.173970 4.272759 3.568785
v -0.180388 4.272759 3.560966
v -0.182541 4.272968 3.562404
v -0.175801 4.272968 3.570616
v -0.173970 4.145985 3.568785
v -0.166150 4.145985 3.575203
v -0.166150 4.264413 3.575203
v -0.173970 4.264413 3.568785
v -0.180388 4.272759 3.503626
v -0.173970 4.272759 3.495806
v -0.175801 4.272968 3.493975
v -0.182541 4.272968 3.502187
v -0.094573 4.145985 3.560966
v -0.089805 4.145985 3.552044
v -0.089805 4.264413 3.552044
v -0.094573 4.264413 3.560966
v -0.180388 4.264413 3.560966
v -0.173970 4.264413 3.568785
v -0.175801 4.264204 3.570616
v -0.182541 4.264204 3.562404
v -0.117733 4.145985 3.484620
v -0.127413 4.145985 3.481683
v -0.127413 4.264413 3.481683
v -0.117733 4.264413 3.484620
v -0.173970 4.264413 3.495806
v -0.180388 4.264413 3.503626
v -0.182541 4.264204 3.502187
v -0.175801 4.264204 3.493975
v -0.189085 4.145985 3.532296
v -0.188093 4.145985 3.542363
v -0.188093 4.264413 3.542363
v -0.189085 4.264413 3.532296
v -0.166150 4.272759 3.489388
v -0.157229 4.272759 3.484620
v -0.158220 4.272968 3.482228
v -0.167589 4.272968 3.487236
v -0.127413 4.145985 3.582908
v -0.117733 4.145985 3.579972
v -0.117733 4.264413 3.579972
v -0.127413 4.264413 3.582908
v -0.094573 4.272759 3.503626
v -0.089805 4.272759 3.512548
v -0.087413 4.272968 3.511557
v -0.092421 4.272968 3.502187
v -0.089805 4.145985 3.512548
v -0.094573 4.145985 3.503626
v -0.094573 4.264413 3.503626
v -0.089805 4.264413 3.512548
v -0.157229 4.264413 3.484620
v -0.166150 4.264413 3.489388
v -0.167589 4.264204 3.487236
v -0.158220 4.264204 3.482228
v -0.173970 4.145985 3.495806
v -0.180388 4.145985 3.503626
v -0.180388 4.264413 3.503626
v -0.173970 4.264413 3.495806
v -0.089805 4.264413 3.512548
v -0.094573 4.264413 3.503626
v -0.092421 4.264204 3.502187
v -0.087413 4.264204 3.511557
v -0.166150 4.145985 3.575203
v -0.157229 4.145985 3.579972
v -0.157229 4.264413 3.579972
v -0.166150 4.264413 3.575203
v -0.086868 4.272759 3.522228
v -0.085877 4.272759 3.532296
v -0.083287 4.272968 3.532296
v -0.084329 4.272968 3.521723
v -0.089805 4.145985 3.552044
v -0.086868 4.145985 3.542363
v -0.086868 4.264413 3.542363
v -0.089805 4.264413 3.552044
v -0.117733 4.272759 3.579972
v -0.127413 4.272759 3.582908
v -0.126908 4.272968 3.585448
v -0.116742 4.272968 3.582364
v -0.137481 4.145985 3.480692
v -0.147548 4.145985 3.481683
v -0.147548 4.264413 3.481683
v -0.137481 4.264413 3.480692
v -0.085877 4.264413 3.532296
v -0.086868 4.264413 3.522228
v -0.084329 4.264204 3.521723
v -0.083287 4.264204 3.532296
v -0.127413 4.145985 3.481683
v -0.137481 4.145985 3.480692
v -0.137481 4.264413 3.480692
v -0.127413 4.264413 3.481683
v -0.127413 4.264413 3.582908
v -0.117733 4.264413 3.579972
v -0.116742 4.264204 3.582364
v -0.126908 4.264204 3.585448
v -0.188093 4.145985 3.542363
v -0.185157 4.145985 3.552044
v -0.185157 4.264413 3.552044
v -0.188093 4.264413 3.542363
v -0.137481 4.272759 3.583900
v -0.147548 4.272759 3.582908
v -0.148053 4.272968 3.585448
v -0.137481 4.272968 3.586489
v -0.117733 4.145985 3.579972
v -0.108811 4.145985 3.575203
v -0.108811 4.264413 3.575203
v -0.117733 4.264413 3.579972
v -0.188093 4.272759 3.542363
v -0.189085 4.272759 3.532296
v -0.191674 4.272968 3.532296
v -0.190633 4.272968 3.542868
v -0.092421 4.264204 3.502187
v -0.099160 4.264204 3.493975
v -0.099160 4.272968 3.493975
v -0.092421 4.272968 3.502187
v -0.182541 4.264204 3.502187
v -0.187549 4.264204 3.511557
v -0.187549 4.272968 3.511557
v -0.182541 4.272968 3.502187
v -0.158220 4.264204 3.582364
v -0.148053 4.264204 3.585448
v -0.148053 4.272968 3.585448
v -0.158220 4.272968 3.582364
v -0.084329 4.264204 3.542868
v -0.083287 4.264204 3.532296
v -0.083287 4.272968 3.532296
v -0.084329 4.272968 3.542868
v -0.148053 4.264204 3.479144
v -0.158220 4.264204 3.482228
v -0.158220 4.272968 3.482228
v -0.148053 4.272968 3.479144
v -0.187549 4.264204 3.553035
v -0.182541 4.264204 3.562404
v -0.182541 4.272968 3.562404
v -0.187549 4.272968 3.553035
v -0.107373 4.264204 3.577356
v -0.099160 4.264204 3.570616
v -0.099160 4.272968 3.570616
v -0.107373 4.272968 3.577356
v -0.099160 4.264204 3.493975
v -0.107373 4.264204 3.487236
v -0.107373 4.272968 3.487236
v -0.099160 4.272968 3.493975
v -0.187549 4.264204 3.511557
v -0.190633 4.264204 3.521723
v -0.190633 4.272968 3.521723
v -0.187549 4.272968 3.511557
v -0.148053 4.264204 3.585448
v -0.137481 4.264204 3.586489
v -0.137481 4.272968 3.586489
v -0.148053 4.272968 3.585448
v -0.083287 4.264204 3.532296
v -0.084329 4.264204 3.521723
v -0.084329 4.272968 3.521723
v -0.083287 4.272968 3.532296
v -0.158220 4.264204 3.482228
v -0.167589 4.264204 3.487236
v -0.167589 4.272968 3.487236
v -0.158220 4.272968 3.482228
v -0.182541 4.264204 3.562404
v -0.175801 4.264204 3.570616
v -0.175801 4.272968 3.570616
v -0.182541 4.272968 3.562404
v -0.099160 4.264204 3.570616
v -0.092421 4.264204 3.562404
v -0.092421 4.272968 3.562404
v -0.099160 4.272968 3.570616
v -0.107373 4.264204 3.487236
v -0.116742 4.264204 3.482228
v -0.116742 4.272968 3.482228
v -0.107373 4.272968 3.487236
v -0.190633 4.264204 3.521723
v -0.191674 4.264204 3.532296
v -0.191674 4.272968 3.532296
v -0.190633 4.272968 3.521723
v -0.137481 4.264204 3.586489
v -0.126908 4.264204 3.585448
v -0.126908 4.272968 3.585448
v -0.137481 4.272968 3.586489
v -0.084329 4.264204 3.521723
v -0.087413 4.264204 3.511557
v -0.087413 4.272968 3.511557
v -0.084329 4.272968 3.521723
v -0.167589 4.264204 3.487236
v -0.175801 4.264204 3.493975
v -0.175801 4.272968 3.493975
v -0.167589 4.272968 3.487236
v -0.175801 4.264204 3.570616
v -0.167589 4.264204 3.577356
v -0.167589 4.272968 3.577356
v -0.175801 4.272968 3.570616
v -0.092421 4.264204 3.562404
v -0.087413 4.264204 3.553035
v -0.087413 4.272968 3.553035
v -0.092421 4.272968 3.562404
v -0.116742 4.264204 3.482228
v -0.126908 4.264204 3.479144
v -0.126908 4.272968 3.479144
v -0.116742 4.272968 3.482228
v -0.191674 4.264204 3.532296
v -0.190633 4.264204 3.542868
v -0.190633 4.272968 3.542868
v -0.191674 4.272968 3.532296
v -0.126908 4.264204 3.585448
v -0.116742 4.264204 3.582364
v -0.116742 4.272968 3.582364
v -0.126908 4.272968 3.585448
v -0.087413 4.264204 3.511557
v -0.092421 4.264204 3.502187
v -0.092421 4.272968 3.502187
v -0.087413 4.272968 3.511557
v -0.175801 4.264204 3.493975
v -0.182541 4.264204 3.502187
v -0.182541 4.272968 3.502187
v -0.175801 4.272968 3.493975
v -0.167589 4.264204 3.577356
v -0.158220 4.264204 3.582364
v -0.158220 4.272968 3.582364
v -0.167589 4.272968 3.577356
v -0.087413 4.264204 3.553035
v -0.084329 4.264204 3.542868
v -0.084329 4.272968 3.542868
v -0.087413 4.272968 3.553035
v -0.137481 4.264204 3.478102
v -0.148053 4.264204 3.479144
v -0.148053 4.272968 3.479144
v -0.137481 4.272968 3.478102
v -0.126908 4.264204 3.479144
v -0.137481 4.264204 3.478102
v -0.137481 4.272968 3.478102
v -0.126908 4.272968 3.479144
v -0.190633 4.264204 3.542868
v -0.187549 4.264204 3.553035
v -0.187549 4.272968 3.553035
v -0.190633 4.272968 3.542868
v -0.116742 4.264204 3.582364
v -0.107373 4.264204 3.577356
v -0.107373 4.272968 3.577356
v -0.116742 4.272968 3.582364
v -0.127413 4.264413 3.481683
v -0.137481 4.264413 3.480692
v -0.137481 4.264204 3.478102
v -0.126908 4.264204 3.479144
v -0.137481 4.264413 3.583900
v -0.127413 4.264413 3.582908
v -0.126908 4.264204 3.585448
v -0.137481 4.264204 3.586489
v -0.086868 4.264413 3.542363
v -0.085877 4.264413 3.532296
v -0.083287 4.264204 3.532296
v -0.084329 4.264204 3.542868
v -0.137481 4.272759 3.480692
v -0.127413 4.272759 3.481683
v -0.126908 4.272968 3.479144
v -0.137481 4.272968 3.478102
v -0.127413 4.272759 3.582908
v -0.137481 4.272759 3.583900
v -0.137481 4.272968 3.586489
v -0.126908 4.272968 3.585448
v -0.085877 4.272759 3.532296
v -0.086868 4.272759 3.542363
v -0.084329 4.272968 3.542868
v -0.083287 4.272968 3.532296
v -0.188093 4.264413 3.542363
v -0.185157 4.264413 3.552044
v -0.187549 4.264204 3.553035
v -0.190633 4.264204 3.542868
v -0.086868 4.264413 3.522228
v -0.089805 4.264413 3.512548
v -0.087413 4.264204 3.511557
v -0.084329 4.264204 3.521723
v -0.147548 4.264413 3.481683
v -0.157229 4.264413 3.484620
v -0.158220 4.264204 3.482228
v -0.148053 4.264204 3.479144
v -0.185157 4.272759 3.552044
v -0.188093 4.272759 3.542363
v -0.190633 4.272968 3.542868
v -0.187549 4.272968 3.553035
v -0.089805 4.272759 3.512548
v -0.086868 4.272759 3.522228
v -0.084329 4.272968 3.521723
v -0.087413 4.272968 3.511557
v -0.157229 4.272759 3.484620
v -0.147548 4.272759 3.481683
v -0.148053 4.272968 3.479144
v -0.158220 4.272968 3.482228
v -0.117733 4.264413 3.579972
v -0.108811 4.264413 3.575203
v -0.107373 4.264204 3.577356
v -0.116742 4.264204 3.582364
v -0.166150 4.264413 3.489388
v -0.173970 4.264413 3.495806
v -0.175801 4.264204 3.493975
v -0.167589 4.264204 3.487236
v -0.185157 4.264413 3.552044
v -0.180388 4.264413 3.560966
v -0.182541 4.264204 3.562404
v -0.187549 4.264204 3.553035
v -0.108811 4.272759 3.575203
v -0.117733 4.272759 3.579972
v -0.116742 4.272968 3.582364
v -0.107373 4.272968 3.577356
v -0.173970 4.272759 3.495806
v -0.166150 4.272759 3.489388
v -0.167589 4.272968 3.487236
v -0.175801 4.272968 3.493975
v -0.180388 4.272759 3.560966
v -0.185157 4.272759 3.552044
v -0.187549 4.272968 3.553035
v -0.182541 4.272968 3.562404
v -0.173970 4.264413 3.568785
v -0.166150 4.264413 3.575203
v -0.167589 4.264204 3.577356
v -0.175801 4.264204 3.570616
v -0.108811 4.264413 3.575203
v -0.100991 4.264413 3.568785
v -0.099160 4.264204 3.570616
v -0.107373 4.264204 3.577356
v -0.166150 4.272759 3.575203
v -0.173970 4.272759 3.568785
v -0.175801 4.272968 3.570616
v -0.167589 4.272968 3.577356
v -0.100991 4.272759 3.568785
v -0.108811 4.272759 3.575203
v -0.107373 4.272968 3.577356
v -0.099160 4.272968 3.570616
v -0.094573 4.264413 3.560966
v -0.089805 4.264413 3.552044
v -0.087413 4.264204 3.553035
v -0.092421 4.264204 3.562404
v -0.100991 4.264413 3.495806
v -0.108811 4.264413 3.489388
v -0.107373 4.264204 3.487236
v -0.099160 4.264204 3.493975
v -0.089805 4.272759 3.552044
v -0.094573 4.272759 3.560966
v -0.092421 4.272968 3.562404
v -0.087413 4.272968 3.553035
v -0.108811 4.272759 3.489388
v -0.100991 4.272759 3.495806
v -0.099160 4.272968 3.493975
v -0.107373 4.272968 3.487236
v -0.117733 4.264413 3.484620
v -0.127413 4.264413 3.481683
v -0.126908 4.264204 3.479144
v -0.116742 4.264204 3.482228
v -0.185157 4.264413 3.512548
v -0.188093 4.264413 3.522228
v -0.190633 4.264204 3.521723
v -0.187549 4.264204 3.511557
v -0.127413 4.272759 3.481683
v -0.117733 4.272759 3.484620
v -0.116742 4.272968 3.482228
v -0.126908 4.272968 3.479144
v -0.188093 4.272759 3.522228
v -0.185157 4.272759 3.512548
v -0.187549 4.272968 3.511557
v -0.190633 4.272968 3.521723
v -0.189085 4.264413 3.532296
v -0.188093 4.264413 3.542363
v -0.190633 4.264204 3.542868
v -0.191674 4.264204 3.532296
v -0.147548 4.264413 3.582908
v -0.137481 4.264413 3.583900
v -0.137481 4.264204 3.586489
v -0.148053 4.264204 3.585448
v -0.183461 4.294713 3.563019
v -0.176584 4.294713 3.571399
v -0.176584 4.298620 3.571399
v -0.183461 4.298620 3.563019
v -0.180388 4.294713 3.503626
v -0.185157 4.294713 3.512548
v -0.188571 4.294713 3.511133
v -0.183461 4.294713 3.501573
v -0.117733 4.294713 3.579972
v -0.108811 4.294713 3.575203
v -0.106758 4.294713 3.578276
v -0.116318 4.294713 3.583386
v -0.127413 4.294713 3.481683
v -0.137481 4.294713 3.480692
v -0.137481 4.294713 3.476996
v -0.126692 4.294713 3.478058
v -0.173970 4.294713 3.495806
v -0.180388 4.294713 3.503626
v -0.183461 4.294713 3.501573
v -0.176584 4.294713 3.493193
v -0.127413 4.294713 3.582908
v -0.117733 4.294713 3.579972
v -0.116318 4.294713 3.583386
v -0.126692 4.294713 3.586533
v -0.117733 4.294713 3.484620
v -0.127413 4.294713 3.481683
v -0.126692 4.294713 3.478058
v -0.116318 4.294713 3.481205
v -0.166150 4.294713 3.489388
v -0.173970 4.294713 3.495806
v -0.176584 4.294713 3.493193
v -0.168204 4.294713 3.486315
v -0.137481 4.294713 3.583900
v -0.127413 4.294713 3.582908
v -0.126692 4.294713 3.586533
v -0.137481 4.294713 3.587596
v -0.108811 4.294713 3.489388
v -0.117733 4.294713 3.484620
v -0.116318 4.294713 3.481205
v -0.106758 4.294713 3.486315
v -0.157229 4.294713 3.484620
v -0.166150 4.294713 3.489388
v -0.168204 4.294713 3.486315
v -0.158643 4.294713 3.481205
v -0.147548 4.294713 3.582908
v -0.137481 4.294713 3.583900
v -0.137481 4.294713 3.587596
v -0.148269 4.294713 3.586533
v -0.100991 4.294713 3.495806
v -0.108811 4.294713 3.489388
v -0.106758 4.294713 3.486315
v -0.098378 4.294713 3.493193
v -0.147548 4.294713 3.481683
v -0.157229 4.294713 3.484620
v -0.158643 4.294713 3.481205
v -0.148269 4.294713 3.478058
v -0.157229 4.294713 3.579972
v -0.147548 4.294713 3.582908
v -0.148269 4.294713 3.586533
v -0.158643 4.294713 3.583386
v -0.094573 4.294713 3.503626
v -0.100991 4.294713 3.495806
v -0.098378 4.294713 3.493193
v -0.091501 4.294713 3.501573
v -0.137481 4.294713 3.480692
v -0.147548 4.294713 3.481683
v -0.148269 4.294713 3.478058
v -0.137481 4.294713 3.476996
v -0.166150 4.294713 3.575203
v -0.157229 4.294713 3.579972
v -0.158643 4.294713 3.583386
v -0.168204 4.294713 3.578276
v -0.089805 4.294713 3.512548
v -0.094573 4.294713 3.503626
v -0.091501 4.294713 3.501573
v -0.086390 4.294713 3.511133
v -0.173970 4.294713 3.568785
v -0.166150 4.294713 3.575203
v -0.168204 4.294713 3.578276
v -0.176584 4.294713 3.571399
v -0.086868 4.294713 3.522228
v -0.089805 4.294713 3.512548
v -0.086390 4.294713 3.511133
v -0.083243 4.294713 3.521507
v -0.180388 4.294713 3.560966
v -0.173970 4.294713 3.568785
v -0.176584 4.294713 3.571399
v -0.183461 4.294713 3.563019
v -0.085877 4.294713 3.532296
v -0.086868 4.294713 3.522228
v -0.083243 4.294713 3.521507
v -0.082181 4.294713 3.532296
v -0.185157 4.294713 3.552044
v -0.180388 4.294713 3.560966
v -0.183461 4.294713 3.563019
v -0.188571 4.294713 3.553458
v -0.086868 4.294713 3.542363
v -0.085877 4.294713 3.532296
v -0.082181 4.294713 3.532296
v -0.083243 4.294713 3.543084
v -0.188093 4.294713 3.542363
v -0.185157 4.294713 3.552044
v -0.188571 4.294713 3.553458
v -0.191718 4.294713 3.543084
v -0.089805 4.294713 3.552044
v -0.086868 4.294713 3.542363
v -0.083243 4.294713 3.543084
v -0.086390 4.294713 3.553458
v -0.189085 4.294713 3.532296
v -0.188093 4.294713 3.542363
v -0.191718 4.294713 3.543084
v -0.192781 4.294713 3.532296
v -0.094573 4.294713 3.560966
v -0.089805 4.294713 3.552044
v -0.086390 4.294713 3.553458
v -0.091501 4.294713 3.563019
v -0.188093 4.294713 3.522228
v -0.189085 4.294713 3.532296
v -0.192781 4.294713 3.532296
v -0.191718 4.294713 3.521507
v -0.100991 4.294713 3.568785
v -0.094573 4.294713 3.560966
v -0.091501 4.294713 3.563019
v -0.098378 4.294713 3.571399
v -0.185157 4.294713 3.512548
v -0.188093 4.294713 3.522228
v -0.191718 4.294713 3.521507
v -0.188571 4.294713 3.511133
v -0.192781 4.298620 3.532296
v -0.191718 4.298620 3.543084
v -0.189785 4.298620 3.542700
v -0.190810 4.298620 3.532296
v -0.082181 4.294713 3.532296
v -0.083243 4.294713 3.521507
v -0.083243 4.298620 3.521507
v -0.082181 4.298620 3.532296
v -0.188571 4.294713 3.553458
v -0.183461 4.294713 3.563019
v -0.183461 4.298620 3.563019
v -0.188571 4.298620 3.553458
v -0.083243 4.294713 3.543084
v -0.082181 4.294713 3.532296
v -0.082181 4.298620 3.532296
v -0.083243 4.298620 3.543084
v -0.191718 4.294713 3.543084
v -0.188571 4.294713 3.553458
v -0.188571 4.298620 3.553458
v -0.191718 4.298620 3.543084
v -0.086390 4.294713 3.553458
v -0.083243 4.294713 3.543084
v -0.083243 4.298620 3.543084
v -0.086390 4.298620 3.553458
v -0.192781 4.294713 3.532296
v -0.191718 4.294713 3.543084
v -0.191718 4.298620 3.543084
v -0.192781 4.298620 3.532296
v -0.091501 4.294713 3.563019
v -0.086390 4.294713 3.553458
v -0.086390 4.298620 3.553458
v -0.091501 4.298620 3.563019
v -0.191718 4.294713 3.521507
v -0.192781 4.294713 3.532296
v -0.192781 4.298620 3.532296
v -0.191718 4.298620 3.521507
v -0.098378 4.294713 3.571399
v -0.091501 4.294713 3.563019
v -0.091501 4.298620 3.563019
v -0.098378 4.298620 3.571399
v -0.188571 4.294713 3.511133
v -0.191718 4.294713 3.521507
v -0.191718 4.298620 3.521507
v -0.188571 4.298620 3.511133
v -0.106758 4.294713 3.578276
v -0.098378 4.294713 3.571399
v -0.098378 4.298620 3.571399
v -0.106758 4.298620 3.578276
v -0.183461 4.294713 3.501573
v -0.188571 4.294713 3.511133
v -0.188571 4.298620 3.511133
v -0.183461 4.298620 3.501573
v -0.116318 4.294713 3.583386
v -0.106758 4.294713 3.578276
v -0.106758 4.298620 3.578276
v -0.116318 4.298620 3.583386
v -0.126692 4.294713 3.478058
v -0.137481 4.294713 3.476996
v -0.137481 4.298620 3.476996
v -0.126692 4.298620 3.478058
v -0.176584 4.294713 3.493193
v -0.183461 4.294713 3.501573
v -0.183461 4.298620 3.501573
v -0.176584 4.298620 3.493193
v -0.126692 4.294713 3.586533
v -0.116318 4.294713 3.583386
v -0.116318 4.298620 3.583386
v -0.126692 4.298620 3.586533
v -0.116318 4.294713 3.481205
v -0.126692 4.294713 3.478058
v -0.126692 4.298620 3.478058
v -0.116318 4.298620 3.481205
v -0.168204 4.294713 3.486315
v -0.176584 4.294713 3.493193
v -0.176584 4.298620 3.493193
v -0.168204 4.298620 3.486315
v -0.137481 4.294713 3.587596
v -0.126692 4.294713 3.586533
v -0.126692 4.298620 3.586533
v -0.137481 4.298620 3.587596
v -0.106758 4.294713 3.486315
v -0.116318 4.294713 3.481205
v -0.116318 4.298620 3.481205
v -0.106758 4.298620 3.486315
v -0.158643 4.294713 3.481205
v -0.168204 4.294713 3.486315
v -0.168204 4.298620 3.486315
v -0.158643 4.298620 3.481205
v -0.148269 4.294713 3.586533
v -0.137481 4.294713 3.587596
v -0.137481 4.298620 3.587596
v -0.148269 4.298620 3.586533
v -0.098378 4.294713 3.493193
v -0.106758 4.294713 3.486315
v -0.106758 4.298620 3.486315
v -0.098378 4.298620 3.493193
v -0.148269 4.294713 3.478058
v -0.158643 4.294713 3.481205
v -0.158643 4.298620 3.481205
v -0.148269 4.298620 3.478058
v -0.158643 4.294713 3.583386
v -0.148269 4.294713 3.586533
v -0.148269 4.298620 3.586533
v -0.158643 4.298620 3.583386
v -0.091501 4.294713 3.501573
v -0.098378 4.294713 3.493193
v -0.098378 4.298620 3.493193
v -0.091501 4.298620 3.501573
v -0.137481 4.294713 3.476996
v -0.148269 4.294713 3.478058
v -0.148269 4.298620 3.478058
v -0.137481 4.298620 3.476996
v -0.168204 4.294713 3.578276
v -0.158643 4.294713 3.583386
v -0.158643 4.298620 3.583386
v -0.168204 4.298620 3.578276
v -0.086390 4.294713 3.511133
v -0.091501 4.294713 3.501573
v -0.091501 4.298620 3.501573
v -0.086390 4.298620 3.511133
v -0.176584 4.294713 3.571399
v -0.168204 4.294713 3.578276
v -0.168204 4.298620 3.578276
v -0.176584 4.298620 3.571399
v -0.083243 4.294713 3.521507
v -0.086390 4.294713 3.511133
v -0.086390 4.298620 3.511133
v -0.083243 4.298620 3.521507
v -0.181822 4.298620 3.502667
v -0.186751 4.298620 3.511888
v -0.186751 4.301600 3.511888
v -0.181822 4.301600 3.502667
v -0.091501 4.298620 3.563019
v -0.086390 4.298620 3.553458
v -0.088211 4.298620 3.552704
v -0.093139 4.298620 3.561924
v -0.191718 4.298620 3.521507
v -0.192781 4.298620 3.532296
v -0.190810 4.298620 3.532296
v -0.189785 4.298620 3.521892
v -0.098378 4.298620 3.571399
v -0.091501 4.298620 3.563019
v -0.093139 4.298620 3.561924
v -0.099771 4.298620 3.570005
v -0.188571 4.298620 3.511133
v -0.191718 4.298620 3.521507
v -0.189785 4.298620 3.521892
v -0.186751 4.298620 3.511888
v -0.106758 4.298620 3.578276
v -0.098378 4.298620 3.571399
v -0.099771 4.298620 3.570005
v -0.107853 4.298620 3.576638
v -0.183461 4.298620 3.501573
v -0.188571 4.298620 3.511133
v -0.186751 4.298620 3.511888
v -0.181822 4.298620 3.502667
v -0.116318 4.298620 3.583386
v -0.106758 4.298620 3.578276
v -0.107853 4.298620 3.576638
v -0.117072 4.298620 3.581566
v -0.126692 4.298620 3.478058
v -0.137481 4.298620 3.476996
v -0.137481 4.298620 3.478966
v -0.127077 4.298620 3.479991
v -0.176584 4.298620 3.493193
v -0.183461 4.298620 3.501573
v -0.181822 4.298620 3.502667
v -0.175190 4.298620 3.494586
v -0.126692 4.298620 3.586533
v -0.116318 4.298620 3.583386
v -0.117072 4.298620 3.581566
v -0.127077 4.298620 3.584600
v -0.116318 4.298620 3.481205
v -0.126692 4.298620 3.478058
v -0.127077 4.298620 3.479991
v -0.117072 4.298620 3.483026
v -0.168204 4.298620 3.486315
v -0.176584 4.298620 3.493193
v -0.175190 4.298620 3.494586
v -0.167109 4.298620 3.487954
v -0.137481 4.298620 3.587596
v -0.126692 4.298620 3.586533
v -0.127077 4.298620 3.584600
v -0.137481 4.298620 3.585625
v -0.106758 4.298620 3.486315
v -0.116318 4.298620 3.481205
v -0.117072 4.298620 3.483026
v -0.107853 4.298620 3.487954
v -0.158643 4.298620 3.481205
v -0.168204 4.298620 3.486315
v -0.167109 4.298620 3.487954
v -0.157889 4.298620 3.483026
v -0.148269 4.298620 3.586533
v -0.137481 4.298620 3.587596
v -0.137481 4.298620 3.585625
v -0.147885 4.298620 3.584600
v -0.098378 4.298620 3.493193
v -0.106758 4.298620 3.486315
v -0.107853 4.298620 3.487954
v -0.099771 4.298620 3.494586
v -0.148269 4.298620 3.478058
v -0.158643 4.298620 3.481205
v -0.157889 4.298620 3.483026
v -0.147885 4.298620 3.479991
v -0.158643 4.298620 3.583386
v -0.148269 4.298620 3.586533
v -0.147885 4.298620 3.584600
v -0.157889 4.298620 3.581566
v -0.091501 4.298620 3.501573
v -0.098378 4.298620 3.493193
v -0.099771 4.298620 3.494586
v -0.093139 4.298620 3.502667
v -0.137481 4.298620 3.476996
v -0.148269 4.298620 3.478058
v -0.147885 4.298620 3.479991
v -0.137481 4.298620 3.478966
v -0.168204 4.298620 3.578276
v -0.158643 4.298620 3.583386
v -0.157889 4.298620 3.581566
v -0.167109 4.298620 3.576638
v -0.086390 4.298620 3.511133
v -0.091501 4.298620 3.501573
v -0.093139 4.298620 3.502667
v -0.088211 4.298620 3.511888
v -0.176584 4.298620 3.571399
v -0.168204 4.298620 3.578276
v -0.167109 4.298620 3.576638
v -0.175190 4.298620 3.570005
v -0.083243 4.298620 3.521507
v -0.086390 4.298620 3.511133
v -0.088211 4.298620 3.511888
v -0.085176 4.298620 3.521892
v -0.183461 4.298620 3.563019
v -0.176584 4.298620 3.571399
v -0.175190 4.298620 3.570005
v -0.181822 4.298620 3.561924
v -0.082181 4.298620 3.532296
v -0.083243 4.298620 3.521507
v -0.085176 4.298620 3.521892
v -0.084151 4.298620 3.532296
v -0.188571 4.298620 3.553458
v -0.183461 4.298620 3.563019
v -0.181822 4.298620 3.561924
v -0.186751 4.298620 3.552704
v -0.083243 4.298620 3.543084
v -0.082181 4.298620 3.532296
v -0.084151 4.298620 3.532296
v -0.085176 4.298620 3.542700
v -0.191718 4.298620 3.543084
v -0.188571 4.298620 3.553458
v -0.186751 4.298620 3.552704
v -0.189785 4.298620 3.542700
v -0.086390 4.298620 3.553458
v -0.083243 4.298620 3.543084
v -0.085176 4.298620 3.542700
v -0.088211 4.298620 3.552704
v -0.107853 4.301600 3.487954
v -0.117072 4.301600 3.483026
v -0.115838 4.301600 3.480045
v -0.106060 4.301600 3.485271
v -0.117072 4.298620 3.581566
v -0.107853 4.298620 3.576638
v -0.107853 4.301600 3.576638
v -0.117072 4.301600 3.581566
v -0.127077 4.298620 3.479991
v -0.137481 4.298620 3.478966
v -0.137481 4.301600 3.478966
v -0.127077 4.301600 3.479991
v -0.175190 4.298620 3.494586
v -0.181822 4.298620 3.502667
v -0.181822 4.301600 3.502667
v -0.175190 4.301600 3.494586
v -0.127077 4.298620 3.584600
v -0.117072 4.298620 3.581566
v -0.117072 4.301600 3.581566
v -0.127077 4.301600 3.584600
v -0.117072 4.298620 3.483026
v -0.127077 4.298620 3.479991
v -0.127077 4.301600 3.479991
v -0.117072 4.301600 3.483026
v -0.167109 4.298620 3.487954
v -0.175190 4.298620 3.494586
v -0.175190 4.301600 3.494586
v -0.167109 4.301600 3.487954
v -0.137481 4.298620 3.585625
v -0.127077 4.298620 3.584600
v -0.127077 4.301600 3.584600
v -0.137481 4.301600 3.585625
v -0.107853 4.298620 3.487954
v -0.117072 4.298620 3.483026
v -0.117072 4.301600 3.483026
v -0.107853 4.301600 3.487954
v -0.157889 4.298620 3.483026
v -0.167109 4.298620 3.487954
v -0.167109 4.301600 3.487954
v -0.157889 4.301600 3.483026
v -0.147885 4.298620 3.584600
v -0.137481 4.298620 3.585625
v -0.137481 4.301600 3.585625
v -0.147885 4.301600 3.584600
v -0.099771 4.298620 3.494586
v -0.107853 4.298620 3.487954
v -0.107853 4.301600 3.487954
v -0.099771 4.301600 3.494586
v -0.147885 4.298620 3.479991
v -0.157889 4.298620 3.483026
v -0.157889 4.301600 3.483026
v -0.147885 4.301600 3.479991
v -0.157889 4.298620 3.581566
v -0.147885 4.298620 3.584600
v -0.147885 4.301600 3.584600
v -0.157889 4.301600 3.581566
v -0.093139 4.298620 3.502667
v -0.099771 4.298620 3.494586
v -0.099771 4.301600 3.494586
v -0.093139 4.301600 3.502667
v -0.137481 4.298620 3.478966
v -0.147885 4.298620 3.479991
v -0.147885 4.301600 3.479991
v -0.137481 4.301600 3.478966
v -0.167109 4.298620 3.576638
v -0.157889 4.298620 3.581566
v -0.157889 4.301600 3.581566
v -0.167109 4.301600 3.576638
v -0.088211 4.298620 3.511888
v -0.093139 4.298620 3.502667
v -0.093139 4.301600 3.502667
v -0.088211 4.301600 3.511888
v -0.175190 4.298620 3.570005
v -0.167109 4.298620 3.576638
v -0.167109 4.301600 3.576638
v -0.175190 4.301600 3.570005
v -0.085176 4.298620 3.521892
v -0.088211 4.298620 3.511888
v -0.088211 4.301600 3.511888
v -0.085176 4.301600 3.521892
v -0.181822 4.298620 3.561924
v -0.175190 4.298620 3.570005
v -0.175190 4.301600 3.570005
v -0.181822 4.301600 3.561924
v -0.084151 4.298620 3.532296
v -0.085176 4.298620 3.521892
v -0.085176 4.301600 3.521892
v -0.084151 4.301600 3.532296
v -0.186751 4.298620 3.552704
v -0.181822 4.298620 3.561924
v -0.181822 4.301600 3.561924
v -0.186751 4.301600 3.552704
v -0.085176 4.298620 3.542700
v -0.084151 4.298620 3.532296
v -0.084151 4.301600 3.532296
v -0.085176 4.301600 3.542700
v -0.189785 4.298620 3.542700
v -0.186751 4.298620 3.552704
v -0.186751 4.301600 3.552704
v -0.189785 4.301600 3.542700
v -0.088211 4.298620 3.552704
v -0.085176 4.298620 3.542700
v -0.085176 4.301600 3.542700
v -0.088211 4.301600 3.552704
v -0.190810 4.298620 3.532296
v -0.189785 4.298620 3.542700
v -0.189785 4.301600 3.542700
v -0.190810 4.301600 3.532296
v -0.093139 4.298620 3.561924
v -0.088211 4.298620 3.552704
v -0.088211 4.301600 3.552704
v -0.093139 4.301600 3.561924
v -0.189785 4.298620 3.521892
v -0.190810 4.298620 3.532296
v -0.190810 4.301600 3.532296
v -0.189785 4.301600 3.521892
v -0.099771 4.298620 3.570005
v -0.093139 4.298620 3.561924
v -0.093139 4.301600 3.561924
v -0.099771 4.301600 3.570005
v -0.186751 4.298620 3.511888
v -0.189785 4.298620 3.521892
v -0.189785 4.301600 3.521892
v -0.186751 4.301600 3.511888
v -0.107853 4.298620 3.576638
v -0.099771 4.298620 3.570005
v -0.099771 4.301600 3.570005
v -0.107853 4.301600 3.576638
v -0.085230 4.301600 3.510653
v -0.090456 4.301600 3.500875
v -0.093558 4.305158 3.502948
v -0.088677 4.305158 3.512080
v -0.157889 4.301600 3.483026
v -0.167109 4.301600 3.487954
v -0.168901 4.301600 3.485271
v -0.159124 4.301600 3.480045
v -0.147885 4.301600 3.584600
v -0.137481 4.301600 3.585625
v -0.137481 4.301600 3.588851
v -0.148514 4.301600 3.587765
v -0.099771 4.301600 3.494586
v -0.107853 4.301600 3.487954
v -0.106060 4.301600 3.485271
v -0.097490 4.301600 3.492305
v -0.147885 4.301600 3.479991
v -0.157889 4.301600 3.483026
v -0.159124 4.301600 3.480045
v -0.148514 4.301600 3.476827
v -0.157889 4.301600 3.581566
v -0.147885 4.301600 3.584600
v -0.148514 4.301600 3.587765
v -0.159124 4.301600 3.584546
v -0.093139 4.301600 3.502667
v -0.099771 4.301600 3.494586
v -0.097490 4.301600 3.492305
v -0.090456 4.301600 3.500875
v -0.137481 4.301600 3.478966
v -0.147885 4.301600 3.479991
v -0.148514 4.301600 3.476827
v -0.137481 4.301600 3.475740
v -0.167109 4.301600 3.576638
v -0.157889 4.301600 3.581566
v -0.159124 4.301600 3.584546
v -0.168901 4.301600 3.579320
v -0.088211 4.301600 3.511888
v -0.093139 4.301600 3.502667
v -0.090456 4.301600 3.500875
v -0.085230 4.301600 3.510653
v -0.175190 4.301600 3.570005
v -0.167109 4.301600 3.576638
v -0.168901 4.301600 3.579320
v -0.177472 4.301600 3.572287
v -0.085176 4.301600 3.521892
v -0.088211 4.301600 3.511888
v -0.085230 4.301600 3.510653
v -0.082012 4.301600 3.521262
v -0.181822 4.301600 3.561924
v -0.175190 4.301600 3.570005
v -0.177472 4.301600 3.572287
v -0.184505 4.301600 3.563716
v -0.084151 4.301600 3.532296
v -0.085176 4.301600 3.521892
v -0.082012 4.301600 3.521262
v -0.080925 4.301600 3.532296
v -0.186751 4.301600 3.552704
v -0.181822 4.301600 3.561924
v -0.184505 4.301600 3.563716
v -0.189731 4.301600 3.553939
v -0.085176 4.301600 3.542700
v -0.084151 4.301600 3.532296
v -0.080925 4.301600 3.532296
v -0.082012 4.301600 3.543329
v -0.189785 4.301600 3.542700
v -0.186751 4.301600 3.552704
v -0.189731 4.301600 3.553939
v -0.192950 4.301600 3.543329
v -0.088211 4.301600 3.552704
v -0.085176 4.301600 3.542700
v -0.082012 4.301600 3.543329
v -0.085230 4.301600 3.553939
v -0.190810 4.301600 3.532296
v -0.189785 4.301600 3.542700
v -0.192950 4.301600 3.543329
v -0.194036 4.301600 3.532296
v -0.093139 4.301600 3.561924
v -0.088211 4.301600 3.552704
v -0.085230 4.301600 3.553939
v -0.090456 4.301600 3.563716
v -0.189785 4.301600 3.521892
v -0.190810 4.301600 3.532296
v -0.194036 4.301600 3.532296
v -0.192950 4.301600 3.521262
v -0.099771 4.301600 3.570005
v -0.093139 4.301600 3.561924
v -0.090456 4.301600 3.563716
v -0.097490 4.301600 3.572287
v -0.186751 4.301600 3.511888
v -0.189785 4.301600 3.521892
v -0.192950 4.301600 3.521262
v -0.189731 4.301600 3.510653
v -0.107853 4.301600 3.576638
v -0.099771 4.301600 3.570005
v -0.097490 4.301600 3.572287
v -0.106060 4.301600 3.579320
v -0.181822 4.301600 3.502667
v -0.186751 4.301600 3.511888
v -0.189731 4.301600 3.510653
v -0.184505 4.301600 3.500875
v -0.117072 4.301600 3.581566
v -0.107853 4.301600 3.576638
v -0.106060 4.301600 3.579320
v -0.115838 4.301600 3.584546
v -0.127077 4.301600 3.479991
v -0.137481 4.301600 3.478966
v -0.137481 4.301600 3.475740
v -0.126447 4.301600 3.476827
v -0.175190 4.301600 3.494586
v -0.181822 4.301600 3.502667
v -0.184505 4.301600 3.500875
v -0.177472 4.301600 3.492305
v -0.127077 4.301600 3.584600
v -0.117072 4.301600 3.581566
v -0.115838 4.301600 3.584546
v -0.126447 4.301600 3.587765
v -0.117072 4.301600 3.483026
v -0.127077 4.301600 3.479991
v -0.126447 4.301600 3.476827
v -0.115838 4.301600 3.480045
v -0.167109 4.301600 3.487954
v -0.175190 4.301600 3.494586
v -0.177472 4.301600 3.492305
v -0.168901 4.301600 3.485271
v -0.137481 4.301600 3.585625
v -0.127077 4.301600 3.584600
v -0.126447 4.301600 3.587765
v -0.137481 4.301600 3.588851
v -0.085671 4.305158 3.542601
v -0.084656 4.305158 3.532296
v -0.102955 4.305158 3.532296
v -0.103619 4.305158 3.539031
v -0.177472 4.301600 3.572287
v -0.168901 4.301600 3.579320
v -0.166829 4.305158 3.576218
v -0.174834 4.305158 3.569649
v -0.082012 4.301600 3.521262
v -0.085230 4.301600 3.510653
v -0.088677 4.305158 3.512080
v -0.085671 4.305158 3.521990
v -0.184505 4.301600 3.563716
v -0.177472 4.301600 3.572287
v -0.174834 4.305158 3.569649
v -0.181403 4.305158 3.561644
v -0.080925 4.301600 3.532296
v -0.082012 4.301600 3.521262
v -0.085671 4.305158 3.521990
v -0.084656 4.305158 3.532296
v -0.189731 4.301600 3.553939
v -0.184505 4.301600 3.563716
v -0.181403 4.305158 3.561644
v -0.186285 4.305158 3.552511
v -0.082012 4.301600 3.543329
v -0.080925 4.301600 3.532296
v -0.084656 4.305158 3.532296
v -0.085671 4.305158 3.542601
v -0.192950 4.301600 3.543329
v -0.189731 4.301600 3.553939
v -0.186285 4.305158 3.552511
v -0.189291 4.305158 3.542601
v -0.085230 4.301600 3.553939
v -0.082012 4.301600 3.543329
v -0.085671 4.305158 3.542601
v -0.088677 4.305158 3.552511
v -0.194036 4.301600 3.532296
v -0.192950 4.301600 3.543329
v -0.189291 4.305158 3.542601
v -0.190306 4.305158 3.532296
v -0.090456 4.301600 3.563716
v -0.085230 4.301600 3.553939
v -0.088677 4.305158 3.552511
v -0.093558 4.305158 3.561644
v -0.192950 4.301600 3.521262
v -0.194036 4.301600 3.532296
v -0.190306 4.305158 3.532296
v -0.189291 4.305158 3.521990
v -0.097490 4.301600 3.572287
v -0.090456 4.301600 3.563716
v -0.093558 4.305158 3.561644
v -0.100128 4.305158 3.569649
v -0.189731 4.301600 3.510653
v -0.192950 4.301600 3.521262
v -0.189291 4.305158 3.521990
v -0.186285 4.305158 3.512080
v -0.106060 4.301600 3.579320
v -0.097490 4.301600 3.572287
v -0.100128 4.305158 3.569649
v -0.108133 4.305158 3.576218
v -0.184505 4.301600 3.500875
v -0.189731 4.301600 3.510653
v -0.186285 4.305158 3.512080
v -0.181403 4.305158 3.502948
v -0.115838 4.301600 3.584546
v -0.106060 4.301600 3.579320
v -0.108133 4.305158 3.576218
v -0.117266 4.305158 3.581100
v -0.126447 4.301600 3.476827
v -0.137481 4.301600 3.475740
v -0.137481 4.305158 3.479471
v -0.127175 4.305158 3.480486
v -0.177472 4.301600 3.492305
v -0.184505 4.301600 3.500875
v -0.181403 4.305158 3.502948
v -0.174834 4.305158 3.494943
v -0.126447 4.301600 3.587765
v -0.115838 4.301600 3.584546
v -0.117266 4.305158 3.581100
v -0.127175 4.305158 3.584105
v -0.115838 4.301600 3.480045
v -0.126447 4.301600 3.476827
v -0.127175 4.305158 3.480486
v -0.117266 4.305158 3.483492
v -0.168901 4.301600 3.485271
v -0.177472 4.301600 3.492305
v -0.174834 4.305158 3.494943
v -0.166829 4.305158 3.488374
v -0.137481 4.301600 3.588851
v -0.126447 4.301600 3.587765
v -0.127175 4.305158 3.584105
v -0.137481 4.305158 3.585121
v -0.106060 4.301600 3.485271
v -0.115838 4.301600 3.480045
v -0.117266 4.305158 3.483492
v -0.108133 4.305158 3.488374
v -0.159124 4.301600 3.480045
v -0.168901 4.301600 3.485271
v -0.166829 4.305158 3.488374
v -0.157696 4.305158 3.483492
v -0.148514 4.301600 3.587765
v -0.137481 4.301600 3.588851
v -0.137481 4.305158 3.585121
v -0.147786 4.305158 3.584105
v -0.097490 4.301600 3.492305
v -0.106060 4.301600 3.485271
v -0.108133 4.305158 3.488374
v -0.100128 4.305158 3.494943
v -0.148514 4.301600 3.476827
v -0.159124 4.301600 3.480045
v -0.157696 4.305158 3.483492
v -0.147786 4.305158 3.480486
v -0.159124 4.301600 3.584546
v -0.148514 4.301600 3.587765
v -0.147786 4.305158 3.584105
v -0.157696 4.305158 3.581100
v -0.090456 4.301600 3.500875
v -0.097490 4.301600 3.492305
v -0.100128 4.305158 3.494943
v -0.093558 4.305158 3.502948
v -0.137481 4.301600 3.475740
v -0.148514 4.301600 3.476827
v -0.147786 4.305158 3.480486
v -0.137481 4.305158 3.479471
v -0.168901 4.301600 3.579320
v -0.159124 4.301600 3.584546
v -0.157696 4.305158 3.581100
v -0.166829 4.305158 3.576218
v -0.113068 4.305158 3.556709
v -0.108774 4.305158 3.551477
v -0.108774 4.420248 3.551477
v -0.113068 4.420248 3.556709
v -0.189291 4.305158 3.542601
v -0.186285 4.305158 3.552511
v -0.169378 4.305158 3.545508
v -0.171343 4.305158 3.539031
v -0.088677 4.305158 3.552511
v -0.085671 4.305158 3.542601
v -0.103619 4.305158 3.539031
v -0.105583 4.305158 3.545508
v -0.190306 4.305158 3.532296
v -0.189291 4.305158 3.542601
v -0.171343 4.305158 3.539031
v -0.172006 4.305158 3.532296
v -0.093558 4.305158 3.561644
v -0.088677 4.305158 3.552511
v -0.105583 4.305158 3.545508
v -0.108774 4.305158 3.551477
v -0.189291 4.305158 3.521990
v -0.190306 4.305158 3.532296
v -0.172006 4.305158 3.532296
v -0.171343 4.305158 3.525560
v -0.100128 4.305158 3.569649
v -0.093558 4.305158 3.561644
v -0.108774 4.305158 3.551477
v -0.113068 4.305158 3.556709
v -0.186285 4.305158 3.512080
v -0.189291 4.305158 3.521990
v -0.171343 4.305158 3.525560
v -0.169378 4.305158 3.519083
v -0.108133 4.305158 3.576218
v -0.100128 4.305158 3.569649
v -0.113068 4.305158 3.556709
v -0.118299 4.305158 3.561002
v -0.181403 4.305158 3.502948
v -0.186285 4.305158 3.512080
v -0.169378 4.305158 3.519083
v -0.166188 4.305158 3.513114
v -0.117266 4.305158 3.581100
v -0.108133 4.305158 3.576218
v -0.118299 4.305158 3.561002
v -0.124268 4.305158 3.564193
v -0.127175 4.305158 3.480486
v -0.137481 4.305158 3.479471
v -0.137481 4.305158 3.497770
v -0.130745 4.305158 3.498434
v -0.174834 4.305158 3.494943
v -0.181403 4.305158 3.502948
v -0.166188 4.305158 3.513114
v -0.161894 4.305158 3.507883
v -0.127175 4.305158 3.584105
v -0.117266 4.305158 3.581100
v -0.124268 4.305158 3.564193
v -0.130745 4.305158 3.566158
v -0.117266 4.305158 3.483492
v -0.127175 4.305158 3.480486
v -0.130745 4.305158 3.498434
v -0.124268 4.305158 3.500398
v -0.166829 4.305158 3.488374
v -0.174834 4.305158 3.494943
v -0.161894 4.305158 3.507883
v -0.156662 4.305158 3.503589
v -0.137481 4.305158 3.585121
v -0.127175 4.305158 3.584105
v -0.130745 4.305158 3.566158
v -0.137481 4.305158 3.566821
v -0.108133 4.305158 3.488374
v -0.117266 4.305158 3.483492
v -0.124268 4.305158 3.500398
v -0.118299 4.305158 3.503589
v -0.157696 4.305158 3.483492
v -0.166829 4.305158 3.488374
v -0.156662 4.305158 3.503589
v -0.150693 4.305158 3.500398
v -0.147786 4.305158 3.584105
v -0.137481 4.305158 3.585121
v -0.137481 4.305158 3.566821
v -0.144216 4.305158 3.566158
v -0.100128 4.305158 3.494943
v -0.108133 4.305158 3.488374
v -0.118299 4.305158 3.503589
v -0.113068 4.305158 3.507883
v -0.147786 4.305158 3.480486
v -0.157696 4.305158 3.483492
v -0.150693 4.305158 3.500398
v -0.144216 4.305158 3.498434
v -0.157696 4.305158 3.581100
v -0.147786 4.305158 3.584105
v -0.144216 4.305158 3.566158
v -0.150693 4.305158 3.564193
v -0.093558 4.305158 3.502948
v -0.100128 4.305158 3.494943
v -0.113068 4.305158 3.507883
v -0.108774 4.305158 3.513114
v -0.137481 4.305158 3.479471
v -0.147786 4.305158 3.480486
v -0.144216 4.305158 3.498434
v -0.137481 4.305158 3.497770
v -0.166829 4.305158 3.576218
v -0.157696 4.305158 3.581100
v -0.150693 4.305158 3.564193
v -0.156662 4.305158 3.561002
v -0.088677 4.305158 3.512080
v -0.093558 4.305158 3.502948
v -0.108774 4.305158 3.513114
v -0.105583 4.305158 3.519083
v -0.174834 4.305158 3.569649
v -0.166829 4.305158 3.576218
v -0.156662 4.305158 3.561002
v -0.161894 4.305158 3.556709
v -0.085671 4.305158 3.521990
v -0.088677 4.305158 3.512080
v -0.105583 4.305158 3.519083
v -0.103619 4.305158 3.525560
v -0.181403 4.305158 3.561644
v -0.174834 4.305158 3.569649
v -0.161894 4.305158 3.556709
v -0.166187 4.305158 3.551477
v -0.084656 4.305158 3.532296
v -0.085671 4.305158 3.521990
v -0.103619 4.305158 3.525560
v -0.102955 4.305158 3.532296
v -0.186285 4.305158 3.552511
v -0.181403 4.305158 3.561644
v -0.166187 4.305158 3.551477
v -0.169378 4.305158 3.545508
v -0.130745 4.420248 3.566158
v -0.124268 4.420248 3.564193
v -0.120081 4.420248 3.574303
v -0.128610 4.420248 3.576890
v -0.169378 4.305158 3.519083
v -0.171343 4.305158 3.525560
v -0.171343 4.420248 3.525560
v -0.169378 4.420248 3.519083
v -0.118299 4.305158 3.561002
v -0.113068 4.305158 3.556709
v -0.113068 4.420248 3.556709
v -0.118299 4.420248 3.561002
v -0.166188 4.305158 3.513114
v -0.169378 4.305158 3.519083
v -0.169378 4.420248 3.519083
v -0.166187 4.420248 3.513114
v -0.124268 4.305158 3.564193
v -0.118299 4.305158 3.561002
v -0.118299 4.420248 3.561002
v -0.124268 4.420248 3.564193
v -0.130745 4.305158 3.498434
v -0.137481 4.305158 3.497770
v -0.137481 4.420248 3.497770
v -0.130745 4.420248 3.498434
v -0.161894 4.305158 3.507883
v -0.166188 4.305158 3.513114
v -0.166187 4.420248 3.513114
v -0.161894 4.420248 3.507883
v -0.130745 4.305158 3.566158
v -0.124268 4.305158 3.564193
v -0.124268 4.420248 3.564193
v -0.130745 4.420248 3.566158
v -0.124268 4.305158 3.500398
v -0.130745 4.305158 3.498434
v -0.130745 4.420248 3.498434
v -0.124268 4.420248 3.500398
v -0.156662 4.305158 3.503589
v -0.161894 4.305158 3.507883
v -0.161894 4.420248 3.507883
v -0.156662 4.420248 3.503589
v -0.137481 4.305158 3.566821
v -0.130745 4.305158 3.566158
v -0.130745 4.420248 3.566158
v -0.137481 4.420248 3.566821
v -0.118299 4.305158 3.503589
v -0.124268 4.305158 3.500398
v -0.124268 4.420248 3.500398
v -0.118299 4.420248 3.503589
v -0.150693 4.305158 3.500398
v -0.156662 4.305158 3.503589
v -0.156662 4.420248 3.503589
v -0.150693 4.420248 3.500398
v -0.144216 4.305158 3.566158
v -0.137481 4.305158 3.566821
v -0.137481 4.420248 3.566821
v -0.144216 4.420248 3.566158
v -0.113068 4.305158 3.507883
v -0.118299 4.305158 3.503589
v -0.118299 4.420248 3.503589
v -0.113068 4.420248 3.507883
v -0.144216 4.305158 3.498434
v -0.150693 4.305158 3.500398
v -0.150693 4.420248 3.500398
v -0.144216 4.420248 3.498434
v -0.150693 4.305158 3.564193
v -0.144216 4.305158 3.566158
v -0.144216 4.420248 3.566158
v -0.150693 4.420248 3.564193
v -0.108774 4.305158 3.513114
v -0.113068 4.305158 3.507883
v -0.113068 4.420248 3.507883
v -0.108774 4.420248 3.513114
v -0.137481 4.305158 3.497770
v -0.144216 4.305158 3.498434
v -0.144216 4.420248 3.498434
v -0.137481 4.420248 3.497770
v -0.156662 4.305158 3.561002
v -0.150693 4.305158 3.564193
v -0.150693 4.420248 3.564193
v -0.156662 4.420248 3.561002
v -0.105583 4.305158 3.519083
v -0.108774 4.305158 3.513114
v -0.108774 4.420248 3.513114
v -0.105583 4.420248 3.519083
v -0.161894 4.305158 3.556709
v -0.156662 4.305158 3.561002
v -0.156662 4.420248 3.561002
v -0.161894 4.420248 3.556709
v -0.103619 4.305158 3.525560
v -0.105583 4.305158 3.519083
v -0.105583 4.420248 3.519083
v -0.103619 4.420248 3.525560
v -0.166187 4.305158 3.551477
v -0.161894 4.305158 3.556709
v -0.161894 4.420248 3.556709
v -0.166187 4.420248 3.551477
v -0.102955 4.305158 3.532296
v -0.103619 4.305158 3.525560
v -0.103619 4.420248 3.525560
v -0.102955 4.420248 3.532296
v -0.169378 4.305158 3.545508
v -0.166187 4.305158 3.551477
v -0.166187 4.420248 3.551477
v -0.169378 4.420248 3.545508
v -0.103619 4.305158 3.539031
v -0.102955 4.305158 3.532296
v -0.102955 4.420248 3.532296
v -0.103619 4.420248 3.539031
v -0.171343 4.305158 3.539031
v -0.169378 4.305158 3.545508
v -0.169378 4.420248 3.545508
v -0.171343 4.420248 3.539031
v -0.105583 4.305158 3.545508
v -0.103619 4.305158 3.539031
v -0.103619 4.420248 3.539031
v -0.105583 4.420248 3.545508
v -0.172006 4.305158 3.532296
v -0.171343 4.305158 3.539031
v -0.171343 4.420248 3.539031
v -0.172006 4.420248 3.532296
v -0.108774 4.305158 3.551477
v -0.105583 4.305158 3.545508
v -0.105583 4.420248 3.545508
v -0.108774 4.420248 3.551477
v -0.171343 4.305158 3.525560
v -0.172006 4.305158 3.532296
v -0.172006 4.420248 3.532296
v -0.171343 4.420248 3.525560
v -0.154881 4.420248 3.574303
v -0.146351 4.420248 3.576890
v -0.142699 4.438901 3.558530
v -0.147717 4.438901 3.557008
v -0.124268 4.420248 3.500398
v -0.130745 4.420248 3.498434
v -0.128610 4.420248 3.487701
v -0.120081 4.420248 3.490289
v -0.156662 4.420248 3.503589
v -0.161894 4.420248 3.507883
v -0.169631 4.420248 3.500145
v -0.162741 4.420248 3.494491
v -0.137481 4.420248 3.566821
v -0.130745 4.420248 3.566158
v -0.128610 4.420248 3.576890
v -0.137481 4.420248 3.577764
v -0.118299 4.420248 3.503589
v -0.124268 4.420248 3.500398
v -0.120081 4.420248 3.490289
v -0.112220 4.420248 3.494491
v -0.150693 4.420248 3.500398
v -0.156662 4.420248 3.503589
v -0.162741 4.420248 3.494491
v -0.154881 4.420248 3.490289
v -0.144216 4.420248 3.566158
v -0.137481 4.420248 3.566821
v -0.137481 4.420248 3.577764
v -0.146351 4.420248 3.576890
v -0.113068 4.420248 3.507883
v -0.118299 4.420248 3.503589
v -0.112220 4.420248 3.494491
v -0.105330 4.420248 3.500145
v -0.144216 4.420248 3.498434
v -0.150693 4.420248 3.500398
v -0.154881 4.420248 3.490289
v -0.146351 4.420248 3.487701
v -0.150693 4.420248 3.564193
v -0.144216 4.420248 3.566158
v -0.146351 4.420248 3.576890
v -0.154881 4.420248 3.574303
v -0.108774 4.420248 3.513114
v -0.113068 4.420248 3.507883
v -0.105330 4.420248 3.500145
v -0.099676 4.420248 3.507035
v -0.137481 4.420248 3.497770
v -0.144216 4.420248 3.498434
v -0.146351 4.420248 3.487701
v -0.137481 4.420248 3.486828
v -0.156662 4.420248 3.561002
v -0.150693 4.420248 3.564193
v -0.154881 4.420248 3.574303
v -0.162741 4.420248 3.570101
v -0.105583 4.420248 3.519083
v -0.108774 4.420248 3.513114
v -0.099676 4.420248 3.507035
v -0.095474 4.420248 3.514896
v -0.161894 4.420248 3.556709
v -0.156662 4.420248 3.561002
v -0.162741 4.420248 3.570101
v -0.169631 4.420248 3.564446
v -0.103619 4.420248 3.525560
v -0.105583 4.420248 3.519083
v -0.095474 4.420248 3.514896
v -0.092886 4.420248 3.523425
v -0.166187 4.420248 3.551477
v -0.161894 4.420248 3.556709
v -0.169631 4.420248 3.564446
v -0.175286 4.420248 3.557556
v -0.102955 4.420248 3.532296
v -0.103619 4.420248 3.525560
v -0.092886 4.420248 3.523425
v -0.092013 4.420248 3.532296
v -0.169378 4.420248 3.545508
v -0.166187 4.420248 3.551477
v -0.175286 4.420248 3.557556
v -0.179488 4.420248 3.549695
v -0.103619 4.420248 3.539031
v -0.102955 4.420248 3.532296
v -0.092013 4.420248 3.532296
v -0.092886 4.420248 3.541166
v -0.171343 4.420248 3.539031
v -0.169378 4.420248 3.545508
v -0.179488 4.420248 3.549695
v -0.182075 4.420248 3.541166
v -0.105583 4.420248 3.545508
v -0.103619 4.420248 3.539031
v -0.092886 4.420248 3.541166
v -0.095474 4.420248 3.549695
v -0.172006 4.420248 3.532296
v -0.171343 4.420248 3.539031
v -0.182075 4.420248 3.541166
v -0.182949 4.420248 3.532296
v -0.108774 4.420248 3.551477
v -0.105583 4.420248 3.545508
v -0.095474 4.420248 3.549695
v -0.099676 4.420248 3.557556
v -0.171343 4.420248 3.525560
v -0.172006 4.420248 3.532296
v -0.182949 4.420248 3.532296
v -0.182075 4.420248 3.523425
v -0.113068 4.420248 3.556709
v -0.108774 4.420248 3.551477
v -0.099676 4.420248 3.557556
v -0.105330 4.420248 3.564446
v -0.169378 4.420248 3.519083
v -0.171343 4.420248 3.525560
v -0.182075 4.420248 3.523425
v -0.179488 4.420248 3.514896
v -0.118299 4.420248 3.561002
v -0.113068 4.420248 3.556709
v -0.105330 4.420248 3.564446
v -0.112220 4.420248 3.570101
v -0.166187 4.420248 3.513114
v -0.169378 4.420248 3.519083
v -0.179488 4.420248 3.514896
v -0.175286 4.420248 3.507035
v -0.124268 4.420248 3.564193
v -0.118299 4.420248 3.561002
v -0.112220 4.420248 3.570101
v -0.120081 4.420248 3.574303
v -0.130745 4.420248 3.498434
v -0.137481 4.420248 3.497770
v -0.137481 4.420248 3.486828
v -0.128610 4.420248 3.487701
v -0.161894 4.420248 3.507883
v -0.166187 4.420248 3.513114
v -0.175286 4.420248 3.507035
v -0.169631 4.420248 3.500145
v -0.159721 4.438901 3.547156
v -0.156394 4.438901 3.551209
v -0.147990 4.438902 3.542805
v -0.149839 4.438902 3.540553
v -0.099676 4.420248 3.507035
v -0.105330 4.420248 3.500145
v -0.118567 4.438901 3.513382
v -0.115240 4.438901 3.517435
v -0.137481 4.420248 3.486828
v -0.146351 4.420248 3.487701
v -0.142699 4.438901 3.506062
v -0.137481 4.438901 3.505548
v -0.162741 4.420248 3.570101
v -0.154881 4.420248 3.574303
v -0.147717 4.438901 3.557008
v -0.152341 4.438901 3.554536
v -0.095474 4.420248 3.514896
v -0.099676 4.420248 3.507035
v -0.115240 4.438901 3.517435
v -0.112769 4.438901 3.522060
v -0.169631 4.420248 3.564446
v -0.162741 4.420248 3.570101
v -0.152341 4.438901 3.554536
v -0.156394 4.438901 3.551209
v -0.092886 4.420248 3.523425
v -0.095474 4.420248 3.514896
v -0.112769 4.438901 3.522060
v -0.111247 4.438901 3.527077
v -0.175286 4.420248 3.557556
v -0.169631 4.420248 3.564446
v -0.156394 4.438901 3.551209
v -0.159721 4.438901 3.547156
v -0.092013 4.420248 3.532296
v -0.092886 4.420248 3.523425
v -0.111247 4.438901 3.527077
v -0.110733 4.438901 3.532296
v -0.179488 4.420248 3.549695
v -0.175286 4.420248 3.557556
v -0.159721 4.438901 3.547156
v -0.162193 4.438901 3.542532
v -0.092886 4.420248 3.541166
v -0.092013 4.420248 3.532296
v -0.110733 4.438901 3.532296
v -0.111247 4.438901 3.537514
v -0.182075 4.420248 3.541166
v -0.179488 4.420248 3.549695
v -0.162193 4.438901 3.542532
v -0.163715 4.438901 3.537514
v -0.095474 4.420248 3.549695
v -0.092886 4.420248 3.541166
v -0.111247 4.438901 3.537514
v -0.112769 4.438901 3.542532
v -0.182949 4.420248 3.532296
v -0.182075 4.420248 3.541166
v -0.163715 4.438901 3.537514
v -0.164229 4.438901 3.532296
v -0.099676 4.420248 3.557556
v -0.095474 4.420248 3.549695
v -0.112769 4.438901 3.542532
v -0.115240 4.438901 3.547156
v -0.182075 4.420248 3.523425
v -0.182949 4.420248 3.532296
v -0.164229 4.438901 3.532296
v -0.163715 4.438901 3.527077
v -0.105330 4.420248 3.564446
v -0.099676 4.420248 3.557556
v -0.115240 4.438901 3.547156
v -0.118567 4.438901 3.551209
v -0.179488 4.420248 3.514896
v -0.182075 4.420248 3.523425
v -0.163715 4.438901 3.527077
v -0.162193 4.438901 3.522060
v -0.112220 4.420248 3.570101
v -0.105330 4.420248 3.564446
v -0.118567 4.438901 3.551209
v -0.122620 4.438901 3.554536
v -0.175286 4.420248 3.507035
v -0.179488 4.420248 3.514896
v -0.162193 4.438901 3.522060
v -0.159721 4.438901 3.517435
v -0.120081 4.420248 3.574303
v -0.112220 4.420248 3.570101
v -0.122620 4.438901 3.554536
v -0.127245 4.438901 3.557008
v -0.128610 4.420248 3.487701
v -0.137481 4.420248 3.486828
v -0.137481 4.438901 3.505548
v -0.132262 4.438901 3.506062
v -0.169631 4.420248 3.500145
v -0.175286 4.420248 3.507035
v -0.159721 4.438901 3.517435
v -0.156394 4.438901 3.513382
v -0.128610 4.420248 3.576890
v -0.120081 4.420248 3.574303
v -0.127245 4.438901 3.557008
v -0.132262 4.438901 3.558530
v -0.120081 4.420248 3.490289
v -0.128610 4.420248 3.487701
v -0.132262 4.438901 3.506062
v -0.127245 4.438901 3.507584
v -0.162741 4.420248 3.494491
v -0.169631 4.420248 3.500145
v -0.156394 4.438901 3.513382
v -0.152341 4.438901 3.510056
v -0.137481 4.420248 3.577764
v -0.128610 4.420248 3.576890
v -0.132262 4.438901 3.558530
v -0.137481 4.438901 3.559044
v -0.112220 4.420248 3.494491
v -0.120081 4.420248 3.490289
v -0.127245 4.438901 3.507584
v -0.122620 4.438901 3.510056
v -0.154881 4.420248 3.490289
v -0.162741 4.420248 3.494491
v -0.152341 4.438901 3.510056
v -0.147717 4.438901 3.507584
v -0.146351 4.420248 3.576890
v -0.137481 4.420248 3.577764
v -0.137481 4.438901 3.559044
v -0.142699 4.438901 3.558530
v -0.105330 4.420248 3.500145
v -0.112220 4.420248 3.494491
v -0.122620 4.438901 3.510056
v -0.118567 4.438901 3.513382
v -0.146351 4.420248 3.487701
v -0.154881 4.420248 3.490289
v -0.147717 4.438901 3.507584
v -0.142699 4.438901 3.506062
v -0.152343 4.438902 3.532296
v -0.152058 4.438902 3.535195
v -0.145231 4.561666 3.533837
v -0.145383 4.561666 3.532296
v -0.110733 4.438901 3.532296
v -0.111247 4.438901 3.527077
v -0.122904 4.438902 3.529396
v -0.122618 4.438902 3.532296
v -0.162193 4.438901 3.542532
v -0.159721 4.438901 3.547156
v -0.149839 4.438902 3.540553
v -0.151212 4.438902 3.537983
v -0.111247 4.438901 3.537514
v -0.110733 4.438901 3.532296
v -0.122618 4.438902 3.532296
v -0.122904 4.438902 3.535195
v -0.163715 4.438901 3.537514
v -0.162193 4.438901 3.542532
v -0.151212 4.438902 3.537983
v -0.152058 4.438902 3.535195
v -0.112769 4.438901 3.542532
v -0.111247 4.438901 3.537514
v -0.122904 4.438902 3.535195
v -0.123749 4.438902 3.537983
v -0.164229 4.438901 3.532296
v -0.163715 4.438901 3.537514
v -0.152058 4.438902 3.535195
v -0.152343 4.438902 3.532296
v -0.115240 4.438901 3.547156
v -0.112769 4.438901 3.542532
v -0.123749 4.438902 3.537983
v -0.125123 4.438902 3.540553
v -0.163715 4.438901 3.527077
v -0.164229 4.438901 3.532296
v -0.152343 4.438902 3.532296
v -0.152058 4.438902 3.529396
v -0.118567 4.438901 3.551209
v -0.115240 4.438901 3.547156
v -0.125123 4.438902 3.540553
v -0.126971 4.438902 3.542805
v -0.162193 4.438901 3.522060
v -0.163715 4.438901 3.527077
v -0.152058 4.438902 3.529396
v -0.151212 4.438902 3.526608
v -0.122620 4.438901 3.554536
v -0.118567 4.438901 3.551209
v -0.126971 4.438902 3.542805
v -0.129223 4.438902 3.544653
v -0.159721 4.438901 3.517435
v -0.162193 4.438901 3.522060
v -0.151212 4.438902 3.526608
v -0.149839 4.438902 3.524039
v -0.127245 4.438901 3.557008
v -0.122620 4.438901 3.554536
v -0.129223 4.438902 3.544653
v -0.131793 4.438902 3.546027
v -0.132262 4.438901 3.506062
v -0.137481 4.438901 3.505548
v -0.137481 4.438902 3.517433
v -0.134581 4.438902 3.517719
v -0.156394 4.438901 3.513382
v -0.159721 4.438901 3.517435
v -0.149839 4.438902 3.524039
v -0.147990 4.438902 3.521786
v -0.132262 4.438901 3.558530
v -0.127245 4.438901 3.557008
v -0.131793 4.438902 3.546027
v -0.134581 4.438902 3.546873
v -0.127245 4.438901 3.507584
v -0.132262 4.438901 3.506062
v -0.134581 4.438902 3.517719
v -0.131793 4.438902 3.518564
v -0.152341 4.438901 3.510056
v -0.156394 4.438901 3.513382
v -0.147990 4.438902 3.521786
v -0.145738 4.438902 3.519938
v -0.137481 4.438901 3.559044
v -0.132262 4.438901 3.558530
v -0.134581 4.438902 3.546873
v -0.137481 4.438902 3.547158
v -0.122620 4.438901 3.510056
v -0.127245 4.438901 3.507584
v -0.131793 4.438902 3.518564
v -0.129223 4.438902 3.519938
v -0.147717 4.438901 3.507584
v -0.152341 4.438901 3.510056
v -0.145738 4.438902 3.519938
v -0.143168 4.438902 3.518564
v -0.142699 4.438901 3.558530
v -0.137481 4.438901 3.559044
v -0.137481 4.438902 3.547158
v -0.140380 4.438902 3.546873
v -0.118567 4.438901 3.513382
v -0.122620 4.438901 3.510056
v -0.129223 4.438902 3.519938
v -0.126971 4.438902 3.521786
v -0.142699 4.438901 3.506062
v -0.147717 4.438901 3.507584
v -0.143168 4.438902 3.518564
v -0.140380 4.438902 3.517719
v -0.147717 4.438901 3.557008
v -0.142699 4.438901 3.558530
v -0.140380 4.438902 3.546873
v -0.143168 4.438902 3.546027
v -0.115240 4.438901 3.517435
v -0.118567 4.438901 3.513382
v -0.126971 4.438902 3.521786
v -0.125123 4.438902 3.524039
v -0.137481 4.438901 3.505548
v -0.142699 4.438901 3.506062
v -0.140380 4.438902 3.517719
v -0.137481 4.438902 3.517433
v -0.152341 4.438901 3.554536
v -0.147717 4.438901 3.557008
v -0.143168 4.438902 3.546027
v -0.145738 4.438902 3.544653
v -0.112769 4.438901 3.522060
v -0.115240 4.438901 3.517435
v -0.125123 4.438902 3.524039
v -0.123749 4.438902 3.526608
v -0.156394 4.438901 3.551209
v -0.152341 4.438901 3.554536
v -0.145738 4.438902 3.544653
v -0.147990 4.438902 3.542805
v -0.111247 4.438901 3.527077
v -0.112769 4.438901 3.522060
v -0.123749 4.438902 3.526608
v -0.122904 4.438902 3.529396
v -0.144051 4.561666 3.527905
v -0.144782 4.561666 3.529272
v -0.141166 4.766794 3.530770
v -0.140797 4.766794 3.530080
v -0.125123 4.438902 3.540553
v -0.123749 4.438902 3.537983
v -0.130180 4.561666 3.535320
v -0.130910 4.561666 3.536686
v -0.152058 4.438902 3.529396
v -0.152343 4.438902 3.532296
v -0.145383 4.561666 3.532296
v -0.145231 4.561666 3.530754
v -0.126971 4.438902 3.542805
v -0.125123 4.438902 3.540553
v -0.130910 4.561666 3.536686
v -0.131893 4.561666 3.537884
v -0.151212 4.438902 3.526608
v -0.152058 4.438902 3.529396
v -0.145231 4.561666 3.530754
v -0.144782 4.561666 3.529272
v -0.129223 4.438902 3.544653
v -0.126971 4.438902 3.542805
v -0.131893 4.561666 3.537884
v -0.133090 4.561666 3.538867
v -0.149839 4.438902 3.524039
v -0.151212 4.438902 3.526608
v -0.144782 4.561666 3.529272
v -0.144051 4.561666 3.527905
v -0.131793 4.438902 3.546027
v -0.129223 4.438902 3.544653
v -0.133090 4.561666 3.538867
v -0.134456 4.561666 3.539597
v -0.134581 4.438902 3.517719
v -0.137481 4.438902 3.517433
v -0.137481 4.561666 3.524393
v -0.135939 4.561666 3.524545
v -0.147990 4.438902 3.521786
v -0.149839 4.438902 3.524039
v -0.144051 4.561666 3.527905
v -0.143069 4.561666 3.526708
v -0.134581 4.438902 3.546873
v -0.131793 4.438902 3.546027
v -0.134456 4.561666 3.539597
v -0.135939 4.561666 3.540046
v -0.131793 4.438902 3.518564
v -0.134581 4.438902 3.517719
v -0.135939 4.561666 3.524545
v -0.134456 4.561666 3.524995
v -0.145738 4.438902 3.519938
v -0.147990 4.438902 3.521786
v -0.143069 4.561666 3.526708
v -0.141871 4.561666 3.525725
v -0.137481 4.438902 3.547158
v -0.134581 4.438902 3.546873
v -0.135939 4.561666 3.540046
v -0.137481 4.561666 3.540198
v -0.129223 4.438902 3.519938
v -0.131793 4.438902 3.518564
v -0.134456 4.561666 3.524995
v -0.133090 4.561666 3.525725
v -0.143168 4.438902 3.518564
v -0.145738 4.438902 3.519938
v -0.141871 4.561666 3.525725
v -0.140505 4.561666 3.524995
v -0.140380 4.438902 3.546873
v -0.137481 4.438902 3.547158
v -0.137481 4.561666 3.540198
v -0.139022 4.561666 3.540046
v -0.126971 4.438902 3.521786
v -0.129223 4.438902 3.519938
v -0.133090 4.561666 3.525725
v -0.131893 4.561666 3.526708
v -0.140380 4.438902 3.517719
v -0.143168 4.438902 3.518564
v -0.140505 4.561666 3.524995
v -0.139022 4.561666 3.524545
v -0.143168 4.438902 3.546027
v -0.140380 4.438902 3.546873
v -0.139022 4.561666 3.540046
v -0.140505 4.561666 3.539597
v -0.125123 4.438902 3.524039
v -0.126971 4.438902 3.521786
v -0.131893 4.561666 3.526708
v -0.130910 4.561666 3.527905
v -0.137481 4.438902 3.517433
v -0.140380 4.438902 3.517719
v -0.139022 4.561666 3.524545
v -0.137481 4.561666 3.524393
v -0.145738 4.438902 3.544653
v -0.143168 4.438902 3.546027
v -0.140505 4.561666 3.539597
v -0.141871 4.561666 3.538867
v -0.123749 4.438902 3.526608
v -0.125123 4.438902 3.524039
v -0.130910 4.561666 3.527905
v -0.130180 4.561666 3.529272
v -0.147990 4.438902 3.542805
v -0.145738 4.438902 3.544653
v -0.141871 4.561666 3.538867
v -0.143069 4.561666 3.537884
v -0.122904 4.438902 3.529396
v -0.123749 4.438902 3.526608
v -0.130180 4.561666 3.529272
v -0.129730 4.561666 3.530754
v -0.149839 4.438902 3.540553
v -0.147990 4.438902 3.542805
v -0.143069 4.561666 3.537884
v -0.144051 4.561666 3.536686
v -0.122618 4.438902 3.532296
v -0.122904 4.438902 3.529396
v -0.129730 4.561666 3.530754
v -0.129578 4.561666 3.532296
v -0.151212 4.438902 3.537983
v -0.149839 4.438902 3.540553
v -0.144051 4.561666 3.536686
v -0.144782 4.561666 3.535320
v -0.122904 4.438902 3.535195
v -0.122618 4.438902 3.532296
v -0.129578 4.561666 3.532296
v -0.129730 4.561666 3.533837
v -0.152058 4.438902 3.535195
v -0.151212 4.438902 3.537983
v -0.144782 4.561666 3.535320
v -0.145231 4.561666 3.533837
v -0.123749 4.438902 3.537983
v -0.122904 4.438902 3.535195
v -0.129730 4.561666 3.533837
v -0.130180 4.561666 3.535320
v -0.134456 4.561666 3.539597
v -0.133090 4.561666 3.538867
v -0.135265 4.766794 3.535612
v -0.135955 4.766794 3.535980
v -0.135939 4.561666 3.524545
v -0.137481 4.561666 3.524393
v -0.137481 4.766794 3.528308
v -0.136703 4.766794 3.528384
v -0.143069 4.561666 3.526708
v -0.144051 4.561666 3.527905
v -0.140797 4.766794 3.530080
v -0.140301 4.766794 3.529476
v -0.135939 4.561666 3.540046
v -0.134456 4.561666 3.539597
v -0.135955 4.766794 3.535980
v -0.136703 4.766794 3.536207
v -0.134456 4.561666 3.524995
v -0.135939 4.561666 3.524545
v -0.136703 4.766794 3.528384
v -0.135955 4.766794 3.528611
v -0.141871 4.561666 3.525725
v -0.143069 4.561666 3.526708
v -0.140301 4.766794 3.529476
v -0.139697 4.766794 3.528980
v -0.137481 4.561666 3.540198
v -0.135939 4.561666 3.540046
v -0.136703 4.766794 3.536207
v -0.137481 4.766794 3.536284
v -0.133090 4.561666 3.525725
v -0.134456 4.561666 3.524995
v -0.135955 4.766794 3.528611
v -0.135265 4.766794 3.528980
v -0.140505 4.561666 3.524995
v -0.141871 4.561666 3.525725
v -0.139697 4.766794 3.528980
v -0.139007 4.766794 3.528611
v -0.139022 4.561666 3.540046
v -0.137481 4.561666 3.540198
v -0.137481 4.766794 3.536284
v -0.138259 4.766794 3.536207
v -0.131893 4.561666 3.526708
v -0.133090 4.561666 3.525725
v -0.135265 4.766794 3.528980
v -0.134661 4.766794 3.529476
v -0.139022 4.561666 3.524545
v -0.140505 4.561666 3.524995
v -0.139007 4.766794 3.528611
v -0.138259 4.766794 3.528384
v -0.140505 4.561666 3.539597
v -0.139022 4.561666 3.540046
v -0.138259 4.766794 3.536207
v -0.139007 4.766794 3.535980
v -0.130910 4.561666 3.527905
v -0.131893 4.561666 3.526708
v -0.134661 4.766794 3.529476
v -0.134165 4.766794 3.530080
v -0.137481 4.561666 3.524393
v -0.139022 4.561666 3.524545
v -0.138259 4.766794 3.528384
v -0.137481 4.766794 3.528308
v -0.141871 4.561666 3.538867
v -0.140505 4.561666 3.539597
v -0.139007 4.766794 3.535980
v -0.139697 4.766794 3.535612
v -0.130180 4.561666 3.529272
v -0.130910 4.561666 3.527905
v -0.134165 4.766794 3.530080
v -0.133797 4.766794 3.530770
v -0.143069 4.561666 3.537884
v -0.141871 4.561666 3.538867
v -0.139697 4.766794 3.535612
v -0.140301 4.766794 3.535116
v -0.129730 4.561666 3.530754
v -0.130180 4.561666 3.529272
v -0.133797 4.766794 3.530770
v -0.133570 4.766794 3.531518
v -0.144051 4.561666 3.536686
v -0.143069 4.561666 3.537884
v -0.140301 4.766794 3.535116
v -0.140797 4.766794 3.534511
v -0.129578 4.561666 3.532296
v -0.129730 4.561666 3.530754
v -0.133570 4.766794 3.531518
v -0.133493 4.766794 3.532296
v -0.144782 4.561666 3.535320
v -0.144051 4.561666 3.536686
v -0.140797 4.766794 3.534511
v -0.141166 4.766794 3.533822
v -0.129730 4.561666 3.533837
v -0.129578 4.561666 3.532296
v -0.133493 4.766794 3.532296
v -0.133570 4.766794 3.533074
v -0.145231 4.561666 3.533837
v -0.144782 4.561666 3.535320
v -0.141166 4.766794 3.533822
v -0.141392 4.766794 3.533074
v -0.130180 4.561666 3.535320
v -0.129730 4.561666 3.533837
v -0.133570 4.766794 3.533074
v -0.133797 4.766794 3.533822
v -0.145383 4.561666 3.532296
v -0.145231 4.561666 3.533837
v -0.141392 4.766794 3.533074
v -0.141469 4.766794 3.532296
v -0.130910 4.561666 3.536686
v -0.130180 4.561666 3.535320
v -0.133797 4.766794 3.533822
v -0.134165 4.766794 3.534511
v -0.145231 4.561666 3.530754
v -0.145383 4.561666 3.532296
v -0.141469 4.766794 3.532296
v -0.141392 4.766794 3.531518
v -0.131893 4.561666 3.537884
v -0.130910 4.561666 3.536686
v -0.134165 4.766794 3.534511
v -0.134661 4.766794 3.535116
v -0.144782 4.561666 3.529272
v -0.145231 4.561666 3.530754
v -0.141392 4.766794 3.531518
v -0.141166 4.766794 3.530770
v -0.133090 4.561666 3.538867
v -0.131893 4.561666 3.537884
v -0.134661 4.766794 3.535116
v -0.135265 4.766794 3.535612
v -0.503521 3.003994 3.896341
v -0.437985 3.015171 3.830806
v -0.437985 3.015171 3.230981
v -0.503521 3.003994 3.165446
v -0.503521 3.003994 3.165446
v -0.437985 3.015171 3.230981
v 0.161839 3.015171 3.230981
v 0.227375 3.003994 3.165446
v 0.227375 3.003994 3.165446
v 0.161839 3.015171 3.230981
v 0.161839 3.015171 3.830806
v 0.227375 3.003994 3.896341
v 0.227375 3.003994 3.896341
v 0.161839 3.015171 3.830806
v -0.437985 3.015171 3.830806
v -0.503521 3.003994 3.896341
v -0.503521 0.004473 3.165446
v 0.227375 0.004473 3.165446
v 0.227375 0.004473 3.896341
v -0.503521 0.004473 3.896341
v 0.161839 3.015171 3.830806
v 0.161839 3.015171 3.230981
v 0.161839 3.513229 3.230981
v 0.161839 3.513229 3.830806
v 0.227375 0.004473 3.896341
v 0.227375 3.003994 3.896341
v -0.503521 3.003994 3.896341
v -0.503521 0.004473 3.896341
v 0.227375 0.004473 3.165446
v 0.227375 3.003994 3.165446
v 0.227375 3.003994 3.896341
v 0.227375 0.004473 3.896341
v -0.503521 0.004473 3.165446
v -0.503521 3.003994 3.165446
v 0.227375 3.003994 3.165446
v 0.227375 0.004473 3.165446
v -0.503521 0.004473 3.896341
v -0.503521 3.003994 3.896341
v -0.503521 3.003994 3.165446
v -0.503521 0.004473 3.165446
v -0.437985 3.513229 3.830806
v 0.161839 3.513229 3.830806
v 0.104667 3.513229 3.773633
v -0.380813 3.513229 3.773633
v -0.437985 3.015171 3.230981
v -0.437985 3.015171 3.830806
v -0.437985 3.513229 3.830806
v -0.437985 3.513229 3.230981
v -0.437985 3.015171 3.830806
v 0.161839 3.015171 3.830806
v 0.161839 3.513229 3.830806
v -0.437985 3.513229 3.830806
v 0.161839 3.015171 3.230981
v -0.437985 3.015171 3.230981
v -0.437985 3.513229 3.230981
v 0.161839 3.513229 3.230981
v 0.161839 3.513229 3.230981
v -0.437985 3.513229 3.230981
v -0.380813 3.513229 3.288154
v 0.104667 3.513229 3.288154
v 0.161839 3.513229 3.830806
v 0.161839 3.513229 3.230981
v 0.104667 3.513229 3.288154
v 0.104667 3.513229 3.773633
v -0.437985 3.513229 3.230981
v -0.437985 3.513229 3.830806
v -0.380813 3.513229 3.773633
v -0.380813 3.513229 3.288154
v -0.380813 3.513229 3.773633
v 0.104667 3.513229 3.773633
v 0.104667 3.817702 3.773633
v -0.380813 3.817702 3.773633
v -0.311646 3.886869 3.704467
v 0.035500 3.886869 3.704467
v -0.004574 3.925956 3.664392
v -0.271572 3.925956 3.664392
v 0.104667 3.513229 3.288154
v -0.380813 3.513229 3.288154
v -0.380813 3.817702 3.288154
v 0.104667 3.817702 3.288154
v 0.104667 3.513229 3.773633
v 0.104667 3.513229 3.288154
v 0.104667 3.817702 3.288154
v 0.104667 3.817702 3.773633
v -0.311646 3.886869 3.704467
v -0.311646 3.886869 3.357320
v -0.346230 3.877602 3.322737
v -0.346230 3.877602 3.739050
v -0.346230 3.877602 3.739050
v -0.346230 3.877602 3.322737
v -0.371546 3.852285 3.297420
v -0.371546 3.852285 3.764367
v -0.371546 3.852285 3.764367
v -0.371546 3.852285 3.297420
v -0.380813 3.817702 3.288154
v -0.380813 3.817702 3.773633
v -0.311646 3.886869 3.357320
v 0.035500 3.886869 3.357320
v 0.070084 3.877602 3.322737
v -0.346230 3.877602 3.322737
v -0.346230 3.877602 3.322737
v 0.070084 3.877602 3.322737
v 0.095400 3.852285 3.297420
v -0.371546 3.852285 3.297420
v -0.371546 3.852285 3.297420
v 0.095400 3.852285 3.297420
v 0.104667 3.817702 3.288154
v -0.380813 3.817702 3.288154
v 0.035500 3.886869 3.357320
v 0.035500 3.886869 3.704467
v 0.070084 3.877602 3.739050
v 0.070084 3.877602 3.322737
v 0.070084 3.877602 3.322737
v 0.070084 3.877602 3.739050
v 0.095400 3.852285 3.764367
v 0.095400 3.852285 3.297420
v 0.095400 3.852285 3.297420
v 0.095400 3.852285 3.764367
v 0.104667 3.817702 3.773633
v 0.104667 3.817702 3.288154
v 0.035500 3.886869 3.704467
v -0.311646 3.886869 3.704467
v -0.346230 3.877602 3.739050
v 0.070084 3.877602 3.739050
v 0.070084 3.877602 3.739050
v -0.346230 3.877602 3.739050
v -0.371546 3.852285 3.764367
v 0.095400 3.852285 3.764367
v 0.095400 3.852285 3.764367
v -0.371546 3.852285 3.764367
v -0.380813 3.817702 3.773633
v 0.104667 3.817702 3.773633
v -0.380813 3.513229 3.288154
v -0.380813 3.513229 3.773633
v -0.380813 3.817702 3.773633
v -0.380813 3.817702 3.288154
v -0.271572 3.925956 3.664392
v -0.004574 3.925956 3.664392
v -0.062105 4.033324 3.606862
v -0.214041 4.033324 3.606862
v -0.311646 3.886869 3.357320
v -0.311646 3.886869 3.704467
v -0.271572 3.925956 3.664392
v -0.271572 3.925956 3.397395
v 0.035500 3.886869 3.357320
v -0.311646 3.886869 3.357320
v -0.271572 3.925956 3.397395
v -0.004574 3.925956 3.397395
v 0.035500 3.886869 3.704467
v 0.035500 3.886869 3.357320
v -0.004574 3.925956 3.397395
v -0.004574 3.925956 3.664392
v -0.004574 3.925956 3.397395
v -0.271572 3.925956 3.397395
v -0.214041 4.033324 3.454925
v -0.062105 4.033324 3.454925
v -0.004574 3.925956 3.664392
v -0.004574 3.925956 3.397395
v -0.062105 4.033324 3.454925
v -0.062105 4.033324 3.606862
v -0.271572 3.925956 3.397395
v -0.271572 3.925956 3.664392
v -0.214041 4.033324 3.606862
v -0.214041 4.033324 3.454925
v -0.062105 4.033324 3.454925
v -0.214041 4.033324 3.454925
v -0.214041 4.042123 3.454925
v -0.062105 4.042123 3.454925
v -0.062105 4.042123 3.454925
v -0.214041 4.042123 3.454925
v -0.214041 4.042123 3.606862
v -0.062105 4.042123 3.606862
v -0.062105 4.033324 3.606862
v -0.062105 4.033324 3.454925
v -0.062105 4.042123 3.454925
v -0.062105 4.042123 3.606862
v -0.214041 4.033324 3.454925
v -0.214041 4.033324 3.606862
v -0.214041 4.042123 3.606862
v -0.214041 4.042123 3.454925
v -0.214041 4.033324 3.606862
v -0.062105 4.033324 3.606862
v -0.062105 4.042123 3.606862
v -0.214041 4.042123 3.606862
v -0.127413 4.042776 3.481683
v -0.147548 4.042776 3.481683
v -0.137481 4.042776 3.480692
v -0.157229 4.042776 3.484620
v -0.117733 4.042776 3.484620
v -0.166150 4.042776 3.489388
v -0.108811 4.042776 3.489388
v -0.100991 4.042776 3.495806
v -0.173970 4.042776 3.495806
v -0.094573 4.042776 3.503626
v -0.180388 4.042776 3.503626
v -0.089805 4.042776 3.512548
v -0.185157 4.042776 3.512548
v -0.188093 4.042776 3.522228
v -0.086868 4.042776 3.522228
v -0.189085 4.042776 3.532296
v -0.085877 4.042776 3.532296
v -0.188093 4.042776 3.542363
v -0.086868 4.042776 3.542363
v -0.089805 4.042776 3.552044
v -0.185157 4.042776 3.552044
v -0.094573 4.042776 3.560966
v -0.180388 4.042776 3.560966
v -0.100991 4.042776 3.568785
v -0.173970 4.042776 3.568785
v -0.108811 4.042776 3.575203
v -0.166150 4.042776 3.575203
v -0.157229 4.042776 3.579972
v -0.117733 4.042776 3.579972
v -0.127413 4.042776 3.582908
v -0.147548 4.042776 3.582908
v -0.137481 4.042776 3.583900
v -0.138259 4.766794 3.528384
v -0.136703 4.766794 3.528384
v -0.137481 4.766794 3.528308
v -0.139007 4.766794 3.528611
v -0.135955 4.766794 3.528611
v -0.139697 4.766794 3.528980
v -0.135265 4.766794 3.528980
v -0.140301 4.766794 3.529476
v -0.134661 4.766794 3.529476
v -0.134165 4.766794 3.530080
v -0.140797 4.766794 3.530080
v -0.133797 4.766794 3.530770
v -0.141166 4.766794 3.530770
v -0.141392 4.766794 3.531518
v -0.133570 4.766794 3.531518
v -0.141469 4.766794 3.532296
v -0.133493 4.766794 3.532296
v -0.141392 4.766794 3.533074
v -0.133570 4.766794 3.533074
v -0.133797 4.766794 3.533822
v -0.141166 4.766794 3.533822
v -0.134165 4.766794 3.534511
v -0.140797 4.766794 3.534511
v -0.134661 4.766794 3.535116
v -0.140301 4.766794 3.535116
v -0.135265 4.766794 3.535612
v -0.139697 4.766794 3.535612
v -0.139007 4.766794 3.535980
v -0.135955 4.766794 3.535980
v -0.138259 4.766794 3.536207
v -0.136703 4.766794 3.536207
v -0.137481 4.766794 3.536284
vn 0.0980 -0.0000 -0.9952
vn 0.2903 -0.0000 -0.9569
vn 0.4714 -0.0000 -0.8819
vn 0.6344 -0.0000 -0.7730
vn 0.7730 -0.0000 -0.6344
vn 0.8819 -0.0000 -0.4714
vn 0.9569 -0.0000 -0.2903
vn 0.9952 -0.0000 -0.0980
vn 0.9952 -0.0000 0.0980
vn 0.9569 -0.0000 0.2903
vn 0.8819 -0.0000 0.4714
vn 0.7730 -0.0000 0.6344
vn 0.6344 -0.0000 0.7730
vn 0.4714 -0.0000 0.8819
vn 0.2903 -0.0000 0.9569
vn 0.0980 -0.0000 0.9952
vn -0.0980 -0.0000 0.9952
vn -0.2903 -0.0000 0.9569
vn -0.4714 -0.0000 0.8819
vn -0.6344 -0.0000 0.7730
vn -0.7730 -0.0000 0.6344
vn -0.8819 -0.0000 0.4714
vn -0.9569 -0.0000 0.2903
vn -0.9952 -0.0000 0.0980
vn -0.9952 -0.0000 -0.0980
vn -0.9569 -0.0000 -0.2903
vn -0.8819 -0.0000 -0.4714
vn -0.7730 -0.0000 -0.6344
vn -0.6344 -0.0000 -0.7730
vn -0.4714 -0.0000 -0.8819
vn -0.2903 -0.0000 -0.9569
vn -0.0980 -0.0000 -0.9952
vn -0.0000 -1.0000 -0.0000
vn 0.0235 0.9967 -0.0775
vn 0.0806 0.9967 0.0079
vn 0.0079 0.9967 0.0806
vn 0.0235 -0.9967 -0.0775
vn 0.0806 -0.9967 0.0079
vn 0.0079 -0.9967 0.0806
vn 0.0714 0.9967 0.0382
vn -0.0382 0.9967 0.0714
vn -0.0775 0.9967 -0.0235
vn 0.0714 -0.9967 0.0382
vn 0.0715 -0.9967 0.0382
vn -0.0382 -0.9967 0.0714
vn -0.0775 -0.9967 -0.0235
vn -0.0626 0.9967 0.0514
vn -0.0626 0.9967 -0.0514
vn 0.0382 0.9967 -0.0714
vn -0.0626 -0.9967 0.0514
vn -0.0626 -0.9967 -0.0514
vn 0.0382 -0.9967 -0.0714
vn 0.0626 0.9967 -0.0514
vn 0.0626 0.9967 0.0514
vn 0.0626 -0.9967 -0.0514
vn 0.0626 -0.9967 0.0514
vn 0.0382 0.9967 0.0714
vn -0.0714 0.9967 0.0382
vn 0.0382 -0.9967 0.0714
vn -0.0714 -0.9967 0.0382
vn -0.0806 0.9967 0.0079
vn -0.0235 0.9967 -0.0775
vn -0.0806 -0.9967 0.0079
vn -0.0235 -0.9967 -0.0775
vn 0.0079 0.9967 -0.0806
vn 0.0806 0.9967 -0.0079
vn -0.0079 -0.9967 0.0806
vn -0.0079 -0.9967 -0.0806
vn -0.0806 -0.9967 -0.0079
vn -0.0079 0.9967 0.0806
vn -0.0079 0.9967 -0.0806
vn -0.0806 0.9967 -0.0079
vn 0.0775 -0.9967 -0.0235
vn -0.0775 -0.9967 0.0235
vn 0.0235 -0.9967 0.0775
vn 0.0775 0.9967 -0.0235
vn -0.0775 0.9967 0.0235
vn 0.0235 0.9967 0.0775
vn -0.0382 -0.9967 -0.0714
vn 0.0514 -0.9967 0.0626
vn 0.0714 -0.9967 -0.0382
vn 0.0715 -0.9967 -0.0382
vn -0.0382 0.9967 -0.0714
vn 0.0514 0.9967 0.0626
vn 0.0714 0.9967 -0.0382
vn 0.0514 -0.9967 -0.0626
vn -0.0514 -0.9967 -0.0626
vn 0.0514 0.9967 -0.0626
vn -0.0514 0.9967 -0.0626
vn -0.0714 -0.9967 -0.0382
vn -0.0715 -0.9967 -0.0382
vn -0.0514 -0.9967 0.0626
vn -0.0714 0.9967 -0.0382
vn -0.0514 0.9967 0.0626
vn -0.0235 -0.9967 0.0775
vn 0.0775 -0.9967 0.0235
vn -0.0235 0.9967 0.0775
vn 0.0775 0.9967 0.0235
vn 0.0806 -0.9967 -0.0079
vn 0.0079 -0.9967 -0.0806
vn -0.0000 1.0000 -0.0000
vn 0.6102 0.7220 -0.3262
vn -0.4389 0.7220 0.5348
vn 0.6621 0.7220 -0.2008
vn -0.5348 0.7220 0.4389
vn 0.6886 0.7220 -0.0678
vn -0.6102 0.7220 0.3262
vn 0.6886 0.7220 0.0678
vn -0.6621 0.7220 0.2008
vn 0.6621 0.7220 0.2008
vn -0.6886 0.7220 0.0678
vn 0.6102 0.7220 0.3262
vn -0.6886 0.7220 -0.0678
vn 0.5348 0.7220 0.4389
vn -0.6621 0.7220 -0.2008
vn 0.4389 0.7220 0.5348
vn -0.6102 0.7220 -0.3262
vn 0.3262 0.7220 0.6102
vn 0.0678 0.7220 -0.6886
vn -0.5348 0.7220 -0.4389
vn 0.2008 0.7220 0.6621
vn 0.2008 0.7220 -0.6621
vn -0.4389 0.7220 -0.5348
vn 0.0678 0.7220 0.6886
vn 0.3262 0.7220 -0.6102
vn -0.3262 0.7220 -0.6102
vn -0.0678 0.7220 0.6886
vn 0.4389 0.7220 -0.5348
vn -0.2008 0.7220 -0.6621
vn -0.2008 0.7220 0.6621
vn 0.5348 0.7220 -0.4389
vn -0.0678 0.7220 -0.6886
vn -0.3262 0.7220 0.6102
vn -0.2054 0.7067 0.6771
vn 0.5470 0.7067 -0.4489
vn -0.0693 0.7067 -0.7042
vn -0.0694 0.7067 -0.7042
vn -0.3335 0.7067 0.6240
vn 0.6240 0.7067 -0.3335
vn -0.4489 0.7067 0.5470
vn 0.6771 0.7067 -0.2054
vn -0.5470 0.7067 0.4489
vn 0.7042 0.7067 -0.0694
vn -0.6240 0.7067 0.3335
vn 0.7042 0.7067 0.0694
vn -0.6771 0.7067 0.2054
vn 0.6771 0.7067 0.2054
vn -0.7042 0.7067 0.0694
vn 0.6240 0.7067 0.3335
vn -0.7042 0.7067 -0.0694
vn 0.5470 0.7067 0.4489
vn -0.6771 0.7067 -0.2054
vn 0.4489 0.7067 0.5470
vn -0.6240 0.7067 -0.3335
vn -0.6240 0.7066 -0.3335
vn 0.3335 0.7067 0.6240
vn 0.0694 0.7067 -0.7042
vn -0.5470 0.7067 -0.4489
vn -0.5469 0.7067 -0.4489
vn 0.2054 0.7067 0.6771
vn 0.2054 0.7067 -0.6771
vn -0.4489 0.7067 -0.5470
vn 0.0693 0.7067 0.7042
vn 0.0694 0.7067 0.7042
vn 0.3335 0.7067 -0.6240
vn -0.3335 0.7067 -0.6240
vn -0.0694 0.7067 0.7042
vn -0.0693 0.7067 0.7042
vn 0.4489 0.7067 -0.5470
vn -0.2054 0.7067 -0.6771
vn -0.9936 0.0563 0.0979
vn -0.8818 0.0190 -0.4713
vn 0.8805 0.0563 0.4706
vn -0.9936 0.0563 -0.0979
vn 0.7718 0.0563 0.6334
vn -0.9554 0.0563 -0.2898
vn 0.6334 0.0563 0.7718
vn -0.8805 0.0563 -0.4706
vn 0.4706 0.0563 0.8805
vn 0.0979 0.0563 -0.9936
vn -0.7718 0.0563 -0.6334
vn 0.2898 0.0563 0.9554
vn 0.2898 0.0563 -0.9554
vn -0.6334 0.0563 -0.7718
vn 0.0979 0.0563 0.9936
vn 0.4706 0.0563 -0.8805
vn -0.4706 0.0563 -0.8805
vn -0.0979 0.0563 0.9936
vn 0.6334 0.0563 -0.7718
vn -0.2898 0.0563 -0.9554
vn -0.2898 0.0563 0.9554
vn 0.7718 0.0563 -0.6334
vn -0.0979 0.0563 -0.9936
vn -0.4706 0.0563 0.8805
vn 0.8805 0.0563 -0.4706
vn -0.6334 0.0563 0.7718
vn 0.9554 0.0563 -0.2898
vn -0.7718 0.0563 0.6334
vn 0.9936 0.0563 -0.0979
vn -0.8805 0.0563 0.4706
vn 0.9936 0.0563 0.0979
vn -0.9554 0.0563 0.2898
vn 0.9554 0.0563 0.2898
vn 0.4713 0.0190 0.8818
vn 0.0980 0.0190 -0.9950
vn -0.7729 0.0190 -0.6343
vn 0.2902 0.0190 0.9568
vn 0.2902 0.0190 -0.9568
vn -0.6343 0.0190 -0.7729
vn 0.0980 0.0190 0.9950
vn 0.4713 0.0190 -0.8818
vn -0.4713 0.0190 -0.8818
vn -0.0980 0.0190 0.9950
vn 0.6343 0.0190 -0.7729
vn -0.2902 0.0190 -0.9568
vn -0.2902 0.0190 0.9568
vn 0.7729 0.0190 -0.6343
vn -0.0980 0.0190 -0.9950
vn -0.4713 0.0190 0.8818
vn 0.8818 0.0190 -0.4713
vn -0.6343 0.0190 0.7729
vn 0.9568 0.0190 -0.2902
vn -0.7729 0.0190 0.6343
vn 0.9950 0.0190 -0.0980
vn -0.8818 0.0190 0.4713
vn 0.9950 0.0190 0.0980
vn -0.9568 0.0190 0.2902
vn 0.9568 0.0190 0.2902
vn -0.9950 0.0190 0.0980
vn 0.8818 0.0190 0.4713
vn -0.9950 0.0190 -0.0980
vn 0.7729 0.0190 0.6343
vn -0.9568 0.0190 -0.2902
vn 0.6343 0.0190 0.7729
vn -0.1681 0.9858 -0.0000
vn -0.0000 0.9858 -0.1681
vn 0.1681 0.9858 -0.0000
vn -0.0000 0.9858 0.1681
vn 1.0000 -0.0000 -0.0000
vn -0.0000 -0.0000 1.0000
vn -0.0000 -0.0000 -1.0000
vn -1.0000 -0.0000 -0.0000
vn -0.0000 0.7159 0.6982
vn -0.2588 0.9659 -0.0000
vn -0.7071 0.7071 -0.0000
vn -0.9659 0.2588 -0.0000
vn -0.0000 0.9659 -0.2588
vn -0.0000 0.7071 -0.7071
vn -0.0000 0.2588 -0.9659
vn 0.2588 0.9659 -0.0000
vn 0.7071 0.7071 -0.0000
vn 0.9659 0.2588 -0.0000
vn -0.0000 0.9659 0.2588
vn -0.0000 0.7071 0.7071
vn -0.0000 0.2588 0.9659
vn -0.0000 0.4723 0.8814
vn -0.6982 0.7159 -0.0000
vn -0.0000 0.7159 -0.6982
vn 0.6982 0.7159 -0.0000
vn -0.0000 0.4723 -0.8814
vn 0.8814 0.4723 -0.0000
vn -0.8814 0.4723 -0.0000
vt 0.379189 0.416944
vt 0.394146 0.633422
vt 0.421221 0.625297
vt 0.406264 0.408818
vt 0.505165 0.287339
vt 0.545644 0.288401
vt 0.547862 0.240848
vt 0.507384 0.239785
vt 0.544512 0.059117
vt 0.541954 0.058058
vt 0.541478 0.058950
vt 0.544218 0.060085
vt 0.498005 0.286960
vt 0.538484 0.288021
vt 0.540703 0.240450
vt 0.500224 0.239387
vt 0.426437 0.285976
vt 0.466916 0.287038
vt 0.469137 0.239447
vt 0.428658 0.238384
vt 0.507395 0.288099
vt 0.509616 0.240511
vt 0.496848 0.289201
vt 0.537327 0.290263
vt 0.539545 0.242718
vt 0.499066 0.241654
vt 0.457917 0.288912
vt 0.498396 0.289974
vt 0.500615 0.242411
vt 0.460136 0.241347
vt 0.458285 0.287431
vt 0.498764 0.288493
vt 0.500984 0.240912
vt 0.460505 0.239849
vt 0.381470 0.282595
vt 0.421949 0.283657
vt 0.424170 0.236056
vt 0.383691 0.234993
vt 0.464686 0.286278
vt 0.466905 0.238721
vt 0.457526 0.285898
vt 0.459745 0.238323
vt 0.385958 0.284915
vt 0.388179 0.237320
vt 0.456369 0.288140
vt 0.458587 0.240591
vt 0.417438 0.287851
vt 0.419657 0.240284
vt 0.417806 0.286370
vt 0.420027 0.238785
vt 0.419705 0.291166
vt 0.460184 0.292227
vt 0.462406 0.244625
vt 0.421927 0.243562
vt 0.424207 0.285216
vt 0.426426 0.237657
vt 0.417047 0.284836
vt 0.419266 0.237260
vt 0.502907 0.285780
vt 0.543386 0.286841
vt 0.545607 0.239247
vt 0.505128 0.238183
vt 0.415890 0.287078
vt 0.418108 0.239527
vt 0.376959 0.286789
vt 0.379178 0.239220
vt 0.377327 0.285308
vt 0.379548 0.237722
vt 0.379226 0.290104
vt 0.381448 0.242498
vt 0.383728 0.284155
vt 0.385947 0.236594
vt 0.376568 0.283775
vt 0.378788 0.236196
vt 0.462428 0.284718
vt 0.464649 0.237120
vt 0.375411 0.286016
vt 0.377629 0.238464
vt 0.578963 0.289083
vt 0.581182 0.241514
vt 0.547874 0.289161
vt 0.550095 0.241575
vt 0.437623 0.290263
vt 0.478102 0.291324
vt 0.480319 0.243781
vt 0.439840 0.242718
vt 0.538875 0.291035
vt 0.541094 0.243475
vt 0.539243 0.289554
vt 0.541463 0.241976
vt 0.393425 0.637726
vt 0.419727 0.636488
vt 0.400756 0.337571
vt 0.374454 0.338810
vt 0.765659 0.174792
vt 0.765119 0.177507
vt 0.765797 0.177713
vt 0.766364 0.174862
vt 0.391707 0.622315
vt 0.418009 0.621078
vt 0.399037 0.322150
vt 0.372735 0.323389
vt 0.752990 0.187461
vt 0.750222 0.187461
vt 0.750153 0.188166
vt 0.753060 0.188166
vt 0.393596 0.618882
vt 0.419898 0.617644
vt 0.400926 0.318707
vt 0.374624 0.319946
vt 0.738094 0.177507
vt 0.737554 0.174792
vt 0.736848 0.174862
vt 0.737416 0.177713
vt 0.393432 0.614599
vt 0.419734 0.613361
vt 0.400764 0.314448
vt 0.374461 0.315687
vt 0.590881 0.039249
vt 0.591941 0.041807
vt 0.592619 0.041601
vt 0.591506 0.038915
vt 0.394213 0.624839
vt 0.420515 0.623601
vt 0.401544 0.324678
vt 0.375242 0.325916
vt 0.574329 0.032393
vt 0.577044 0.031853
vt 0.576975 0.031148
vt 0.574123 0.031715
vt 0.392027 0.615164
vt 0.418330 0.613926
vt 0.399358 0.314993
vt 0.373056 0.316232
vt 0.564375 0.047290
vt 0.564375 0.044522
vt 0.563670 0.044452
vt 0.563670 0.047359
vt 0.393917 0.623289
vt 0.420219 0.622052
vt 0.401246 0.323109
vt 0.374944 0.324348
vt 0.747507 0.186921
vt 0.744950 0.185862
vt 0.744616 0.186487
vt 0.747302 0.187599
vt 0.395760 0.641343
vt 0.422062 0.640105
vt 0.403091 0.341187
vt 0.376789 0.342425
vt 0.738094 0.169309
vt 0.739153 0.166752
vt 0.738528 0.166418
vt 0.737416 0.169104
vt 0.394395 0.623004
vt 0.420697 0.621766
vt 0.401725 0.322838
vt 0.375423 0.324076
vt 0.752990 0.159355
vt 0.755705 0.159896
vt 0.755911 0.159218
vt 0.753060 0.158650
vt 0.396284 0.627277
vt 0.422586 0.626039
vt 0.403614 0.327101
vt 0.377312 0.328340
vt 0.569470 0.034990
vt 0.571772 0.033452
vt 0.571438 0.032828
vt 0.569020 0.034443
vt 0.393857 0.620201
vt 0.420159 0.618963
vt 0.401188 0.320049
vt 0.374886 0.321288
vt 0.567513 0.054864
vt 0.565975 0.052562
vt 0.565350 0.052896
vt 0.566965 0.055314
vt 0.392416 0.620567
vt 0.418718 0.619329
vt 0.399747 0.320405
vt 0.373445 0.321644
vt 0.585085 0.058359
vt 0.582527 0.059419
vt 0.582733 0.060097
vt 0.585419 0.058984
vt 0.392092 0.622595
vt 0.418394 0.621357
vt 0.399422 0.322424
vt 0.373120 0.323662
vt 0.740691 0.164450
vt 0.742648 0.162493
vt 0.742199 0.161945
vt 0.740143 0.164001
vt 0.391357 0.628794
vt 0.417659 0.627557
vt 0.398686 0.328613
vt 0.372384 0.329852
vt 0.758263 0.160955
vt 0.760564 0.162493
vt 0.761014 0.161945
vt 0.758597 0.160330
vt 0.395616 0.633430
vt 0.421918 0.632192
vt 0.402947 0.333273
vt 0.376645 0.334512
vt 0.764060 0.180065
vt 0.764685 0.180399
vt 0.393147 0.619840
vt 0.419449 0.618602
vt 0.400477 0.319673
vt 0.374175 0.320911
vt 0.571772 0.058359
vt 0.569470 0.056821
vt 0.569020 0.057369
vt 0.571438 0.058984
vt 0.392412 0.617370
vt 0.418715 0.616132
vt 0.399742 0.317193
vt 0.373440 0.318432
vt 0.589344 0.054864
vt 0.587386 0.056821
vt 0.587836 0.057369
vt 0.589891 0.055314
vt 0.392886 0.639594
vt 0.419188 0.638357
vt 0.400218 0.339442
vt 0.373916 0.340680
vt 0.589344 0.036948
vt 0.589891 0.036498
vt 0.391445 0.624184
vt 0.417748 0.622946
vt 0.398776 0.324021
vt 0.372474 0.325259
vt 0.762522 0.182366
vt 0.760564 0.184324
vt 0.761014 0.184871
vt 0.763070 0.182816
vt 0.392156 0.617504
vt 0.418458 0.616267
vt 0.399486 0.317332
vt 0.373184 0.318571
vt 0.742648 0.184324
vt 0.742199 0.184871
vt 0.393304 0.634412
vt 0.419606 0.633174
vt 0.400635 0.334263
vt 0.374333 0.335502
vt 0.585085 0.033452
vt 0.587386 0.034990
vt 0.587836 0.034443
vt 0.585419 0.032828
vt 0.392166 0.630372
vt 0.418468 0.629134
vt 0.399497 0.330214
vt 0.373195 0.331453
vt 0.567513 0.036948
vt 0.566965 0.036498
vt 0.394523 0.618602
vt 0.420825 0.617365
vt 0.401853 0.318434
vt 0.375551 0.319673
vt 0.740691 0.182366
vt 0.739153 0.180065
vt 0.738528 0.180399
vt 0.740143 0.182816
vt 0.399036 0.623838
vt 0.425338 0.622601
vt 0.406366 0.323660
vt 0.380063 0.324899
vt 0.744950 0.160955
vt 0.744616 0.160330
vt 0.396048 0.634716
vt 0.422350 0.633478
vt 0.403379 0.334562
vt 0.377077 0.335801
vt 0.564915 0.041807
vt 0.565975 0.039249
vt 0.565350 0.038915
vt 0.564237 0.041601
vt 0.392954 0.623553
vt 0.419257 0.622315
vt 0.400285 0.323389
vt 0.373983 0.324627
vt 0.574329 0.059419
vt 0.574123 0.060097
vt 0.393532 0.625899
vt 0.419834 0.624662
vt 0.400862 0.325725
vt 0.374560 0.326964
vt 0.747507 0.159896
vt 0.750222 0.159355
vt 0.750153 0.158650
vt 0.747302 0.159218
vt 0.394680 0.634138
vt 0.420982 0.632900
vt 0.402011 0.333988
vt 0.375709 0.335227
vt 0.764060 0.166752
vt 0.765119 0.169309
vt 0.765797 0.169104
vt 0.764685 0.166418
vt 0.395183 0.622436
vt 0.421486 0.621198
vt 0.402514 0.322276
vt 0.376212 0.323514
vt 0.579812 0.059959
vt 0.577044 0.059959
vt 0.576975 0.060664
vt 0.579882 0.060664
vt 0.390369 0.628528
vt 0.416671 0.627290
vt 0.397700 0.328369
vt 0.371398 0.329607
vt 0.592481 0.047290
vt 0.591941 0.050005
vt 0.592619 0.050211
vt 0.593186 0.047359
vt 0.395899 0.620254
vt 0.422201 0.619017
vt 0.403229 0.320085
vt 0.376927 0.321324
vt 0.765659 0.172024
vt 0.766364 0.171955
vt 0.392541 0.625490
vt 0.418843 0.624253
vt 0.399870 0.325311
vt 0.373568 0.326550
vt 0.755705 0.186921
vt 0.755911 0.187599
vt 0.486073 0.116462
vt 0.472523 0.116562
vt 0.472618 0.122617
vt 0.486169 0.122517
vt 0.564915 0.050005
vt 0.564237 0.050211
vt 0.592481 0.044522
vt 0.593186 0.044452
vt 0.737554 0.172024
vt 0.736848 0.171955
vt 0.579812 0.031853
vt 0.582527 0.032393
vt 0.582733 0.031715
vt 0.579882 0.031148
vt 0.758263 0.185862
vt 0.758597 0.186487
vt 0.590881 0.052562
vt 0.591506 0.052896
vt 0.762522 0.164450
vt 0.763070 0.164001
vt 0.463690 0.487365
vt 0.463436 0.447002
vt 0.448234 0.447002
vt 0.448489 0.487365
vt 0.557569 0.034689
vt 0.559526 0.036646
vt 0.560308 0.036005
vt 0.558211 0.033907
vt 0.547227 0.059657
vt 0.547128 0.060664
vt 0.541954 0.033151
vt 0.544512 0.032092
vt 0.544218 0.031124
vt 0.541478 0.032259
vt 0.555267 0.033151
vt 0.555744 0.032259
vt 0.549995 0.059657
vt 0.550094 0.060664
vt 0.539653 0.034689
vt 0.539011 0.033907
vt 0.552710 0.032092
vt 0.553004 0.031124
vt 0.552710 0.059117
vt 0.553004 0.060085
vt 0.537695 0.036646
vt 0.536914 0.036005
vt 0.549995 0.031552
vt 0.550094 0.030545
vt 0.555267 0.058058
vt 0.555744 0.058950
vt 0.536157 0.038948
vt 0.535266 0.038471
vt 0.547227 0.031552
vt 0.547128 0.030545
vt 0.557569 0.056520
vt 0.558211 0.057302
vt 0.535098 0.041506
vt 0.534130 0.041212
vt 0.559526 0.054563
vt 0.560308 0.055204
vt 0.534558 0.044220
vt 0.533552 0.044121
vt 0.561064 0.052261
vt 0.561956 0.052738
vt 0.534558 0.046989
vt 0.533552 0.047088
vt 0.562124 0.049704
vt 0.563091 0.049997
vt 0.535098 0.049704
vt 0.534130 0.049997
vt 0.562664 0.046989
vt 0.563670 0.047088
vt 0.536157 0.052261
vt 0.535266 0.052738
vt 0.562664 0.044221
vt 0.563670 0.044121
vt 0.537695 0.054563
vt 0.536914 0.055204
vt 0.562124 0.041506
vt 0.563091 0.041212
vt 0.539653 0.056520
vt 0.539011 0.057302
vt 0.561064 0.038948
vt 0.561956 0.038471
vt 0.505147 0.052738
vt 0.506795 0.055204
vt 0.507212 0.054862
vt 0.505623 0.052484
vt 0.457672 0.529690
vt 0.457555 0.511309
vt 0.452081 0.511309
vt 0.452198 0.529690
vt 0.533552 0.047088
vt 0.533552 0.044122
vt 0.533015 0.044174
vt 0.533015 0.047035
vt 0.504012 0.049997
vt 0.504528 0.049841
vt 0.532973 0.049997
vt 0.532457 0.049841
vt 0.503433 0.047088
vt 0.503970 0.047035
vt 0.531838 0.052738
vt 0.531362 0.052484
vt 0.503433 0.044122
vt 0.503970 0.044174
vt 0.530190 0.055204
vt 0.529773 0.054862
vt 0.514100 0.031124
vt 0.511359 0.032259
vt 0.511613 0.032735
vt 0.514256 0.031640
vt 0.504012 0.041212
vt 0.504528 0.041369
vt 0.528092 0.057302
vt 0.527750 0.056885
vt 0.517009 0.030545
vt 0.517062 0.031082
vt 0.505147 0.038471
vt 0.505623 0.038726
vt 0.525626 0.058950
vt 0.525371 0.058474
vt 0.519976 0.030545
vt 0.519923 0.031082
vt 0.506795 0.036005
vt 0.507212 0.036347
vt 0.522885 0.060085
vt 0.522729 0.059569
vt 0.522885 0.031124
vt 0.522729 0.031640
vt 0.508893 0.033907
vt 0.509235 0.034324
vt 0.519976 0.060664
vt 0.519923 0.060127
vt 0.525626 0.032259
vt 0.525371 0.032735
vt 0.517009 0.060664
vt 0.517062 0.060127
vt 0.528092 0.033907
vt 0.527750 0.034324
vt 0.514100 0.060085
vt 0.514256 0.059569
vt 0.530190 0.036005
vt 0.529773 0.036347
vt 0.511359 0.058950
vt 0.511613 0.058474
vt 0.531838 0.038471
vt 0.531362 0.038726
vt 0.508893 0.057302
vt 0.509235 0.056885
vt 0.532973 0.041212
vt 0.532457 0.041369
vt 0.474068 0.049499
vt 0.473509 0.046693
vt 0.472631 0.046779
vt 0.473223 0.049755
vt 0.480197 0.478345
vt 0.448553 0.478328
vt 0.446959 0.484987
vt 0.476516 0.485003
vt 0.476752 0.036005
vt 0.478774 0.033982
vt 0.478214 0.033300
vt 0.476069 0.035445
vt 0.502555 0.046693
vt 0.501997 0.049499
vt 0.502841 0.049755
vt 0.503433 0.046779
vt 0.475162 0.052142
vt 0.474384 0.052558
vt 0.475162 0.038384
vt 0.474384 0.037967
vt 0.502555 0.043832
vt 0.503433 0.043746
vt 0.476752 0.054520
vt 0.476069 0.055080
vt 0.474068 0.041027
vt 0.473223 0.040770
vt 0.501997 0.041027
vt 0.502841 0.040770
vt 0.478774 0.056543
vt 0.478214 0.057225
vt 0.500902 0.038384
vt 0.501680 0.037967
vt 0.481153 0.058132
vt 0.480737 0.058911
vt 0.499312 0.036005
vt 0.499995 0.035445
vt 0.483796 0.059227
vt 0.483540 0.060072
vt 0.497290 0.033982
vt 0.497850 0.033300
vt 0.486602 0.059785
vt 0.486515 0.060664
vt 0.494911 0.032393
vt 0.495327 0.031614
vt 0.489462 0.059785
vt 0.489549 0.060664
vt 0.492268 0.031298
vt 0.492524 0.030453
vt 0.492268 0.059227
vt 0.492524 0.060072
vt 0.489462 0.030740
vt 0.489549 0.029861
vt 0.494911 0.058132
vt 0.495327 0.058911
vt 0.486602 0.030740
vt 0.486515 0.029861
vt 0.497290 0.056543
vt 0.497850 0.057225
vt 0.483796 0.031298
vt 0.483540 0.030453
vt 0.499312 0.054520
vt 0.499995 0.055080
vt 0.473509 0.043832
vt 0.472631 0.043746
vt 0.481153 0.032393
vt 0.480737 0.031614
vt 0.500902 0.052142
vt 0.501680 0.052558
vt 0.741610 0.033057
vt 0.738992 0.031973
vt 0.737538 0.036764
vt 0.739249 0.037473
vt 0.902317 0.280675
vt 0.910875 0.280762
vt 0.910874 0.169967
vt 0.902317 0.169882
vt 0.733379 0.060190
vt 0.736212 0.060190
vt 0.735722 0.055207
vt 0.733870 0.055207
vt 0.743966 0.034631
vt 0.740789 0.038502
vt 0.730600 0.059638
vt 0.732053 0.054846
vt 0.745969 0.036635
vt 0.742099 0.039812
vt 0.727982 0.058553
vt 0.730342 0.054137
vt 0.747544 0.038991
vt 0.743127 0.041352
vt 0.725626 0.056979
vt 0.728802 0.053108
vt 0.748628 0.041609
vt 0.743836 0.043063
vt 0.723622 0.054975
vt 0.727493 0.051798
vt 0.749181 0.044388
vt 0.744198 0.044879
vt 0.722048 0.038991
vt 0.720963 0.041609
vt 0.725755 0.043063
vt 0.726464 0.041352
vt 0.722048 0.052619
vt 0.726464 0.050259
vt 0.749181 0.047222
vt 0.744198 0.046731
vt 0.723622 0.036635
vt 0.727493 0.039812
vt 0.720963 0.050001
vt 0.725755 0.048548
vt 0.748628 0.050001
vt 0.743836 0.048548
vt 0.725626 0.034631
vt 0.728802 0.038502
vt 0.720410 0.047222
vt 0.725394 0.046731
vt 0.747544 0.052619
vt 0.743127 0.050259
vt 0.727982 0.033057
vt 0.730342 0.037473
vt 0.720410 0.044388
vt 0.725394 0.044879
vt 0.745969 0.054975
vt 0.742099 0.051798
vt 0.730600 0.031973
vt 0.732053 0.036764
vt 0.743966 0.056979
vt 0.740789 0.053108
vt 0.733379 0.031420
vt 0.733870 0.036403
vt 0.741610 0.058553
vt 0.739249 0.054137
vt 0.736212 0.031420
vt 0.735722 0.036403
vt 0.738992 0.059638
vt 0.737538 0.054846
vt 0.412550 0.081589
vt 0.416490 0.083221
vt 0.419740 0.077141
vt 0.414551 0.074991
vt 0.919436 0.280355
vt 0.931000 0.280394
vt 0.931000 0.167982
vt 0.919436 0.167940
vt 0.963274 0.278988
vt 0.972056 0.278902
vt 0.972056 0.169088
vt 0.963274 0.169173
vt 0.908778 0.280290
vt 0.908778 0.167876
vt 0.953256 0.279052
vt 0.953256 0.169236
vt 0.932380 0.278881
vt 0.942789 0.278895
vt 0.942789 0.168883
vt 0.932380 0.168870
vt 0.899436 0.280202
vt 0.899436 0.167789
vt 0.972604 0.280188
vt 0.987514 0.280148
vt 0.987514 0.166718
vt 0.972604 0.166760
vt 0.922372 0.278843
vt 0.922372 0.168830
vt 0.972430 0.278780
vt 0.980515 0.278693
vt 0.980515 0.168682
vt 0.972430 0.168767
vt 0.957098 0.280201
vt 0.957098 0.166773
vt 0.913148 0.278780
vt 0.913148 0.168767
vt 0.963206 0.278843
vt 0.963206 0.168830
vt 0.941593 0.280188
vt 0.941593 0.166760
vt 0.905063 0.278693
vt 0.905063 0.168682
vt 0.953198 0.278881
vt 0.953198 0.168870
vt 0.926683 0.280148
vt 0.926683 0.166718
vt 0.973619 0.280762
vt 0.982176 0.280675
vt 0.982176 0.169882
vt 0.973619 0.169967
vt 0.912943 0.280083
vt 0.912943 0.166653
vt 0.963856 0.280826
vt 0.963856 0.170031
vt 0.900899 0.279994
vt 0.900899 0.166565
vt 0.953263 0.280864
vt 0.953263 0.170071
vt 0.977277 0.280290
vt 0.986618 0.280202
vt 0.986618 0.167789
vt 0.977277 0.167876
vt 0.942247 0.280877
vt 0.942247 0.170084
vt 0.966618 0.280355
vt 0.966618 0.167940
vt 0.931230 0.280864
vt 0.931230 0.170071
vt 0.955054 0.280394
vt 0.955054 0.167982
vt 0.920637 0.280826
vt 0.920637 0.170031
vt 0.943027 0.280407
vt 0.943027 0.167995
vt 0.448504 0.568915
vt 0.487234 0.574203
vt 0.472310 0.501789
vt 0.449526 0.498678
vt 0.412550 0.123223
vt 0.408367 0.124055
vt 0.409043 0.130916
vt 0.414551 0.129821
vt 0.392435 0.119221
vt 0.389419 0.116206
vt 0.384090 0.120580
vt 0.388061 0.124551
vt 0.408367 0.080757
vt 0.409043 0.073896
vt 0.416490 0.121591
vt 0.419740 0.127671
vt 0.395981 0.121591
vt 0.392730 0.127671
vt 0.404103 0.080757
vt 0.403427 0.073896
vt 0.420035 0.119221
vt 0.424409 0.124551
vt 0.399920 0.123223
vt 0.397919 0.129821
vt 0.399920 0.081589
vt 0.397919 0.074991
vt 0.423051 0.116206
vt 0.428380 0.120580
vt 0.404103 0.124055
vt 0.403427 0.130916
vt 0.395981 0.083221
vt 0.392730 0.077141
vt 0.425420 0.112660
vt 0.431500 0.115910
vt 0.392435 0.085590
vt 0.388061 0.080261
vt 0.427052 0.108721
vt 0.433650 0.110722
vt 0.389419 0.088606
vt 0.384090 0.084232
vt 0.427884 0.104538
vt 0.434745 0.105214
vt 0.387050 0.092152
vt 0.380970 0.088902
vt 0.427884 0.100274
vt 0.434745 0.099598
vt 0.385418 0.096091
vt 0.378821 0.094090
vt 0.427052 0.096091
vt 0.433650 0.094090
vt 0.384586 0.100274
vt 0.377725 0.099598
vt 0.425420 0.092152
vt 0.431500 0.088902
vt 0.384586 0.104538
vt 0.377725 0.105214
vt 0.423051 0.088606
vt 0.428380 0.084232
vt 0.385418 0.108721
vt 0.378821 0.110722
vt 0.420035 0.085590
vt 0.424409 0.080261
vt 0.387050 0.112660
vt 0.380970 0.115910
vt 0.488617 0.091767
vt 0.486521 0.089213
vt 0.481225 0.094509
vt 0.482390 0.095927
vt 0.460603 0.673159
vt 0.463407 0.673154
vt 0.462094 0.554315
vt 0.460603 0.554318
vt 0.457750 0.101130
vt 0.458074 0.104418
vt 0.465419 0.102957
vt 0.465239 0.101130
vt 0.490174 0.094681
vt 0.483255 0.097547
vt 0.458074 0.097842
vt 0.465419 0.099303
vt 0.491133 0.097842
vt 0.483788 0.099303
vt 0.459033 0.094681
vt 0.465952 0.097547
vt 0.491457 0.101130
vt 0.483968 0.101130
vt 0.460591 0.091767
vt 0.466817 0.095927
vt 0.491133 0.104418
vt 0.483788 0.102957
vt 0.462687 0.089213
vt 0.467982 0.094509
vt 0.490174 0.107580
vt 0.483255 0.104714
vt 0.465240 0.087117
vt 0.469401 0.093344
vt 0.488617 0.110493
vt 0.482390 0.106333
vt 0.468154 0.085560
vt 0.471020 0.092478
vt 0.471316 0.117660
vt 0.474604 0.117984
vt 0.474604 0.110495
vt 0.472777 0.110315
vt 0.486521 0.113047
vt 0.481225 0.107752
vt 0.471316 0.084601
vt 0.472777 0.091946
vt 0.468154 0.116701
vt 0.471020 0.109782
vt 0.483967 0.115143
vt 0.479806 0.108917
vt 0.474604 0.084277
vt 0.474604 0.091766
vt 0.465240 0.115143
vt 0.469401 0.108917
vt 0.481053 0.116701
vt 0.478187 0.109782
vt 0.477892 0.084601
vt 0.476431 0.091946
vt 0.462687 0.113047
vt 0.467982 0.107752
vt 0.477892 0.117660
vt 0.476431 0.110315
vt 0.481053 0.085560
vt 0.478187 0.092478
vt 0.460591 0.110493
vt 0.466817 0.106333
vt 0.483967 0.087117
vt 0.479806 0.093344
vt 0.459033 0.107580
vt 0.465952 0.104714
vt 0.456357 0.554292
vt 0.457678 0.554307
vt 0.459127 0.355896
vt 0.458460 0.355889
vt 0.456889 0.655264
vt 0.458809 0.655285
vt 0.460800 0.563446
vt 0.459779 0.563434
vt 0.457798 0.673154
vt 0.459112 0.554315
vt 0.455205 0.655236
vt 0.458884 0.563419
vt 0.455102 0.673137
vt 0.475354 0.499966
vt 0.476222 0.499951
vt 0.474325 0.452618
vt 0.473864 0.452626
vt 0.452617 0.673109
vt 0.474364 0.499978
vt 0.473338 0.452632
vt 0.466586 0.633244
vt 0.467857 0.633246
vt 0.467857 0.579381
vt 0.467181 0.579379
vt 0.450439 0.673072
vt 0.455198 0.554271
vt 0.473289 0.499984
vt 0.472766 0.452635
vt 0.465364 0.633236
vt 0.466531 0.579375
vt 0.471476 0.633223
vt 0.472464 0.633207
vt 0.470306 0.579359
vt 0.469781 0.579368
vt 0.472172 0.499986
vt 0.472172 0.452637
vt 0.456495 0.630968
vt 0.457485 0.630979
vt 0.458512 0.583633
vt 0.457985 0.583627
vt 0.470350 0.633236
vt 0.469182 0.579375
vt 0.471055 0.499984
vt 0.471578 0.452635
vt 0.455627 0.630953
vt 0.457524 0.583619
vt 0.469128 0.633244
vt 0.468533 0.579379
vt 0.469980 0.499978
vt 0.471007 0.452632
vt 0.469232 0.655264
vt 0.470916 0.655236
vt 0.467237 0.563419
vt 0.466342 0.563434
vt 0.476733 0.484826
vt 0.477859 0.484839
vt 0.479026 0.430978
vt 0.478427 0.430971
vt 0.467312 0.655285
vt 0.465321 0.563446
vt 0.475745 0.484809
vt 0.477903 0.430961
vt 0.465228 0.655300
vt 0.464213 0.563452
vt 0.468588 0.673109
vt 0.470766 0.673072
vt 0.466007 0.554271
vt 0.464849 0.554292
vt 0.463060 0.655303
vt 0.463060 0.563455
vt 0.466103 0.673137
vt 0.463528 0.554307
vt 0.460893 0.655300
vt 0.461908 0.563452
vt 0.473026 0.373576
vt 0.472760 0.373579
vt 0.467857 0.489447
vt 0.467516 0.489446
vt 0.457876 0.355879
vt 0.472472 0.373581
vt 0.467188 0.489443
vt 0.469093 0.489436
vt 0.468828 0.489440
vt 0.472172 0.373582
vt 0.459089 0.504580
vt 0.458823 0.504578
vt 0.468526 0.489443
vt 0.471872 0.373581
vt 0.458590 0.504573
vt 0.468198 0.489446
vt 0.471584 0.373579
vt 0.465168 0.410087
vt 0.464716 0.410095
vt 0.470480 0.452626
vt 0.471318 0.373576
vt 0.464201 0.410100
vt 0.479381 0.341043
vt 0.479116 0.341038
vt 0.463642 0.410104
vt 0.463330 0.355879
vt 0.462746 0.355889
vt 0.463060 0.410105
vt 0.462079 0.355896
vt 0.462479 0.410104
vt 0.461355 0.355901
vt 0.461920 0.410100
vt 0.460603 0.355903
vt 0.461404 0.410095
vt 0.459850 0.355901
vt 0.460952 0.410087
vt 0.473259 0.373572
vt 0.418388 0.991207
vt 0.438477 1.000504
vt 0.432899 0.876890
vt 0.416363 0.894170
vt 0.800000 0.800000
vt 1.000000 0.800000
vt 1.000000 0.600000
vt 0.800000 0.600000
vt 0.334187 1.000817
vt 0.618784 1.000817
vt 0.618784 0.875623
vt 0.334187 0.875623
vt 0.315255 1.000230
vt 0.315255 0.000271
vt 0.003920 0.000271
vt 0.003920 1.000230
vt 0.311141 0.995668
vt 0.311141 -0.001283
vt 0.006521 -0.001283
vt 0.006521 0.995668
vt 0.314696 1.000000
vt 0.314696 0.000501
vt 0.005405 0.000501
vt 0.005405 1.000000
vt 0.314617 1.000000
vt 0.314617 -0.001028
vt 0.004014 -0.001028
vt 0.004014 1.000000
vt 0.417987 0.879880
vt 0.417521 0.999303
vt 0.432094 1.000059
vt 0.431027 0.877717
vt 0.330329 1.000710
vt 0.617819 1.000711
vt 0.617819 0.876731
vt 0.330329 0.876731
vt 0.331825 0.999959
vt 0.620968 0.999959
vt 0.620968 0.876587
vt 0.331825 0.876587
vt 0.328152 1.000710
vt 0.617295 1.000710
vt 0.617295 0.876124
vt 0.328152 0.876124
vt 0.331489 0.869080
vt 0.557876 0.869080
vt 0.557876 0.793965
vt 0.331489 0.793965
vt 0.364906 0.108565
vt 0.646861 0.108565
vt 0.635280 0.085143
vt 0.376484 0.085143
vt 0.331316 0.868316
vt 0.557704 0.868316
vt 0.557704 0.793201
vt 0.331316 0.793201
vt 0.332965 0.868316
vt 0.559352 0.868316
vt 0.559352 0.793201
vt 0.332965 0.793201
vt 0.608207 0.111936
vt 0.353897 0.111936
vt 0.346346 0.127210
vt 0.615759 0.127210
vt 0.339695 0.140665
vt 0.622412 0.140665
vt 0.653078 0.084264
vt 0.330750 0.082138
vt 0.324196 0.095034
vt 0.659317 0.097244
vt 0.615934 0.110283
vt 0.364436 0.110283
vt 0.356969 0.125388
vt 0.623402 0.125388
vt 0.350391 0.138695
vt 0.629981 0.138695
vt 0.684542 0.106188
vt 0.352373 0.106188
vt 0.342510 0.126139
vt 0.694406 0.126139
vt 0.333822 0.143714
vt 0.703095 0.143714
vt 0.356534 0.125500
vt 0.655233 0.125500
vt 0.349160 0.140418
vt 0.662609 0.140418
vt 0.332792 0.869080
vt 0.559179 0.869080
vt 0.559179 0.793965
vt 0.332792 0.793965
vt 0.612620 0.039314
vt 0.399138 0.039314
vt 0.597762 0.090810
vt 0.364340 0.090810
vt 0.605604 0.089391
vt 0.374763 0.089391
vt 0.670898 0.078595
vt 0.366013 0.078595
vt 0.585392 0.048513
vt 0.394971 0.048512
vt 0.644203 0.024604
vt 0.392702 0.024604
vt 0.577324 0.049474
vt 0.384773 0.049474
vt 0.496712 0.104647
vt 0.606988 0.105927
vt 0.607062 0.102485
vt 0.496787 0.101205
vt 0.359086 0.045065
vt 0.359086 0.096385
vt 0.454283 0.096385
vt 0.454283 0.045065
vt 0.386437 0.103367
vt 0.386511 0.099925
vt 0.717263 0.107207
vt 0.717338 0.103765
vt 0.827539 0.108486
vt 0.827613 0.105045
vt 0.936258 0.148030
vt 0.937857 0.142757
vt 0.936798 0.145315
vt 0.939395 0.140456
vt 0.936258 0.150798
vt 0.941352 0.138498
vt 0.936798 0.153513
vt 0.937857 0.156070
vt 0.943654 0.136960
vt 0.939395 0.158372
vt 0.946211 0.135901
vt 0.941352 0.160329
vt 0.948926 0.135361
vt 0.951694 0.135361
vt 0.943654 0.161867
vt 0.954409 0.135901
vt 0.946211 0.162927
vt 0.956967 0.136960
vt 0.948926 0.163467
vt 0.951694 0.163467
vt 0.959268 0.138498
vt 0.954409 0.162927
vt 0.961226 0.140456
vt 0.956967 0.161867
vt 0.962764 0.142757
vt 0.959268 0.160329
vt 0.963823 0.145315
vt 0.964363 0.148030
vt 0.961226 0.158372
vt 0.962764 0.156070
vt 0.964363 0.150798
vt 0.963823 0.153513
vt 0.456766 0.349943
vt 0.457879 0.349605
vt 0.457306 0.349719
vt 0.456281 0.350267
vt 0.458464 0.349605
vt 0.455867 0.350681
vt 0.459037 0.349719
vt 0.455543 0.351166
vt 0.459577 0.349943
vt 0.460063 0.350267
vt 0.455319 0.351706
vt 0.460476 0.350681
vt 0.455205 0.352279
vt 0.455205 0.352864
vt 0.460800 0.351166
vt 0.455319 0.353437
vt 0.461024 0.351706
vt 0.455543 0.353977
vt 0.461138 0.352279
vt 0.461138 0.352864
vt 0.455867 0.354463
vt 0.461024 0.353437
vt 0.456281 0.354876
vt 0.460800 0.353977
vt 0.456766 0.355200
vt 0.460476 0.354463
vt 0.457306 0.355424
vt 0.457879 0.355538
vt 0.460063 0.354876
vt 0.458464 0.355538
vt 0.459577 0.355200
vt 0.459037 0.355424
s 0
usemtl empire_state
f 1/1/1 2/2/1 3/3/1
f 1/1/1 3/3/1 4/4/1
f 5/1/2 6/2/2 7/3/2
f 5/1/2 7/3/2 8/4/2
f 9/1/3 10/2/3 11/3/3
f 9/1/3 11/3/3 12/4/3
f 13/1/4 14/2/4 15/3/4
f 13/1/4 15/3/4 16/4/4
f 17/1/5 18/2/5 19/3/5
f 17/1/5 19/3/5 20/4/5
f 21/1/6 22/2/6 23/3/6
f 21/1/6 23/3/6 24/4/6
f 25/1/7 26/2/7 27/3/7
f 25/1/7 27/3/7 28/4/7
f 29/1/8 30/2/8 31/3/8
f 29/1/8 31/3/8 32/4/8
f 33/1/9 34/2/9 35/3/9
f 33/1/9 35/3/9 36/4/9
f 37/1/10 38/2/10 39/3/10
f 37/1/10 39/3/10 40/4/10
f 41/1/11 42/2/11 43/3/11
f 41/1/11 43/3/11 44/4/11
f 45/1/12 46/2/12 47/3/12
f 45/1/12 47/3/12 48/4/12
f 49/1/13 50/2/13 51/3/13
f 49/1/13 51/3/13 52/4/13
f 53/1/14 54/2/14 55/3/14
f 53/1/14 55/3/14 56/4/14
f 57/1/15 58/2/15 59/3/15
f 57/1/15 59/3/15 60/4/15
f 61/1/16 62/2/16 63/3/16
f 61/1/16 63/3/16 64/4/16
f 65/1/17 66/2/17 67/3/17
f 65/1/17 67/3/17 68/4/17
f 69/1/18 70/2/18 71/3/18
f 69/1/18 71/3/18 72/4/18
f 73/1/19 74/2/19 75/3/19
f 73/1/19 75/3/19 76/4/19
f 77/1/20 78/2/20 79/3/20
f 77/1/20 79/3/20 80/4/20
f 81/1/21 82/2/21 83/3/21
f 81/1/21 83/3/21 84/4/21
f 85/1/22 86/2/22 87/3/22
f 85/1/22 87/3/22 88/4/22
f 89/1/23 90/2/23 91/3/23
f 89/1/23 91/3/23 92/4/23
f 93/1/24 94/2/24 95/3/24
f 93/1/24 95/3/24 96/4/24
f 97/1/25 98/2/25 99/3/25
f 97/1/25 99/3/25 100/4/25
f 101/1/26 102/2/26 103/3/26
s 1
f 101/1/26 103/3/26 104/4/26
s 0
f 105/1/27 106/2/27 107/3/27
f 105/1/27 107/3/27 108/4/27
f 109/1/28 110/2/28 111/3/28
f 109/1/28 111/3/28 112/4/28
f 113/1/29 114/2/29 115/3/29
f 113/1/29 115/3/29 116/4/29
f 117/1/30 118/2/30 119/3/30
f 117/1/30 119/3/30 120/4/30
f 121/5/14 122/6/14 123/7/14
f 121/5/14 123/7/14 124/8/14
f 125/1/31 126/2/31 127/3/31
f 125/1/31 127/3/31 128/4/31
f 129/1/32 130/2/32 131/3/32
f 129/1/32 131/3/32 132/4/32
f 133/9/33 134/10/33 135/11/33
f 133/9/33 135/11/33 136/12/33
f 137/13/23 138/14/23 139/15/23
f 137/13/23 139/15/23 140/16/23
f 141/17/1 142/18/1 143/19/1
f 141/17/1 143/19/1 144/20/1
f 145/18/32 146/21/32 147/22/32
f 145/18/32 147/22/32 148/19/32
f 149/23/10 150/24/10 151/25/10
f 149/23/10 151/25/10 152/26/10
f 153/27/19 154/28/19 155/29/19
f 153/27/19 155/29/19 156/30/19
f 157/31/28 158/32/28 159/33/28
f 157/31/28 159/33/28 160/34/28
f 161/35/6 162/36/6 163/37/6
f 161/35/6 163/37/6 164/38/6
f 165/39/15 166/5/15 167/8/15
f 165/39/15 167/8/15 168/40/15
f 169/41/24 170/13/24 171/16/24
f 169/41/24 171/16/24 172/42/24
f 173/43/2 174/17/2 175/20/2
f 173/43/2 175/20/2 176/44/2
f 177/45/11 178/23/11 179/26/11
f 177/45/11 179/26/11 180/46/11
f 181/47/20 182/27/20 183/30/20
f 181/47/20 183/30/20 184/48/20
f 185/49/29 186/31/29 187/34/29
f 185/49/29 187/34/29 188/50/29
f 189/51/7 190/52/7 191/53/7
f 189/51/7 191/53/7 192/54/7
f 193/55/16 194/39/16 195/40/16
f 193/55/16 195/40/16 196/56/16
f 197/57/25 198/41/25 199/42/25
f 197/57/25 199/42/25 200/58/25
f 201/59/3 202/60/3 203/61/3
f 201/59/3 203/61/3 204/62/3
f 205/63/12 206/45/12 207/46/12
f 205/63/12 207/46/12 208/64/12
f 209/65/21 210/47/21 211/48/21
f 209/65/21 211/48/21 212/66/21
f 213/67/30 214/49/30 215/50/30
f 213/67/30 215/50/30 216/68/30
f 217/69/8 218/51/8 219/54/8
f 217/69/8 219/54/8 220/70/8
f 221/71/17 222/55/17 223/56/17
f 221/71/17 223/56/17 224/72/17
f 225/73/26 226/57/26 227/58/26
f 225/73/26 227/58/26 228/74/26
f 229/75/4 230/59/4 231/62/4
f 229/75/4 231/62/4 232/76/4
f 233/77/13 234/63/13 235/64/13
f 233/77/13 235/64/13 236/78/13
f 237/14/22 238/79/22 239/80/22
f 237/14/22 239/80/22 240/15/22
f 241/21/31 242/81/31 243/82/31
f 241/21/31 243/82/31 244/22/31
f 245/83/9 246/84/9 247/85/9
f 245/83/9 247/85/9 248/86/9
f 249/28/18 250/87/18 251/88/18
f 249/28/18 251/88/18 252/29/18
f 253/32/27 254/89/27 255/90/27
f 253/32/27 255/90/27 256/33/27
f 257/36/5 258/75/5 259/76/5
f 257/36/5 259/76/5 260/37/5
f 261/91/5 262/92/5 263/93/5
f 261/91/5 263/93/5 264/94/5
f 265/95/34 266/96/34 267/97/34
f 265/95/34 267/97/34 268/98/34
f 269/99/27 270/100/27 271/101/27
f 269/99/27 271/101/27 272/102/27
f 273/103/35 274/104/35 275/105/35
f 273/103/35 275/105/35 276/106/35
f 277/107/18 278/108/18 279/109/18
f 277/107/18 279/109/18 280/110/18
f 281/111/36 282/112/36 283/113/36
f 281/111/36 283/113/36 284/114/36
f 285/115/9 286/116/9 287/117/9
f 285/115/9 287/117/9 288/118/9
f 289/119/37 290/120/37 291/121/37
f 289/119/37 291/121/37 292/122/37
f 293/123/31 294/124/31 295/125/31
f 293/123/31 295/125/31 296/126/31
f 297/127/38 298/128/38 299/129/38
s 1
f 297/127/38 299/129/38 300/130/38
s 0
f 301/131/22 302/132/22 303/133/22
f 301/131/22 303/133/22 304/134/22
f 305/135/39 306/136/39 307/137/39
f 305/135/39 307/137/39 308/138/39
f 309/139/13 310/140/13 311/141/13
f 309/139/13 311/141/13 312/142/13
f 313/143/40 314/144/40 315/145/40
f 313/143/40 315/145/40 316/146/40
f 317/147/4 318/148/4 319/149/4
f 317/147/4 319/149/4 320/150/4
f 321/151/41 322/152/41 323/153/41
f 321/151/41 323/153/41 324/154/41
f 325/155/26 326/156/26 327/157/26
f 325/155/26 327/157/26 328/158/26
f 329/159/42 330/160/42 331/161/42
f 329/159/42 331/161/42 332/162/42
f 333/163/17 334/164/17 335/165/17
f 333/163/17 335/165/17 336/166/17
f 337/167/43 338/168/43 339/169/43
f 337/167/44 339/169/44 340/170/44
f 341/171/8 342/172/8 343/173/8
f 341/171/8 343/173/8 344/174/8
f 345/175/45 346/176/45 347/177/45
f 345/175/45 347/177/45 348/178/45
f 349/179/30 350/180/30 351/181/30
f 349/179/30 351/181/30 352/182/30
f 353/183/46 354/184/46 355/185/46
f 353/183/46 355/185/46 356/186/46
f 357/187/21 358/188/21 359/189/21
f 357/187/21 359/189/21 360/190/21
f 361/191/47 362/192/47 363/193/47
f 361/191/47 363/193/47 364/194/47
f 365/195/12 366/196/12 367/197/12
f 365/195/12 367/197/12 368/198/12
f 369/199/48 370/200/48 371/201/48
f 369/199/48 371/201/48 372/202/48
f 373/203/3 374/204/3 375/205/3
f 373/203/3 375/205/3 376/206/3
f 377/96/49 378/207/49 379/208/49
f 377/96/49 379/208/49 380/97/49
f 381/209/25 382/210/25 383/211/25
f 381/209/25 383/211/25 384/212/25
f 385/213/50 386/214/50 387/215/50
f 385/213/50 387/215/50 388/216/50
f 389/217/16 390/218/16 391/219/16
f 389/217/16 391/219/16 392/220/16
f 393/221/51 394/222/51 395/223/51
f 393/221/51 395/223/51 396/224/51
f 397/225/7 398/226/7 399/227/7
f 397/225/7 399/227/7 400/228/7
f 401/229/52 402/119/52 403/122/52
f 401/229/52 403/122/52 404/230/52
f 405/231/29 406/232/29 407/233/29
f 405/231/29 407/233/29 408/234/29
f 409/235/53 410/236/53 411/237/53
f 409/235/53 411/237/53 412/238/53
f 413/239/20 414/240/20 415/241/20
f 413/239/20 415/241/20 416/242/20
f 417/144/54 418/243/54 419/244/54
f 417/144/54 419/244/54 420/145/54
f 421/245/11 422/246/11 423/247/11
f 421/245/11 423/247/11 424/248/11
f 425/249/55 426/250/55 427/251/55
f 425/249/55 427/251/55 428/252/55
f 429/253/2 430/254/2 431/255/2
f 429/253/2 431/255/2 432/256/2
f 433/257/56 434/167/56 435/170/56
f 433/257/56 435/170/56 436/258/56
f 437/259/24 438/260/24 439/261/24
f 437/259/24 439/261/24 440/262/24
f 441/263/57 442/264/57 443/265/57
f 441/263/57 443/265/57 444/266/57
f 445/267/15 446/268/15 447/269/15
f 445/267/15 447/269/15 448/270/15
f 449/192/58 450/271/58 451/272/58
f 449/192/58 451/272/58 452/193/58
f 453/273/6 454/274/6 455/275/6
f 453/273/6 455/275/6 456/276/6
f 457/277/59 458/278/59 459/279/59
f 457/277/59 459/279/59 460/280/59
f 461/281/28 462/282/28 463/283/28
f 461/281/28 463/283/28 464/284/28
f 465/285/60 466/213/60 467/216/60
f 465/285/60 467/216/60 468/286/60
f 469/287/19 470/288/19 471/289/19
f 469/287/19 471/289/19 472/290/19
f 473/291/61 474/292/61 475/293/61
f 473/291/61 475/293/61 476/294/61
f 477/295/10 478/296/10 479/297/10
f 477/295/10 479/297/10 480/298/10
f 481/299/62 482/300/62 483/301/62
f 481/299/62 483/301/62 484/302/62
f 485/303/32 486/304/32 487/305/32
f 485/303/32 487/305/32 488/306/32
f 489/307/63 490/308/63 491/309/63
f 489/307/63 491/309/63 492/310/63
f 493/311/1 494/312/1 495/313/1
f 493/311/1 495/313/1 496/314/1
f 497/315/64 498/316/64 499/317/64
f 497/315/64 499/317/64 500/318/64
f 501/319/23 502/320/23 503/321/23
f 501/319/23 503/321/23 504/322/23
f 505/323/65 506/95/65 507/98/65
f 505/323/65 507/98/65 508/324/65
f 509/325/14 510/326/14 511/327/14
f 509/325/14 511/327/14 512/328/14
f 513/329/66 514/103/66 515/106/66
f 513/329/66 515/106/66 516/330/66
f 517/331/5 518/332/5 519/333/5
f 517/331/5 519/333/5 520/334/5
f 521/331/27 522/332/27 523/333/27
f 521/331/27 523/333/27 524/334/27
f 525/331/18 526/332/18 527/333/18
f 525/331/18 527/333/18 528/334/18
f 529/331/9 530/332/9 531/333/9
f 529/331/9 531/333/9 532/334/9
f 533/331/31 534/332/31 535/333/31
f 533/331/31 535/333/31 536/334/31
f 537/331/22 538/332/22 539/333/22
f 537/331/22 539/333/22 540/334/22
s 1
f 541/331/13 542/332/13 543/333/13
s 0
f 541/331/13 543/333/13 544/334/13
f 545/331/4 546/332/4 547/333/4
f 545/331/4 547/333/4 548/334/4
f 549/331/26 550/332/26 551/333/26
f 549/331/26 551/333/26 552/334/26
f 553/331/17 554/332/17 555/333/17
f 553/331/17 555/333/17 556/334/17
f 557/331/8 558/332/8 559/333/8
f 557/331/8 559/333/8 560/334/8
f 561/331/30 562/332/30 563/333/30
f 561/331/30 563/333/30 564/334/30
f 565/331/21 566/332/21 567/333/21
f 565/331/21 567/333/21 568/334/21
f 569/331/12 570/332/12 571/333/12
f 569/331/12 571/333/12 572/334/12
f 573/331/3 574/332/3 575/333/3
f 573/331/3 575/333/3 576/334/3
f 577/331/25 578/332/25 579/333/25
f 577/331/25 579/333/25 580/334/25
f 581/331/16 582/332/16 583/333/16
f 581/331/16 583/333/16 584/334/16
f 585/331/7 586/332/7 587/333/7
f 585/331/7 587/333/7 588/334/7
f 589/331/29 590/332/29 591/333/29
f 589/331/29 591/333/29 592/334/29
f 593/331/20 594/332/20 595/333/20
f 593/331/20 595/333/20 596/334/20
f 597/331/11 598/332/11 599/333/11
f 597/331/11 599/333/11 600/334/11
f 601/331/2 602/332/2 603/333/2
f 601/331/2 603/333/2 604/334/2
f 605/331/24 606/332/24 607/333/24
f 605/331/24 607/333/24 608/334/24
f 609/331/15 610/332/15 611/333/15
f 609/331/15 611/333/15 612/334/15
f 613/331/6 614/332/6 615/333/6
f 613/331/6 615/333/6 616/334/6
f 617/331/28 618/332/28 619/333/28
f 617/331/28 619/333/28 620/334/28
f 621/331/19 622/332/19 623/333/19
f 621/331/19 623/333/19 624/334/19
f 625/331/10 626/332/10 627/333/10
f 625/331/10 627/333/10 628/334/10
f 629/331/32 630/332/32 631/333/32
f 629/331/32 631/333/32 632/334/32
f 633/331/1 634/332/1 635/333/1
f 633/331/1 635/333/1 636/334/1
f 637/331/23 638/332/23 639/333/23
f 637/331/23 639/333/23 640/334/23
f 641/331/14 642/332/14 643/333/14
f 641/331/14 643/333/14 644/334/14
f 645/335/67 646/135/67 647/138/67
f 645/335/67 647/138/67 648/336/67
f 649/337/68 650/315/68 651/318/68
f 649/337/68 651/318/68 652/338/68
f 653/184/69 654/307/69 655/310/69
f 653/184/69 655/310/69 656/185/69
f 657/112/70 658/339/70 659/340/70
f 657/112/70 659/340/70 660/113/70
f 661/300/71 662/323/71 663/324/71
f 661/300/71 663/324/71 664/301/71
f 665/292/72 666/159/72 667/162/72
f 665/292/72 667/162/72 668/293/72
f 669/341/73 670/342/73 671/343/73
f 669/341/73 671/343/73 672/344/73
f 673/308/74 674/285/74 675/286/74
f 673/308/74 675/286/74 676/309/74
f 677/136/75 678/277/75 679/280/75
f 677/136/75 679/280/75 680/137/75
f 681/345/76 682/329/76 683/330/76
f 681/345/76 683/330/76 684/346/76
f 685/271/77 686/291/77 687/294/77
f 685/271/77 687/294/77 688/272/77
f 689/264/78 690/111/78 691/114/78
f 689/264/78 691/114/78 692/265/78
f 693/316/79 694/347/79 695/348/79
f 693/316/79 695/348/79 696/317/79
f 697/278/80 698/257/80 699/258/80
f 697/278/80 699/258/80 700/279/80
f 701/342/81 702/249/81 703/252/81
f 701/342/82 703/252/82 704/343/82
f 705/349/83 706/299/83 707/302/83
f 705/349/83 707/302/83 708/350/83
f 709/243/84 710/263/84 711/266/84
f 709/243/84 711/266/84 712/244/84
f 713/236/85 714/345/85 715/346/85
f 713/236/85 715/346/85 716/237/85
f 717/250/86 718/229/86 719/230/86
f 717/250/86 719/230/86 720/251/86
f 721/347/87 722/221/87 723/224/87
f 721/347/87 723/224/87 724/348/87
f 725/207/88 726/235/88 727/238/88
f 725/207/88 727/238/88 728/208/88
f 729/200/89 730/349/89 731/350/89
f 729/200/89 731/350/89 732/201/89
f 733/222/90 734/183/90 735/186/90
f 733/222/91 735/186/91 736/223/91
f 737/214/92 738/175/92 739/178/92
f 737/214/92 739/178/92 740/215/92
f 741/160/93 742/199/93 743/202/93
f 741/160/93 743/202/93 744/161/93
f 745/152/94 746/191/94 747/194/94
f 745/152/94 747/194/94 748/153/94
f 749/176/95 750/335/95 751/336/95
f 749/176/95 751/336/95 752/177/95
f 753/168/96 754/127/96 755/130/96
f 753/168/96 755/130/96 756/169/96
f 757/339/97 758/151/97 759/154/97
f 757/339/97 759/154/97 760/340/97
f 761/104/98 762/143/98 763/146/98
f 761/104/98 763/146/98 764/105/98
f 765/128/99 766/341/99 767/344/99
f 765/128/99 767/344/99 768/129/99
f 769/120/100 770/337/100 771/338/100
f 769/120/100 771/338/100 772/121/100
f 773/351/21 774/352/21 775/353/21
f 773/351/21 775/353/21 776/354/21
f 777/355/33 778/356/33 779/357/33
f 777/355/33 779/357/33 780/358/33
f 781/359/33 782/9/33 783/12/33
f 781/359/33 783/12/33 784/360/33
f 785/361/33 786/362/33 787/363/33
f 785/361/33 787/363/33 788/364/33
f 789/365/33 790/355/33 791/358/33
f 789/365/33 791/358/33 792/366/33
f 793/367/33 794/359/33 795/360/33
f 793/367/33 795/360/33 796/368/33
f 797/369/33 798/361/33 799/364/33
f 797/369/33 799/364/33 800/370/33
f 801/371/33 802/365/33 803/366/33
f 801/371/33 803/366/33 804/372/33
f 805/373/33 806/367/33 807/368/33
f 805/373/33 807/368/33 808/374/33
f 809/375/33 810/369/33 811/370/33
f 809/375/33 811/370/33 812/376/33
f 813/377/33 814/371/33 815/372/33
f 813/377/33 815/372/33 816/378/33
f 817/379/33 818/373/33 819/374/33
f 817/379/33 819/374/33 820/380/33
f 821/381/33 822/375/33 823/376/33
f 821/381/33 823/376/33 824/382/33
f 825/383/33 826/377/33 827/378/33
f 825/383/33 827/378/33 828/384/33
f 829/385/33 830/379/33 831/380/33
f 829/385/33 831/380/33 832/386/33
f 833/387/33 834/381/33 835/382/33
f 833/387/33 835/382/33 836/388/33
f 837/362/33 838/383/33 839/384/33
f 837/362/33 839/384/33 840/363/33
f 841/389/33 842/385/33 843/386/33
f 841/389/33 843/386/33 844/390/33
f 845/391/33 846/387/33 847/388/33
f 845/391/33 847/388/33 848/392/33
f 849/393/33 850/389/33 851/390/33
f 849/393/33 851/390/33 852/394/33
f 853/395/33 854/391/33 855/392/33
f 853/395/33 855/392/33 856/396/33
f 857/397/33 858/393/33 859/394/33
f 857/397/33 859/394/33 860/398/33
f 861/399/33 862/395/33 863/396/33
f 861/399/33 863/396/33 864/400/33
f 865/401/33 866/397/33 867/398/33
f 865/401/33 867/398/33 868/402/33
f 869/403/33 870/399/33 871/400/33
f 869/403/33 871/400/33 872/404/33
f 873/405/33 874/401/33 875/402/33
f 873/405/33 875/402/33 876/406/33
f 877/407/33 878/403/33 879/404/33
f 877/407/33 879/404/33 880/408/33
f 881/409/33 882/405/33 883/406/33
f 881/409/33 883/406/33 884/410/33
f 885/411/33 886/407/33 887/408/33
f 885/411/33 887/408/33 888/412/33
f 889/413/33 890/409/33 891/410/33
f 889/413/33 891/410/33 892/414/33
f 893/10/33 894/411/33 895/412/33
f 893/10/33 895/412/33 896/11/33
f 897/356/33 898/413/33 899/414/33
f 897/356/33 899/414/33 900/357/33
f 901/415/101 902/416/101 903/417/101
f 901/415/101 903/417/101 904/418/101
f 905/351/8 906/352/8 907/353/8
f 905/351/8 907/353/8 908/354/8
f 909/351/22 910/352/22 911/353/22
f 909/351/22 911/353/22 912/354/22
f 913/351/9 914/352/9 915/353/9
f 913/351/9 915/353/9 916/354/9
f 917/351/23 918/352/23 919/353/23
f 917/351/23 919/353/23 920/354/23
f 921/351/10 922/352/10 923/353/10
f 921/351/10 923/353/10 924/354/10
f 925/351/24 926/352/24 927/353/24
f 925/351/24 927/353/24 928/354/24
f 929/351/11 930/352/11 931/353/11
f 929/351/11 931/353/11 932/354/11
f 933/351/25 934/352/25 935/353/25
f 933/351/25 935/353/25 936/354/25
f 937/351/12 938/352/12 939/353/12
f 937/351/12 939/353/12 940/354/12
f 941/351/26 942/352/26 943/353/26
f 941/351/26 943/353/26 944/354/26
f 945/351/13 946/352/13 947/353/13
f 945/351/13 947/353/13 948/354/13
f 949/351/27 950/352/27 951/353/27
f 949/351/27 951/353/27 952/354/27
f 953/351/14 954/352/14 955/353/14
f 953/351/14 955/353/14 956/354/14
f 957/351/1 958/352/1 959/353/1
f 957/351/1 959/353/1 960/354/1
f 961/351/28 962/352/28 963/353/28
f 961/351/28 963/353/28 964/354/28
f 965/351/15 966/352/15 967/353/15
f 965/351/15 967/353/15 968/354/15
f 969/351/2 970/352/2 971/353/2
f 969/351/2 971/353/2 972/354/2
f 973/351/29 974/352/29 975/353/29
f 973/351/29 975/353/29 976/354/29
f 977/351/16 978/352/16 979/353/16
f 977/351/16 979/353/16 980/354/16
s 1
f 981/351/3 982/352/3 983/353/3
s 0
f 981/351/3 983/353/3 984/354/3
f 985/351/30 986/352/30 987/353/30
f 985/351/30 987/353/30 988/354/30
f 989/351/17 990/352/17 991/353/17
f 989/351/17 991/353/17 992/354/17
f 993/351/4 994/352/4 995/353/4
f 993/351/4 995/353/4 996/354/4
f 997/351/31 998/352/31 999/353/31
f 997/351/31 999/353/31 1000/354/31
f 1001/351/18 1002/352/18 1003/353/18
f 1001/351/18 1003/353/18 1004/354/18
f 1005/351/5 1006/352/5 1007/353/5
f 1005/351/5 1007/353/5 1008/354/5
f 1009/351/32 1010/352/32 1011/353/32
f 1009/351/32 1011/353/32 1012/354/32
f 1013/351/19 1014/352/19 1015/353/19
f 1013/351/19 1015/353/19 1016/354/19
f 1017/351/6 1018/352/6 1019/353/6
f 1017/351/6 1019/353/6 1020/354/6
f 1021/351/20 1022/352/20 1023/353/20
f 1021/351/20 1023/353/20 1024/354/20
f 1025/351/7 1026/352/7 1027/353/7
f 1025/351/7 1027/353/7 1028/354/7
f 1029/419/27 1030/420/27 1031/421/27
f 1029/419/27 1031/421/27 1032/422/27
f 1033/423/101 1034/424/101 1035/425/101
f 1033/423/101 1035/425/101 1036/426/101
f 1037/427/101 1038/415/101 1039/418/101
f 1037/427/101 1039/418/101 1040/428/101
f 1041/429/101 1042/423/101 1043/426/101
f 1041/429/101 1043/426/101 1044/430/101
f 1045/431/101 1046/427/101 1047/428/101
f 1045/431/101 1047/428/101 1048/432/101
f 1049/433/101 1050/429/101 1051/430/101
f 1049/433/101 1051/430/101 1052/434/101
f 1053/435/101 1054/431/101 1055/432/101
f 1053/435/101 1055/432/101 1056/436/101
f 1057/437/101 1058/433/101 1059/434/101
f 1057/437/101 1059/434/101 1060/438/101
f 1061/439/101 1062/440/101 1063/441/101
f 1061/439/101 1063/441/101 1064/442/101
f 1065/443/101 1066/435/101 1067/436/101
f 1065/443/101 1067/436/101 1068/444/101
f 1069/445/101 1070/437/101 1071/438/101
f 1069/445/101 1071/438/101 1072/446/101
f 1073/447/101 1074/439/101 1075/442/101
f 1073/447/101 1075/442/101 1076/448/101
f 1077/449/101 1078/443/101 1079/444/101
f 1077/449/101 1079/444/101 1080/450/101
f 1081/451/101 1082/445/101 1083/446/101
f 1081/451/101 1083/446/101 1084/452/101
f 1085/453/101 1086/447/101 1087/448/101
f 1085/453/101 1087/448/101 1088/454/101
f 1089/455/101 1090/449/101 1091/450/101
f 1089/455/101 1091/450/101 1092/456/101
f 1093/457/101 1094/451/101 1095/452/101
f 1093/457/101 1095/452/101 1096/458/101
f 1097/459/101 1098/453/101 1099/454/101
f 1097/459/101 1099/454/101 1100/460/101
f 1101/461/101 1102/455/101 1103/456/101
f 1101/461/101 1103/456/101 1104/462/101
f 1105/463/101 1106/457/101 1107/458/101
f 1105/463/101 1107/458/101 1108/464/101
f 1109/465/101 1110/459/101 1111/460/101
f 1109/465/101 1111/460/101 1112/466/101
f 1113/440/101 1114/461/101 1115/462/101
f 1113/440/101 1115/462/101 1116/441/101
f 1117/467/101 1118/463/101 1119/464/101
f 1117/467/101 1119/464/101 1120/468/101
f 1121/469/101 1122/465/101 1123/466/101
f 1121/469/101 1123/466/101 1124/470/101
f 1125/471/101 1126/467/101 1127/468/101
f 1125/471/101 1127/468/101 1128/472/101
f 1129/473/101 1130/469/101 1131/470/101
f 1129/473/101 1131/470/101 1132/474/101
f 1133/475/101 1134/471/101 1135/472/101
f 1133/475/101 1135/472/101 1136/476/101
f 1137/477/101 1138/473/101 1139/474/101
f 1137/477/101 1139/474/101 1140/478/101
f 1141/479/101 1142/475/101 1143/476/101
f 1141/479/101 1143/476/101 1144/480/101
f 1145/481/101 1146/477/101 1147/478/101
f 1145/481/101 1147/478/101 1148/482/101
f 1149/416/101 1150/479/101 1151/480/101
f 1149/416/101 1151/480/101 1152/417/101
f 1153/424/101 1154/481/101 1155/482/101
f 1153/424/101 1155/482/101 1156/425/101
f 1157/483/33 1158/484/33 1159/485/33
f 1157/483/33 1159/485/33 1160/486/33
f 1161/419/14 1162/420/14 1163/421/14
f 1161/419/14 1163/421/14 1164/422/14
f 1165/419/1 1166/420/1 1167/421/1
f 1165/419/1 1167/421/1 1168/422/1
f 1169/419/28 1170/420/28 1171/421/28
f 1169/419/28 1171/421/28 1172/422/28
f 1173/419/15 1174/420/15 1175/421/15
f 1173/419/15 1175/421/15 1176/422/15
f 1177/419/2 1178/420/2 1179/421/2
f 1177/419/2 1179/421/2 1180/422/2
f 1181/419/29 1182/420/29 1183/421/29
s 1
f 1181/419/29 1183/421/29 1184/422/29
s 0
f 1185/419/16 1186/420/16 1187/421/16
f 1185/419/16 1187/421/16 1188/422/16
f 1189/419/3 1190/420/3 1191/421/3
f 1189/419/3 1191/421/3 1192/422/3
f 1193/419/30 1194/420/30 1195/421/30
f 1193/419/30 1195/421/30 1196/422/30
f 1197/419/17 1198/420/17 1199/421/17
f 1197/419/17 1199/421/17 1200/422/17
f 1201/419/4 1202/420/4 1203/421/4
s 1
f 1201/419/4 1203/421/4 1204/422/4
s 0
f 1205/419/31 1206/420/31 1207/421/31
f 1205/419/31 1207/421/31 1208/422/31
f 1209/419/18 1210/420/18 1211/421/18
f 1209/419/18 1211/421/18 1212/422/18
f 1213/419/5 1214/420/5 1215/421/5
f 1213/419/5 1215/421/5 1216/422/5
f 1217/419/32 1218/420/32 1219/421/32
f 1217/419/32 1219/421/32 1220/422/32
f 1221/419/19 1222/420/19 1223/421/19
f 1221/419/19 1223/421/19 1224/422/19
f 1225/419/6 1226/420/6 1227/421/6
f 1225/419/6 1227/421/6 1228/422/6
f 1229/419/20 1230/420/20 1231/421/20
f 1229/419/20 1231/421/20 1232/422/20
f 1233/419/7 1234/420/7 1235/421/7
f 1233/419/7 1235/421/7 1236/422/7
f 1237/419/21 1238/420/21 1239/421/21
f 1237/419/21 1239/421/21 1240/422/21
f 1241/419/8 1242/420/8 1243/421/8
f 1241/419/8 1243/421/8 1244/422/8
f 1245/419/22 1246/420/22 1247/421/22
f 1245/419/22 1247/421/22 1248/422/22
f 1249/419/9 1250/420/9 1251/421/9
f 1249/419/9 1251/421/9 1252/422/9
f 1253/419/23 1254/420/23 1255/421/23
f 1253/419/23 1255/421/23 1256/422/23
f 1257/419/10 1258/420/10 1259/421/10
f 1257/419/10 1259/421/10 1260/422/10
f 1261/419/24 1262/420/24 1263/421/24
f 1261/419/24 1263/421/24 1264/422/24
f 1265/419/11 1266/420/11 1267/421/11
f 1265/419/11 1267/421/11 1268/422/11
f 1269/419/25 1270/420/25 1271/421/25
f 1269/419/25 1271/421/25 1272/422/25
f 1273/419/12 1274/420/12 1275/421/12
f 1273/419/12 1275/421/12 1276/422/12
f 1277/419/26 1278/420/26 1279/421/26
f 1277/419/26 1279/421/26 1280/422/26
f 1281/419/13 1282/420/13 1283/421/13
f 1281/419/13 1283/421/13 1284/422/13
f 1285/487/102 1286/488/102 1287/489/102
f 1285/487/102 1287/489/102 1288/490/102
f 1289/491/33 1290/492/33 1291/493/33
f 1289/491/33 1291/493/33 1292/494/33
f 1293/495/33 1294/496/33 1295/497/33
f 1293/495/33 1295/497/33 1296/498/33
f 1297/499/33 1298/483/33 1299/486/33
f 1297/499/33 1299/486/33 1300/500/33
f 1301/501/33 1302/491/33 1303/494/33
f 1301/501/33 1303/494/33 1304/502/33
f 1305/503/33 1306/495/33 1307/498/33
f 1305/503/33 1307/498/33 1308/504/33
f 1309/505/33 1310/499/33 1311/500/33
f 1309/505/33 1311/500/33 1312/506/33
f 1313/507/33 1314/501/33 1315/502/33
f 1313/507/33 1315/502/33 1316/508/33
f 1317/509/33 1318/503/33 1319/504/33
f 1317/509/33 1319/504/33 1320/510/33
f 1321/511/33 1322/505/33 1323/506/33
f 1321/511/33 1323/506/33 1324/512/33
f 1325/513/33 1326/509/33 1327/510/33
f 1325/513/33 1327/510/33 1328/514/33
f 1329/515/33 1330/511/33 1331/512/33
f 1329/515/33 1331/512/33 1332/516/33
f 1333/517/33 1334/513/33 1335/514/33
f 1333/517/33 1335/514/33 1336/518/33
f 1337/519/33 1338/515/33 1339/516/33
f 1337/519/33 1339/516/33 1340/520/33
f 1341/521/33 1342/517/33 1343/518/33
f 1341/521/33 1343/518/33 1344/522/33
f 1345/523/33 1346/519/33 1347/520/33
f 1345/523/33 1347/520/33 1348/524/33
f 1349/525/33 1350/521/33 1351/522/33
f 1349/525/33 1351/522/33 1352/526/33
f 1353/527/33 1354/523/33 1355/524/33
f 1353/527/33 1355/524/33 1356/528/33
f 1357/529/33 1358/525/33 1359/526/33
f 1357/529/33 1359/526/33 1360/530/33
f 1361/531/33 1362/527/33 1363/528/33
f 1361/531/33 1363/528/33 1364/532/33
f 1365/533/33 1366/529/33 1367/530/33
f 1365/533/33 1367/530/33 1368/534/33
f 1369/535/33 1370/531/33 1371/532/33
f 1369/535/33 1371/532/33 1372/536/33
f 1373/537/33 1374/533/33 1375/534/33
f 1373/537/33 1375/534/33 1376/538/33
f 1377/539/33 1378/535/33 1379/536/33
f 1377/539/33 1379/536/33 1380/540/33
f 1381/541/33 1382/537/33 1383/538/33
f 1381/541/33 1383/538/33 1384/542/33
f 1385/543/33 1386/539/33 1387/540/33
f 1385/543/33 1387/540/33 1388/544/33
f 1389/545/33 1390/507/33 1391/508/33
f 1389/545/33 1391/508/33 1392/546/33
f 1393/547/33 1394/541/33 1395/542/33
f 1393/547/33 1395/542/33 1396/548/33
f 1397/549/33 1398/543/33 1399/544/33
f 1397/549/33 1399/544/33 1400/550/33
f 1401/484/33 1402/545/33 1403/546/33
f 1401/484/33 1403/546/33 1404/485/33
f 1405/492/33 1406/547/33 1407/548/33
f 1405/492/33 1407/548/33 1408/493/33
f 1409/496/33 1410/549/33 1411/550/33
f 1409/496/33 1411/550/33 1412/497/33
f 1413/551/101 1414/552/101 1415/553/101
f 1413/551/101 1415/553/101 1416/554/101
f 1417/487/103 1418/488/103 1419/489/103
f 1417/487/103 1419/489/103 1420/490/103
f 1421/487/104 1422/488/104 1423/489/104
f 1421/487/104 1423/489/104 1424/490/104
f 1425/487/105 1426/488/105 1427/489/105
f 1425/487/105 1427/489/105 1428/490/105
f 1429/487/106 1430/488/106 1431/489/106
f 1429/487/106 1431/489/106 1432/490/106
f 1433/487/107 1434/488/107 1435/489/107
f 1433/487/107 1435/489/107 1436/490/107
f 1437/487/108 1438/488/108 1439/489/108
f 1437/487/108 1439/489/108 1440/490/108
f 1441/487/109 1442/488/109 1443/489/109
f 1441/487/109 1443/489/109 1444/490/109
f 1445/487/110 1446/488/110 1447/489/110
f 1445/487/110 1447/489/110 1448/490/110
f 1449/487/111 1450/488/111 1451/489/111
f 1449/487/111 1451/489/111 1452/490/111
f 1453/487/112 1454/488/112 1455/489/112
f 1453/487/112 1455/489/112 1456/490/112
f 1457/487/113 1458/488/113 1459/489/113
f 1457/487/113 1459/489/113 1460/490/113
f 1461/487/114 1462/488/114 1463/489/114
f 1461/487/114 1463/489/114 1464/490/114
f 1465/487/115 1466/488/115 1467/489/115
f 1465/487/115 1467/489/115 1468/490/115
f 1469/487/116 1470/488/116 1471/489/116
f 1469/487/116 1471/489/116 1472/490/116
f 1473/487/117 1474/488/117 1475/489/117
f 1473/487/117 1475/489/117 1476/490/117
f 1477/487/118 1478/488/118 1479/489/118
f 1477/487/118 1479/489/118 1480/490/118
f 1481/487/119 1482/488/119 1483/489/119
f 1481/487/119 1483/489/119 1484/490/119
f 1485/487/120 1486/488/120 1487/489/120
f 1485/487/120 1487/489/120 1488/490/120
f 1489/487/121 1490/488/121 1491/489/121
f 1489/487/121 1491/489/121 1492/490/121
f 1493/487/122 1494/488/122 1495/489/122
f 1493/487/122 1495/489/122 1496/490/122
f 1497/487/123 1498/488/123 1499/489/123
f 1497/487/123 1499/489/123 1500/490/123
f 1501/487/124 1502/488/124 1503/489/124
f 1501/487/124 1503/489/124 1504/490/124
f 1505/487/125 1506/488/125 1507/489/125
f 1505/487/125 1507/489/125 1508/490/125
f 1509/487/126 1510/488/126 1511/489/126
f 1509/487/126 1511/489/126 1512/490/126
f 1513/487/127 1514/488/127 1515/489/127
f 1513/487/127 1515/489/127 1516/490/127
f 1517/487/128 1518/488/128 1519/489/128
f 1517/487/128 1519/489/128 1520/490/128
f 1521/487/129 1522/488/129 1523/489/129
f 1521/487/129 1523/489/129 1524/490/129
f 1525/487/130 1526/488/130 1527/489/130
f 1525/487/130 1527/489/130 1528/490/130
f 1529/487/131 1530/488/131 1531/489/131
f 1529/487/131 1531/489/131 1532/490/131
f 1533/487/132 1534/488/132 1535/489/132
f 1533/487/132 1535/489/132 1536/490/132
f 1537/487/133 1538/488/133 1539/489/133
f 1537/487/133 1539/489/133 1540/490/133
f 1541/555/12 1542/556/12 1543/557/12
f 1541/555/12 1543/557/12 1544/558/12
f 1545/559/101 1546/560/101 1547/561/101
f 1545/559/101 1547/561/101 1548/562/101
f 1549/563/101 1550/551/101 1551/554/101
f 1549/563/101 1551/554/101 1552/564/101
f 1553/565/101 1554/559/101 1555/562/101
f 1553/565/101 1555/562/101 1556/566/101
f 1557/567/101 1558/563/101 1559/564/101
f 1557/567/101 1559/564/101 1560/568/101
f 1561/569/101 1562/565/101 1563/566/101
f 1561/569/101 1563/566/101 1564/570/101
f 1565/571/101 1566/567/101 1567/568/101
f 1565/571/101 1567/568/101 1568/572/101
f 1569/573/101 1570/569/101 1571/570/101
f 1569/573/101 1571/570/101 1572/574/101
f 1573/575/101 1574/571/101 1575/572/101
f 1573/575/101 1575/572/101 1576/576/101
f 1577/577/101 1578/573/101 1579/574/101
f 1577/577/101 1579/574/101 1580/578/101
f 1581/579/101 1582/575/101 1583/576/101
f 1581/579/101 1583/576/101 1584/580/101
f 1585/581/101 1586/582/101 1587/583/101
f 1585/581/101 1587/583/101 1588/584/101
f 1589/585/101 1590/577/101 1591/578/101
f 1589/585/101 1591/578/101 1592/586/101
f 1593/587/101 1594/579/101 1595/580/101
f 1593/587/101 1595/580/101 1596/588/101
f 1597/589/101 1598/581/101 1599/584/101
f 1597/589/101 1599/584/101 1600/590/101
f 1601/591/101 1602/585/101 1603/586/101
f 1601/591/101 1603/586/101 1604/592/101
f 1605/593/101 1606/587/101 1607/588/101
f 1605/593/101 1607/588/101 1608/594/101
f 1609/595/101 1610/589/101 1611/590/101
f 1609/595/101 1611/590/101 1612/596/101
f 1613/597/101 1614/591/101 1615/592/101
f 1613/597/101 1615/592/101 1616/598/101
f 1617/599/101 1618/593/101 1619/594/101
f 1617/599/101 1619/594/101 1620/600/101
f 1621/601/101 1622/595/101 1623/596/101
f 1621/601/101 1623/596/101 1624/602/101
f 1625/603/101 1626/597/101 1627/598/101
f 1625/603/101 1627/598/101 1628/604/101
f 1629/605/101 1630/599/101 1631/600/101
f 1629/605/101 1631/600/101 1632/606/101
f 1633/607/101 1634/601/101 1635/602/101
f 1633/607/101 1635/602/101 1636/608/101
f 1637/582/101 1638/603/101 1639/604/101
f 1637/582/101 1639/604/101 1640/583/101
f 1641/609/101 1642/605/101 1643/606/101
f 1641/609/101 1643/606/101 1644/610/101
f 1645/611/101 1646/607/101 1647/608/101
f 1645/611/101 1647/608/101 1648/612/101
f 1649/613/101 1650/609/101 1651/610/101
f 1649/613/101 1651/610/101 1652/614/101
f 1653/615/101 1654/611/101 1655/612/101
f 1653/615/101 1655/612/101 1656/616/101
f 1657/617/101 1658/613/101 1659/614/101
f 1657/617/101 1659/614/101 1660/618/101
f 1661/552/101 1662/615/101 1663/616/101
f 1661/552/101 1663/616/101 1664/553/101
f 1665/560/101 1666/617/101 1667/618/101
f 1665/560/101 1667/618/101 1668/561/101
f 1669/619/33 1670/620/33 1671/621/33
f 1669/619/33 1671/621/33 1672/622/33
f 1673/623/26 1674/624/26 1675/625/26
f 1673/623/26 1675/625/26 1676/626/26
f 1677/627/13 1678/628/13 1679/629/13
f 1677/627/13 1679/629/13 1680/630/13
f 1681/631/27 1682/623/27 1683/626/27
f 1681/631/27 1683/626/27 1684/632/27
f 1685/633/14 1686/627/14 1687/630/14
f 1685/633/14 1687/630/14 1688/634/14
f 1689/635/1 1690/636/1 1691/637/1
f 1689/635/1 1691/637/1 1692/638/1
f 1693/639/28 1694/631/28 1695/632/28
f 1693/639/28 1695/632/28 1696/640/28
f 1697/641/15 1698/642/15 1699/643/15
f 1697/641/15 1699/643/15 1700/644/15
f 1701/645/2 1702/635/2 1703/638/2
f 1701/645/2 1703/638/2 1704/646/2
f 1705/647/29 1706/648/29 1707/649/29
f 1705/647/29 1707/649/29 1708/650/29
f 1709/651/16 1710/641/16 1711/644/16
f 1709/651/16 1711/644/16 1712/652/16
f 1713/653/3 1714/645/3 1715/646/3
f 1713/653/3 1715/646/3 1716/654/3
f 1717/655/30 1718/647/30 1719/650/30
f 1717/655/30 1719/650/30 1720/656/30
f 1721/657/17 1722/651/17 1723/652/17
f 1721/657/17 1723/652/17 1724/658/17
f 1725/659/4 1726/653/4 1727/654/4
f 1725/659/4 1727/654/4 1728/660/4
f 1729/661/31 1730/655/31 1731/656/31
f 1729/661/31 1731/656/31 1732/662/31
f 1733/663/18 1734/657/18 1735/658/18
f 1733/663/18 1735/658/18 1736/664/18
f 1737/665/5 1738/666/5 1739/667/5
f 1737/665/5 1739/667/5 1740/668/5
f 1741/636/32 1742/661/32 1743/662/32
f 1741/636/32 1743/662/32 1744/637/32
f 1745/669/19 1746/663/19 1747/664/19
f 1745/669/19 1747/664/19 1748/670/19
f 1749/671/6 1750/665/6 1751/668/6
f 1749/671/6 1751/668/6 1752/672/6
f 1753/673/20 1754/669/20 1755/670/20
f 1753/673/20 1755/670/20 1756/674/20
f 1757/675/7 1758/671/7 1759/672/7
f 1757/675/7 1759/672/7 1760/676/7
f 1761/677/21 1762/678/21 1763/679/21
f 1761/677/21 1763/679/21 1764/680/21
f 1765/681/8 1766/675/8 1767/676/8
f 1765/681/8 1767/676/8 1768/682/8
f 1769/683/22 1770/677/22 1771/680/22
f 1769/683/22 1771/680/22 1772/684/22
f 1773/685/9 1774/681/9 1775/682/9
f 1773/685/9 1775/682/9 1776/686/9
f 1777/687/23 1778/683/23 1779/684/23
f 1777/687/23 1779/684/23 1780/688/23
f 1781/689/10 1782/685/10 1783/686/10
f 1781/689/10 1783/686/10 1784/690/10
f 1785/691/24 1786/687/24 1787/688/24
f 1785/691/24 1787/688/24 1788/692/24
f 1789/556/11 1790/689/11 1791/690/11
f 1789/556/11 1791/690/11 1792/557/11
f 1793/624/25 1794/691/25 1795/692/25
f 1793/624/25 1795/692/25 1796/625/25
f 1797/693/134 1798/694/134 1799/695/134
s 1
f 1797/693/134 1799/695/134 1800/696/134
s 0
f 1801/697/33 1802/698/33 1803/699/33
f 1801/697/33 1803/699/33 1804/700/33
f 1805/701/33 1806/702/33 1807/703/33
f 1805/701/33 1807/703/33 1808/704/33
f 1809/705/33 1810/619/33 1811/622/33
f 1809/705/33 1811/622/33 1812/706/33
f 1813/707/33 1814/697/33 1815/700/33
f 1813/707/33 1815/700/33 1816/708/33
f 1817/709/33 1818/701/33 1819/704/33
f 1817/709/33 1819/704/33 1820/710/33
f 1821/711/33 1822/705/33 1823/706/33
f 1821/711/33 1823/706/33 1824/712/33
f 1825/713/33 1826/707/33 1827/708/33
f 1825/713/33 1827/708/33 1828/714/33
f 1829/715/33 1830/709/33 1831/710/33
f 1829/715/33 1831/710/33 1832/716/33
f 1833/717/33 1834/711/33 1835/712/33
f 1833/717/33 1835/712/33 1836/718/33
f 1837/719/33 1838/713/33 1839/714/33
f 1837/719/33 1839/714/33 1840/720/33
f 1841/721/33 1842/715/33 1843/716/33
f 1841/721/33 1843/716/33 1844/722/33
f 1845/723/33 1846/717/33 1847/718/33
f 1845/723/33 1847/718/33 1848/724/33
f 1849/725/33 1850/719/33 1851/720/33
f 1849/725/33 1851/720/33 1852/726/33
f 1853/727/33 1854/723/33 1855/724/33
f 1853/727/33 1855/724/33 1856/728/33
f 1857/729/33 1858/725/33 1859/726/33
f 1857/729/33 1859/726/33 1860/730/33
f 1861/731/33 1862/727/33 1863/728/33
f 1861/731/33 1863/728/33 1864/732/33
f 1865/733/33 1866/729/33 1867/730/33
f 1865/733/33 1867/730/33 1868/734/33
f 1869/735/33 1870/731/33 1871/732/33
f 1869/735/33 1871/732/33 1872/736/33
f 1873/737/33 1874/733/33 1875/734/33
f 1873/737/33 1875/734/33 1876/738/33
f 1877/739/33 1878/735/33 1879/736/33
f 1877/739/33 1879/736/33 1880/740/33
f 1881/741/33 1882/737/33 1883/738/33
f 1881/741/33 1883/738/33 1884/742/33
f 1885/743/33 1886/739/33 1887/740/33
f 1885/743/33 1887/740/33 1888/744/33
f 1889/745/33 1890/741/33 1891/742/33
f 1889/745/33 1891/742/33 1892/746/33
f 1893/747/33 1894/743/33 1895/744/33
f 1893/747/33 1895/744/33 1896/748/33
f 1897/749/33 1898/745/33 1899/746/33
f 1897/749/33 1899/746/33 1900/750/33
f 1901/751/33 1902/747/33 1903/748/33
f 1901/751/33 1903/748/33 1904/752/33
f 1905/753/33 1906/749/33 1907/750/33
f 1905/753/33 1907/750/33 1908/754/33
f 1909/755/33 1910/751/33 1911/752/33
f 1909/755/33 1911/752/33 1912/756/33
f 1913/620/33 1914/753/33 1915/754/33
f 1913/620/33 1915/754/33 1916/621/33
f 1917/698/33 1918/721/33 1919/722/33
f 1917/698/33 1919/722/33 1920/699/33
f 1921/702/33 1922/755/33 1923/756/33
f 1921/702/33 1923/756/33 1924/703/33
f 1925/757/101 1926/758/101 1927/759/101
f 1925/757/101 1927/759/101 1928/760/101
f 1929/693/135 1930/694/135 1931/695/135
f 1929/693/135 1931/695/135 1932/696/135
f 1933/693/136 1934/694/136 1935/695/136
f 1933/693/137 1935/695/137 1936/696/137
f 1937/693/138 1938/694/138 1939/695/138
f 1937/693/138 1939/695/138 1940/696/138
f 1941/693/139 1942/694/139 1943/695/139
f 1941/693/139 1943/695/139 1944/696/139
f 1945/693/140 1946/694/140 1947/695/140
f 1945/693/140 1947/695/140 1948/696/140
f 1949/693/141 1950/694/141 1951/695/141
f 1949/693/141 1951/695/141 1952/696/141
f 1953/693/142 1954/694/142 1955/695/142
f 1953/693/142 1955/695/142 1956/696/142
f 1957/693/143 1958/694/143 1959/695/143
f 1957/693/143 1959/695/143 1960/696/143
f 1961/693/144 1962/694/144 1963/695/144
f 1961/693/144 1963/695/144 1964/696/144
f 1965/693/145 1966/694/145 1967/695/145
f 1965/693/145 1967/695/145 1968/696/145
f 1969/693/146 1970/694/146 1971/695/146
f 1969/693/146 1971/695/146 1972/696/146
f 1973/693/147 1974/694/147 1975/695/147
f 1973/693/147 1975/695/147 1976/696/147
f 1977/693/148 1978/694/148 1979/695/148
f 1977/693/148 1979/695/148 1980/696/148
f 1981/693/149 1982/694/149 1983/695/149
f 1981/693/149 1983/695/149 1984/696/149
f 1985/693/150 1986/694/150 1987/695/150
f 1985/693/150 1987/695/150 1988/696/150
f 1989/693/151 1990/694/151 1991/695/151
f 1989/693/151 1991/695/151 1992/696/151
f 1993/693/152 1994/694/152 1995/695/152
f 1993/693/152 1995/695/152 1996/696/152
f 1997/693/153 1998/694/153 1999/695/153
f 1997/693/153 1999/695/153 2000/696/153
f 2001/693/154 2002/694/154 2003/695/154
f 2001/693/155 2003/695/155 2004/696/155
f 2005/693/156 2006/694/156 2007/695/156
f 2005/693/156 2007/695/156 2008/696/156
f 2009/693/157 2010/694/157 2011/695/157
f 2009/693/157 2011/695/157 2012/696/157
f 2013/693/158 2014/694/158 2015/695/158
f 2013/693/159 2015/695/159 2016/696/159
f 2017/693/160 2018/694/160 2019/695/160
f 2017/693/160 2019/695/160 2020/696/160
f 2021/693/161 2022/694/161 2023/695/161
f 2021/693/161 2023/695/161 2024/696/161
f 2025/693/162 2026/694/162 2027/695/162
f 2025/693/162 2027/695/162 2028/696/162
f 2029/693/163 2030/694/163 2031/695/163
s 1
f 2029/693/164 2031/695/164 2032/696/164
s 0
f 2033/693/165 2034/694/165 2035/695/165
f 2033/693/165 2035/695/165 2036/696/165
f 2037/693/166 2038/694/166 2039/695/166
f 2037/693/166 2039/695/166 2040/696/166
f 2041/693/167 2042/694/167 2043/695/167
f 2041/693/168 2043/695/168 2044/696/168
f 2045/693/169 2046/694/169 2047/695/169
f 2045/693/169 2047/695/169 2048/696/169
f 2049/693/170 2050/694/170 2051/695/170
s 1
f 2049/693/170 2051/695/170 2052/696/170
s 0
f 2053/761/171 2054/762/171 2055/763/171
f 2053/761/171 2055/763/171 2056/764/171
f 2057/765/101 2058/766/101 2059/767/101
f 2057/765/101 2059/767/101 2060/768/101
f 2061/769/101 2062/757/101 2063/760/101
f 2061/769/101 2063/760/101 2064/770/101
f 2065/771/101 2066/765/101 2067/768/101
f 2065/771/101 2067/768/101 2068/772/101
f 2069/773/101 2070/769/101 2071/770/101
f 2069/773/101 2071/770/101 2072/774/101
f 2073/775/101 2074/771/101 2075/772/101
f 2073/775/101 2075/772/101 2076/776/101
f 2077/777/101 2078/773/101 2079/774/101
f 2077/777/101 2079/774/101 2080/778/101
f 2081/779/101 2082/775/101 2083/776/101
f 2081/779/101 2083/776/101 2084/780/101
f 2085/781/101 2086/777/101 2087/778/101
f 2085/781/101 2087/778/101 2088/782/101
f 2089/783/101 2090/779/101 2091/780/101
f 2089/783/101 2091/780/101 2092/784/101
f 2093/785/101 2094/781/101 2095/782/101
f 2093/785/101 2095/782/101 2096/786/101
f 2097/787/101 2098/783/101 2099/784/101
f 2097/787/101 2099/784/101 2100/788/101
f 2101/789/101 2102/785/101 2103/786/101
f 2101/789/101 2103/786/101 2104/790/101
f 2105/791/101 2106/787/101 2107/788/101
f 2105/791/101 2107/788/101 2108/792/101
f 2109/793/101 2110/794/101 2111/795/101
f 2109/793/101 2111/795/101 2112/796/101
f 2113/797/101 2114/789/101 2115/790/101
f 2113/797/101 2115/790/101 2116/798/101
f 2117/799/101 2118/791/101 2119/792/101
f 2117/799/101 2119/792/101 2120/800/101
f 2121/801/101 2122/793/101 2123/796/101
f 2121/801/101 2123/796/101 2124/802/101
f 2125/803/101 2126/797/101 2127/798/101
f 2125/803/101 2127/798/101 2128/804/101
f 2129/805/101 2130/799/101 2131/800/101
f 2129/805/101 2131/800/101 2132/806/101
f 2133/807/101 2134/801/101 2135/802/101
f 2133/807/101 2135/802/101 2136/808/101
f 2137/809/101 2138/803/101 2139/804/101
f 2137/809/101 2139/804/101 2140/810/101
f 2141/811/101 2142/805/101 2143/806/101
f 2141/811/101 2143/806/101 2144/812/101
f 2145/813/101 2146/807/101 2147/808/101
f 2145/813/101 2147/808/101 2148/814/101
f 2149/815/101 2150/809/101 2151/810/101
f 2149/815/101 2151/810/101 2152/816/101
f 2153/817/101 2154/811/101 2155/812/101
f 2153/817/101 2155/812/101 2156/818/101
f 2157/819/101 2158/813/101 2159/814/101
f 2157/819/101 2159/814/101 2160/820/101
f 2161/794/101 2162/815/101 2163/816/101
f 2161/794/101 2163/816/101 2164/795/101
f 2165/821/101 2166/817/101 2167/818/101
f 2165/821/101 2167/818/101 2168/822/101
f 2169/823/101 2170/819/101 2171/820/101
f 2169/823/101 2171/820/101 2172/824/101
f 2173/758/101 2174/821/101 2175/822/101
f 2173/758/101 2175/822/101 2176/759/101
f 2177/766/101 2178/823/101 2179/824/101
f 2177/766/101 2179/824/101 2180/767/101
f 2181/825/172 2182/826/172 2183/827/172
f 2181/825/172 2183/827/172 2184/828/172
f 2185/829/173 2186/830/173 2187/831/173
f 2185/829/173 2187/831/173 2188/832/173
f 2189/833/174 2190/761/174 2191/764/174
f 2189/833/174 2191/764/174 2192/834/174
f 2193/835/175 2194/829/175 2195/832/175
f 2193/835/175 2195/832/175 2196/836/175
f 2197/837/176 2198/833/176 2199/834/176
f 2197/837/176 2199/834/176 2200/826/176
f 2201/838/177 2202/839/177 2203/840/177
f 2201/838/177 2203/840/177 2204/841/177
f 2205/842/178 2206/837/178 2207/826/178
f 2205/842/178 2207/826/178 2208/825/178
f 2209/843/179 2210/838/179 2211/841/179
f 2209/843/179 2211/841/179 2212/844/179
f 2213/845/180 2214/846/180 2215/847/180
f 2213/845/180 2215/847/180 2216/848/180
f 2217/849/181 2218/842/181 2219/825/181
f 2217/849/181 2219/825/181 2220/850/181
f 2221/851/182 2222/843/182 2223/844/182
f 2221/851/182 2223/844/182 2224/852/182
f 2225/853/183 2226/845/183 2227/848/183
f 2225/853/183 2227/848/183 2228/854/183
f 2229/855/184 2230/856/184 2231/857/184
f 2229/855/184 2231/857/184 2232/858/184
f 2233/859/185 2234/851/185 2235/852/185
f 2233/859/185 2235/852/185 2236/860/185
f 2237/861/186 2238/862/186 2239/863/186
f 2237/861/186 2239/863/186 2240/864/186
f 2241/865/187 2242/855/187 2243/858/187
f 2241/865/187 2243/858/187 2244/866/187
f 2245/867/188 2246/859/188 2247/860/188
f 2245/867/188 2247/860/188 2248/868/188
f 2249/869/189 2250/861/189 2251/864/189
f 2249/869/189 2251/864/189 2252/870/189
f 2253/871/190 2254/865/190 2255/866/190
f 2253/871/190 2255/866/190 2256/872/190
f 2257/873/191 2258/867/191 2259/868/191
f 2257/873/191 2259/868/191 2260/874/191
f 2261/875/192 2262/876/192 2263/877/192
f 2261/875/192 2263/877/192 2264/878/192
f 2265/846/193 2266/871/193 2267/872/193
f 2265/846/193 2267/872/193 2268/847/193
f 2269/879/194 2270/880/194 2271/881/194
f 2269/879/194 2271/881/194 2272/882/194
f 2273/883/195 2274/875/195 2275/878/195
s 1
f 2273/883/195 2275/878/195 2276/884/195
s 0
f 2277/885/196 2278/879/196 2279/882/196
f 2277/885/196 2279/882/196 2280/886/196
f 2281/887/197 2282/883/197 2283/884/197
f 2281/887/197 2283/884/197 2284/888/197
f 2285/889/198 2286/890/198 2287/891/198
f 2285/889/198 2287/891/198 2288/892/198
f 2289/893/199 2290/887/199 2291/888/199
f 2289/893/199 2291/888/199 2292/894/199
f 2293/895/200 2294/889/200 2295/892/200
f 2293/895/200 2295/892/200 2296/896/200
f 2297/897/201 2298/893/201 2299/894/201
f 2297/897/201 2299/894/201 2300/898/201
f 2301/762/202 2302/895/202 2303/896/202
f 2301/762/202 2303/896/202 2304/763/202
f 2305/830/203 2306/897/203 2307/898/203
f 2305/830/203 2307/898/203 2308/831/203
f 2309/844/204 2310/841/204 2311/899/204
f 2309/844/204 2311/899/204 2312/900/204
f 2313/848/205 2314/847/205 2315/901/205
f 2313/848/205 2315/901/205 2316/902/205
f 2317/850/206 2318/825/206 2319/828/206
f 2317/850/206 2319/828/206 2320/903/206
f 2321/852/207 2322/844/207 2323/900/207
f 2321/852/207 2323/900/207 2324/904/207
f 2325/854/208 2326/848/208 2327/902/208
f 2325/854/208 2327/902/208 2328/905/208
s 1
f 2329/858/209 2330/857/209 2331/906/209
s 0
f 2329/858/209 2331/906/209 2332/907/209
f 2333/860/210 2334/852/210 2335/904/210
f 2333/860/210 2335/904/210 2336/908/210
f 2337/864/211 2338/863/211 2339/909/211
f 2337/864/211 2339/909/211 2340/910/211
f 2341/866/212 2342/858/212 2343/907/212
f 2341/866/212 2343/907/212 2344/911/212
f 2345/868/213 2346/860/213 2347/908/213
f 2345/868/213 2347/908/213 2348/912/213
f 2349/870/214 2350/864/214 2351/910/214
f 2349/870/214 2351/910/214 2352/913/214
f 2353/872/215 2354/866/215 2355/911/215
f 2353/872/215 2355/911/215 2356/914/215
f 2357/874/216 2358/868/216 2359/912/216
f 2357/874/216 2359/912/216 2360/915/216
f 2361/878/217 2362/877/217 2363/916/217
f 2361/878/217 2363/916/217 2364/917/217
f 2365/847/218 2366/872/218 2367/914/218
f 2365/847/218 2367/914/218 2368/901/218
f 2369/918/219 2370/874/219 2371/915/219
s 1
f 2369/918/219 2371/915/219 2372/919/219
s 0
f 2373/884/220 2374/878/220 2375/917/220
f 2373/884/220 2375/917/220 2376/920/220
f 2377/886/221 2378/882/221 2379/921/221
f 2377/886/221 2379/921/221 2380/922/221
f 2381/888/222 2382/884/222 2383/920/222
f 2381/888/222 2383/920/222 2384/923/222
f 2385/892/223 2386/891/223 2387/924/223
f 2385/892/223 2387/924/223 2388/925/223
f 2389/894/224 2390/888/224 2391/923/224
f 2389/894/224 2391/923/224 2392/926/224
f 2393/896/225 2394/892/225 2395/925/225
f 2393/896/225 2395/925/225 2396/927/225
f 2397/898/226 2398/894/226 2399/926/226
f 2397/898/226 2399/926/226 2400/928/226
f 2401/763/227 2402/896/227 2403/927/227
f 2401/763/227 2403/927/227 2404/929/227
f 2405/831/228 2406/898/228 2407/928/228
f 2405/831/228 2407/928/228 2408/930/228
f 2409/764/229 2410/763/229 2411/929/229
f 2409/764/229 2411/929/229 2412/931/229
f 2413/832/230 2414/831/230 2415/930/230
f 2413/832/230 2415/930/230 2416/932/230
f 2417/834/231 2418/764/231 2419/931/231
f 2417/834/231 2419/931/231 2420/933/231
f 2421/836/232 2422/832/232 2423/932/232
f 2421/836/232 2423/932/232 2424/934/232
f 2425/826/233 2426/834/233 2427/933/233
f 2425/826/233 2427/933/233 2428/827/233
f 2429/841/234 2430/840/234 2431/935/234
f 2429/841/234 2431/935/234 2432/899/234
f 2433/936/235 2434/937/235 2435/938/235
f 2433/936/235 2435/938/235 2436/939/235
f 2437/936/236 2438/937/236 2439/938/236
f 2437/936/236 2439/938/236 2440/939/236
f 2441/936/237 2442/937/237 2443/938/237
f 2441/936/237 2443/938/237 2444/939/237
f 2445/936/238 2446/937/238 2447/938/238
f 2445/936/238 2447/938/238 2448/939/238
f 2449/940/33 2450/941/33 2451/942/33
f 2449/940/33 2451/942/33 2452/943/33
f 2453/944/239 2454/945/239 2455/946/239
f 2453/944/239 2455/946/239 2456/947/239
f 2457/948/240 2458/949/240 2459/950/240
f 2457/948/240 2459/950/240 2460/951/240
f 2461/952/239 2462/953/239 2463/954/239
f 2461/952/239 2463/954/239 2464/955/239
f 2465/956/241 2466/957/241 2467/958/241
f 2465/956/241 2467/958/241 2468/959/241
f 2469/960/242 2470/961/242 2471/962/242
f 2469/960/242 2471/962/242 2472/963/242
f 2473/964/101 2474/965/101 2475/966/101
f 2473/964/101 2475/966/101 2476/967/101
f 2477/968/242 2478/969/242 2479/970/242
f 2477/968/242 2479/970/242 2480/971/242
f 2481/972/240 2482/973/240 2483/974/240
f 2481/972/240 2483/974/240 2484/975/240
f 2485/976/241 2486/977/241 2487/978/241
f 2485/976/241 2487/978/241 2488/979/241
f 2489/964/101 2490/965/101 2491/966/101
f 2489/964/101 2491/966/101 2492/967/101
f 2493/964/101 2494/965/101 2495/966/101
f 2493/964/101 2495/966/101 2496/967/101
f 2497/964/101 2498/965/101 2499/966/101
f 2497/964/101 2499/966/101 2500/967/101
f 2501/980/240 2502/981/240 2503/982/240
f 2501/980/240 2503/982/240 2504/983/240
f 2505/984/243 2506/985/243 2507/986/243
f 2505/984/243 2507/986/243 2508/987/243
f 2509/988/241 2510/989/241 2511/990/241
f 2509/988/241 2511/990/241 2512/991/241
f 2513/992/239 2514/993/239 2515/994/239
f 2513/992/239 2515/994/239 2516/995/239
f 2517/996/244 2518/997/244 2519/998/244
f 2517/996/244 2519/998/244 2520/999/244
f 2521/999/245 2522/998/245 2523/1000/245
f 2521/999/245 2523/1000/245 2524/1001/245
f 2525/1002/246 2526/1003/246 2527/1004/246
f 2525/1002/246 2527/1004/246 2528/1005/246
f 2529/1006/247 2530/1007/247 2531/1008/247
f 2529/1006/247 2531/1008/247 2532/1009/247
f 2533/1009/248 2534/1008/248 2535/1010/248
f 2533/1009/248 2535/1010/248 2536/1011/248
f 2537/1002/249 2538/1003/249 2539/1004/249
f 2537/1002/249 2539/1004/249 2540/1005/249
f 2541/1012/250 2542/1013/250 2543/1014/250
f 2541/1012/250 2543/1014/250 2544/1015/250
f 2545/1015/251 2546/1014/251 2547/1016/251
f 2545/1015/251 2547/1016/251 2548/1017/251
f 2549/1002/252 2550/1003/252 2551/1004/252
f 2549/1002/252 2551/1004/252 2552/1005/252
f 2553/985/253 2554/984/253 2555/1018/253
f 2553/985/253 2555/1018/253 2556/1019/253
f 2557/1019/254 2558/1018/254 2559/1020/254
f 2557/1019/254 2559/1020/254 2560/1021/254
f 2561/1002/255 2562/1003/255 2563/1004/255
f 2561/1002/255 2563/1004/255 2564/1005/255
f 2565/1022/242 2566/1023/242 2567/1024/242
f 2565/1022/242 2567/1024/242 2568/1025/242
f 2569/987/256 2570/986/256 2571/1026/256
f 2569/987/256 2571/1026/256 2572/1027/256
f 2573/997/257 2574/996/257 2575/1028/257
f 2573/997/257 2575/1028/257 2576/1029/257
f 2577/1007/258 2578/1006/258 2579/1030/258
f 2577/1007/258 2579/1030/258 2580/1031/258
f 2581/1013/259 2582/1012/259 2583/1032/259
f 2581/1013/259 2583/1032/259 2584/1033/259
f 2585/1031/260 2586/1030/260 2587/1034/260
f 2585/1031/260 2587/1034/260 2588/1035/260
f 2589/1033/261 2590/1032/261 2591/1036/261
f 2589/1033/261 2591/1036/261 2592/1037/261
f 2593/1029/262 2594/1028/262 2595/1038/262
f 2593/1029/262 2595/1038/262 2596/1039/262
f 2597/1040/241 2598/1041/241 2599/1042/241
f 2597/1040/241 2599/1042/241 2600/1043/241
f 2601/1044/101 2602/1045/101 2603/1046/101
f 2601/1044/101 2603/1046/101 2604/1047/101
f 2605/1048/239 2606/1040/239 2607/1043/239
f 2605/1048/239 2607/1043/239 2608/1049/239
f 2609/1041/242 2610/1050/242 2611/1051/242
f 2609/1041/242 2611/1051/242 2612/1042/242
f 2613/1050/240 2614/1052/240 2615/1053/240
f 2613/1050/240 2615/1053/240 2616/1051/240
f 2617/1054/33 2618/1055/33 2619/1056/33
f 2618/1055/33 2617/1054/33 2620/1057/33
f 2620/1057/33 2617/1054/33 2621/1058/33
f 2620/1057/33 2621/1058/33 2622/1059/33
f 2622/1059/33 2621/1058/33 2623/1060/33
f 2622/1059/33 2623/1060/33 2624/1061/33
f 2622/1059/33 2624/1061/33 2625/1062/33
f 2625/1062/33 2624/1061/33 2626/1063/33
f 2625/1062/33 2626/1063/33 2627/1064/33
f 2627/1064/33 2626/1063/33 2628/1065/33
f 2627/1064/33 2628/1065/33 2629/1066/33
f 2629/1066/33 2628/1065/33 2630/1067/33
f 2630/1067/33 2628/1065/33 2631/1068/33
f 2630/1067/33 2631/1068/33 2632/1069/33
f 2632/1069/33 2631/1068/33 2633/1070/33
f 2632/1069/33 2633/1070/33 2634/1071/33
f 2634/1071/33 2633/1070/33 2635/1072/33
f 2634/1071/33 2635/1072/33 2636/1073/33
f 2634/1071/33 2636/1073/33 2637/1074/33
f 2637/1074/33 2636/1073/33 2638/1075/33
f 2637/1074/33 2638/1075/33 2639/1076/33
f 2639/1076/33 2638/1075/33 2640/1077/33
f 2639/1076/33 2640/1077/33 2641/1078/33
f 2641/1078/33 2640/1077/33 2642/1079/33
f 2641/1078/33 2642/1079/33 2643/1080/33
f 2643/1080/33 2642/1079/33 2644/1081/33
f 2644/1081/33 2642/1079/33 2645/1082/33
f 2644/1081/33 2645/1082/33 2646/1083/33
f 2644/1081/33 2646/1083/33 2647/1084/33
f 2647/1084/33 2646/1083/33 2648/1085/33
f 2649/1086/101 2650/1087/101 2651/1088/101
f 2650/1087/101 2649/1086/101 2652/1089/101
f 2650/1087/101 2652/1089/101 2653/1090/101
f 2653/1090/101 2652/1089/101 2654/1091/101
f 2653/1090/101 2654/1091/101 2655/1092/101
f 2655/1092/101 2654/1091/101 2656/1093/101
f 2655/1092/101 2656/1093/101 2657/1094/101
f 2657/1094/101 2656/1093/101 2658/1095/101
f 2658/1095/101 2656/1093/101 2659/1096/101
f 2658/1095/101 2659/1096/101 2660/1097/101
f 2660/1097/101 2659/1096/101 2661/1098/101
f 2660/1097/101 2661/1098/101 2662/1099/101
f 2660/1097/101 2662/1099/101 2663/1100/101
f 2663/1100/101 2662/1099/101 2664/1101/101
f 2663/1100/101 2664/1101/101 2665/1102/101
f 2665/1102/101 2664/1101/101 2666/1103/101
f 2665/1102/101 2666/1103/101 2667/1104/101
f 2667/1104/101 2666/1103/101 2668/1105/101
f 2668/1105/101 2666/1103/101 2669/1106/101
f 2668/1105/101 2669/1106/101 2670/1107/101
f 2670/1107/101 2669/1106/101 2671/1108/101
f 2670/1107/101 2671/1108/101 2672/1109/101
f 2672/1109/101 2671/1108/101 2673/1110/101
f 2672/1109/101 2673/1110/101 2674/1111/101
f 2674/1111/101 2673/1110/101 2675/1112/101
f 2674/1111/101 2675/1112/101 2676/1113/101
f 2674/1111/101 2676/1113/101 2677/1114/101
f 2677/1114/101 2676/1113/101 2678/1115/101
f 2677/1114/101 2678/1115/101 2679/1116/101
f 2679/1116/101 2678/1115/101 2680/1117/101
