# Blender 5.0.1
# www.blender.org
mtllib buildings.mtl
o Object_18
v 0.040430 -0.008941 2.732748
v 0.040430 -0.008941 2.732748
v 0.040430 -0.008941 2.732748
v 0.040430 3.580059 2.732748
v 0.040430 3.580059 2.732748
v 0.040430 3.580059 2.732748
v 0.040430 3.580059 2.732748
v 0.040430 3.580059 2.732748
v -0.531425 -0.008941 2.732748
v -0.531425 -0.008941 2.732748
v -0.531425 -0.008941 2.732748
v -0.531425 3.585061 2.732748
v -0.531425 3.585061 2.732748
v -0.531425 3.585061 2.732748
v -0.531425 3.585061 2.732748
v -0.531425 3.585061 2.732748
v 0.040430 -0.008941 2.160893
v 0.040430 -0.008941 2.160893
v 0.040430 -0.008941 2.160893
v 0.040430 3.580059 2.160893
v 0.040430 3.580059 2.160893
v 0.040430 3.580059 2.160893
v 0.040430 3.580059 2.160893
v 0.040430 3.580059 2.160893
v -0.531425 -0.008941 2.160893
v -0.531425 -0.008941 2.160893
v -0.531425 -0.008941 2.160893
v -0.531425 3.585061 2.160893
v -0.531425 3.585061 2.160893
v -0.531425 3.585061 2.160893
v -0.531425 3.585061 2.160893
v -0.531425 3.585061 2.160893
v 0.032192 4.150165 2.745112
v 0.032192 4.150165 2.745112
v 0.032192 4.150165 2.745112
v 0.032191 4.150165 2.173257
v 0.032191 4.150165 2.173257
v 0.032191 4.150165 2.173257
vn -0.0002 -0.0217 0.9998
vn 0.0002 0.0217 -0.9998
vn -0.0000 -0.0000 1.0000
vn -1.0000 -0.0000 -0.0000
vn -0.0000 -0.0000 -1.0000
vn 1.0000 -0.0000 -0.0000
vn -0.0000 -1.0000 -0.0000
vn 0.0087 1.0000 -0.0000
vn -0.9999 -0.0144 -0.0000
vn 0.7080 -0.7062 -0.0000
vt 0.616230 0.361316
vt 0.874454 0.357808
vt 0.619355 0.026514
vt 0.625915 0.097125
vt 0.625991 0.491667
vt 0.893868 0.496744
vt 0.873826 1.000082
vt 0.866082 0.042442
vt 0.577229 0.017894
vt 0.573357 1.000082
vt 0.125000 0.500000
vt 0.375000 0.500000
vt 0.375000 0.250000
vt 0.125000 0.250000
vt 0.331333 0.027287
vt 0.026520 0.575835
vt 0.427666 0.574070
vt 0.625000 0.250000
vt 0.885838 0.046916
vt 0.614287 0.025659
vt 0.608379 0.176737
vt 0.876978 0.195321
vt 0.549977 0.973185
vt 0.553053 0.590067
vt 0.007599 0.590067
vt 0.004523 0.973185
s 0
usemtl Material.006
f 36/1/1 28/2/1 20/3/1
f 35/4/2 8/5/2 16/6/2
f 1/7/3 4/8/3 12/9/3
f 1/7/3 12/9/3 9/10/3
f 11/7/4 14/8/4 30/9/4
f 11/7/4 30/9/4 26/10/4
f 27/7/5 32/8/5 24/9/5
f 27/7/5 24/9/5 19/10/5
f 18/7/6 22/8/6 6/9/6
f 18/7/6 6/9/6 3/10/6
f 10/11/7 25/12/7 17/13/7
f 10/11/7 17/13/7 2/14/7
f 31/15/8 15/16/8 7/17/8
f 31/15/8 7/17/8 23/18/8
f 21/19/9 5/20/9 34/21/9
f 21/19/9 34/21/9 38/22/9
f 33/23/10 13/24/10 29/25/10
f 33/23/10 29/25/10 37/26/10
o Object_28
v -0.137481 4.042776 3.480692
v -0.137481 4.145985 3.480692
v -0.127413 4.145985 3.481683
v -0.127413 4.042776 3.481683
v -0.127413 4.042776 3.481683
v -0.127413 4.145985 3.481683
v -0.117733 4.145985 3.484620
v -0.117733 4.042776 3.484620
v -0.117733 4.042776 3.484620
v -0.117733 4.145985 3.484620
v -0.108811 4.145985 3.489388
v -0.108811 4.042776 3.489388
v -0.108811 4.042776 3.489388
v -0.108811 4.145985 3.489388
v -0.100991 4.145985 3.495806
v -0.100991 4.042776 3.495806
v -0.100991 4.042776 3.495806
v -0.100991 4.145985 3.495806
v -0.094573 4.145985 3.503626
v -0.094573 4.042776 3.503626
v -0.094573 4.042776 3.503626
v -0.094573 4.145985 3.503626
v -0.089805 4.145985 3.512548
v -0.089805 4.042776 3.512548
v -0.089805 4.042776 3.512548
v -0.089805 4.145985 3.512548
v -0.086868 4.145985 3.522228
v -0.086868 4.042776 3.522228
v -0.086868 4.042776 3.522228
v -0.086868 4.145985 3.522228
v -0.085877 4.145985 3.532296
v -0.085877 4.042776 3.532296
v -0.085877 4.042776 3.532296
v -0.085877 4.145985 3.532296
v -0.086868 4.145985 3.542363
v -0.086868 4.042776 3.542363
v -0.086868 4.042776 3.542363
v -0.086868 4.145985 3.542363
v -0.089805 4.145985 3.552044
v -0.089805 4.042776 3.552044
v -0.089805 4.042776 3.552044
v -0.089805 4.145985 3.552044
v -0.094573 4.145985 3.560966
v -0.094573 4.042776 3.560966
v -0.094573 4.042776 3.560966
v -0.094573 4.145985 3.560966
v -0.100991 4.145985 3.568785
v -0.100991 4.042776 3.568785
v -0.100991 4.042776 3.568785
v -0.100991 4.145985 3.568785
v -0.108811 4.145985 3.575203
v -0.108811 4.042776 3.575203
v -0.108811 4.042776 3.575203
v -0.108811 4.145985 3.575203
v -0.117733 4.145985 3.579972
v -0.117733 4.042776 3.579972
v -0.117733 4.042776 3.579972
v -0.117733 4.145985 3.579972
v -0.127413 4.145985 3.582908
v -0.127413 4.042776 3.582908
v -0.127413 4.042776 3.582908
v -0.127413 4.145985 3.582908
v -0.137481 4.145985 3.583900
v -0.137481 4.042776 3.583900
v -0.137481 4.042776 3.583900
v -0.137481 4.145985 3.583900
v -0.147548 4.145985 3.582908
v -0.147548 4.042776 3.582908
v -0.147548 4.042776 3.582908
v -0.147548 4.145985 3.582908
v -0.157229 4.145985 3.579972
v -0.157229 4.042776 3.579972
v -0.157229 4.042776 3.579972
v -0.157229 4.145985 3.579972
v -0.166150 4.145985 3.575203
v -0.166150 4.042776 3.575203
v -0.166150 4.042776 3.575203
v -0.166150 4.145985 3.575203
v -0.173970 4.145985 3.568785
v -0.173970 4.042776 3.568785
v -0.173970 4.042776 3.568785
v -0.173970 4.145985 3.568785
v -0.180388 4.145985 3.560966
v -0.180388 4.042776 3.560966
v -0.180388 4.042776 3.560966
v -0.180388 4.145985 3.560966
v -0.185157 4.145985 3.552044
v -0.185157 4.042776 3.552044
v -0.185157 4.042776 3.552044
v -0.185157 4.145985 3.552044
v -0.188093 4.145985 3.542363
v -0.188093 4.042776 3.542363
v -0.188093 4.042776 3.542363
v -0.188093 4.145985 3.542363
v -0.189085 4.145985 3.532296
v -0.189085 4.042776 3.532296
v -0.189085 4.042776 3.532296
v -0.189085 4.145985 3.532296
v -0.188093 4.145985 3.522228
v -0.188093 4.042776 3.522228
v -0.188093 4.042776 3.522228
v -0.188093 4.145985 3.522228
v -0.185157 4.145985 3.512548
v -0.185157 4.042776 3.512548
v -0.185157 4.042776 3.512548
v -0.185157 4.145985 3.512548
v -0.180388 4.145985 3.503626
v -0.180388 4.042776 3.503626
v -0.180388 4.042776 3.503626
v -0.180388 4.145985 3.503626
v -0.173970 4.145985 3.495806
v -0.173970 4.042776 3.495806
v -0.173970 4.042776 3.495806
v -0.173970 4.145985 3.495806
v -0.166150 4.145985 3.489388
v -0.166150 4.042776 3.489388
v -0.166150 4.042776 3.489388
v -0.166150 4.145985 3.489388
v -0.157229 4.145985 3.484620
v -0.157229 4.042776 3.484620
v -0.117733 4.272759 3.579972
v -0.108811 4.272759 3.575203
v -0.108811 4.294713 3.575203
v -0.117733 4.294713 3.579972
v -0.157229 4.042776 3.484620
v -0.157229 4.145985 3.484620
v -0.147548 4.145985 3.481683
v -0.147548 4.042776 3.481683
v -0.147548 4.042776 3.481683
v -0.147548 4.145985 3.481683
v -0.137481 4.145985 3.480692
v -0.137481 4.042776 3.480692
v -0.108811 4.294713 3.575203
v -0.100991 4.294713 3.568785
v -0.098378 4.294713 3.571399
v -0.106758 4.294713 3.578276
v -0.188093 4.272759 3.542363
v -0.185157 4.272759 3.552044
v -0.185157 4.294713 3.552044
v -0.188093 4.294713 3.542363
v -0.127413 4.272759 3.481683
v -0.137481 4.272759 3.480692
v -0.137481 4.294713 3.480692
v -0.127413 4.294713 3.481683
v -0.137481 4.272759 3.480692
v -0.147548 4.272759 3.481683
v -0.147548 4.294713 3.481683
v -0.137481 4.294713 3.480692
v -0.089805 4.272759 3.552044
v -0.086868 4.272759 3.542363
v -0.086868 4.294713 3.542363
v -0.089805 4.294713 3.552044
v -0.166150 4.272759 3.575203
v -0.157229 4.272759 3.579972
v -0.157229 4.294713 3.579972
v -0.166150 4.294713 3.575203
v -0.173970 4.272759 3.495806
v -0.180388 4.272759 3.503626
v -0.180388 4.294713 3.503626
v -0.173970 4.294713 3.495806
v -0.089805 4.272759 3.512548
v -0.094573 4.272759 3.503626
v -0.094573 4.294713 3.503626
v -0.089805 4.294713 3.512548
v -0.127413 4.272759 3.582908
v -0.117733 4.272759 3.579972
v -0.117733 4.294713 3.579972
v -0.127413 4.294713 3.582908
v -0.189085 4.272759 3.532296
v -0.188093 4.272759 3.542363
v -0.188093 4.294713 3.542363
v -0.189085 4.294713 3.532296
v -0.117733 4.272759 3.484620
v -0.127413 4.272759 3.481683
v -0.127413 4.294713 3.481683
v -0.117733 4.294713 3.484620
v -0.094573 4.272759 3.560966
v -0.089805 4.272759 3.552044
v -0.089805 4.294713 3.552044
v -0.094573 4.294713 3.560966
v -0.173970 4.272759 3.568785
v -0.166150 4.272759 3.575203
v -0.166150 4.294713 3.575203
v -0.173970 4.294713 3.568785
v -0.166150 4.272759 3.489388
v -0.173970 4.272759 3.495806
v -0.173970 4.294713 3.495806
v -0.166150 4.294713 3.489388
v -0.086868 4.272759 3.522228
v -0.089805 4.272759 3.512548
v -0.089805 4.294713 3.512548
v -0.086868 4.294713 3.522228
v -0.137481 4.272759 3.583900
v -0.127413 4.272759 3.582908
v -0.127413 4.294713 3.582908
v -0.137481 4.294713 3.583900
v -0.188093 4.272759 3.522228
v -0.189085 4.272759 3.532296
v -0.189085 4.294713 3.532296
v -0.188093 4.294713 3.522228
v -0.108811 4.272759 3.489388
v -0.117733 4.272759 3.484620
v -0.117733 4.294713 3.484620
v -0.108811 4.294713 3.489388
v -0.100991 4.272759 3.568785
v -0.094573 4.272759 3.560966
v -0.094573 4.294713 3.560966
v -0.100991 4.294713 3.568785
v -0.180388 4.272759 3.560966
v -0.173970 4.272759 3.568785
v -0.173970 4.294713 3.568785
v -0.180388 4.294713 3.560966
v -0.157229 4.272759 3.484620
v -0.166150 4.272759 3.489388
v -0.166150 4.294713 3.489388
v -0.157229 4.294713 3.484620
v -0.085877 4.272759 3.532296
v -0.086868 4.272759 3.522228
v -0.086868 4.294713 3.522228
v -0.085877 4.294713 3.532296
v -0.147548 4.272759 3.582908
v -0.137481 4.272759 3.583900
v -0.137481 4.294713 3.583900
v -0.147548 4.294713 3.582908
v -0.185157 4.272759 3.512548
v -0.188093 4.272759 3.522228
v -0.188093 4.294713 3.522228
v -0.185157 4.294713 3.512548
v -0.100991 4.272759 3.495806
v -0.108811 4.272759 3.489388
v -0.108811 4.294713 3.489388
v -0.100991 4.294713 3.495806
v -0.108811 4.272759 3.575203
v -0.100991 4.272759 3.568785
v -0.100991 4.294713 3.568785
v -0.108811 4.294713 3.575203
v -0.185157 4.272759 3.552044
v -0.180388 4.272759 3.560966
v -0.180388 4.294713 3.560966
v -0.185157 4.294713 3.552044
v -0.147548 4.272759 3.481683
v -0.157229 4.272759 3.484620
v -0.157229 4.294713 3.484620
v -0.147548 4.294713 3.481683
v -0.086868 4.272759 3.542363
v -0.085877 4.272759 3.532296
v -0.085877 4.294713 3.532296
v -0.086868 4.294713 3.542363
v -0.157229 4.272759 3.579972
v -0.147548 4.272759 3.582908
v -0.147548 4.294713 3.582908
v -0.157229 4.294713 3.579972
v -0.180388 4.272759 3.503626
v -0.185157 4.272759 3.512548
v -0.185157 4.294713 3.512548
v -0.180388 4.294713 3.503626
v -0.094573 4.272759 3.503626
v -0.100991 4.272759 3.495806
v -0.100991 4.294713 3.495806
v -0.094573 4.294713 3.503626
v -0.094573 4.145985 3.503626
v -0.100991 4.145985 3.495806
v -0.100991 4.264413 3.495806
v -0.094573 4.264413 3.503626
v -0.147548 4.272759 3.582908
v -0.157229 4.272759 3.579972
v -0.158220 4.272968 3.582364
v -0.148053 4.272968 3.585448
v -0.180388 4.145985 3.503626
v -0.185157 4.145985 3.512548
v -0.185157 4.264413 3.512548
v -0.180388 4.264413 3.503626
v -0.189085 4.272759 3.532296
v -0.188093 4.272759 3.522228
v -0.190633 4.272968 3.521723
v -0.191674 4.272968 3.532296
v -0.157229 4.145985 3.579972
v -0.147548 4.145985 3.582908
v -0.147548 4.264413 3.582908
v -0.157229 4.264413 3.579972
v -0.147548 4.272759 3.481683
v -0.137481 4.272759 3.480692
v -0.137481 4.272968 3.478102
v -0.148053 4.272968 3.479144
v -0.086868 4.145985 3.542363
v -0.085877 4.145985 3.532296
v -0.085877 4.264413 3.532296
v -0.086868 4.264413 3.542363
v -0.157229 4.264413 3.579972
v -0.147548 4.264413 3.582908
v -0.148053 4.264204 3.585448
v -0.158220 4.264204 3.582364
v -0.147548 4.145985 3.481683
v -0.157229 4.145985 3.484620
v -0.157229 4.264413 3.484620
v -0.147548 4.264413 3.481683
v -0.188093 4.264413 3.522228
v -0.189085 4.264413 3.532296
v -0.191674 4.264204 3.532296
v -0.190633 4.264204 3.521723
v -0.185157 4.145985 3.552044
v -0.180388 4.145985 3.560966
v -0.180388 4.264413 3.560966
v -0.185157 4.264413 3.552044
v -0.137481 4.264413 3.480692
v -0.147548 4.264413 3.481683
v -0.148053 4.264204 3.479144
v -0.137481 4.264204 3.478102
v -0.108811 4.145985 3.575203
v -0.100991 4.145985 3.568785
v -0.100991 4.264413 3.568785
v -0.108811 4.264413 3.575203
v -0.185157 4.272759 3.512548
v -0.180388 4.272759 3.503626
v -0.182541 4.272968 3.502187
v -0.187549 4.272968 3.511557
v -0.100991 4.145985 3.495806
v -0.108811 4.145985 3.489388
v -0.108811 4.264413 3.489388
v -0.100991 4.264413 3.495806
v -0.117733 4.272759 3.484620
v -0.108811 4.272759 3.489388
v -0.107373 4.272968 3.487236
v -0.116742 4.272968 3.482228
v -0.185157 4.145985 3.512548
v -0.188093 4.145985 3.522228
v -0.188093 4.264413 3.522228
v -0.185157 4.264413 3.512548
v -0.086868 4.272759 3.542363
v -0.089805 4.272759 3.552044
v -0.087413 4.272968 3.553035
v -0.084329 4.272968 3.542868
v -0.147548 4.145985 3.582908
v -0.137481 4.145985 3.583900
v -0.137481 4.264413 3.583900
v -0.147548 4.264413 3.582908
v -0.180388 4.264413 3.503626
v -0.185157 4.264413 3.512548
v -0.187549 4.264204 3.511557
v -0.182541 4.264204 3.502187
v -0.085877 4.145985 3.532296
v -0.086868 4.145985 3.522228
v -0.086868 4.264413 3.522228
v -0.085877 4.264413 3.532296
v -0.108811 4.264413 3.489388
v -0.117733 4.264413 3.484620
v -0.116742 4.264204 3.482228
v -0.107373 4.264204 3.487236
v -0.157229 4.145985 3.484620
v -0.166150 4.145985 3.489388
v -0.166150 4.264413 3.489388
v -0.157229 4.264413 3.484620
v -0.089805 4.264413 3.552044
v -0.086868 4.264413 3.542363
v -0.084329 4.264204 3.542868
v -0.087413 4.264204 3.553035
v -0.180388 4.145985 3.560966
v -0.173970 4.145985 3.568785
v -0.173970 4.264413 3.568785
v -0.180388 4.264413 3.560966
v -0.100991 4.272759 3.495806
v -0.094573 4.272759 3.503626
v -0.092421 4.272968 3.502187
v -0.099160 4.272968 3.493975
v -0.100991 4.145985 3.568785
v -0.094573 4.145985 3.560966
v -0.094573 4.264413 3.560966
v -0.100991 4.264413 3.568785
v -0.094573 4.272759 3.560966
v -0.100991 4.272759 3.568785
v -0.099160 4.272968 3.570616
v -0.092421 4.272968 3.562404
v -0.108811 4.145985 3.489388
v -0.117733 4.145985 3.484620
v -0.117733 4.264413 3.484620
v -0.108811 4.264413 3.489388
v -0.157229 4.272759 3.579972
v -0.166150 4.272759 3.575203
v -0.167589 4.272968 3.577356
v -0.158220 4.272968 3.582364
v -0.188093 4.145985 3.522228
v -0.189085 4.145985 3.532296
v -0.189085 4.264413 3.532296
v -0.188093 4.264413 3.522228
v -0.094573 4.264413 3.503626
v -0.100991 4.264413 3.495806
v -0.099160 4.264204 3.493975
v -0.092421 4.264204 3.502187
v -0.137481 4.145985 3.583900
v -0.127413 4.145985 3.582908
v -0.127413 4.264413 3.582908
v -0.137481 4.264413 3.583900
v -0.100991 4.264413 3.568785
v -0.094573 4.264413 3.560966
v -0.092421 4.264204 3.562404
v -0.099160 4.264204 3.570616
v -0.086868 4.145985 3.522228
v -0.089805 4.145985 3.512548
v -0.089805 4.264413 3.512548
v -0.086868 4.264413 3.522228
v -0.166150 4.264413 3.575203
v -0.157229 4.264413 3.579972
v -0.158220 4.264204 3.582364
v -0.167589 4.264204 3.577356
v -0.166150 4.145985 3.489388
v -0.173970 4.145985 3.495806
v -0.173970 4.264413 3.495806
v -0.166150 4.264413 3.489388
v -0.173970 4.272759 3.568785
v -0.180388 4.272759 3.560966
v -0.182541 4.272968 3.562404
v -0.175801 4.272968 3.570616
v -0.173970 4.145985 3.568785
v -0.166150 4.145985 3.575203
v -0.166150 4.264413 3.575203
v -0.173970 4.264413 3.568785
v -0.180388 4.272759 3.503626
v -0.173970 4.272759 3.495806
v -0.175801 4.272968 3.493975
v -0.182541 4.272968 3.502187
v -0.094573 4.145985 3.560966
v -0.089805 4.145985 3.552044
v -0.089805 4.264413 3.552044
v -0.094573 4.264413 3.560966
v -0.180388 4.264413 3.560966
v -0.173970 4.264413 3.568785
v -0.175801 4.264204 3.570616
v -0.182541 4.264204 3.562404
v -0.117733 4.145985 3.484620
v -0.127413 4.145985 3.481683
v -0.127413 4.264413 3.481683
v -0.117733 4.264413 3.484620
v -0.173970 4.264413 3.495806
v -0.180388 4.264413 3.503626
v -0.182541 4.264204 3.502187
v -0.175801 4.264204 3.493975
v -0.189085 4.145985 3.532296
v -0.188093 4.145985 3.542363
v -0.188093 4.264413 3.542363
v -0.189085 4.264413 3.532296
v -0.166150 4.272759 3.489388
v -0.157229 4.272759 3.484620
v -0.158220 4.272968 3.482228
v -0.167589 4.272968 3.487236
v -0.127413 4.145985 3.582908
v -0.117733 4.145985 3.579972
v -0.117733 4.264413 3.579972
v -0.127413 4.264413 3.582908
v -0.094573 4.272759 3.503626
v -0.089805 4.272759 3.512548
v -0.087413 4.272968 3.511557
v -0.092421 4.272968 3.502187
v -0.089805 4.145985 3.512548
v -0.094573 4.145985 3.503626
v -0.094573 4.264413 3.503626
v -0.089805 4.264413 3.512548
v -0.157229 4.264413 3.484620
v -0.166150 4.264413 3.489388
v -0.167589 4.264204 3.487236
v -0.158220 4.264204 3.482228
v -0.173970 4.145985 3.495806
v -0.180388 4.145985 3.503626
v -0.180388 4.264413 3.503626
v -0.173970 4.264413 3.495806
v -0.089805 4.264413 3.512548
v -0.094573 4.264413 3.503626
v -0.092421 4.264204 3.502187
v -0.087413 4.264204 3.511557
v -0.166150 4.145985 3.575203
v -0.157229 4.145985 3.579972
v -0.157229 4.264413 3.579972
v -0.166150 4.264413 3.575203
v -0.086868 4.272759 3.522228
v -0.085877 4.272759 3.532296
v -0.083287 4.272968 3.532296
v -0.084329 4.272968 3.521723
v -0.089805 4.145985 3.552044
v -0.086868 4.145985 3.542363
v -0.086868 4.264413 3.542363
v -0.089805 4.264413 3.552044
v -0.117733 4.272759 3.579972
v -0.127413 4.272759 3.582908
v -0.126908 4.272968 3.585448
v -0.116742 4.272968 3.582364
v -0.137481 4.145985 3.480692
v -0.147548 4.145985 3.481683
v -0.147548 4.264413 3.481683
v -0.137481 4.264413 3.480692
v -0.085877 4.264413 3.532296
v -0.086868 4.264413 3.522228
v -0.084329 4.264204 3.521723
v -0.083287 4.264204 3.532296
v -0.127413 4.145985 3.481683
v -0.137481 4.145985 3.480692
v -0.137481 4.264413 3.480692
v -0.127413 4.264413 3.481683
v -0.127413 4.264413 3.582908
v -0.117733 4.264413 3.579972
v -0.116742 4.264204 3.582364
v -0.126908 4.264204 3.585448
v -0.188093 4.145985 3.542363
v -0.185157 4.145985 3.552044
v -0.185157 4.264413 3.552044
v -0.188093 4.264413 3.542363
v -0.137481 4.272759 3.583900
v -0.147548 4.272759 3.582908
v -0.148053 4.272968 3.585448
v -0.137481 4.272968 3.586489
v -0.117733 4.145985 3.579972
v -0.108811 4.145985 3.575203
v -0.108811 4.264413 3.575203
v -0.117733 4.264413 3.579972
v -0.188093 4.272759 3.542363
v -0.189085 4.272759 3.532296
v -0.191674 4.272968 3.532296
v -0.190633 4.272968 3.542868
v -0.092421 4.264204 3.502187
v -0.099160 4.264204 3.493975
v -0.099160 4.272968 3.493975
v -0.092421 4.272968 3.502187
v -0.182541 4.264204 3.502187
v -0.187549 4.264204 3.511557
v -0.187549 4.272968 3.511557
v -0.182541 4.272968 3.502187
v -0.158220 4.264204 3.582364
v -0.148053 4.264204 3.585448
v -0.148053 4.272968 3.585448
v -0.158220 4.272968 3.582364
v -0.084329 4.264204 3.542868
v -0.083287 4.264204 3.532296
v -0.083287 4.272968 3.532296
v -0.084329 4.272968 3.542868
v -0.148053 4.264204 3.479144
v -0.158220 4.264204 3.482228
v -0.158220 4.272968 3.482228
v -0.148053 4.272968 3.479144
v -0.187549 4.264204 3.553035
v -0.182541 4.264204 3.562404
v -0.182541 4.272968 3.562404
v -0.187549 4.272968 3.553035
v -0.107373 4.264204 3.577356
v -0.099160 4.264204 3.570616
v -0.099160 4.272968 3.570616
v -0.107373 4.272968 3.577356
v -0.099160 4.264204 3.493975
v -0.107373 4.264204 3.487236
v -0.107373 4.272968 3.487236
v -0.099160 4.272968 3.493975
v -0.187549 4.264204 3.511557
v -0.190633 4.264204 3.521723
v -0.190633 4.272968 3.521723
v -0.187549 4.272968 3.511557
v -0.148053 4.264204 3.585448
v -0.137481 4.264204 3.586489
v -0.137481 4.272968 3.586489
v -0.148053 4.272968 3.585448
v -0.083287 4.264204 3.532296
v -0.084329 4.264204 3.521723
v -0.084329 4.272968 3.521723
v -0.083287 4.272968 3.532296
v -0.158220 4.264204 3.482228
v -0.167589 4.264204 3.487236
v -0.167589 4.272968 3.487236
v -0.158220 4.272968 3.482228
v -0.182541 4.264204 3.562404
v -0.175801 4.264204 3.570616
v -0.175801 4.272968 3.570616
v -0.182541 4.272968 3.562404
v -0.099160 4.264204 3.570616
v -0.092421 4.264204 3.562404
v -0.092421 4.272968 3.562404
v -0.099160 4.272968 3.570616
v -0.107373 4.264204 3.487236
v -0.116742 4.264204 3.482228
v -0.116742 4.272968 3.482228
v -0.107373 4.272968 3.487236
v -0.190633 4.264204 3.521723
v -0.191674 4.264204 3.532296
v -0.191674 4.272968 3.532296
v -0.190633 4.272968 3.521723
v -0.137481 4.264204 3.586489
v -0.126908 4.264204 3.585448
v -0.126908 4.272968 3.585448
v -0.137481 4.272968 3.586489
v -0.084329 4.264204 3.521723
v -0.087413 4.264204 3.511557
v -0.087413 4.272968 3.511557
v -0.084329 4.272968 3.521723
v -0.167589 4.264204 3.487236
v -0.175801 4.264204 3.493975
v -0.175801 4.272968 3.493975
v -0.167589 4.272968 3.487236
v -0.175801 4.264204 3.570616
v -0.167589 4.264204 3.577356
v -0.167589 4.272968 3.577356
v -0.175801 4.272968 3.570616
v -0.092421 4.264204 3.562404
v -0.087413 4.264204 3.553035
v -0.087413 4.272968 3.553035
v -0.092421 4.272968 3.562404
v -0.116742 4.264204 3.482228
v -0.126908 4.264204 3.479144
v -0.126908 4.272968 3.479144
v -0.116742 4.272968 3.482228
v -0.191674 4.264204 3.532296
v -0.190633 4.264204 3.542868
v -0.190633 4.272968 3.542868
v -0.191674 4.272968 3.532296
v -0.126908 4.264204 3.585448
v -0.116742 4.264204 3.582364
v -0.116742 4.272968 3.582364
v -0.126908 4.272968 3.585448
v -0.087413 4.264204 3.511557
v -0.092421 4.264204 3.502187
v -0.092421 4.272968 3.502187
v -0.087413 4.272968 3.511557
v -0.175801 4.264204 3.493975
v -0.182541 4.264204 3.502187
v -0.182541 4.272968 3.502187
v -0.175801 4.272968 3.493975
v -0.167589 4.264204 3.577356
v -0.158220 4.264204 3.582364
v -0.158220 4.272968 3.582364
v -0.167589 4.272968 3.577356
v -0.087413 4.264204 3.553035
v -0.084329 4.264204 3.542868
v -0.084329 4.272968 3.542868
v -0.087413 4.272968 3.553035
v -0.137481 4.264204 3.478102
v -0.148053 4.264204 3.479144
v -0.148053 4.272968 3.479144
v -0.137481 4.272968 3.478102
v -0.126908 4.264204 3.479144
v -0.137481 4.264204 3.478102
v -0.137481 4.272968 3.478102
v -0.126908 4.272968 3.479144
v -0.190633 4.264204 3.542868
v -0.187549 4.264204 3.553035
v -0.187549 4.272968 3.553035
v -0.190633 4.272968 3.542868
v -0.116742 4.264204 3.582364
v -0.107373 4.264204 3.577356
v -0.107373 4.272968 3.577356
v -0.116742 4.272968 3.582364
v -0.127413 4.264413 3.481683
v -0.137481 4.264413 3.480692
v -0.137481 4.264204 3.478102
v -0.126908 4.264204 3.479144
v -0.137481 4.264413 3.583900
v -0.127413 4.264413 3.582908
v -0.126908 4.264204 3.585448
v -0.137481 4.264204 3.586489
v -0.086868 4.264413 3.542363
v -0.085877 4.264413 3.532296
v -0.083287 4.264204 3.532296
v -0.084329 4.264204 3.542868
v -0.137481 4.272759 3.480692
v -0.127413 4.272759 3.481683
v -0.126908 4.272968 3.479144
v -0.137481 4.272968 3.478102
v -0.127413 4.272759 3.582908
v -0.137481 4.272759 3.583900
v -0.137481 4.272968 3.586489
v -0.126908 4.272968 3.585448
v -0.085877 4.272759 3.532296
v -0.086868 4.272759 3.542363
v -0.084329 4.272968 3.542868
v -0.083287 4.272968 3.532296
v -0.188093 4.264413 3.542363
v -0.185157 4.264413 3.552044
v -0.187549 4.264204 3.553035
v -0.190633 4.264204 3.542868
v -0.086868 4.264413 3.522228
v -0.089805 4.264413 3.512548
v -0.087413 4.264204 3.511557
v -0.084329 4.264204 3.521723
v -0.147548 4.264413 3.481683
v -0.157229 4.264413 3.484620
v -0.158220 4.264204 3.482228
v -0.148053 4.264204 3.479144
v -0.185157 4.272759 3.552044
v -0.188093 4.272759 3.542363
v -0.190633 4.272968 3.542868
v -0.187549 4.272968 3.553035
v -0.089805 4.272759 3.512548
v -0.086868 4.272759 3.522228
v -0.084329 4.272968 3.521723
v -0.087413 4.272968 3.511557
v -0.157229 4.272759 3.484620
v -0.147548 4.272759 3.481683
v -0.148053 4.272968 3.479144
v -0.158220 4.272968 3.482228
v -0.117733 4.264413 3.579972
v -0.108811 4.264413 3.575203
v -0.107373 4.264204 3.577356
v -0.116742 4.264204 3.582364
v -0.166150 4.264413 3.489388
v -0.173970 4.264413 3.495806
v -0.175801 4.264204 3.493975
v -0.167589 4.264204 3.487236
v -0.185157 4.264413 3.552044
v -0.180388 4.264413 3.560966
v -0.182541 4.264204 3.562404
v -0.187549 4.264204 3.553035
v -0.108811 4.272759 3.575203
v -0.117733 4.272759 3.579972
v -0.116742 4.272968 3.582364
v -0.107373 4.272968 3.577356
v -0.173970 4.272759 3.495806
v -0.166150 4.272759 3.489388
v -0.167589 4.272968 3.487236
v -0.175801 4.272968 3.493975
v -0.180388 4.272759 3.560966
v -0.185157 4.272759 3.552044
v -0.187549 4.272968 3.553035
v -0.182541 4.272968 3.562404
v -0.173970 4.264413 3.568785
v -0.166150 4.264413 3.575203
v -0.167589 4.264204 3.577356
v -0.175801 4.264204 3.570616
v -0.108811 4.264413 3.575203
v -0.100991 4.264413 3.568785
v -0.099160 4.264204 3.570616
v -0.107373 4.264204 3.577356
v -0.166150 4.272759 3.575203
v -0.173970 4.272759 3.568785
v -0.175801 4.272968 3.570616
v -0.167589 4.272968 3.577356
v -0.100991 4.272759 3.568785
v -0.108811 4.272759 3.575203
v -0.107373 4.272968 3.577356
v -0.099160 4.272968 3.570616
v -0.094573 4.264413 3.560966
v -0.089805 4.264413 3.552044
v -0.087413 4.264204 3.553035
v -0.092421 4.264204 3.562404
v -0.100991 4.264413 3.495806
v -0.108811 4.264413 3.489388
v -0.107373 4.264204 3.487236
v -0.099160 4.264204 3.493975
v -0.089805 4.272759 3.552044
v -0.094573 4.272759 3.560966
v -0.092421 4.272968 3.562404
v -0.087413 4.272968 3.553035
v -0.108811 4.272759 3.489388
v -0.100991 4.272759 3.495806
v -0.099160 4.272968 3.493975
v -0.107373 4.272968 3.487236
v -0.117733 4.264413 3.484620
v -0.127413 4.264413 3.481683
v -0.126908 4.264204 3.479144
v -0.116742 4.264204 3.482228
v -0.185157 4.264413 3.512548
v -0.188093 4.264413 3.522228
v -0.190633 4.264204 3.521723
v -0.187549 4.264204 3.511557
v -0.127413 4.272759 3.481683
v -0.117733 4.272759 3.484620
v -0.116742 4.272968 3.482228
v -0.126908 4.272968 3.479144
v -0.188093 4.272759 3.522228
v -0.185157 4.272759 3.512548
v -0.187549 4.272968 3.511557
v -0.190633 4.272968 3.521723
v -0.189085 4.264413 3.532296
v -0.188093 4.264413 3.542363
v -0.190633 4.264204 3.542868
v -0.191674 4.264204 3.532296
v -0.147548 4.264413 3.582908
v -0.137481 4.264413 3.583900
v -0.137481 4.264204 3.586489
v -0.148053 4.264204 3.585448
v -0.183461 4.294713 3.563019
v -0.176584 4.294713 3.571399
v -0.176584 4.298620 3.571399
v -0.183461 4.298620 3.563019
v -0.180388 4.294713 3.503626
v -0.185157 4.294713 3.512548
v -0.188571 4.294713 3.511133
v -0.183461 4.294713 3.501573
v -0.117733 4.294713 3.579972
v -0.108811 4.294713 3.575203
v -0.106758 4.294713 3.578276
v -0.116318 4.294713 3.583386
v -0.127413 4.294713 3.481683
v -0.137481 4.294713 3.480692
v -0.137481 4.294713 3.476996
v -0.126692 4.294713 3.478058
v -0.173970 4.294713 3.495806
v -0.180388 4.294713 3.503626
v -0.183461 4.294713 3.501573
v -0.176584 4.294713 3.493193
v -0.127413 4.294713 3.582908
v -0.117733 4.294713 3.579972
v -0.116318 4.294713 3.583386
v -0.126692 4.294713 3.586533
v -0.117733 4.294713 3.484620
v -0.127413 4.294713 3.481683
v -0.126692 4.294713 3.478058
v -0.116318 4.294713 3.481205
v -0.166150 4.294713 3.489388
v -0.173970 4.294713 3.495806
v -0.176584 4.294713 3.493193
v -0.168204 4.294713 3.486315
v -0.137481 4.294713 3.583900
v -0.127413 4.294713 3.582908
v -0.126692 4.294713 3.586533
v -0.137481 4.294713 3.587596
v -0.108811 4.294713 3.489388
v -0.117733 4.294713 3.484620
v -0.116318 4.294713 3.481205
v -0.106758 4.294713 3.486315
v -0.157229 4.294713 3.484620
v -0.166150 4.294713 3.489388
v -0.168204 4.294713 3.486315
v -0.158643 4.294713 3.481205
v -0.147548 4.294713 3.582908
v -0.137481 4.294713 3.583900
v -0.137481 4.294713 3.587596
v -0.148269 4.294713 3.586533
v -0.100991 4.294713 3.495806
v -0.108811 4.294713 3.489388
v -0.106758 4.294713 3.486315
v -0.098378 4.294713 3.493193
v -0.147548 4.294713 3.481683
v -0.157229 4.294713 3.484620
v -0.158643 4.294713 3.481205
v -0.148269 4.294713 3.478058
v -0.157229 4.294713 3.579972
v -0.147548 4.294713 3.582908
v -0.148269 4.294713 3.586533
v -0.158643 4.294713 3.583386
v -0.094573 4.294713 3.503626
v -0.100991 4.294713 3.495806
v -0.098378 4.294713 3.493193
v -0.091501 4.294713 3.501573
v -0.137481 4.294713 3.480692
v -0.147548 4.294713 3.481683
v -0.148269 4.294713 3.478058
v -0.137481 4.294713 3.476996
v -0.166150 4.294713 3.575203
v -0.157229 4.294713 3.579972
v -0.158643 4.294713 3.583386
v -0.168204 4.294713 3.578276
v -0.089805 4.294713 3.512548
v -0.094573 4.294713 3.503626
v -0.091501 4.294713 3.501573
v -0.086390 4.294713 3.511133
v -0.173970 4.294713 3.568785
v -0.166150 4.294713 3.575203
v -0.168204 4.294713 3.578276
v -0.176584 4.294713 3.571399
v -0.086868 4.294713 3.522228
v -0.089805 4.294713 3.512548
v -0.086390 4.294713 3.511133
v -0.083243 4.294713 3.521507
v -0.180388 4.294713 3.560966
v -0.173970 4.294713 3.568785
v -0.176584 4.294713 3.571399
v -0.183461 4.294713 3.563019
v -0.085877 4.294713 3.532296
v -0.086868 4.294713 3.522228
v -0.083243 4.294713 3.521507
v -0.082181 4.294713 3.532296
v -0.185157 4.294713 3.552044
v -0.180388 4.294713 3.560966
v -0.183461 4.294713 3.563019
v -0.188571 4.294713 3.553458
v -0.086868 4.294713 3.542363
v -0.085877 4.294713 3.532296
v -0.082181 4.294713 3.532296
v -0.083243 4.294713 3.543084
v -0.188093 4.294713 3.542363
v -0.185157 4.294713 3.552044
v -0.188571 4.294713 3.553458
v -0.191718 4.294713 3.543084
v -0.089805 4.294713 3.552044
v -0.086868 4.294713 3.542363
v -0.083243 4.294713 3.543084
v -0.086390 4.294713 3.553458
v -0.189085 4.294713 3.532296
v -0.188093 4.294713 3.542363
v -0.191718 4.294713 3.543084
v -0.192781 4.294713 3.532296
v -0.094573 4.294713 3.560966
v -0.089805 4.294713 3.552044
v -0.086390 4.294713 3.553458
v -0.091501 4.294713 3.563019
v -0.188093 4.294713 3.522228
v -0.189085 4.294713 3.532296
v -0.192781 4.294713 3.532296
v -0.191718 4.294713 3.521507
v -0.100991 4.294713 3.568785
v -0.094573 4.294713 3.560966
v -0.091501 4.294713 3.563019
v -0.098378 4.294713 3.571399
v -0.185157 4.294713 3.512548
v -0.188093 4.294713 3.522228
v -0.191718 4.294713 3.521507
v -0.188571 4.294713 3.511133
v -0.192781 4.298620 3.532296
v -0.191718 4.298620 3.543084
v -0.189785 4.298620 3.542700
v -0.190810 4.298620 3.532296
v -0.082181 4.294713 3.532296
v -0.083243 4.294713 3.521507
v -0.083243 4.298620 3.521507
v -0.082181 4.298620 3.532296
v -0.188571 4.294713 3.553458
v -0.183461 4.294713 3.563019
v -0.183461 4.298620 3.563019
v -0.188571 4.298620 3.553458
v -0.083243 4.294713 3.543084
v -0.082181 4.294713 3.532296
v -0.082181 4.298620 3.532296
v -0.083243 4.298620 3.543084
v -0.191718 4.294713 3.543084
v -0.188571 4.294713 3.553458
v -0.188571 4.298620 3.553458
v -0.191718 4.298620 3.543084
v -0.086390 4.294713 3.553458
v -0.083243 4.294713 3.543084
v -0.083243 4.298620 3.543084
v -0.086390 4.298620 3.553458
v -0.192781 4.294713 3.532296
v -0.191718 4.294713 3.543084
v -0.191718 4.298620 3.543084
v -0.192781 4.298620 3.532296
v -0.091501 4.294713 3.563019
v -0.086390 4.294713 3.553458
v -0.086390 4.298620 3.553458
v -0.091501 4.298620 3.563019
v -0.191718 4.294713 3.521507
v -0.192781 4.294713 3.532296
v -0.192781 4.298620 3.532296
v -0.191718 4.298620 3.521507
v -0.098378 4.294713 3.571399
v -0.091501 4.294713 3.563019
v -0.091501 4.298620 3.563019
v -0.098378 4.298620 3.571399
v -0.188571 4.294713 3.511133
v -0.191718 4.294713 3.521507
v -0.191718 4.298620 3.521507
v -0.188571 4.298620 3.511133
v -0.106758 4.294713 3.578276
v -0.098378 4.294713 3.571399
v -0.098378 4.298620 3.571399
v -0.106758 4.298620 3.578276
v -0.183461 4.294713 3.501573
v -0.188571 4.294713 3.511133
v -0.188571 4.298620 3.511133
v -0.183461 4.298620 3.501573
v -0.116318 4.294713 3.583386
v -0.106758 4.294713 3.578276
v -0.106758 4.298620 3.578276
v -0.116318 4.298620 3.583386
v -0.126692 4.294713 3.478058
v -0.137481 4.294713 3.476996
v -0.137481 4.298620 3.476996
v -0.126692 4.298620 3.478058
v -0.176584 4.294713 3.493193
v -0.183461 4.294713 3.501573
v -0.183461 4.298620 3.501573
v -0.176584 4.298620 3.493193
v -0.126692 4.294713 3.586533
v -0.116318 4.294713 3.583386
v -0.116318 4.298620 3.583386
v -0.126692 4.298620 3.586533
v -0.116318 4.294713 3.481205
v -0.126692 4.294713 3.478058
v -0.126692 4.298620 3.478058
v -0.116318 4.298620 3.481205
v -0.168204 4.294713 3.486315
v -0.176584 4.294713 3.493193
v -0.176584 4.298620 3.493193
v -0.168204 4.298620 3.486315
v -0.137481 4.294713 3.587596
v -0.126692 4.294713 3.586533
v -0.126692 4.298620 3.586533
v -0.137481 4.298620 3.587596
v -0.106758 4.294713 3.486315
v -0.116318 4.294713 3.481205
v -0.116318 4.298620 3.481205
v -0.106758 4.298620 3.486315
v -0.158643 4.294713 3.481205
v -0.168204 4.294713 3.486315
v -0.168204 4.298620 3.486315
v -0.158643 4.298620 3.481205
v -0.148269 4.294713 3.586533
v -0.137481 4.294713 3.587596
v -0.137481 4.298620 3.587596
v -0.148269 4.298620 3.586533
v -0.098378 4.294713 3.493193
v -0.106758 4.294713 3.486315
v -0.106758 4.298620 3.486315
v -0.098378 4.298620 3.493193
v -0.148269 4.294713 3.478058
v -0.158643 4.294713 3.481205
v -0.158643 4.298620 3.481205
v -0.148269 4.298620 3.478058
v -0.158643 4.294713 3.583386
v -0.148269 4.294713 3.586533
v -0.148269 4.298620 3.586533
v -0.158643 4.298620 3.583386
v -0.091501 4.294713 3.501573
v -0.098378 4.294713 3.493193
v -0.098378 4.298620 3.493193
v -0.091501 4.298620 3.501573
v -0.137481 4.294713 3.476996
v -0.148269 4.294713 3.478058
v -0.148269 4.298620 3.478058
v -0.137481 4.298620 3.476996
v -0.168204 4.294713 3.578276
v -0.158643 4.294713 3.583386
v -0.158643 4.298620 3.583386
v -0.168204 4.298620 3.578276
v -0.086390 4.294713 3.511133
v -0.091501 4.294713 3.501573
v -0.091501 4.298620 3.501573
v -0.086390 4.298620 3.511133
v -0.176584 4.294713 3.571399
v -0.168204 4.294713 3.578276
v -0.168204 4.298620 3.578276
v -0.176584 4.298620 3.571399
v -0.083243 4.294713 3.521507
v -0.086390 4.294713 3.511133
v -0.086390 4.298620 3.511133
v -0.083243 4.298620 3.521507
v -0.181822 4.298620 3.502667
v -0.186751 4.298620 3.511888
v -0.186751 4.301600 3.511888
v -0.181822 4.301600 3.502667
v -0.091501 4.298620 3.563019
v -0.086390 4.298620 3.553458
v -0.088211 4.298620 3.552704
v -0.093139 4.298620 3.561924
v -0.191718 4.298620 3.521507
v -0.192781 4.298620 3.532296
v -0.190810 4.298620 3.532296
v -0.189785 4.298620 3.521892
v -0.098378 4.298620 3.571399
v -0.091501 4.298620 3.563019
v -0.093139 4.298620 3.561924
v -0.099771 4.298620 3.570005
v -0.188571 4.298620 3.511133
v -0.191718 4.298620 3.521507
v -0.189785 4.298620 3.521892
v -0.186751 4.298620 3.511888
v -0.106758 4.298620 3.578276
v -0.098378 4.298620 3.571399
v -0.099771 4.298620 3.570005
v -0.107853 4.298620 3.576638
v -0.183461 4.298620 3.501573
v -0.188571 4.298620 3.511133
v -0.186751 4.298620 3.511888
v -0.181822 4.298620 3.502667
v -0.116318 4.298620 3.583386
v -0.106758 4.298620 3.578276
v -0.107853 4.298620 3.576638
v -0.117072 4.298620 3.581566
v -0.126692 4.298620 3.478058
v -0.137481 4.298620 3.476996
v -0.137481 4.298620 3.478966
v -0.127077 4.298620 3.479991
v -0.176584 4.298620 3.493193
v -0.183461 4.298620 3.501573
v -0.181822 4.298620 3.502667
v -0.175190 4.298620 3.494586
v -0.126692 4.298620 3.586533
v -0.116318 4.298620 3.583386
v -0.117072 4.298620 3.581566
v -0.127077 4.298620 3.584600
v -0.116318 4.298620 3.481205
v -0.126692 4.298620 3.478058
v -0.127077 4.298620 3.479991
v -0.117072 4.298620 3.483026
v -0.168204 4.298620 3.486315
v -0.176584 4.298620 3.493193
v -0.175190 4.298620 3.494586
v -0.167109 4.298620 3.487954
v -0.137481 4.298620 3.587596
v -0.126692 4.298620 3.586533
v -0.127077 4.298620 3.584600
v -0.137481 4.298620 3.585625
v -0.106758 4.298620 3.486315
v -0.116318 4.298620 3.481205
v -0.117072 4.298620 3.483026
v -0.107853 4.298620 3.487954
v -0.158643 4.298620 3.481205
v -0.168204 4.298620 3.486315
v -0.167109 4.298620 3.487954
v -0.157889 4.298620 3.483026
v -0.148269 4.298620 3.586533
v -0.137481 4.298620 3.587596
v -0.137481 4.298620 3.585625
v -0.147885 4.298620 3.584600
v -0.098378 4.298620 3.493193
v -0.106758 4.298620 3.486315
v -0.107853 4.298620 3.487954
v -0.099771 4.298620 3.494586
v -0.148269 4.298620 3.478058
v -0.158643 4.298620 3.481205
v -0.157889 4.298620 3.483026
v -0.147885 4.298620 3.479991
v -0.158643 4.298620 3.583386
v -0.148269 4.298620 3.586533
v -0.147885 4.298620 3.584600
v -0.157889 4.298620 3.581566
v -0.091501 4.298620 3.501573
v -0.098378 4.298620 3.493193
v -0.099771 4.298620 3.494586
v -0.093139 4.298620 3.502667
v -0.137481 4.298620 3.476996
v -0.148269 4.298620 3.478058
v -0.147885 4.298620 3.479991
v -0.137481 4.298620 3.478966
v -0.168204 4.298620 3.578276
v -0.158643 4.298620 3.583386
v -0.157889 4.298620 3.581566
v -0.167109 4.298620 3.576638
v -0.086390 4.298620 3.511133
v -0.091501 4.298620 3.501573
v -0.093139 4.298620 3.502667
v -0.088211 4.298620 3.511888
v -0.176584 4.298620 3.571399
v -0.168204 4.298620 3.578276
v -0.167109 4.298620 3.576638
v -0.175190 4.298620 3.570005
v -0.083243 4.298620 3.521507
v -0.086390 4.298620 3.511133
v -0.088211 4.298620 3.511888
v -0.085176 4.298620 3.521892
v -0.183461 4.298620 3.563019
v -0.176584 4.298620 3.571399
v -0.175190 4.298620 3.570005
v -0.181822 4.298620 3.561924
v -0.082181 4.298620 3.532296
v -0.083243 4.298620 3.521507
v -0.085176 4.298620 3.521892
v -0.084151 4.298620 3.532296
v -0.188571 4.298620 3.553458
v -0.183461 4.298620 3.563019
v -0.181822 4.298620 3.561924
v -0.186751 4.298620 3.552704
v -0.083243 4.298620 3.543084
v -0.082181 4.298620 3.532296
v -0.084151 4.298620 3.532296
v -0.085176 4.298620 3.542700
v -0.191718 4.298620 3.543084
v -0.188571 4.298620 3.553458
v -0.186751 4.298620 3.552704
v -0.189785 4.298620 3.542700
v -0.086390 4.298620 3.553458
v -0.083243 4.298620 3.543084
v -0.085176 4.298620 3.542700
v -0.088211 4.298620 3.552704
v -0.107853 4.301600 3.487954
v -0.117072 4.301600 3.483026
v -0.115838 4.301600 3.480045
v -0.106060 4.301600 3.485271
v -0.117072 4.298620 3.581566
v -0.107853 4.298620 3.576638
v -0.107853 4.301600 3.576638
v -0.117072 4.301600 3.581566
v -0.127077 4.298620 3.479991
v -0.137481 4.298620 3.478966
v -0.137481 4.301600 3.478966
v -0.127077 4.301600 3.479991
v -0.175190 4.298620 3.494586
v -0.181822 4.298620 3.502667
v -0.181822 4.301600 3.502667
v -0.175190 4.301600 3.494586
v -0.127077 4.298620 3.584600
v -0.117072 4.298620 3.581566
v -0.117072 4.301600 3.581566
v -0.127077 4.301600 3.584600
v -0.117072 4.298620 3.483026
v -0.127077 4.298620 3.479991
v -0.127077 4.301600 3.479991
v -0.117072 4.301600 3.483026
v -0.167109 4.298620 3.487954
v -0.175190 4.298620 3.494586
v -0.175190 4.301600 3.494586
v -0.167109 4.301600 3.487954
v -0.137481 4.298620 3.585625
v -0.127077 4.298620 3.584600
v -0.127077 4.301600 3.584600
v -0.137481 4.301600 3.585625
v -0.107853 4.298620 3.487954
v -0.117072 4.298620 3.483026
v -0.117072 4.301600 3.483026
v -0.107853 4.301600 3.487954
v -0.157889 4.298620 3.483026
v -0.167109 4.298620 3.487954
v -0.167109 4.301600 3.487954
v -0.157889 4.301600 3.483026
v -0.147885 4.298620 3.584600
v -0.137481 4.298620 3.585625
v -0.137481 4.301600 3.585625
v -0.147885 4.301600 3.584600
v -0.099771 4.298620 3.494586
v -0.107853 4.298620 3.487954
v -0.107853 4.301600 3.487954
v -0.099771 4.301600 3.494586
v -0.147885 4.298620 3.479991
v -0.157889 4.298620 3.483026
v -0.157889 4.301600 3.483026
v -0.147885 4.301600 3.479991
v -0.157889 4.298620 3.581566
v -0.147885 4.298620 3.584600
v -0.147885 4.301600 3.584600
v -0.157889 4.301600 3.581566
v -0.093139 4.298620 3.502667
v -0.099771 4.298620 3.494586
v -0.099771 4.301600 3.494586
v -0.093139 4.301600 3.502667
v -0.137481 4.298620 3.478966
v -0.147885 4.298620 3.479991
v -0.147885 4.301600 3.479991
v -0.137481 4.301600 3.478966
v -0.167109 4.298620 3.576638
v -0.157889 4.298620 3.581566
v -0.157889 4.301600 3.581566
v -0.167109 4.301600 3.576638
v -0.088211 4.298620 3.511888
v -0.093139 4.298620 3.502667
v -0.093139 4.301600 3.502667
v -0.088211 4.301600 3.511888
v -0.175190 4.298620 3.570005
v -0.167109 4.298620 3.576638
v -0.167109 4.301600 3.576638
v -0.175190 4.301600 3.570005
v -0.085176 4.298620 3.521892
v -0.088211 4.298620 3.511888
v -0.088211 4.301600 3.511888
v -0.085176 4.301600 3.521892
v -0.181822 4.298620 3.561924
v -0.175190 4.298620 3.570005
v -0.175190 4.301600 3.570005
v -0.181822 4.301600 3.561924
v -0.084151 4.298620 3.532296
v -0.085176 4.298620 3.521892
v -0.085176 4.301600 3.521892
v -0.084151 4.301600 3.532296
v -0.186751 4.298620 3.552704
v -0.181822 4.298620 3.561924
v -0.181822 4.301600 3.561924
v -0.186751 4.301600 3.552704
v -0.085176 4.298620 3.542700
v -0.084151 4.298620 3.532296
v -0.084151 4.301600 3.532296
v -0.085176 4.301600 3.542700
v -0.189785 4.298620 3.542700
v -0.186751 4.298620 3.552704
v -0.186751 4.301600 3.552704
v -0.189785 4.301600 3.542700
v -0.088211 4.298620 3.552704
v -0.085176 4.298620 3.542700
v -0.085176 4.301600 3.542700
v -0.088211 4.301600 3.552704
v -0.190810 4.298620 3.532296
v -0.189785 4.298620 3.542700
v -0.189785 4.301600 3.542700
v -0.190810 4.301600 3.532296
v -0.093139 4.298620 3.561924
v -0.088211 4.298620 3.552704
v -0.088211 4.301600 3.552704
v -0.093139 4.301600 3.561924
v -0.189785 4.298620 3.521892
v -0.190810 4.298620 3.532296
v -0.190810 4.301600 3.532296
v -0.189785 4.301600 3.521892
v -0.099771 4.298620 3.570005
v -0.093139 4.298620 3.561924
v -0.093139 4.301600 3.561924
v -0.099771 4.301600 3.570005
v -0.186751 4.298620 3.511888
v -0.189785 4.298620 3.521892
v -0.189785 4.301600 3.521892
v -0.186751 4.301600 3.511888
v -0.107853 4.298620 3.576638
v -0.099771 4.298620 3.570005
v -0.099771 4.301600 3.570005
v -0.107853 4.301600 3.576638
v -0.085230 4.301600 3.510653
v -0.090456 4.301600 3.500875
v -0.093558 4.305158 3.502948
v -0.088677 4.305158 3.512080
v -0.157889 4.301600 3.483026
v -0.167109 4.301600 3.487954
v -0.168901 4.301600 3.485271
v -0.159124 4.301600 3.480045
v -0.147885 4.301600 3.584600
v -0.137481 4.301600 3.585625
v -0.137481 4.301600 3.588851
v -0.148514 4.301600 3.587765
v -0.099771 4.301600 3.494586
v -0.107853 4.301600 3.487954
v -0.106060 4.301600 3.485271
v -0.097490 4.301600 3.492305
v -0.147885 4.301600 3.479991
v -0.157889 4.301600 3.483026
v -0.159124 4.301600 3.480045
v -0.148514 4.301600 3.476827
v -0.157889 4.301600 3.581566
v -0.147885 4.301600 3.584600
v -0.148514 4.301600 3.587765
v -0.159124 4.301600 3.584546
v -0.093139 4.301600 3.502667
v -0.099771 4.301600 3.494586
v -0.097490 4.301600 3.492305
v -0.090456 4.301600 3.500875
v -0.137481 4.301600 3.478966
v -0.147885 4.301600 3.479991
v -0.148514 4.301600 3.476827
v -0.137481 4.301600 3.475740
v -0.167109 4.301600 3.576638
v -0.157889 4.301600 3.581566
v -0.159124 4.301600 3.584546
v -0.168901 4.301600 3.579320
v -0.088211 4.301600 3.511888
v -0.093139 4.301600 3.502667
v -0.090456 4.301600 3.500875
v -0.085230 4.301600 3.510653
v -0.175190 4.301600 3.570005
v -0.167109 4.301600 3.576638
v -0.168901 4.301600 3.579320
v -0.177472 4.301600 3.572287
v -0.085176 4.301600 3.521892
v -0.088211 4.301600 3.511888
v -0.085230 4.301600 3.510653
v -0.082012 4.301600 3.521262
v -0.181822 4.301600 3.561924
v -0.175190 4.301600 3.570005
v -0.177472 4.301600 3.572287
v -0.184505 4.301600 3.563716
v -0.084151 4.301600 3.532296
v -0.085176 4.301600 3.521892
v -0.082012 4.301600 3.521262
v -0.080925 4.301600 3.532296
v -0.186751 4.301600 3.552704
v -0.181822 4.301600 3.561924
v -0.184505 4.301600 3.563716
v -0.189731 4.301600 3.553939
v -0.085176 4.301600 3.542700
v -0.084151 4.301600 3.532296
v -0.080925 4.301600 3.532296
v -0.082012 4.301600 3.543329
v -0.189785 4.301600 3.542700
v -0.186751 4.301600 3.552704
v -0.189731 4.301600 3.553939
v -0.192950 4.301600 3.543329
v -0.088211 4.301600 3.552704
v -0.085176 4.301600 3.542700
v -0.082012 4.301600 3.543329
v -0.085230 4.301600 3.553939
v -0.190810 4.301600 3.532296
v -0.189785 4.301600 3.542700
v -0.192950 4.301600 3.543329
v -0.194036 4.301600 3.532296
v -0.093139 4.301600 3.561924
v -0.088211 4.301600 3.552704
v -0.085230 4.301600 3.553939
v -0.090456 4.301600 3.563716
v -0.189785 4.301600 3.521892
v -0.190810 4.301600 3.532296
v -0.194036 4.301600 3.532296
v -0.192950 4.301600 3.521262
v -0.099771 4.301600 3.570005
v -0.093139 4.301600 3.561924
v -0.090456 4.301600 3.563716
v -0.097490 4.301600 3.572287
v -0.186751 4.301600 3.511888
v -0.189785 4.301600 3.521892
v -0.192950 4.301600 3.521262
v -0.189731 4.301600 3.510653
v -0.107853 4.301600 3.576638
v -0.099771 4.301600 3.570005
v -0.097490 4.301600 3.572287
v -0.106060 4.301600 3.579320
v -0.181822 4.301600 3.502667
v -0.186751 4.301600 3.511888
v -0.189731 4.301600 3.510653
v -0.184505 4.301600 3.500875
v -0.117072 4.301600 3.581566
v -0.107853 4.301600 3.576638
v -0.106060 4.301600 3.579320
v -0.115838 4.301600 3.584546
v -0.127077 4.301600 3.479991
v -0.137481 4.301600 3.478966
v -0.137481 4.301600 3.475740
v -0.126447 4.301600 3.476827
v -0.175190 4.301600 3.494586
v -0.181822 4.301600 3.502667
v -0.184505 4.301600 3.500875
v -0.177472 4.301600 3.492305
v -0.127077 4.301600 3.584600
v -0.117072 4.301600 3.581566
v -0.115838 4.301600 3.584546
v -0.126447 4.301600 3.587765
v -0.117072 4.301600 3.483026
v -0.127077 4.301600 3.479991
v -0.126447 4.301600 3.476827
v -0.115838 4.301600 3.480045
v -0.167109 4.301600 3.487954
v -0.175190 4.301600 3.494586
v -0.177472 4.301600 3.492305
v -0.168901 4.301600 3.485271
v -0.137481 4.301600 3.585625
v -0.127077 4.301600 3.584600
v -0.126447 4.301600 3.587765
v -0.137481 4.301600 3.588851
v -0.085671 4.305158 3.542601
v -0.084656 4.305158 3.532296
v -0.102955 4.305158 3.532296
v -0.103619 4.305158 3.539031
v -0.177472 4.301600 3.572287
v -0.168901 4.301600 3.579320
v -0.166829 4.305158 3.576218
v -0.174834 4.305158 3.569649
v -0.082012 4.301600 3.521262
v -0.085230 4.301600 3.510653
v -0.088677 4.305158 3.512080
v -0.085671 4.305158 3.521990
v -0.184505 4.301600 3.563716
v -0.177472 4.301600 3.572287
v -0.174834 4.305158 3.569649
v -0.181403 4.305158 3.561644
v -0.080925 4.301600 3.532296
v -0.082012 4.301600 3.521262
v -0.085671 4.305158 3.521990
v -0.084656 4.305158 3.532296
v -0.189731 4.301600 3.553939
v -0.184505 4.301600 3.563716
v -0.181403 4.305158 3.561644
v -0.186285 4.305158 3.552511
v -0.082012 4.301600 3.543329
v -0.080925 4.301600 3.532296
v -0.084656 4.305158 3.532296
v -0.085671 4.305158 3.542601
v -0.192950 4.301600 3.543329
v -0.189731 4.301600 3.553939
v -0.186285 4.305158 3.552511
v -0.189291 4.305158 3.542601
v -0.085230 4.301600 3.553939
v -0.082012 4.301600 3.543329
v -0.085671 4.305158 3.542601
v -0.088677 4.305158 3.552511
v -0.194036 4.301600 3.532296
v -0.192950 4.301600 3.543329
v -0.189291 4.305158 3.542601
v -0.190306 4.305158 3.532296
v -0.090456 4.301600 3.563716
v -0.085230 4.301600 3.553939
v -0.088677 4.305158 3.552511
v -0.093558 4.305158 3.561644
v -0.192950 4.301600 3.521262
v -0.194036 4.301600 3.532296
v -0.190306 4.305158 3.532296
v -0.189291 4.305158 3.521990
v -0.097490 4.301600 3.572287
v -0.090456 4.301600 3.563716
v -0.093558 4.305158 3.561644
v -0.100128 4.305158 3.569649
v -0.189731 4.301600 3.510653
v -0.192950 4.301600 3.521262
v -0.189291 4.305158 3.521990
v -0.186285 4.305158 3.512080
v -0.106060 4.301600 3.579320
v -0.097490 4.301600 3.572287
v -0.100128 4.305158 3.569649
v -0.108133 4.305158 3.576218
v -0.184505 4.301600 3.500875
v -0.189731 4.301600 3.510653
v -0.186285 4.305158 3.512080
v -0.181403 4.305158 3.502948
v -0.115838 4.301600 3.584546
v -0.106060 4.301600 3.579320
v -0.108133 4.305158 3.576218
v -0.117266 4.305158 3.581100
v -0.126447 4.301600 3.476827
v -0.137481 4.301600 3.475740
v -0.137481 4.305158 3.479471
v -0.127175 4.305158 3.480486
v -0.177472 4.301600 3.492305
v -0.184505 4.301600 3.500875
v -0.181403 4.305158 3.502948
v -0.174834 4.305158 3.494943
v -0.126447 4.301600 3.587765
v -0.115838 4.301600 3.584546
v -0.117266 4.305158 3.581100
v -0.127175 4.305158 3.584105
v -0.115838 4.301600 3.480045
v -0.126447 4.301600 3.476827
v -0.127175 4.305158 3.480486
v -0.117266 4.305158 3.483492
v -0.168901 4.301600 3.485271
v -0.177472 4.301600 3.492305
v -0.174834 4.305158 3.494943
v -0.166829 4.305158 3.488374
v -0.137481 4.301600 3.588851
v -0.126447 4.301600 3.587765
v -0.127175 4.305158 3.584105
v -0.137481 4.305158 3.585121
v -0.106060 4.301600 3.485271
v -0.115838 4.301600 3.480045
v -0.117266 4.305158 3.483492
v -0.108133 4.305158 3.488374
v -0.159124 4.301600 3.480045
v -0.168901 4.301600 3.485271
v -0.166829 4.305158 3.488374
v -0.157696 4.305158 3.483492
v -0.148514 4.301600 3.587765
v -0.137481 4.301600 3.588851
v -0.137481 4.305158 3.585121
v -0.147786 4.305158 3.584105
v -0.097490 4.301600 3.492305
v -0.106060 4.301600 3.485271
v -0.108133 4.305158 3.488374
v -0.100128 4.305158 3.494943
v -0.148514 4.301600 3.476827
v -0.159124 4.301600 3.480045
v -0.157696 4.305158 3.483492
v -0.147786 4.305158 3.480486
v -0.159124 4.301600 3.584546
v -0.148514 4.301600 3.587765
v -0.147786 4.305158 3.584105
v -0.157696 4.305158 3.581100
v -0.090456 4.301600 3.500875
v -0.097490 4.301600 3.492305
v -0.100128 4.305158 3.494943
v -0.093558 4.305158 3.502948
v -0.137481 4.301600 3.475740
v -0.148514 4.301600 3.476827
v -0.147786 4.305158 3.480486
v -0.137481 4.305158 3.479471
v -0.168901 4.301600 3.579320
v -0.159124 4.301600 3.584546
v -0.157696 4.305158 3.581100
v -0.166829 4.305158 3.576218
v -0.113068 4.305158 3.556709
v -0.108774 4.305158 3.551477
v -0.108774 4.420248 3.551477
v -0.113068 4.420248 3.556709
v -0.189291 4.305158 3.542601
v -0.186285 4.305158 3.552511
v -0.169378 4.305158 3.545508
v -0.171343 4.305158 3.539031
v -0.088677 4.305158 3.552511
v -0.085671 4.305158 3.542601
v -0.103619 4.305158 3.539031
v -0.105583 4.305158 3.545508
v -0.190306 4.305158 3.532296
v -0.189291 4.305158 3.542601
v -0.171343 4.305158 3.539031
v -0.172006 4.305158 3.532296
v -0.093558 4.305158 3.561644
v -0.088677 4.305158 3.552511
v -0.105583 4.305158 3.545508
v -0.108774 4.305158 3.551477
v -0.189291 4.305158 3.521990
v -0.190306 4.305158 3.532296
v -0.172006 4.305158 3.532296
v -0.171343 4.305158 3.525560
v -0.100128 4.305158 3.569649
v -0.093558 4.305158 3.561644
v -0.108774 4.305158 3.551477
v -0.113068 4.305158 3.556709
v -0.186285 4.305158 3.512080
v -0.189291 4.305158 3.521990
v -0.171343 4.305158 3.525560
v -0.169378 4.305158 3.519083
v -0.108133 4.305158 3.576218
v -0.100128 4.305158 3.569649
v -0.113068 4.305158 3.556709
v -0.118299 4.305158 3.561002
v -0.181403 4.305158 3.502948
v -0.186285 4.305158 3.512080
v -0.169378 4.305158 3.519083
v -0.166188 4.305158 3.513114
v -0.117266 4.305158 3.581100
v -0.108133 4.305158 3.576218
v -0.118299 4.305158 3.561002
v -0.124268 4.305158 3.564193
v -0.127175 4.305158 3.480486
v -0.137481 4.305158 3.479471
v -0.137481 4.305158 3.497770
v -0.130745 4.305158 3.498434
v -0.174834 4.305158 3.494943
v -0.181403 4.305158 3.502948
v -0.166188 4.305158 3.513114
v -0.161894 4.305158 3.507883
v -0.127175 4.305158 3.584105
v -0.117266 4.305158 3.581100
v -0.124268 4.305158 3.564193
v -0.130745 4.305158 3.566158
v -0.117266 4.305158 3.483492
v -0.127175 4.305158 3.480486
v -0.130745 4.305158 3.498434
v -0.124268 4.305158 3.500398
v -0.166829 4.305158 3.488374
v -0.174834 4.305158 3.494943
v -0.161894 4.305158 3.507883
v -0.156662 4.305158 3.503589
v -0.137481 4.305158 3.585121
v -0.127175 4.305158 3.584105
v -0.130745 4.305158 3.566158
v -0.137481 4.305158 3.566821
v -0.108133 4.305158 3.488374
v -0.117266 4.305158 3.483492
v -0.124268 4.305158 3.500398
v -0.118299 4.305158 3.503589
v -0.157696 4.305158 3.483492
v -0.166829 4.305158 3.488374
v -0.156662 4.305158 3.503589
v -0.150693 4.305158 3.500398
v -0.147786 4.305158 3.584105
v -0.137481 4.305158 3.585121
v -0.137481 4.305158 3.566821
v -0.144216 4.305158 3.566158
v -0.100128 4.305158 3.494943
v -0.108133 4.305158 3.488374
v -0.118299 4.305158 3.503589
v -0.113068 4.305158 3.507883
v -0.147786 4.305158 3.480486
v -0.157696 4.305158 3.483492
v -0.150693 4.305158 3.500398
v -0.144216 4.305158 3.498434
v -0.157696 4.305158 3.581100
v -0.147786 4.305158 3.584105
v -0.144216 4.305158 3.566158
v -0.150693 4.305158 3.564193
v -0.093558 4.305158 3.502948
v -0.100128 4.305158 3.494943
v -0.113068 4.305158 3.507883
v -0.108774 4.305158 3.513114
v -0.137481 4.305158 3.479471
v -0.147786 4.305158 3.480486
v -0.144216 4.305158 3.498434
v -0.137481 4.305158 3.497770
v -0.166829 4.305158 3.576218
v -0.157696 4.305158 3.581100
v -0.150693 4.305158 3.564193
v -0.156662 4.305158 3.561002
v -0.088677 4.305158 3.512080
v -0.093558 4.305158 3.502948
v -0.108774 4.305158 3.513114
v -0.105583 4.305158 3.519083
v -0.174834 4.305158 3.569649
v -0.166829 4.305158 3.576218
v -0.156662 4.305158 3.561002
v -0.161894 4.305158 3.556709
v -0.085671 4.305158 3.521990
v -0.088677 4.305158 3.512080
v -0.105583 4.305158 3.519083
v -0.103619 4.305158 3.525560
v -0.181403 4.305158 3.561644
v -0.174834 4.305158 3.569649
v -0.161894 4.305158 3.556709
v -0.166187 4.305158 3.551477
v -0.084656 4.305158 3.532296
v -0.085671 4.305158 3.521990
v -0.103619 4.305158 3.525560
v -0.102955 4.305158 3.532296
v -0.186285 4.305158 3.552511
v -0.181403 4.305158 3.561644
v -0.166187 4.305158 3.551477
v -0.169378 4.305158 3.545508
v -0.130745 4.420248 3.566158
v -0.124268 4.420248 3.564193
v -0.120081 4.420248 3.574303
v -0.128610 4.420248 3.576890
v -0.169378 4.305158 3.519083
v -0.171343 4.305158 3.525560
v -0.171343 4.420248 3.525560
v -0.169378 4.420248 3.519083
v -0.118299 4.305158 3.561002
v -0.113068 4.305158 3.556709
v -0.113068 4.420248 3.556709
v -0.118299 4.420248 3.561002
v -0.166188 4.305158 3.513114
v -0.169378 4.305158 3.519083
v -0.169378 4.420248 3.519083
v -0.166187 4.420248 3.513114
v -0.124268 4.305158 3.564193
v -0.118299 4.305158 3.561002
v -0.118299 4.420248 3.561002
v -0.124268 4.420248 3.564193
v -0.130745 4.305158 3.498434
v -0.137481 4.305158 3.497770
v -0.137481 4.420248 3.497770
v -0.130745 4.420248 3.498434
v -0.161894 4.305158 3.507883
v -0.166188 4.305158 3.513114
v -0.166187 4.420248 3.513114
v -0.161894 4.420248 3.507883
v -0.130745 4.305158 3.566158
v -0.124268 4.305158 3.564193
v -0.124268 4.420248 3.564193
v -0.130745 4.420248 3.566158
v -0.124268 4.305158 3.500398
v -0.130745 4.305158 3.498434
v -0.130745 4.420248 3.498434
v -0.124268 4.420248 3.500398
v -0.156662 4.305158 3.503589
v -0.161894 4.305158 3.507883
v -0.161894 4.420248 3.507883
v -0.156662 4.420248 3.503589
v -0.137481 4.305158 3.566821
v -0.130745 4.305158 3.566158
v -0.130745 4.420248 3.566158
v -0.137481 4.420248 3.566821
v -0.118299 4.305158 3.503589
v -0.124268 4.305158 3.500398
v -0.124268 4.420248 3.500398
v -0.118299 4.420248 3.503589
v -0.150693 4.305158 3.500398
v -0.156662 4.305158 3.503589
v -0.156662 4.420248 3.503589
v -0.150693 4.420248 3.500398
v -0.144216 4.305158 3.566158
v -0.137481 4.305158 3.566821
v -0.137481 4.420248 3.566821
v -0.144216 4.420248 3.566158
v -0.113068 4.305158 3.507883
v -0.118299 4.305158 3.503589
v -0.118299 4.420248 3.503589
v -0.113068 4.420248 3.507883
v -0.144216 4.305158 3.498434
v -0.150693 4.305158 3.500398
v -0.150693 4.420248 3.500398
v -0.144216 4.420248 3.498434
v -0.150693 4.305158 3.564193
v -0.144216 4.305158 3.566158
v -0.144216 4.420248 3.566158
v -0.150693 4.420248 3.564193
v -0.108774 4.305158 3.513114
v -0.113068 4.305158 3.507883
v -0.113068 4.420248 3.507883
v -0.108774 4.420248 3.513114
v -0.137481 4.305158 3.497770
v -0.144216 4.305158 3.498434
v -0.144216 4.420248 3.498434
v -0.137481 4.420248 3.497770
v -0.156662 4.305158 3.561002
v -0.150693 4.305158 3.564193
v -0.150693 4.420248 3.564193
v -0.156662 4.420248 3.561002
v -0.105583 4.305158 3.519083
v -0.108774 4.305158 3.513114
v -0.108774 4.420248 3.513114
v -0.105583 4.420248 3.519083
v -0.161894 4.305158 3.556709
v -0.156662 4.305158 3.561002
v -0.156662 4.420248 3.561002
v -0.161894 4.420248 3.556709
v -0.103619 4.305158 3.525560
v -0.105583 4.305158 3.519083
v -0.105583 4.420248 3.519083
v -0.103619 4.420248 3.525560
v -0.166187 4.305158 3.551477
v -0.161894 4.305158 3.556709
v -0.161894 4.420248 3.556709
v -0.166187 4.420248 3.551477
v -0.102955 4.305158 3.532296
v -0.103619 4.305158 3.525560
v -0.103619 4.420248 3.525560
v -0.102955 4.420248 3.532296
v -0.169378 4.305158 3.545508
v -0.166187 4.305158 3.551477
v -0.166187 4.420248 3.551477
v -0.169378 4.420248 3.545508
v -0.103619 4.305158 3.539031
v -0.102955 4.305158 3.532296
v -0.102955 4.420248 3.532296
v -0.103619 4.420248 3.539031
v -0.171343 4.305158 3.539031
v -0.169378 4.305158 3.545508
v -0.169378 4.420248 3.545508
v -0.171343 4.420248 3.539031
v -0.105583 4.305158 3.545508
v -0.103619 4.305158 3.539031
v -0.103619 4.420248 3.539031
v -0.105583 4.420248 3.545508
v -0.172006 4.305158 3.532296
v -0.171343 4.305158 3.539031
v -0.171343 4.420248 3.539031
v -0.172006 4.420248 3.532296
v -0.108774 4.305158 3.551477
v -0.105583 4.305158 3.545508
v -0.105583 4.420248 3.545508
v -0.108774 4.420248 3.551477
v -0.171343 4.305158 3.525560
v -0.172006 4.305158 3.532296
v -0.172006 4.420248 3.532296
v -0.171343 4.420248 3.525560
v -0.154881 4.420248 3.574303
v -0.146351 4.420248 3.576890
v -0.142699 4.438901 3.558530
v -0.147717 4.438901 3.557008
v -0.124268 4.420248 3.500398
v -0.130745 4.420248 3.498434
v -0.128610 4.420248 3.487701
v -0.120081 4.420248 3.490289
v -0.156662 4.420248 3.503589
v -0.161894 4.420248 3.507883
v -0.169631 4.420248 3.500145
v -0.162741 4.420248 3.494491
v -0.137481 4.420248 3.566821
v -0.130745 4.420248 3.566158
v -0.128610 4.420248 3.576890
v -0.137481 4.420248 3.577764
v -0.118299 4.420248 3.503589
v -0.124268 4.420248 3.500398
v -0.120081 4.420248 3.490289
v -0.112220 4.420248 3.494491
v -0.150693 4.420248 3.500398
v -0.156662 4.420248 3.503589
v -0.162741 4.420248 3.494491
v -0.154881 4.420248 3.490289
v -0.144216 4.420248 3.566158
v -0.137481 4.420248 3.566821
v -0.137481 4.420248 3.577764
v -0.146351 4.420248 3.576890
v -0.113068 4.420248 3.507883
v -0.118299 4.420248 3.503589
v -0.112220 4.420248 3.494491
v -0.105330 4.420248 3.500145
v -0.144216 4.420248 3.498434
v -0.150693 4.420248 3.500398
v -0.154881 4.420248 3.490289
v -0.146351 4.420248 3.487701
v -0.150693 4.420248 3.564193
v -0.144216 4.420248 3.566158
v -0.146351 4.420248 3.576890
v -0.154881 4.420248 3.574303
v -0.108774 4.420248 3.513114
v -0.113068 4.420248 3.507883
v -0.105330 4.420248 3.500145
v -0.099676 4.420248 3.507035
v -0.137481 4.420248 3.497770
v -0.144216 4.420248 3.498434
v -0.146351 4.420248 3.487701
v -0.137481 4.420248 3.486828
v -0.156662 4.420248 3.561002
v -0.150693 4.420248 3.564193
v -0.154881 4.420248 3.574303
v -0.162741 4.420248 3.570101
v -0.105583 4.420248 3.519083
v -0.108774 4.420248 3.513114
v -0.099676 4.420248 3.507035
v -0.095474 4.420248 3.514896
v -0.161894 4.420248 3.556709
v -0.156662 4.420248 3.561002
v -0.162741 4.420248 3.570101
v -0.169631 4.420248 3.564446
v -0.103619 4.420248 3.525560
v -0.105583 4.420248 3.519083
v -0.095474 4.420248 3.514896
v -0.092886 4.420248 3.523425
v -0.166187 4.420248 3.551477
v -0.161894 4.420248 3.556709
v -0.169631 4.420248 3.564446
v -0.175286 4.420248 3.557556
v -0.102955 4.420248 3.532296
v -0.103619 4.420248 3.525560
v -0.092886 4.420248 3.523425
v -0.092013 4.420248 3.532296
v -0.169378 4.420248 3.545508
v -0.166187 4.420248 3.551477
v -0.175286 4.420248 3.557556
v -0.179488 4.420248 3.549695
v -0.103619 4.420248 3.539031
v -0.102955 4.420248 3.532296
v -0.092013 4.420248 3.532296
v -0.092886 4.420248 3.541166
v -0.171343 4.420248 3.539031
v -0.169378 4.420248 3.545508
v -0.179488 4.420248 3.549695
v -0.182075 4.420248 3.541166
v -0.105583 4.420248 3.545508
v -0.103619 4.420248 3.539031
v -0.092886 4.420248 3.541166
v -0.095474 4.420248 3.549695
v -0.172006 4.420248 3.532296
v -0.171343 4.420248 3.539031
v -0.182075 4.420248 3.541166
v -0.182949 4.420248 3.532296
v -0.108774 4.420248 3.551477
v -0.105583 4.420248 3.545508
v -0.095474 4.420248 3.549695
v -0.099676 4.420248 3.557556
v -0.171343 4.420248 3.525560
v -0.172006 4.420248 3.532296
v -0.182949 4.420248 3.532296
v -0.182075 4.420248 3.523425
v -0.113068 4.420248 3.556709
v -0.108774 4.420248 3.551477
v -0.099676 4.420248 3.557556
v -0.105330 4.420248 3.564446
v -0.169378 4.420248 3.519083
v -0.171343 4.420248 3.525560
v -0.182075 4.420248 3.523425
v -0.179488 4.420248 3.514896
v -0.118299 4.420248 3.561002
v -0.113068 4.420248 3.556709
v -0.105330 4.420248 3.564446
v -0.112220 4.420248 3.570101
v -0.166187 4.420248 3.513114
v -0.169378 4.420248 3.519083
v -0.179488 4.420248 3.514896
v -0.175286 4.420248 3.507035
v -0.124268 4.420248 3.564193
v -0.118299 4.420248 3.561002
v -0.112220 4.420248 3.570101
v -0.120081 4.420248 3.574303
v -0.130745 4.420248 3.498434
v -0.137481 4.420248 3.497770
v -0.137481 4.420248 3.486828
v -0.128610 4.420248 3.487701
v -0.161894 4.420248 3.507883
v -0.166187 4.420248 3.513114
v -0.175286 4.420248 3.507035
v -0.169631 4.420248 3.500145
v -0.159721 4.438901 3.547156
v -0.156394 4.438901 3.551209
v -0.147990 4.438902 3.542805
v -0.149839 4.438902 3.540553
v -0.099676 4.420248 3.507035
v -0.105330 4.420248 3.500145
v -0.118567 4.438901 3.513382
v -0.115240 4.438901 3.517435
v -0.137481 4.420248 3.486828
v -0.146351 4.420248 3.487701
v -0.142699 4.438901 3.506062
v -0.137481 4.438901 3.505548
v -0.162741 4.420248 3.570101
v -0.154881 4.420248 3.574303
v -0.147717 4.438901 3.557008
v -0.152341 4.438901 3.554536
v -0.095474 4.420248 3.514896
v -0.099676 4.420248 3.507035
v -0.115240 4.438901 3.517435
v -0.112769 4.438901 3.522060
v -0.169631 4.420248 3.564446
v -0.162741 4.420248 3.570101
v -0.152341 4.438901 3.554536
v -0.156394 4.438901 3.551209
v -0.092886 4.420248 3.523425
v -0.095474 4.420248 3.514896
v -0.112769 4.438901 3.522060
v -0.111247 4.438901 3.527077
v -0.175286 4.420248 3.557556
v -0.169631 4.420248 3.564446
v -0.156394 4.438901 3.551209
v -0.159721 4.438901 3.547156
v -0.092013 4.420248 3.532296
v -0.092886 4.420248 3.523425
v -0.111247 4.438901 3.527077
v -0.110733 4.438901 3.532296
v -0.179488 4.420248 3.549695
v -0.175286 4.420248 3.557556
v -0.159721 4.438901 3.547156
v -0.162193 4.438901 3.542532
v -0.092886 4.420248 3.541166
v -0.092013 4.420248 3.532296
v -0.110733 4.438901 3.532296
v -0.111247 4.438901 3.537514
v -0.182075 4.420248 3.541166
v -0.179488 4.420248 3.549695
v -0.162193 4.438901 3.542532
v -0.163715 4.438901 3.537514
v -0.095474 4.420248 3.549695
v -0.092886 4.420248 3.541166
v -0.111247 4.438901 3.537514
v -0.112769 4.438901 3.542532
v -0.182949 4.420248 3.532296
v -0.182075 4.420248 3.541166
v -0.163715 4.438901 3.537514
v -0.164229 4.438901 3.532296
v -0.099676 4.420248 3.557556
v -0.095474 4.420248 3.549695
v -0.112769 4.438901 3.542532
v -0.115240 4.438901 3.547156
v -0.182075 4.420248 3.523425
v -0.182949 4.420248 3.532296
v -0.164229 4.438901 3.532296
v -0.163715 4.438901 3.527077
v -0.105330 4.420248 3.564446
v -0.099676 4.420248 3.557556
v -0.115240 4.438901 3.547156
v -0.118567 4.438901 3.551209
v -0.179488 4.420248 3.514896
v -0.182075 4.420248 3.523425
v -0.163715 4.438901 3.527077
v -0.162193 4.438901 3.522060
v -0.112220 4.420248 3.570101
v -0.105330 4.420248 3.564446
v -0.118567 4.438901 3.551209
v -0.122620 4.438901 3.554536
v -0.175286 4.420248 3.507035
v -0.179488 4.420248 3.514896
v -0.162193 4.438901 3.522060
v -0.159721 4.438901 3.517435
v -0.120081 4.420248 3.574303
v -0.112220 4.420248 3.570101
v -0.122620 4.438901 3.554536
v -0.127245 4.438901 3.557008
v -0.128610 4.420248 3.487701
v -0.137481 4.420248 3.486828
v -0.137481 4.438901 3.505548
v -0.132262 4.438901 3.506062
v -0.169631 4.420248 3.500145
v -0.175286 4.420248 3.507035
v -0.159721 4.438901 3.517435
v -0.156394 4.438901 3.513382
v -0.128610 4.420248 3.576890
v -0.120081 4.420248 3.574303
v -0.127245 4.438901 3.557008
v -0.132262 4.438901 3.558530
v -0.120081 4.420248 3.490289
v -0.128610 4.420248 3.487701
v -0.132262 4.438901 3.506062
v -0.127245 4.438901 3.507584
v -0.162741 4.420248 3.494491
v -0.169631 4.420248 3.500145
v -0.156394 4.438901 3.513382
v -0.152341 4.438901 3.510056
v -0.137481 4.420248 3.577764
v -0.128610 4.420248 3.576890
v -0.132262 4.438901 3.558530
v -0.137481 4.438901 3.559044
v -0.112220 4.420248 3.494491
v -0.120081 4.420248 3.490289
v -0.127245 4.438901 3.507584
v -0.122620 4.438901 3.510056
v -0.154881 4.420248 3.490289
v -0.162741 4.420248 3.494491
v -0.152341 4.438901 3.510056
v -0.147717 4.438901 3.507584
v -0.146351 4.420248 3.576890
v -0.137481 4.420248 3.577764
v -0.137481 4.438901 3.559044
v -0.142699 4.438901 3.558530
v -0.105330 4.420248 3.500145
v -0.112220 4.420248 3.494491
v -0.122620 4.438901 3.510056
v -0.118567 4.438901 3.513382
v -0.146351 4.420248 3.487701
v -0.154881 4.420248 3.490289
v -0.147717 4.438901 3.507584
v -0.142699 4.438901 3.506062
v -0.152343 4.438902 3.532296
v -0.152058 4.438902 3.535195
v -0.145231 4.561666 3.533837
v -0.145383 4.561666 3.532296
v -0.110733 4.438901 3.532296
v -0.111247 4.438901 3.527077
v -0.122904 4.438902 3.529396
v -0.122618 4.438902 3.532296
v -0.162193 4.438901 3.542532
v -0.159721 4.438901 3.547156
v -0.149839 4.438902 3.540553
v -0.151212 4.438902 3.537983
v -0.111247 4.438901 3.537514
v -0.110733 4.438901 3.532296
v -0.122618 4.438902 3.532296
v -0.122904 4.438902 3.535195
v -0.163715 4.438901 3.537514
v -0.162193 4.438901 3.542532
v -0.151212 4.438902 3.537983
v -0.152058 4.438902 3.535195
v -0.112769 4.438901 3.542532
v -0.111247 4.438901 3.537514
v -0.122904 4.438902 3.535195
v -0.123749 4.438902 3.537983
v -0.164229 4.438901 3.532296
v -0.163715 4.438901 3.537514
v -0.152058 4.438902 3.535195
v -0.152343 4.438902 3.532296
v -0.115240 4.438901 3.547156
v -0.112769 4.438901 3.542532
v -0.123749 4.438902 3.537983
v -0.125123 4.438902 3.540553
v -0.163715 4.438901 3.527077
v -0.164229 4.438901 3.532296
v -0.152343 4.438902 3.532296
v -0.152058 4.438902 3.529396
v -0.118567 4.438901 3.551209
v -0.115240 4.438901 3.547156
v -0.125123 4.438902 3.540553
v -0.126971 4.438902 3.542805
v -0.162193 4.438901 3.522060
v -0.163715 4.438901 3.527077
v -0.152058 4.438902 3.529396
v -0.151212 4.438902 3.526608
v -0.122620 4.438901 3.554536
v -0.118567 4.438901 3.551209
v -0.126971 4.438902 3.542805
v -0.129223 4.438902 3.544653
v -0.159721 4.438901 3.517435
v -0.162193 4.438901 3.522060
v -0.151212 4.438902 3.526608
v -0.149839 4.438902 3.524039
v -0.127245 4.438901 3.557008
v -0.122620 4.438901 3.554536
v -0.129223 4.438902 3.544653
v -0.131793 4.438902 3.546027
v -0.132262 4.438901 3.506062
v -0.137481 4.438901 3.505548
v -0.137481 4.438902 3.517433
v -0.134581 4.438902 3.517719
v -0.156394 4.438901 3.513382
v -0.159721 4.438901 3.517435
v -0.149839 4.438902 3.524039
v -0.147990 4.438902 3.521786
v -0.132262 4.438901 3.558530
v -0.127245 4.438901 3.557008
v -0.131793 4.438902 3.546027
v -0.134581 4.438902 3.546873
v -0.127245 4.438901 3.507584
v -0.132262 4.438901 3.506062
v -0.134581 4.438902 3.517719
v -0.131793 4.438902 3.518564
v -0.152341 4.438901 3.510056
v -0.156394 4.438901 3.513382
v -0.147990 4.438902 3.521786
v -0.145738 4.438902 3.519938
v -0.137481 4.438901 3.559044
v -0.132262 4.438901 3.558530
v -0.134581 4.438902 3.546873
v -0.137481 4.438902 3.547158
v -0.122620 4.438901 3.510056
v -0.127245 4.438901 3.507584
v -0.131793 4.438902 3.518564
v -0.129223 4.438902 3.519938
v -0.147717 4.438901 3.507584
v -0.152341 4.438901 3.510056
v -0.145738 4.438902 3.519938
v -0.143168 4.438902 3.518564
v -0.142699 4.438901 3.558530
v -0.137481 4.438901 3.559044
v -0.137481 4.438902 3.547158
v -0.140380 4.438902 3.546873
v -0.118567 4.438901 3.513382
v -0.122620 4.438901 3.510056
v -0.129223 4.438902 3.519938
v -0.126971 4.438902 3.521786
v -0.142699 4.438901 3.506062
v -0.147717 4.438901 3.507584
v -0.143168 4.438902 3.518564
v -0.140380 4.438902 3.517719
v -0.147717 4.438901 3.557008
v -0.142699 4.438901 3.558530
v -0.140380 4.438902 3.546873
v -0.143168 4.438902 3.546027
v -0.115240 4.438901 3.517435
v -0.118567 4.438901 3.513382
v -0.126971 4.438902 3.521786
v -0.125123 4.438902 3.524039
v -0.137481 4.438901 3.505548
v -0.142699 4.438901 3.506062
v -0.140380 4.438902 3.517719
v -0.137481 4.438902 3.517433
v -0.152341 4.438901 3.554536
v -0.147717 4.438901 3.557008
v -0.143168 4.438902 3.546027
v -0.145738 4.438902 3.544653
v -0.112769 4.438901 3.522060
v -0.115240 4.438901 3.517435
v -0.125123 4.438902 3.524039
v -0.123749 4.438902 3.526608
v -0.156394 4.438901 3.551209
v -0.152341 4.438901 3.554536
v -0.145738 4.438902 3.544653
v -0.147990 4.438902 3.542805
v -0.111247 4.438901 3.527077
v -0.112769 4.438901 3.522060
v -0.123749 4.438902 3.526608
v -0.122904 4.438902 3.529396
v -0.144051 4.561666 3.527905
v -0.144782 4.561666 3.529272
v -0.141166 4.766794 3.530770
v -0.140797 4.766794 3.530080
v -0.125123 4.438902 3.540553
v -0.123749 4.438902 3.537983
v -0.130180 4.561666 3.535320
v -0.130910 4.561666 3.536686
v -0.152058 4.438902 3.529396
v -0.152343 4.438902 3.532296
v -0.145383 4.561666 3.532296
v -0.145231 4.561666 3.530754
v -0.126971 4.438902 3.542805
v -0.125123 4.438902 3.540553
v -0.130910 4.561666 3.536686
v -0.131893 4.561666 3.537884
v -0.151212 4.438902 3.526608
v -0.152058 4.438902 3.529396
v -0.145231 4.561666 3.530754
v -0.144782 4.561666 3.529272
v -0.129223 4.438902 3.544653
v -0.126971 4.438902 3.542805
v -0.131893 4.561666 3.537884
v -0.133090 4.561666 3.538867
v -0.149839 4.438902 3.524039
v -0.151212 4.438902 3.526608
v -0.144782 4.561666 3.529272
v -0.144051 4.561666 3.527905
v -0.131793 4.438902 3.546027
v -0.129223 4.438902 3.544653
v -0.133090 4.561666 3.538867
v -0.134456 4.561666 3.539597
v -0.134581 4.438902 3.517719
v -0.137481 4.438902 3.517433
v -0.137481 4.561666 3.524393
v -0.135939 4.561666 3.524545
v -0.147990 4.438902 3.521786
v -0.149839 4.438902 3.524039
v -0.144051 4.561666 3.527905
v -0.143069 4.561666 3.526708
v -0.134581 4.438902 3.546873
v -0.131793 4.438902 3.546027
v -0.134456 4.561666 3.539597
v -0.135939 4.561666 3.540046
v -0.131793 4.438902 3.518564
v -0.134581 4.438902 3.517719
v -0.135939 4.561666 3.524545
v -0.134456 4.561666 3.524995
v -0.145738 4.438902 3.519938
v -0.147990 4.438902 3.521786
v -0.143069 4.561666 3.526708
v -0.141871 4.561666 3.525725
v -0.137481 4.438902 3.547158
v -0.134581 4.438902 3.546873
v -0.135939 4.561666 3.540046
v -0.137481 4.561666 3.540198
v -0.129223 4.438902 3.519938
v -0.131793 4.438902 3.518564
v -0.134456 4.561666 3.524995
v -0.133090 4.561666 3.525725
v -0.143168 4.438902 3.518564
v -0.145738 4.438902 3.519938
v -0.141871 4.561666 3.525725
v -0.140505 4.561666 3.524995
v -0.140380 4.438902 3.546873
v -0.137481 4.438902 3.547158
v -0.137481 4.561666 3.540198
v -0.139022 4.561666 3.540046
v -0.126971 4.438902 3.521786
v -0.129223 4.438902 3.519938
v -0.133090 4.561666 3.525725
v -0.131893 4.561666 3.526708
v -0.140380 4.438902 3.517719
v -0.143168 4.438902 3.518564
v -0.140505 4.561666 3.524995
v -0.139022 4.561666 3.524545
v -0.143168 4.438902 3.546027
v -0.140380 4.438902 3.546873
v -0.139022 4.561666 3.540046
v -0.140505 4.561666 3.539597
v -0.125123 4.438902 3.524039
v -0.126971 4.438902 3.521786
v -0.131893 4.561666 3.526708
v -0.130910 4.561666 3.527905
v -0.137481 4.438902 3.517433
v -0.140380 4.438902 3.517719
v -0.139022 4.561666 3.524545
v -0.137481 4.561666 3.524393
v -0.145738 4.438902 3.544653
v -0.143168 4.438902 3.546027
v -0.140505 4.561666 3.539597
v -0.141871 4.561666 3.538867
v -0.123749 4.438902 3.526608
v -0.125123 4.438902 3.524039
v -0.130910 4.561666 3.527905
v -0.130180 4.561666 3.529272
v -0.147990 4.438902 3.542805
v -0.145738 4.438902 3.544653
v -0.141871 4.561666 3.538867
v -0.143069 4.561666 3.537884
v -0.122904 4.438902 3.529396
v -0.123749 4.438902 3.526608
v -0.130180 4.561666 3.529272
v -0.129730 4.561666 3.530754
v -0.149839 4.438902 3.540553
v -0.147990 4.438902 3.542805
v -0.143069 4.561666 3.537884
v -0.144051 4.561666 3.536686
v -0.122618 4.438902 3.532296
v -0.122904 4.438902 3.529396
v -0.129730 4.561666 3.530754
v -0.129578 4.561666 3.532296
v -0.151212 4.438902 3.537983
v -0.149839 4.438902 3.540553
v -0.144051 4.561666 3.536686
v -0.144782 4.561666 3.535320
v -0.122904 4.438902 3.535195
v -0.122618 4.438902 3.532296
v -0.129578 4.561666 3.532296
v -0.129730 4.561666 3.533837
v -0.152058 4.438902 3.535195
v -0.151212 4.438902 3.537983
v -0.144782 4.561666 3.535320
v -0.145231 4.561666 3.533837
v -0.123749 4.438902 3.537983
v -0.122904 4.438902 3.535195
v -0.129730 4.561666 3.533837
v -0.130180 4.561666 3.535320
v -0.134456 4.561666 3.539597
v -0.133090 4.561666 3.538867
v -0.135265 4.766794 3.535612
v -0.135955 4.766794 3.535980
v -0.135939 4.561666 3.524545
v -0.137481 4.561666 3.524393
v -0.137481 4.766794 3.528308
v -0.136703 4.766794 3.528384
v -0.143069 4.561666 3.526708
v -0.144051 4.561666 3.527905
v -0.140797 4.766794 3.530080
v -0.140301 4.766794 3.529476
v -0.135939 4.561666 3.540046
v -0.134456 4.561666 3.539597
v -0.135955 4.766794 3.535980
v -0.136703 4.766794 3.536207
v -0.134456 4.561666 3.524995
v -0.135939 4.561666 3.524545
v -0.136703 4.766794 3.528384
v -0.135955 4.766794 3.528611
v -0.141871 4.561666 3.525725
v -0.143069 4.561666 3.526708
v -0.140301 4.766794 3.529476
v -0.139697 4.766794 3.528980
v -0.137481 4.561666 3.540198
v -0.135939 4.561666 3.540046
v -0.136703 4.766794 3.536207
v -0.137481 4.766794 3.536284
v -0.133090 4.561666 3.525725
v -0.134456 4.561666 3.524995
v -0.135955 4.766794 3.528611
v -0.135265 4.766794 3.528980
v -0.140505 4.561666 3.524995
v -0.141871 4.561666 3.525725
v -0.139697 4.766794 3.528980
v -0.139007 4.766794 3.528611
v -0.139022 4.561666 3.540046
v -0.137481 4.561666 3.540198
v -0.137481 4.766794 3.536284
v -0.138259 4.766794 3.536207
v -0.131893 4.561666 3.526708
v -0.133090 4.561666 3.525725
v -0.135265 4.766794 3.528980
v -0.134661 4.766794 3.529476
v -0.139022 4.561666 3.524545
v -0.140505 4.561666 3.524995
v -0.139007 4.766794 3.528611
v -0.138259 4.766794 3.528384
v -0.140505 4.561666 3.539597
v -0.139022 4.561666 3.540046
v -0.138259 4.766794 3.536207
v -0.139007 4.766794 3.535980
v -0.130910 4.561666 3.527905
v -0.131893 4.561666 3.526708
v -0.134661 4.766794 3.529476
v -0.134165 4.766794 3.530080
v -0.137481 4.561666 3.524393
v -0.139022 4.561666 3.524545
v -0.138259 4.766794 3.528384
v -0.137481 4.766794 3.528308
v -0.141871 4.561666 3.538867
v -0.140505 4.561666 3.539597
v -0.139007 4.766794 3.535980
v -0.139697 4.766794 3.535612
v -0.130180 4.561666 3.529272
v -0.130910 4.561666 3.527905
v -0.134165 4.766794 3.530080
v -0.133797 4.766794 3.530770
v -0.143069 4.561666 3.537884
v -0.141871 4.561666 3.538867
v -0.139697 4.766794 3.535612
v -0.140301 4.766794 3.535116
v -0.129730 4.561666 3.530754
v -0.130180 4.561666 3.529272
v -0.133797 4.766794 3.530770
v -0.133570 4.766794 3.531518
v -0.144051 4.561666 3.536686
v -0.143069 4.561666 3.537884
v -0.140301 4.766794 3.535116
v -0.140797 4.766794 3.534511
v -0.129578 4.561666 3.532296
v -0.129730 4.561666 3.530754
v -0.133570 4.766794 3.531518
v -0.133493 4.766794 3.532296
v -0.144782 4.561666 3.535320
v -0.144051 4.561666 3.536686
v -0.140797 4.766794 3.534511
v -0.141166 4.766794 3.533822
v -0.129730 4.561666 3.533837
v -0.129578 4.561666 3.532296
v -0.133493 4.766794 3.532296
v -0.133570 4.766794 3.533074
v -0.145231 4.561666 3.533837
v -0.144782 4.561666 3.535320
v -0.141166 4.766794 3.533822
v -0.141392 4.766794 3.533074
v -0.130180 4.561666 3.535320
v -0.129730 4.561666 3.533837
v -0.133570 4.766794 3.533074
v -0.133797 4.766794 3.533822
v -0.145383 4.561666 3.532296
v -0.145231 4.561666 3.533837
v -0.141392 4.766794 3.533074
v -0.141469 4.766794 3.532296
v -0.130910 4.561666 3.536686
v -0.130180 4.561666 3.535320
v -0.133797 4.766794 3.533822
v -0.134165 4.766794 3.534511
v -0.145231 4.561666 3.530754
v -0.145383 4.561666 3.532296
v -0.141469 4.766794 3.532296
v -0.141392 4.766794 3.531518
v -0.131893 4.561666 3.537884
v -0.130910 4.561666 3.536686
v -0.134165 4.766794 3.534511
v -0.134661 4.766794 3.535116
v -0.144782 4.561666 3.529272
v -0.145231 4.561666 3.530754
v -0.141392 4.766794 3.531518
v -0.141166 4.766794 3.530770
v -0.133090 4.561666 3.538867
v -0.131893 4.561666 3.537884
v -0.134661 4.766794 3.535116
v -0.135265 4.766794 3.535612
v -0.503521 3.003994 3.896341
v -0.437985 3.015171 3.830806
v -0.437985 3.015171 3.230981
v -0.503521 3.003994 3.165446
v -0.503521 3.003994 3.165446
v -0.437985 3.015171 3.230981
v 0.161839 3.015171 3.230981
v 0.227375 3.003994 3.165446
v 0.227375 3.003994 3.165446
v 0.161839 3.015171 3.230981
v 0.161839 3.015171 3.830806
v 0.227375 3.003994 3.896341
v 0.227375 3.003994 3.896341
v 0.161839 3.015171 3.830806
v -0.437985 3.015171 3.830806
v -0.503521 3.003994 3.896341
v -0.503521 0.004473 3.165446
v 0.227375 0.004473 3.165446
v 0.227375 0.004473 3.896341
v -0.503521 0.004473 3.896341
v 0.161839 3.015171 3.830806
v 0.161839 3.015171 3.230981
v 0.161839 3.513229 3.230981
v 0.161839 3.513229 3.830806
v 0.227375 0.004473 3.896341
v 0.227375 3.003994 3.896341
v -0.503521 3.003994 3.896341
v -0.503521 0.004473 3.896341
v 0.227375 0.004473 3.165446
v 0.227375 3.003994 3.165446
v 0.227375 3.003994 3.896341
v 0.227375 0.004473 3.896341
v -0.503521 0.004473 3.165446
v -0.503521 3.003994 3.165446
v 0.227375 3.003994 3.165446
v 0.227375 0.004473 3.165446
v -0.503521 0.004473 3.896341
v -0.503521 3.003994 3.896341
v -0.503521 3.003994 3.165446
v -0.503521 0.004473 3.165446
v -0.437985 3.513229 3.830806
v 0.161839 3.513229 3.830806
v 0.104667 3.513229 3.773633
v -0.380813 3.513229 3.773633
v -0.437985 3.015171 3.230981
v -0.437985 3.015171 3.830806
v -0.437985 3.513229 3.830806
v -0.437985 3.513229 3.230981
v -0.437985 3.015171 3.830806
v 0.161839 3.015171 3.830806
v 0.161839 3.513229 3.830806
v -0.437985 3.513229 3.830806
v 0.161839 3.015171 3.230981
v -0.437985 3.015171 3.230981
v -0.437985 3.513229 3.230981
v 0.161839 3.513229 3.230981
v 0.161839 3.513229 3.230981
v -0.437985 3.513229 3.230981
v -0.380813 3.513229 3.288154
v 0.104667 3.513229 3.288154
v 0.161839 3.513229 3.830806
v 0.161839 3.513229 3.230981
v 0.104667 3.513229 3.288154
v 0.104667 3.513229 3.773633
v -0.437985 3.513229 3.230981
v -0.437985 3.513229 3.830806
v -0.380813 3.513229 3.773633
v -0.380813 3.513229 3.288154
v -0.380813 3.513229 3.773633
v 0.104667 3.513229 3.773633
v 0.104667 3.817702 3.773633
v -0.380813 3.817702 3.773633
v -0.311646 3.886869 3.704467
v 0.035500 3.886869 3.704467
v -0.004574 3.925956 3.664392
v -0.271572 3.925956 3.664392
v 0.104667 3.513229 3.288154
v -0.380813 3.513229 3.288154
v -0.380813 3.817702 3.288154
v 0.104667 3.817702 3.288154
v 0.104667 3.513229 3.773633
v 0.104667 3.513229 3.288154
v 0.104667 3.817702 3.288154
v 0.104667 3.817702 3.773633
v -0.311646 3.886869 3.704467
v -0.311646 3.886869 3.357320
v -0.346230 3.877602 3.322737
v -0.346230 3.877602 3.739050
v -0.346230 3.877602 3.739050
v -0.346230 3.877602 3.322737
v -0.371546 3.852285 3.297420
v -0.371546 3.852285 3.764367
v -0.371546 3.852285 3.764367
v -0.371546 3.852285 3.297420
v -0.380813 3.817702 3.288154
v -0.380813 3.817702 3.773633
v -0.311646 3.886869 3.357320
v 0.035500 3.886869 3.357320
v 0.070084 3.877602 3.322737
v -0.346230 3.877602 3.322737
v -0.346230 3.877602 3.322737
v 0.070084 3.877602 3.322737
v 0.095400 3.852285 3.297420
v -0.371546 3.852285 3.297420
v -0.371546 3.852285 3.297420
v 0.095400 3.852285 3.297420
v 0.104667 3.817702 3.288154
v -0.380813 3.817702 3.288154
v 0.035500 3.886869 3.357320
v 0.035500 3.886869 3.704467
v 0.070084 3.877602 3.739050
v 0.070084 3.877602 3.322737
v 0.070084 3.877602 3.322737
v 0.070084 3.877602 3.739050
v 0.095400 3.852285 3.764367
v 0.095400 3.852285 3.297420
v 0.095400 3.852285 3.297420
v 0.095400 3.852285 3.764367
v 0.104667 3.817702 3.773633
v 0.104667 3.817702 3.288154
v 0.035500 3.886869 3.704467
v -0.311646 3.886869 3.704467
v -0.346230 3.877602 3.739050
v 0.070084 3.877602 3.739050
v 0.070084 3.877602 3.739050
v -0.346230 3.877602 3.739050
v -0.371546 3.852285 3.764367
v 0.095400 3.852285 3.764367
v 0.095400 3.852285 3.764367
v -0.371546 3.852285 3.764367
v -0.380813 3.817702 3.773633
v 0.104667 3.817702 3.773633
v -0.380813 3.513229 3.288154
v -0.380813 3.513229 3.773633
v -0.380813 3.817702 3.773633
v -0.380813 3.817702 3.288154
v -0.271572 3.925956 3.664392
v -0.004574 3.925956 3.664392
v -0.062105 4.033324 3.606862
v -0.214041 4.033324 3.606862
v -0.311646 3.886869 3.357320
v -0.311646 3.886869 3.704467
v -0.271572 3.925956 3.664392
v -0.271572 3.925956 3.397395
v 0.035500 3.886869 3.357320
v -0.311646 3.886869 3.357320
v -0.271572 3.925956 3.397395
v -0.004574 3.925956 3.397395
v 0.035500 3.886869 3.704467
v 0.035500 3.886869 3.357320
v -0.004574 3.925956 3.397395
v -0.004574 3.925956 3.664392
v -0.004574 3.925956 3.397395
v -0.271572 3.925956 3.397395
v -0.214041 4.033324 3.454925
v -0.062105 4.033324 3.454925
v -0.004574 3.925956 3.664392
v -0.004574 3.925956 3.397395
v -0.062105 4.033324 3.454925
v -0.062105 4.033324 3.606862
v -0.271572 3.925956 3.397395
v -0.271572 3.925956 3.664392
v -0.214041 4.033324 3.606862
v -0.214041 4.033324 3.454925
v -0.062105 4.033324 3.454925
v -0.214041 4.033324 3.454925
v -0.214041 4.042123 3.454925
v -0.062105 4.042123 3.454925
v -0.062105 4.042123 3.454925
v -0.214041 4.042123 3.454925
v -0.214041 4.042123 3.606862
v -0.062105 4.042123 3.606862
v -0.062105 4.033324 3.606862
v -0.062105 4.033324 3.454925
v -0.062105 4.042123 3.454925
v -0.062105 4.042123 3.606862
v -0.214041 4.033324 3.454925
v -0.214041 4.033324 3.606862
v -0.214041 4.042123 3.606862
v -0.214041 4.042123 3.454925
v -0.214041 4.033324 3.606862
v -0.062105 4.033324 3.606862
v -0.062105 4.042123 3.606862
v -0.214041 4.042123 3.606862
v -0.127413 4.042776 3.481683
v -0.147548 4.042776 3.481683
v -0.137481 4.042776 3.480692
v -0.157229 4.042776 3.484620
v -0.117733 4.042776 3.484620
v -0.166150 4.042776 3.489388
v -0.108811 4.042776 3.489388
v -0.100991 4.042776 3.495806
v -0.173970 4.042776 3.495806
v -0.094573 4.042776 3.503626
v -0.180388 4.042776 3.503626
v -0.089805 4.042776 3.512548
v -0.185157 4.042776 3.512548
v -0.188093 4.042776 3.522228
v -0.086868 4.042776 3.522228
v -0.189085 4.042776 3.532296
v -0.085877 4.042776 3.532296
v -0.188093 4.042776 3.542363
v -0.086868 4.042776 3.542363
v -0.089805 4.042776 3.552044
v -0.185157 4.042776 3.552044
v -0.094573 4.042776 3.560966
v -0.180388 4.042776 3.560966
v -0.100991 4.042776 3.568785
v -0.173970 4.042776 3.568785
v -0.108811 4.042776 3.575203
v -0.166150 4.042776 3.575203
v -0.157229 4.042776 3.579972
v -0.117733 4.042776 3.579972
v -0.127413 4.042776 3.582908
v -0.147548 4.042776 3.582908
v -0.137481 4.042776 3.583900
v -0.138259 4.766794 3.528384
v -0.136703 4.766794 3.528384
v -0.137481 4.766794 3.528308
v -0.139007 4.766794 3.528611
v -0.135955 4.766794 3.528611
v -0.139697 4.766794 3.528980
v -0.135265 4.766794 3.528980
v -0.140301 4.766794 3.529476
v -0.134661 4.766794 3.529476
v -0.134165 4.766794 3.530080
v -0.140797 4.766794 3.530080
v -0.133797 4.766794 3.530770
v -0.141166 4.766794 3.530770
v -0.141392 4.766794 3.531518
v -0.133570 4.766794 3.531518
v -0.141469 4.766794 3.532296
v -0.133493 4.766794 3.532296
v -0.141392 4.766794 3.533074
v -0.133570 4.766794 3.533074
v -0.133797 4.766794 3.533822
v -0.141166 4.766794 3.533822
v -0.134165 4.766794 3.534511
v -0.140797 4.766794 3.534511
v -0.134661 4.766794 3.535116
v -0.140301 4.766794 3.535116
v -0.135265 4.766794 3.535612
v -0.139697 4.766794 3.535612
v -0.139007 4.766794 3.535980
v -0.135955 4.766794 3.535980
v -0.138259 4.766794 3.536207
v -0.136703 4.766794 3.536207
v -0.137481 4.766794 3.536284
vn 0.0980 -0.0000 -0.9952
vn 0.2903 -0.0000 -0.9569
vn 0.4714 -0.0000 -0.8819
vn 0.6344 -0.0000 -0.7730
vn 0.7730 -0.0000 -0.6344
vn 0.8819 -0.0000 -0.4714
vn 0.9569 -0.0000 -0.2903
vn 0.9952 -0.0000 -0.0980
vn 0.9952 -0.0000 0.0980
vn 0.9569 -0.0000 0.2903
vn 0.8819 -0.0000 0.4714
vn 0.7730 -0.0000 0.6344
vn 0.6344 -0.0000 0.7730
vn 0.4714 -0.0000 0.8819
vn 0.2903 -0.0000 0.9569
vn 0.0980 -0.0000 0.9952
vn -0.0980 -0.0000 0.9952
vn -0.2903 -0.0000 0.9569
vn -0.4714 -0.0000 0.8819
vn -0.6344 -0.0000 0.7730
vn -0.7730 -0.0000 0.6344
vn -0.8819 -0.0000 0.4714
vn -0.9569 -0.0000 0.2903
vn -0.9952 -0.0000 0.0980
vn -0.9952 -0.0000 -0.0980
vn -0.9569 -0.0000 -0.2903
vn -0.8819 -0.0000 -0.4714
vn -0.7730 -0.0000 -0.6344
vn -0.6344 -0.0000 -0.7730
vn -0.4714 -0.0000 -0.8819
vn -0.2903 -0.0000 -0.9569
vn -0.0980 -0.0000 -0.9952
vn -0.0000 -1.0000 -0.0000
vn 0.0235 0.9967 -0.0775
vn 0.0806 0.9967 0.0079
vn 0.0079 0.9967 0.0806
vn 0.0235 -0.9967 -0.0775
vn 0.0806 -0.9967 0.0079
vn 0.0079 -0.9967 0.0806
vn 0.0714 0.9967 0.0382
vn -0.0382 0.9967 0.0714
vn -0.0775 0.9967 -0.0235
vn 0.0714 -0.9967 0.0382
vn 0.0715 -0.9967 0.0382
vn -0.0382 -0.9967 0.0714
vn -0.0775 -0.9967 -0.0235
vn -0.0626 0.9967 0.0514
vn -0.0626 0.9967 -0.0514
vn 0.0382 0.9967 -0.0714
vn -0.0626 -0.9967 0.0514
vn -0.0626 -0.9967 -0.0514
vn 0.0382 -0.9967 -0.0714
vn 0.0626 0.9967 -0.0514
vn 0.0626 0.9967 0.0514
vn 0.0626 -0.9967 -0.0514
vn 0.0626 -0.9967 0.0514
vn 0.0382 0.9967 0.0714
vn -0.0714 0.9967 0.0382
vn 0.0382 -0.9967 0.0714
vn -0.0714 -0.9967 0.0382
vn -0.0806 0.9967 0.0079
vn -0.0235 0.9967 -0.0775
vn -0.0806 -0.9967 0.0079
vn -0.0235 -0.9967 -0.0775
vn 0.0079 0.9967 -0.0806
vn 0.0806 0.9967 -0.0079
vn -0.0079 -0.9967 0.0806
vn -0.0079 -0.9967 -0.0806
vn -0.0806 -0.9967 -0.0079
vn -0.0079 0.9967 0.0806
vn -0.0079 0.9967 -0.0806
vn -0.0806 0.9967 -0.0079
vn 0.0775 -0.9967 -0.0235
vn -0.0775 -0.9967 0.0235
vn 0.0235 -0.9967 0.0775
vn 0.0775 0.9967 -0.0235
vn -0.0775 0.9967 0.0235
vn 0.0235 0.9967 0.0775
vn -0.0382 -0.9967 -0.0714
vn 0.0514 -0.9967 0.0626
vn 0.0714 -0.9967 -0.0382
vn 0.0715 -0.9967 -0.0382
vn -0.0382 0.9967 -0.0714
vn 0.0514 0.9967 0.0626
vn 0.0714 0.9967 -0.0382
vn 0.0514 -0.9967 -0.0626
vn -0.0514 -0.9967 -0.0626
vn 0.0514 0.9967 -0.0626
vn -0.0514 0.9967 -0.0626
vn -0.0714 -0.9967 -0.0382
vn -0.0715 -0.9967 -0.0382
vn -0.0514 -0.9967 0.0626
vn -0.0714 0.9967 -0.0382
vn -0.0514 0.9967 0.0626
vn -0.0235 -0.9967 0.0775
vn 0.0775 -0.9967 0.0235
vn -0.0235 0.9967 0.0775
vn 0.0775 0.9967 0.0235
vn 0.0806 -0.9967 -0.0079
vn 0.0079 -0.9967 -0.0806
vn -0.0000 1.0000 -0.0000
vn 0.6102 0.7220 -0.3262
vn -0.4389 0.7220 0.5348
vn 0.6621 0.7220 -0.2008
vn -0.5348 0.7220 0.4389
vn 0.6886 0.7220 -0.0678
vn -0.6102 0.7220 0.3262
vn 0.6886 0.7220 0.0678
vn -0.6621 0.7220 0.2008
vn 0.6621 0.7220 0.2008
vn -0.6886 0.7220 0.0678
vn 0.6102 0.7220 0.3262
vn -0.6886 0.7220 -0.0678
vn 0.5348 0.7220 0.4389
vn -0.6621 0.7220 -0.2008
vn 0.4389 0.7220 0.5348
vn -0.6102 0.7220 -0.3262
vn 0.3262 0.7220 0.6102
vn 0.0678 0.7220 -0.6886
vn -0.5348 0.7220 -0.4389
vn 0.2008 0.7220 0.6621
vn 0.2008 0.7220 -0.6621
vn -0.4389 0.7220 -0.5348
vn 0.0678 0.7220 0.6886
vn 0.3262 0.7220 -0.6102
vn -0.3262 0.7220 -0.6102
vn -0.0678 0.7220 0.6886
vn 0.4389 0.7220 -0.5348
vn -0.2008 0.7220 -0.6621
vn -0.2008 0.7220 0.6621
vn 0.5348 0.7220 -0.4389
vn -0.0678 0.7220 -0.6886
vn -0.3262 0.7220 0.6102
vn -0.2054 0.7067 0.6771
vn 0.5470 0.7067 -0.4489
vn -0.0693 0.7067 -0.7042
vn -0.0694 0.7067 -0.7042
vn -0.3335 0.7067 0.6240
vn 0.6240 0.7067 -0.3335
vn -0.4489 0.7067 0.5470
vn 0.6771 0.7067 -0.2054
vn -0.5470 0.7067 0.4489
vn 0.7042 0.7067 -0.0694
vn -0.6240 0.7067 0.3335
vn 0.7042 0.7067 0.0694
vn -0.6771 0.7067 0.2054
vn 0.6771 0.7067 0.2054
vn -0.7042 0.7067 0.0694
vn 0.6240 0.7067 0.3335
vn -0.7042 0.7067 -0.0694
vn 0.5470 0.7067 0.4489
vn -0.6771 0.7067 -0.2054
vn 0.4489 0.7067 0.5470
vn -0.6240 0.7067 -0.3335
vn -0.6240 0.7066 -0.3335
vn 0.3335 0.7067 0.6240
vn 0.0694 0.7067 -0.7042
vn -0.5470 0.7067 -0.4489
vn -0.5469 0.7067 -0.4489
vn 0.2054 0.7067 0.6771
vn 0.2054 0.7067 -0.6771
vn -0.4489 0.7067 -0.5470
vn 0.0693 0.7067 0.7042
vn 0.0694 0.7067 0.7042
vn 0.3335 0.7067 -0.6240
vn -0.3335 0.7067 -0.6240
vn -0.0694 0.7067 0.7042
vn -0.0693 0.7067 0.7042
vn 0.4489 0.7067 -0.5470
vn -0.2054 0.7067 -0.6771
vn -0.9936 0.0563 0.0979
vn -0.8818 0.0190 -0.4713
vn 0.8805 0.0563 0.4706
vn -0.9936 0.0563 -0.0979
vn 0.7718 0.0563 0.6334
vn -0.9554 0.0563 -0.2898
vn 0.6334 0.0563 0.7718
vn -0.8805 0.0563 -0.4706
vn 0.4706 0.0563 0.8805
vn 0.0979 0.0563 -0.9936
vn -0.7718 0.0563 -0.6334
vn 0.2898 0.0563 0.9554
vn 0.2898 0.0563 -0.9554
vn -0.6334 0.0563 -0.7718
vn 0.0979 0.0563 0.9936
vn 0.4706 0.0563 -0.8805
vn -0.4706 0.0563 -0.8805
vn -0.0979 0.0563 0.9936
vn 0.6334 0.0563 -0.7718
vn -0.2898 0.0563 -0.9554
vn -0.2898 0.0563 0.9554
vn 0.7718 0.0563 -0.6334
vn -0.0979 0.0563 -0.9936
vn -0.4706 0.0563 0.8805
vn 0.8805 0.0563 -0.4706
vn -0.6334 0.0563 0.7718
vn 0.9554 0.0563 -0.2898
vn -0.7718 0.0563 0.6334
vn 0.9936 0.0563 -0.0979
vn -0.8805 0.0563 0.4706
vn 0.9936 0.0563 0.0979
vn -0.9554 0.0563 0.2898
vn 0.9554 0.0563 0.2898
vn 0.4713 0.0190 0.8818
vn 0.0980 0.0190 -0.9950
vn -0.7729 0.0190 -0.6343
vn 0.2902 0.0190 0.9568
vn 0.2902 0.0190 -0.9568
vn -0.6343 0.0190 -0.7729
vn 0.0980 0.0190 0.9950
vn 0.4713 0.0190 -0.8818
vn -0.4713 0.0190 -0.8818
vn -0.0980 0.0190 0.9950
vn 0.6343 0.0190 -0.7729
vn -0.2902 0.0190 -0.9568
vn -0.2902 0.0190 0.9568
vn 0.7729 0.0190 -0.6343
vn -0.0980 0.0190 -0.9950
vn -0.4713 0.0190 0.8818
vn 0.8818 0.0190 -0.4713
vn -0.6343 0.0190 0.7729
vn 0.9568 0.0190 -0.2902
vn -0.7729 0.0190 0.6343
vn 0.9950 0.0190 -0.0980
vn -0.8818 0.0190 0.4713
vn 0.9950 0.0190 0.0980
vn -0.9568 0.0190 0.2902
vn 0.9568 0.0190 0.2902
vn -0.9950 0.0190 0.0980
vn 0.8818 0.0190 0.4713
vn -0.9950 0.0190 -0.0980
vn 0.7729 0.0190 0.6343
vn -0.9568 0.0190 -0.2902
vn 0.6343 0.0190 0.7729
vn -0.1681 0.9858 -0.0000
vn -0.0000 0.9858 -0.1681
vn 0.1681 0.9858 -0.0000
vn -0.0000 0.9858 0.1681
vn 1.0000 -0.0000 -0.0000
vn -0.0000 -0.0000 1.0000
vn -0.0000 -0.0000 -1.0000
vn -1.0000 -0.0000 -0.0000
vn -0.0000 0.7159 0.6982
vn -0.2588 0.9659 -0.0000
vn -0.7071 0.7071 -0.0000
vn -0.9659 0.2588 -0.0000
vn -0.0000 0.9659 -0.2588
vn -0.0000 0.7071 -0.7071
vn -0.0000 0.2588 -0.9659
vn 0.2588 0.9659 -0.0000
vn 0.7071 0.7071 -0.0000
vn 0.9659 0.2588 -0.0000
vn -0.0000 0.9659 0.2588
vn -0.0000 0.7071 0.7071
vn -0.0000 0.2588 0.9659
vn -0.0000 0.4723 0.8814
vn -0.6982 0.7159 -0.0000
vn -0.0000 0.7159 -0.6982
vn 0.6982 0.7159 -0.0000
vn -0.0000 0.4723 -0.8814
vn 0.8814 0.4723 -0.0000
vn -0.8814 0.4723 -0.0000
vt 0.379189 0.416944
vt 0.394146 0.633422
vt 0.421221 0.625297
vt 0.406264 0.408818
vt 0.505165 0.287339
vt 0.545644 0.288401
vt 0.547862 0.240848
vt 0.507384 0.239785
vt 0.544512 0.059117
vt 0.541954 0.058058
vt 0.541478 0.058950
vt 0.544218 0.060085
vt 0.498005 0.286960
vt 0.538484 0.288021
vt 0.540703 0.240450
vt 0.500224 0.239387
vt 0.426437 0.285976
vt 0.466916 0.287038
vt 0.469137 0.239447
vt 0.428658 0.238384
vt 0.507395 0.288099
vt 0.509616 0.240511
vt 0.496848 0.289201
vt 0.537327 0.290263
vt 0.539545 0.242718
vt 0.499066 0.241654
vt 0.457917 0.288912
vt 0.498396 0.289974
vt 0.500615 0.242411
vt 0.460136 0.241347
vt 0.458285 0.287431
vt 0.498764 0.288493
vt 0.500984 0.240912
vt 0.460505 0.239849
vt 0.381470 0.282595
vt 0.421949 0.283657
vt 0.424170 0.236056
vt 0.383691 0.234993
vt 0.464686 0.286278
vt 0.466905 0.238721
vt 0.457526 0.285898
vt 0.459745 0.238323
vt 0.385958 0.284915
vt 0.388179 0.237320
vt 0.456369 0.288140
vt 0.458587 0.240591
vt 0.417438 0.287851
vt 0.419657 0.240284
vt 0.417806 0.286370
vt 0.420027 0.238785
vt 0.419705 0.291166
vt 0.460184 0.292227
vt 0.462406 0.244625
vt 0.421927 0.243562
vt 0.424207 0.285216
vt 0.426426 0.237657
vt 0.417047 0.284836
vt 0.419266 0.237260
vt 0.502907 0.285780
vt 0.543386 0.286841
vt 0.545607 0.239247
vt 0.505128 0.238183
vt 0.415890 0.287078
vt 0.418108 0.239527
vt 0.376959 0.286789
vt 0.379178 0.239220
vt 0.377327 0.285308
vt 0.379548 0.237722
vt 0.379226 0.290104
vt 0.381448 0.242498
vt 0.383728 0.284155
vt 0.385947 0.236594
vt 0.376568 0.283775
vt 0.378788 0.236196
vt 0.462428 0.284718
vt 0.464649 0.237120
vt 0.375411 0.286016
vt 0.377629 0.238464
vt 0.578963 0.289083
vt 0.581182 0.241514
vt 0.547874 0.289161
vt 0.550095 0.241575
vt 0.437623 0.290263
vt 0.478102 0.291324
vt 0.480319 0.243781
vt 0.439840 0.242718
vt 0.538875 0.291035
vt 0.541094 0.243475
vt 0.539243 0.289554
vt 0.541463 0.241976
vt 0.393425 0.637726
vt 0.419727 0.636488
vt 0.400756 0.337571
vt 0.374454 0.338810
vt 0.765659 0.174792
vt 0.765119 0.177507
vt 0.765797 0.177713
vt 0.766364 0.174862
vt 0.391707 0.622315
vt 0.418009 0.621078
vt 0.399037 0.322150
vt 0.372735 0.323389
vt 0.752990 0.187461
vt 0.750222 0.187461
vt 0.750153 0.188166
vt 0.753060 0.188166
vt 0.393596 0.618882
vt 0.419898 0.617644
vt 0.400926 0.318707
vt 0.374624 0.319946
vt 0.738094 0.177507
vt 0.737554 0.174792
vt 0.736848 0.174862
vt 0.737416 0.177713
vt 0.393432 0.614599
vt 0.419734 0.613361
vt 0.400764 0.314448
vt 0.374461 0.315687
vt 0.590881 0.039249
vt 0.591941 0.041807
vt 0.592619 0.041601
vt 0.591506 0.038915
vt 0.394213 0.624839
vt 0.420515 0.623601
vt 0.401544 0.324678
vt 0.375242 0.325916
vt 0.574329 0.032393
vt 0.577044 0.031853
vt 0.576975 0.031148
vt 0.574123 0.031715
vt 0.392027 0.615164
vt 0.418330 0.613926
vt 0.399358 0.314993
vt 0.373056 0.316232
vt 0.564375 0.047290
vt 0.564375 0.044522
vt 0.563670 0.044452
vt 0.563670 0.047359
vt 0.393917 0.623289
vt 0.420219 0.622052
vt 0.401246 0.323109
vt 0.374944 0.324348
vt 0.747507 0.186921
vt 0.744950 0.185862
vt 0.744616 0.186487
vt 0.747302 0.187599
vt 0.395760 0.641343
vt 0.422062 0.640105
vt 0.403091 0.341187
vt 0.376789 0.342425
vt 0.738094 0.169309
vt 0.739153 0.166752
vt 0.738528 0.166418
vt 0.737416 0.169104
vt 0.394395 0.623004
vt 0.420697 0.621766
vt 0.401725 0.322838
vt 0.375423 0.324076
vt 0.752990 0.159355
vt 0.755705 0.159896
vt 0.755911 0.159218
vt 0.753060 0.158650
vt 0.396284 0.627277
vt 0.422586 0.626039
vt 0.403614 0.327101
vt 0.377312 0.328340
vt 0.569470 0.034990
vt 0.571772 0.033452
vt 0.571438 0.032828
vt 0.569020 0.034443
vt 0.393857 0.620201
vt 0.420159 0.618963
vt 0.401188 0.320049
vt 0.374886 0.321288
vt 0.567513 0.054864
vt 0.565975 0.052562
vt 0.565350 0.052896
vt 0.566965 0.055314
vt 0.392416 0.620567
vt 0.418718 0.619329
vt 0.399747 0.320405
vt 0.373445 0.321644
vt 0.585085 0.058359
vt 0.582527 0.059419
vt 0.582733 0.060097
vt 0.585419 0.058984
vt 0.392092 0.622595
vt 0.418394 0.621357
vt 0.399422 0.322424
vt 0.373120 0.323662
vt 0.740691 0.164450
vt 0.742648 0.162493
vt 0.742199 0.161945
vt 0.740143 0.164001
vt 0.391357 0.628794
vt 0.417659 0.627557
vt 0.398686 0.328613
vt 0.372384 0.329852
vt 0.758263 0.160955
vt 0.760564 0.162493
vt 0.761014 0.161945
vt 0.758597 0.160330
vt 0.395616 0.633430
vt 0.421918 0.632192
vt 0.402947 0.333273
vt 0.376645 0.334512
vt 0.764060 0.180065
vt 0.764685 0.180399
vt 0.393147 0.619840
vt 0.419449 0.618602
vt 0.400477 0.319673
vt 0.374175 0.320911
vt 0.571772 0.058359
vt 0.569470 0.056821
vt 0.569020 0.057369
vt 0.571438 0.058984
vt 0.392412 0.617370
vt 0.418715 0.616132
vt 0.399742 0.317193
vt 0.373440 0.318432
vt 0.589344 0.054864
vt 0.587386 0.056821
vt 0.587836 0.057369
vt 0.589891 0.055314
vt 0.392886 0.639594
vt 0.419188 0.638357
vt 0.400218 0.339442
vt 0.373916 0.340680
vt 0.589344 0.036948
vt 0.589891 0.036498
vt 0.391445 0.624184
vt 0.417748 0.622946
vt 0.398776 0.324021
vt 0.372474 0.325259
vt 0.762522 0.182366
vt 0.760564 0.184324
vt 0.761014 0.184871
vt 0.763070 0.182816
vt 0.392156 0.617504
vt 0.418458 0.616267
vt 0.399486 0.317332
vt 0.373184 0.318571
vt 0.742648 0.184324
vt 0.742199 0.184871
vt 0.393304 0.634412
vt 0.419606 0.633174
vt 0.400635 0.334263
vt 0.374333 0.335502
vt 0.585085 0.033452
vt 0.587386 0.034990
vt 0.587836 0.034443
vt 0.585419 0.032828
vt 0.392166 0.630372
vt 0.418468 0.629134
vt 0.399497 0.330214
vt 0.373195 0.331453
vt 0.567513 0.036948
vt 0.566965 0.036498
vt 0.394523 0.618602
vt 0.420825 0.617365
vt 0.401853 0.318434
vt 0.375551 0.319673
vt 0.740691 0.182366
vt 0.739153 0.180065
vt 0.738528 0.180399
vt 0.740143 0.182816
vt 0.399036 0.623838
vt 0.425338 0.622601
vt 0.406366 0.323660
vt 0.380063 0.324899
vt 0.744950 0.160955
vt 0.744616 0.160330
vt 0.396048 0.634716
vt 0.422350 0.633478
vt 0.403379 0.334562
vt 0.377077 0.335801
vt 0.564915 0.041807
vt 0.565975 0.039249
vt 0.565350 0.038915
vt 0.564237 0.041601
vt 0.392954 0.623553
vt 0.419257 0.622315
vt 0.400285 0.323389
vt 0.373983 0.324627
vt 0.574329 0.059419
vt 0.574123 0.060097
vt 0.393532 0.625899
vt 0.419834 0.624662
vt 0.400862 0.325725
vt 0.374560 0.326964
vt 0.747507 0.159896
vt 0.750222 0.159355
vt 0.750153 0.158650
vt 0.747302 0.159218
vt 0.394680 0.634138
vt 0.420982 0.632900
vt 0.402011 0.333988
vt 0.375709 0.335227
vt 0.764060 0.166752
vt 0.765119 0.169309
vt 0.765797 0.169104
vt 0.764685 0.166418
vt 0.395183 0.622436
vt 0.421486 0.621198
vt 0.402514 0.322276
vt 0.376212 0.323514
vt 0.579812 0.059959
vt 0.577044 0.059959
vt 0.576975 0.060664
vt 0.579882 0.060664
vt 0.390369 0.628528
vt 0.416671 0.627290
vt 0.397700 0.328369
vt 0.371398 0.329607
vt 0.592481 0.047290
vt 0.591941 0.050005
vt 0.592619 0.050211
vt 0.593186 0.047359
vt 0.395899 0.620254
vt 0.422201 0.619017
vt 0.403229 0.320085
vt 0.376927 0.321324
vt 0.765659 0.172024
vt 0.766364 0.171955
vt 0.392541 0.625490
vt 0.418843 0.624253
vt 0.399870 0.325311
vt 0.373568 0.326550
vt 0.755705 0.186921
vt 0.755911 0.187599
vt 0.486073 0.116462
vt 0.472523 0.116562
vt 0.472618 0.122617
vt 0.486169 0.122517
vt 0.564915 0.050005
vt 0.564237 0.050211
vt 0.592481 0.044522
vt 0.593186 0.044452
vt 0.737554 0.172024
vt 0.736848 0.171955
vt 0.579812 0.031853
vt 0.582527 0.032393
vt 0.582733 0.031715
vt 0.579882 0.031148
vt 0.758263 0.185862
vt 0.758597 0.186487
vt 0.590881 0.052562
vt 0.591506 0.052896
vt 0.762522 0.164450
vt 0.763070 0.164001
vt 0.463690 0.487365
vt 0.463436 0.447002
vt 0.448234 0.447002
vt 0.448489 0.487365
vt 0.557569 0.034689
vt 0.559526 0.036646
vt 0.560308 0.036005
vt 0.558211 0.033907
vt 0.547227 0.059657
vt 0.547128 0.060664
vt 0.541954 0.033151
vt 0.544512 0.032092
vt 0.544218 0.031124
vt 0.541478 0.032259
vt 0.555267 0.033151
vt 0.555744 0.032259
vt 0.549995 0.059657
vt 0.550094 0.060664
vt 0.539653 0.034689
vt 0.539011 0.033907
vt 0.552710 0.032092
vt 0.553004 0.031124
vt 0.552710 0.059117
vt 0.553004 0.060085
vt 0.537695 0.036646
vt 0.536914 0.036005
vt 0.549995 0.031552
vt 0.550094 0.030545
vt 0.555267 0.058058
vt 0.555744 0.058950
vt 0.536157 0.038948
vt 0.535266 0.038471
vt 0.547227 0.031552
vt 0.547128 0.030545
vt 0.557569 0.056520
vt 0.558211 0.057302
vt 0.535098 0.041506
vt 0.534130 0.041212
vt 0.559526 0.054563
vt 0.560308 0.055204
vt 0.534558 0.044220
vt 0.533552 0.044121
vt 0.561064 0.052261
vt 0.561956 0.052738
vt 0.534558 0.046989
vt 0.533552 0.047088
vt 0.562124 0.049704
vt 0.563091 0.049997
vt 0.535098 0.049704
vt 0.534130 0.049997
vt 0.562664 0.046989
vt 0.563670 0.047088
vt 0.536157 0.052261
vt 0.535266 0.052738
vt 0.562664 0.044221
vt 0.563670 0.044121
vt 0.537695 0.054563
vt 0.536914 0.055204
vt 0.562124 0.041506
vt 0.563091 0.041212
vt 0.539653 0.056520
vt 0.539011 0.057302
vt 0.561064 0.038948
vt 0.561956 0.038471
vt 0.505147 0.052738
vt 0.506795 0.055204
vt 0.507212 0.054862
vt 0.505623 0.052484
vt 0.457672 0.529690
vt 0.457555 0.511309
vt 0.452081 0.511309
vt 0.452198 0.529690
vt 0.533552 0.047088
vt 0.533552 0.044122
vt 0.533015 0.044174
vt 0.533015 0.047035
vt 0.504012 0.049997
vt 0.504528 0.049841
vt 0.532973 0.049997
vt 0.532457 0.049841
vt 0.503433 0.047088
vt 0.503970 0.047035
vt 0.531838 0.052738
vt 0.531362 0.052484
vt 0.503433 0.044122
vt 0.503970 0.044174
vt 0.530190 0.055204
vt 0.529773 0.054862
vt 0.514100 0.031124
vt 0.511359 0.032259
vt 0.511613 0.032735
vt 0.514256 0.031640
vt 0.504012 0.041212
vt 0.504528 0.041369
vt 0.528092 0.057302
vt 0.527750 0.056885
vt 0.517009 0.030545
vt 0.517062 0.031082
vt 0.505147 0.038471
vt 0.505623 0.038726
vt 0.525626 0.058950
vt 0.525371 0.058474
vt 0.519976 0.030545
vt 0.519923 0.031082
vt 0.506795 0.036005
vt 0.507212 0.036347
vt 0.522885 0.060085
vt 0.522729 0.059569
vt 0.522885 0.031124
vt 0.522729 0.031640
vt 0.508893 0.033907
vt 0.509235 0.034324
vt 0.519976 0.060664
vt 0.519923 0.060127
vt 0.525626 0.032259
vt 0.525371 0.032735
vt 0.517009 0.060664
vt 0.517062 0.060127
vt 0.528092 0.033907
vt 0.527750 0.034324
vt 0.514100 0.060085
vt 0.514256 0.059569
vt 0.530190 0.036005
vt 0.529773 0.036347
vt 0.511359 0.058950
vt 0.511613 0.058474
vt 0.531838 0.038471
vt 0.531362 0.038726
vt 0.508893 0.057302
vt 0.509235 0.056885
vt 0.532973 0.041212
vt 0.532457 0.041369
vt 0.474068 0.049499
vt 0.473509 0.046693
vt 0.472631 0.046779
vt 0.473223 0.049755
vt 0.480197 0.478345
vt 0.448553 0.478328
vt 0.446959 0.484987
vt 0.476516 0.485003
vt 0.476752 0.036005
vt 0.478774 0.033982
vt 0.478214 0.033300
vt 0.476069 0.035445
vt 0.502555 0.046693
vt 0.501997 0.049499
vt 0.502841 0.049755
vt 0.503433 0.046779
vt 0.475162 0.052142
vt 0.474384 0.052558
vt 0.475162 0.038384
vt 0.474384 0.037967
vt 0.502555 0.043832
vt 0.503433 0.043746
vt 0.476752 0.054520
vt 0.476069 0.055080
vt 0.474068 0.041027
vt 0.473223 0.040770
vt 0.501997 0.041027
vt 0.502841 0.040770
vt 0.478774 0.056543
vt 0.478214 0.057225
vt 0.500902 0.038384
vt 0.501680 0.037967
vt 0.481153 0.058132
vt 0.480737 0.058911
vt 0.499312 0.036005
vt 0.499995 0.035445
vt 0.483796 0.059227
vt 0.483540 0.060072
vt 0.497290 0.033982
vt 0.497850 0.033300
vt 0.486602 0.059785
vt 0.486515 0.060664
vt 0.494911 0.032393
vt 0.495327 0.031614
vt 0.489462 0.059785
vt 0.489549 0.060664
vt 0.492268 0.031298
vt 0.492524 0.030453
vt 0.492268 0.059227
vt 0.492524 0.060072
vt 0.489462 0.030740
vt 0.489549 0.029861
vt 0.494911 0.058132
vt 0.495327 0.058911
vt 0.486602 0.030740
vt 0.486515 0.029861
vt 0.497290 0.056543
vt 0.497850 0.057225
vt 0.483796 0.031298
vt 0.483540 0.030453
vt 0.499312 0.054520
vt 0.499995 0.055080
vt 0.473509 0.043832
vt 0.472631 0.043746
vt 0.481153 0.032393
vt 0.480737 0.031614
vt 0.500902 0.052142
vt 0.501680 0.052558
vt 0.741610 0.033057
vt 0.738992 0.031973
vt 0.737538 0.036764
vt 0.739249 0.037473
vt 0.902317 0.280675
vt 0.910875 0.280762
vt 0.910874 0.169967
vt 0.902317 0.169882
vt 0.733379 0.060190
vt 0.736212 0.060190
vt 0.735722 0.055207
vt 0.733870 0.055207
vt 0.743966 0.034631
vt 0.740789 0.038502
vt 0.730600 0.059638
vt 0.732053 0.054846
vt 0.745969 0.036635
vt 0.742099 0.039812
vt 0.727982 0.058553
vt 0.730342 0.054137
vt 0.747544 0.038991
vt 0.743127 0.041352
vt 0.725626 0.056979
vt 0.728802 0.053108
vt 0.748628 0.041609
vt 0.743836 0.043063
vt 0.723622 0.054975
vt 0.727493 0.051798
vt 0.749181 0.044388
vt 0.744198 0.044879
vt 0.722048 0.038991
vt 0.720963 0.041609
vt 0.725755 0.043063
vt 0.726464 0.041352
vt 0.722048 0.052619
vt 0.726464 0.050259
vt 0.749181 0.047222
vt 0.744198 0.046731
vt 0.723622 0.036635
vt 0.727493 0.039812
vt 0.720963 0.050001
vt 0.725755 0.048548
vt 0.748628 0.050001
vt 0.743836 0.048548
vt 0.725626 0.034631
vt 0.728802 0.038502
vt 0.720410 0.047222
vt 0.725394 0.046731
vt 0.747544 0.052619
vt 0.743127 0.050259
vt 0.727982 0.033057
vt 0.730342 0.037473
vt 0.720410 0.044388
vt 0.725394 0.044879
vt 0.745969 0.054975
vt 0.742099 0.051798
vt 0.730600 0.031973
vt 0.732053 0.036764
vt 0.743966 0.056979
vt 0.740789 0.053108
vt 0.733379 0.031420
vt 0.733870 0.036403
vt 0.741610 0.058553
vt 0.739249 0.054137
vt 0.736212 0.031420
vt 0.735722 0.036403
vt 0.738992 0.059638
vt 0.737538 0.054846
vt 0.412550 0.081589
vt 0.416490 0.083221
vt 0.419740 0.077141
vt 0.414551 0.074991
vt 0.919436 0.280355
vt 0.931000 0.280394
vt 0.931000 0.167982
vt 0.919436 0.167940
vt 0.963274 0.278988
vt 0.972056 0.278902
vt 0.972056 0.169088
vt 0.963274 0.169173
vt 0.908778 0.280290
vt 0.908778 0.167876
vt 0.953256 0.279052
vt 0.953256 0.169236
vt 0.932380 0.278881
vt 0.942789 0.278895
vt 0.942789 0.168883
vt 0.932380 0.168870
vt 0.899436 0.280202
vt 0.899436 0.167789
vt 0.972604 0.280188
vt 0.987514 0.280148
vt 0.987514 0.166718
vt 0.972604 0.166760
vt 0.922372 0.278843
vt 0.922372 0.168830
vt 0.972430 0.278780
vt 0.980515 0.278693
vt 0.980515 0.168682
vt 0.972430 0.168767
vt 0.957098 0.280201
vt 0.957098 0.166773
vt 0.913148 0.278780
vt 0.913148 0.168767
vt 0.963206 0.278843
vt 0.963206 0.168830
vt 0.941593 0.280188
vt 0.941593 0.166760
vt 0.905063 0.278693
vt 0.905063 0.168682
vt 0.953198 0.278881
vt 0.953198 0.168870
vt 0.926683 0.280148
vt 0.926683 0.166718
vt 0.973619 0.280762
vt 0.982176 0.280675
vt 0.982176 0.169882
vt 0.973619 0.169967
vt 0.912943 0.280083
vt 0.912943 0.166653
vt 0.963856 0.280826
vt 0.963856 0.170031
vt 0.900899 0.279994
vt 0.900899 0.166565
vt 0.953263 0.280864
vt 0.953263 0.170071
vt 0.977277 0.280290
vt 0.986618 0.280202
vt 0.986618 0.167789
vt 0.977277 0.167876
vt 0.942247 0.280877
vt 0.942247 0.170084
vt 0.966618 0.280355
vt 0.966618 0.167940
vt 0.931230 0.280864
vt 0.931230 0.170071
vt 0.955054 0.280394
vt 0.955054 0.167982
vt 0.920637 0.280826
vt 0.920637 0.170031
vt 0.943027 0.280407
vt 0.943027 0.167995
vt 0.448504 0.568915
vt 0.487234 0.574203
vt 0.472310 0.501789
vt 0.449526 0.498678
vt 0.412550 0.123223
vt 0.408367 0.124055
vt 0.409043 0.130916
vt 0.414551 0.129821
vt 0.392435 0.119221
vt 0.389419 0.116206
vt 0.384090 0.120580
vt 0.388061 0.124551
vt 0.408367 0.080757
vt 0.409043 0.073896
vt 0.416490 0.121591
vt 0.419740 0.127671
vt 0.395981 0.121591
vt 0.392730 0.127671
vt 0.404103 0.080757
vt 0.403427 0.073896
vt 0.420035 0.119221
vt 0.424409 0.124551
vt 0.399920 0.123223
vt 0.397919 0.129821
vt 0.399920 0.081589
vt 0.397919 0.074991
vt 0.423051 0.116206
vt 0.428380 0.120580
vt 0.404103 0.124055
vt 0.403427 0.130916
vt 0.395981 0.083221
vt 0.392730 0.077141
vt 0.425420 0.112660
vt 0.431500 0.115910
vt 0.392435 0.085590
vt 0.388061 0.080261
vt 0.427052 0.108721
vt 0.433650 0.110722
vt 0.389419 0.088606
vt 0.384090 0.084232
vt 0.427884 0.104538
vt 0.434745 0.105214
vt 0.387050 0.092152
vt 0.380970 0.088902
vt 0.427884 0.100274
vt 0.434745 0.099598
vt 0.385418 0.096091
vt 0.378821 0.094090
vt 0.427052 0.096091
vt 0.433650 0.094090
vt 0.384586 0.100274
vt 0.377725 0.099598
vt 0.425420 0.092152
vt 0.431500 0.088902
vt 0.384586 0.104538
vt 0.377725 0.105214
vt 0.423051 0.088606
vt 0.428380 0.084232
vt 0.385418 0.108721
vt 0.378821 0.110722
vt 0.420035 0.085590
vt 0.424409 0.080261
vt 0.387050 0.112660
vt 0.380970 0.115910
vt 0.488617 0.091767
vt 0.486521 0.089213
vt 0.481225 0.094509
vt 0.482390 0.095927
vt 0.460603 0.673159
vt 0.463407 0.673154
vt 0.462094 0.554315
vt 0.460603 0.554318
vt 0.457750 0.101130
vt 0.458074 0.104418
vt 0.465419 0.102957
vt 0.465239 0.101130
vt 0.490174 0.094681
vt 0.483255 0.097547
vt 0.458074 0.097842
vt 0.465419 0.099303
vt 0.491133 0.097842
vt 0.483788 0.099303
vt 0.459033 0.094681
vt 0.465952 0.097547
vt 0.491457 0.101130
vt 0.483968 0.101130
vt 0.460591 0.091767
vt 0.466817 0.095927
vt 0.491133 0.104418
vt 0.483788 0.102957
vt 0.462687 0.089213
vt 0.467982 0.094509
vt 0.490174 0.107580
vt 0.483255 0.104714
vt 0.465240 0.087117
vt 0.469401 0.093344
vt 0.488617 0.110493
vt 0.482390 0.106333
vt 0.468154 0.085560
vt 0.471020 0.092478
vt 0.471316 0.117660
vt 0.474604 0.117984
vt 0.474604 0.110495
vt 0.472777 0.110315
vt 0.486521 0.113047
vt 0.481225 0.107752
vt 0.471316 0.084601
vt 0.472777 0.091946
vt 0.468154 0.116701
vt 0.471020 0.109782
vt 0.483967 0.115143
vt 0.479806 0.108917
vt 0.474604 0.084277
vt 0.474604 0.091766
vt 0.465240 0.115143
vt 0.469401 0.108917
vt 0.481053 0.116701
vt 0.478187 0.109782
vt 0.477892 0.084601
vt 0.476431 0.091946
vt 0.462687 0.113047
vt 0.467982 0.107752
vt 0.477892 0.117660
vt 0.476431 0.110315
vt 0.481053 0.085560
vt 0.478187 0.092478
vt 0.460591 0.110493
vt 0.466817 0.106333
vt 0.483967 0.087117
vt 0.479806 0.093344
vt 0.459033 0.107580
vt 0.465952 0.104714
vt 0.456357 0.554292
vt 0.457678 0.554307
vt 0.459127 0.355896
vt 0.458460 0.355889
vt 0.456889 0.655264
vt 0.458809 0.655285
vt 0.460800 0.563446
vt 0.459779 0.563434
vt 0.457798 0.673154
vt 0.459112 0.554315
vt 0.455205 0.655236
vt 0.458884 0.563419
vt 0.455102 0.673137
vt 0.475354 0.499966
vt 0.476222 0.499951
vt 0.474325 0.452618
vt 0.473864 0.452626
vt 0.452617 0.673109
vt 0.474364 0.499978
vt 0.473338 0.452632
vt 0.466586 0.633244
vt 0.467857 0.633246
vt 0.467857 0.579381
vt 0.467181 0.579379
vt 0.450439 0.673072
vt 0.455198 0.554271
vt 0.473289 0.499984
vt 0.472766 0.452635
vt 0.465364 0.633236
vt 0.466531 0.579375
vt 0.471476 0.633223
vt 0.472464 0.633207
vt 0.470306 0.579359
vt 0.469781 0.579368
vt 0.472172 0.499986
vt 0.472172 0.452637
vt 0.456495 0.630968
vt 0.457485 0.630979
vt 0.458512 0.583633
vt 0.457985 0.583627
vt 0.470350 0.633236
vt 0.469182 0.579375
vt 0.471055 0.499984
vt 0.471578 0.452635
vt 0.455627 0.630953
vt 0.457524 0.583619
vt 0.469128 0.633244
vt 0.468533 0.579379
vt 0.469980 0.499978
vt 0.471007 0.452632
vt 0.469232 0.655264
vt 0.470916 0.655236
vt 0.467237 0.563419
vt 0.466342 0.563434
vt 0.476733 0.484826
vt 0.477859 0.484839
vt 0.479026 0.430978
vt 0.478427 0.430971
vt 0.467312 0.655285
vt 0.465321 0.563446
vt 0.475745 0.484809
vt 0.477903 0.430961
vt 0.465228 0.655300
vt 0.464213 0.563452
vt 0.468588 0.673109
vt 0.470766 0.673072
vt 0.466007 0.554271
vt 0.464849 0.554292
vt 0.463060 0.655303
vt 0.463060 0.563455
vt 0.466103 0.673137
vt 0.463528 0.554307
vt 0.460893 0.655300
vt 0.461908 0.563452
vt 0.473026 0.373576
vt 0.472760 0.373579
vt 0.467857 0.489447
vt 0.467516 0.489446
vt 0.457876 0.355879
vt 0.472472 0.373581
vt 0.467188 0.489443
vt 0.469093 0.489436
vt 0.468828 0.489440
vt 0.472172 0.373582
vt 0.459089 0.504580
vt 0.458823 0.504578
vt 0.468526 0.489443
vt 0.471872 0.373581
vt 0.458590 0.504573
vt 0.468198 0.489446
vt 0.471584 0.373579
vt 0.465168 0.410087
vt 0.464716 0.410095
vt 0.470480 0.452626
vt 0.471318 0.373576
vt 0.464201 0.410100
vt 0.479381 0.341043
vt 0.479116 0.341038
vt 0.463642 0.410104
vt 0.463330 0.355879
vt 0.462746 0.355889
vt 0.463060 0.410105
vt 0.462079 0.355896
vt 0.462479 0.410104
vt 0.461355 0.355901
vt 0.461920 0.410100
vt 0.460603 0.355903
vt 0.461404 0.410095
vt 0.459850 0.355901
vt 0.460952 0.410087
vt 0.473259 0.373572
vt 0.418388 0.991207
vt 0.438477 1.000504
vt 0.432899 0.876890
vt 0.416363 0.894170
vt 0.800000 0.800000
vt 1.000000 0.800000
vt 1.000000 0.600000
vt 0.800000 0.600000
vt 0.334187 1.000817
vt 0.618784 1.000817
vt 0.618784 0.875623
vt 0.334187 0.875623
vt 0.315255 1.000230
vt 0.315255 0.000271
vt 0.003920 0.000271
vt 0.003920 1.000230
vt 0.311141 0.995668
vt 0.311141 -0.001283
vt 0.006521 -0.001283
vt 0.006521 0.995668
vt 0.314696 1.000000
vt 0.314696 0.000501
vt 0.005405 0.000501
vt 0.005405 1.000000
vt 0.314617 1.000000
vt 0.314617 -0.001028
vt 0.004014 -0.001028
vt 0.004014 1.000000
vt 0.417987 0.879880
vt 0.417521 0.999303
vt 0.432094 1.000059
vt 0.431027 0.877717
vt 0.330329 1.000710
vt 0.617819 1.000711
vt 0.617819 0.876731
vt 0.330329 0.876731
vt 0.331825 0.999959
vt 0.620968 0.999959
vt 0.620968 0.876587
vt 0.331825 0.876587
vt 0.328152 1.000710
vt 0.617295 1.000710
vt 0.617295 0.876124
vt 0.328152 0.876124
vt 0.331489 0.869080
vt 0.557876 0.869080
vt 0.557876 0.793965
vt 0.331489 0.793965
vt 0.364906 0.108565
vt 0.646861 0.108565
vt 0.635280 0.085143
vt 0.376484 0.085143
vt 0.331316 0.868316
vt 0.557704 0.868316
vt 0.557704 0.793201
vt 0.331316 0.793201
vt 0.332965 0.868316
vt 0.559352 0.868316
vt 0.559352 0.793201
vt 0.332965 0.793201
vt 0.608207 0.111936
vt 0.353897 0.111936
vt 0.346346 0.127210
vt 0.615759 0.127210
vt 0.339695 0.140665
vt 0.622412 0.140665
vt 0.653078 0.084264
vt 0.330750 0.082138
vt 0.324196 0.095034
vt 0.659317 0.097244
vt 0.615934 0.110283
vt 0.364436 0.110283
vt 0.356969 0.125388
vt 0.623402 0.125388
vt 0.350391 0.138695
vt 0.629981 0.138695
vt 0.684542 0.106188
vt 0.352373 0.106188
vt 0.342510 0.126139
vt 0.694406 0.126139
vt 0.333822 0.143714
vt 0.703095 0.143714
vt 0.356534 0.125500
vt 0.655233 0.125500
vt 0.349160 0.140418
vt 0.662609 0.140418
vt 0.332792 0.869080
vt 0.559179 0.869080
vt 0.559179 0.793965
vt 0.332792 0.793965
vt 0.612620 0.039314
vt 0.399138 0.039314
vt 0.597762 0.090810
vt 0.364340 0.090810
vt 0.605604 0.089391
vt 0.374763 0.089391
vt 0.670898 0.078595
vt 0.366013 0.078595
vt 0.585392 0.048513
vt 0.394971 0.048512
vt 0.644203 0.024604
vt 0.392702 0.024604
vt 0.577324 0.049474
vt 0.384773 0.049474
vt 0.496712 0.104647
vt 0.606988 0.105927
vt 0.607062 0.102485
vt 0.496787 0.101205
vt 0.359086 0.045065
vt 0.359086 0.096385
vt 0.454283 0.096385
vt 0.454283 0.045065
vt 0.386437 0.103367
vt 0.386511 0.099925
vt 0.717263 0.107207
vt 0.717338 0.103765
vt 0.827539 0.108486
vt 0.827613 0.105045
vt 0.936258 0.148030
vt 0.937857 0.142757
vt 0.936798 0.145315
vt 0.939395 0.140456
vt 0.936258 0.150798
vt 0.941352 0.138498
vt 0.936798 0.153513
vt 0.937857 0.156070
vt 0.943654 0.136960
vt 0.939395 0.158372
vt 0.946211 0.135901
vt 0.941352 0.160329
vt 0.948926 0.135361
vt 0.951694 0.135361
vt 0.943654 0.161867
vt 0.954409 0.135901
vt 0.946211 0.162927
vt 0.956967 0.136960
vt 0.948926 0.163467
vt 0.951694 0.163467
vt 0.959268 0.138498
vt 0.954409 0.162927
vt 0.961226 0.140456
vt 0.956967 0.161867
vt 0.962764 0.142757
vt 0.959268 0.160329
vt 0.963823 0.145315
vt 0.964363 0.148030
vt 0.961226 0.158372
vt 0.962764 0.156070
vt 0.964363 0.150798
vt 0.963823 0.153513
vt 0.456766 0.349943
vt 0.457879 0.349605
vt 0.457306 0.349719
vt 0.456281 0.350267
vt 0.458464 0.349605
vt 0.455867 0.350681
vt 0.459037 0.349719
vt 0.455543 0.351166
vt 0.459577 0.349943
vt 0.460063 0.350267
vt 0.455319 0.351706
vt 0.460476 0.350681
vt 0.455205 0.352279
vt 0.455205 0.352864
vt 0.460800 0.351166
vt 0.455319 0.353437
vt 0.461024 0.351706
vt 0.455543 0.353977
vt 0.461138 0.352279
vt 0.461138 0.352864
vt 0.455867 0.354463
vt 0.461024 0.353437
vt 0.456281 0.354876
vt 0.460800 0.353977
vt 0.456766 0.355200
vt 0.460476 0.354463
vt 0.457306 0.355424
vt 0.457879 0.355538
vt 0.460063 0.354876
vt 0.458464 0.355538
vt 0.459577 0.355200
vt 0.459037 0.355424
s 0
usemtl empire_state
f 39/27/11 40/28/11 41/29/11
f 39/27/11 41/29/11 42/30/11
f 43/27/12 44/28/12 45/29/12
f 43/27/12 45/29/12 46/30/12
f 47/27/13 48/28/13 49/29/13
f 47/27/13 49/29/13 50/30/13
f 51/27/14 52/28/14 53/29/14
f 51/27/14 53/29/14 54/30/14
f 55/27/15 56/28/15 57/29/15
f 55/27/15 57/29/15 58/30/15
f 59/27/16 60/28/16 61/29/16
f 59/27/16 61/29/16 62/30/16
f 63/27/17 64/28/17 65/29/17
f 63/27/17 65/29/17 66/30/17
f 67/27/18 68/28/18 69/29/18
f 67/27/18 69/29/18 70/30/18
f 71/27/19 72/28/19 73/29/19
f 71/27/19 73/29/19 74/30/19
f 75/27/20 76/28/20 77/29/20
f 75/27/20 77/29/20 78/30/20
f 79/27/21 80/28/21 81/29/21
f 79/27/21 81/29/21 82/30/21
f 83/27/22 84/28/22 85/29/22
f 83/27/22 85/29/22 86/30/22
f 87/27/23 88/28/23 89/29/23
f 87/27/23 89/29/23 90/30/23
f 91/27/24 92/28/24 93/29/24
f 91/27/24 93/29/24 94/30/24
f 95/27/25 96/28/25 97/29/25
f 95/27/25 97/29/25 98/30/25
f 99/27/26 100/28/26 101/29/26
f 99/27/26 101/29/26 102/30/26
f 103/27/27 104/28/27 105/29/27
f 103/27/27 105/29/27 106/30/27
f 107/27/28 108/28/28 109/29/28
f 107/27/28 109/29/28 110/30/28
f 111/27/29 112/28/29 113/29/29
f 111/27/29 113/29/29 114/30/29
f 115/27/30 116/28/30 117/29/30
f 115/27/30 117/29/30 118/30/30
f 119/27/31 120/28/31 121/29/31
f 119/27/31 121/29/31 122/30/31
f 123/27/32 124/28/32 125/29/32
f 123/27/32 125/29/32 126/30/32
f 127/27/33 128/28/33 129/29/33
f 127/27/33 129/29/33 130/30/33
f 131/27/34 132/28/34 133/29/34
f 131/27/34 133/29/34 134/30/34
f 135/27/35 136/28/35 137/29/35
f 135/27/35 137/29/35 138/30/35
f 139/27/36 140/28/36 141/29/36
s 1
f 139/27/36 141/29/36 142/30/36
s 0
f 143/27/37 144/28/37 145/29/37
f 143/27/37 145/29/37 146/30/37
f 147/27/38 148/28/38 149/29/38
f 147/27/38 149/29/38 150/30/38
f 151/27/39 152/28/39 153/29/39
f 151/27/39 153/29/39 154/30/39
f 155/27/40 156/28/40 157/29/40
f 155/27/40 157/29/40 158/30/40
f 159/31/24 160/32/24 161/33/24
f 159/31/24 161/33/24 162/34/24
f 163/27/41 164/28/41 165/29/41
f 163/27/41 165/29/41 166/30/41
f 167/27/42 168/28/42 169/29/42
f 167/27/42 169/29/42 170/30/42
f 171/35/43 172/36/43 173/37/43
f 171/35/43 173/37/43 174/38/43
f 175/39/33 176/40/33 177/41/33
f 175/39/33 177/41/33 178/42/33
f 179/43/11 180/44/11 181/45/11
f 179/43/11 181/45/11 182/46/11
f 183/44/42 184/47/42 185/48/42
f 183/44/42 185/48/42 186/45/42
f 187/49/20 188/50/20 189/51/20
f 187/49/20 189/51/20 190/52/20
f 191/53/29 192/54/29 193/55/29
f 191/53/29 193/55/29 194/56/29
f 195/57/38 196/58/38 197/59/38
f 195/57/38 197/59/38 198/60/38
f 199/61/16 200/62/16 201/63/16
f 199/61/16 201/63/16 202/64/16
f 203/65/25 204/31/25 205/34/25
f 203/65/25 205/34/25 206/66/25
f 207/67/34 208/39/34 209/42/34
f 207/67/34 209/42/34 210/68/34
f 211/69/12 212/43/12 213/46/12
f 211/69/12 213/46/12 214/70/12
f 215/71/21 216/49/21 217/52/21
f 215/71/21 217/52/21 218/72/21
f 219/73/30 220/53/30 221/56/30
f 219/73/30 221/56/30 222/74/30
f 223/75/39 224/57/39 225/60/39
f 223/75/39 225/60/39 226/76/39
f 227/77/17 228/78/17 229/79/17
f 227/77/17 229/79/17 230/80/17
f 231/81/26 232/65/26 233/66/26
f 231/81/26 233/66/26 234/82/26
f 235/83/35 236/67/35 237/68/35
f 235/83/35 237/68/35 238/84/35
f 239/85/13 240/86/13 241/87/13
f 239/85/13 241/87/13 242/88/13
f 243/89/22 244/71/22 245/72/22
f 243/89/22 245/72/22 246/90/22
f 247/91/31 248/73/31 249/74/31
f 247/91/31 249/74/31 250/92/31
f 251/93/40 252/75/40 253/76/40
f 251/93/40 253/76/40 254/94/40
f 255/95/18 256/77/18 257/80/18
f 255/95/18 257/80/18 258/96/18
f 259/97/27 260/81/27 261/82/27
f 259/97/27 261/82/27 262/98/27
f 263/99/36 264/83/36 265/84/36
f 263/99/36 265/84/36 266/100/36
f 267/101/14 268/85/14 269/88/14
f 267/101/14 269/88/14 270/102/14
f 271/103/23 272/89/23 273/90/23
f 271/103/23 273/90/23 274/104/23
f 275/40/32 276/105/32 277/106/32
f 275/40/32 277/106/32 278/41/32
f 279/47/41 280/107/41 281/108/41
f 279/47/41 281/108/41 282/48/41
f 283/109/19 284/110/19 285/111/19
f 283/109/19 285/111/19 286/112/19
f 287/54/28 288/113/28 289/114/28
f 287/54/28 289/114/28 290/55/28
f 291/58/37 292/115/37 293/116/37
f 291/58/37 293/116/37 294/59/37
f 295/62/15 296/101/15 297/102/15
f 295/62/15 297/102/15 298/63/15
f 299/117/15 300/118/15 301/119/15
f 299/117/15 301/119/15 302/120/15
f 303/121/44 304/122/44 305/123/44
f 303/121/44 305/123/44 306/124/44
f 307/125/37 308/126/37 309/127/37
f 307/125/37 309/127/37 310/128/37
f 311/129/45 312/130/45 313/131/45
f 311/129/45 313/131/45 314/132/45
f 315/133/28 316/134/28 317/135/28
f 315/133/28 317/135/28 318/136/28
f 319/137/46 320/138/46 321/139/46
f 319/137/46 321/139/46 322/140/46
f 323/141/19 324/142/19 325/143/19
f 323/141/19 325/143/19 326/144/19
f 327/145/47 328/146/47 329/147/47
f 327/145/47 329/147/47 330/148/47
f 331/149/41 332/150/41 333/151/41
f 331/149/41 333/151/41 334/152/41
f 335/153/48 336/154/48 337/155/48
s 1
f 335/153/48 337/155/48 338/156/48
s 0
f 339/157/32 340/158/32 341/159/32
f 339/157/32 341/159/32 342/160/32
f 343/161/49 344/162/49 345/163/49
f 343/161/49 345/163/49 346/164/49
f 347/165/23 348/166/23 349/167/23
f 347/165/23 349/167/23 350/168/23
f 351/169/50 352/170/50 353/171/50
f 351/169/50 353/171/50 354/172/50
f 355/173/14 356/174/14 357/175/14
f 355/173/14 357/175/14 358/176/14
f 359/177/51 360/178/51 361/179/51
f 359/177/51 361/179/51 362/180/51
f 363/181/36 364/182/36 365/183/36
f 363/181/36 365/183/36 366/184/36
f 367/185/52 368/186/52 369/187/52
f 367/185/52 369/187/52 370/188/52
f 371/189/27 372/190/27 373/191/27
f 371/189/27 373/191/27 374/192/27
f 375/193/53 376/194/53 377/195/53
f 375/193/54 377/195/54 378/196/54
f 379/197/18 380/198/18 381/199/18
f 379/197/18 381/199/18 382/200/18
f 383/201/55 384/202/55 385/203/55
f 383/201/55 385/203/55 386/204/55
f 387/205/40 388/206/40 389/207/40
f 387/205/40 389/207/40 390/208/40
f 391/209/56 392/210/56 393/211/56
f 391/209/56 393/211/56 394/212/56
f 395/213/31 396/214/31 397/215/31
f 395/213/31 397/215/31 398/216/31
f 399/217/57 400/218/57 401/219/57
f 399/217/57 401/219/57 402/220/57
f 403/221/22 404/222/22 405/223/22
f 403/221/22 405/223/22 406/224/22
f 407/225/58 408/226/58 409/227/58
f 407/225/58 409/227/58 410/228/58
f 411/229/13 412/230/13 413/231/13
f 411/229/13 413/231/13 414/232/13
f 415/122/59 416/233/59 417/234/59
f 415/122/59 417/234/59 418/123/59
f 419/235/35 420/236/35 421/237/35
f 419/235/35 421/237/35 422/238/35
f 423/239/60 424/240/60 425/241/60
f 423/239/60 425/241/60 426/242/60
f 427/243/26 428/244/26 429/245/26
f 427/243/26 429/245/26 430/246/26
f 431/247/61 432/248/61 433/249/61
f 431/247/61 433/249/61 434/250/61
f 435/251/17 436/252/17 437/253/17
f 435/251/17 437/253/17 438/254/17
f 439/255/62 440/145/62 441/148/62
f 439/255/62 441/148/62 442/256/62
f 443/257/39 444/258/39 445/259/39
f 443/257/39 445/259/39 446/260/39
f 447/261/63 448/262/63 449/263/63
f 447/261/63 449/263/63 450/264/63
f 451/265/30 452/266/30 453/267/30
f 451/265/30 453/267/30 454/268/30
f 455/170/64 456/269/64 457/270/64
f 455/170/64 457/270/64 458/171/64
f 459/271/21 460/272/21 461/273/21
f 459/271/21 461/273/21 462/274/21
f 463/275/65 464/276/65 465/277/65
f 463/275/65 465/277/65 466/278/65
f 467/279/12 468/280/12 469/281/12
f 467/279/12 469/281/12 470/282/12
f 471/283/66 472/193/66 473/196/66
f 471/283/66 473/196/66 474/284/66
f 475/285/34 476/286/34 477/287/34
f 475/285/34 477/287/34 478/288/34
f 479/289/67 480/290/67 481/291/67
f 479/289/67 481/291/67 482/292/67
f 483/293/25 484/294/25 485/295/25
f 483/293/25 485/295/25 486/296/25
f 487/218/68 488/297/68 489/298/68
f 487/218/68 489/298/68 490/219/68
f 491/299/16 492/300/16 493/301/16
f 491/299/16 493/301/16 494/302/16
f 495/303/69 496/304/69 497/305/69
f 495/303/69 497/305/69 498/306/69
f 499/307/38 500/308/38 501/309/38
f 499/307/38 501/309/38 502/310/38
f 503/311/70 504/239/70 505/242/70
f 503/311/70 505/242/70 506/312/70
f 507/313/29 508/314/29 509/315/29
f 507/313/29 509/315/29 510/316/29
f 511/317/71 512/318/71 513/319/71
f 511/317/71 513/319/71 514/320/71
f 515/321/20 516/322/20 517/323/20
f 515/321/20 517/323/20 518/324/20
f 519/325/72 520/326/72 521/327/72
f 519/325/72 521/327/72 522/328/72
f 523/329/42 524/330/42 525/331/42
f 523/329/42 525/331/42 526/332/42
f 527/333/73 528/334/73 529/335/73
f 527/333/73 529/335/73 530/336/73
f 531/337/11 532/338/11 533/339/11
f 531/337/11 533/339/11 534/340/11
f 535/341/74 536/342/74 537/343/74
f 535/341/74 537/343/74 538/344/74
f 539/345/33 540/346/33 541/347/33
f 539/345/33 541/347/33 542/348/33
f 543/349/75 544/121/75 545/124/75
f 543/349/75 545/124/75 546/350/75
f 547/351/24 548/352/24 549/353/24
f 547/351/24 549/353/24 550/354/24
f 551/355/76 552/129/76 553/132/76
f 551/355/76 553/132/76 554/356/76
f 555/357/15 556/358/15 557/359/15
f 555/357/15 557/359/15 558/360/15
f 559/357/37 560/358/37 561/359/37
f 559/357/37 561/359/37 562/360/37
f 563/357/28 564/358/28 565/359/28
f 563/357/28 565/359/28 566/360/28
f 567/357/19 568/358/19 569/359/19
f 567/357/19 569/359/19 570/360/19
f 571/357/41 572/358/41 573/359/41
f 571/357/41 573/359/41 574/360/41
f 575/357/32 576/358/32 577/359/32
f 575/357/32 577/359/32 578/360/32
s 1
f 579/357/23 580/358/23 581/359/23
s 0
f 579/357/23 581/359/23 582/360/23
f 583/357/14 584/358/14 585/359/14
f 583/357/14 585/359/14 586/360/14
f 587/357/36 588/358/36 589/359/36
f 587/357/36 589/359/36 590/360/36
f 591/357/27 592/358/27 593/359/27
f 591/357/27 593/359/27 594/360/27
f 595/357/18 596/358/18 597/359/18
f 595/357/18 597/359/18 598/360/18
f 599/357/40 600/358/40 601/359/40
f 599/357/40 601/359/40 602/360/40
f 603/357/31 604/358/31 605/359/31
f 603/357/31 605/359/31 606/360/31
f 607/357/22 608/358/22 609/359/22
f 607/357/22 609/359/22 610/360/22
f 611/357/13 612/358/13 613/359/13
f 611/357/13 613/359/13 614/360/13
f 615/357/35 616/358/35 617/359/35
f 615/357/35 617/359/35 618/360/35
f 619/357/26 620/358/26 621/359/26
f 619/357/26 621/359/26 622/360/26
f 623/357/17 624/358/17 625/359/17
f 623/357/17 625/359/17 626/360/17
f 627/357/39 628/358/39 629/359/39
f 627/357/39 629/359/39 630/360/39
f 631/357/30 632/358/30 633/359/30
f 631/357/30 633/359/30 634/360/30
f 635/357/21 636/358/21 637/359/21
f 635/357/21 637/359/21 638/360/21
f 639/357/12 640/358/12 641/359/12
f 639/357/12 641/359/12 642/360/12
f 643/357/34 644/358/34 645/359/34
f 643/357/34 645/359/34 646/360/34
f 647/357/25 648/358/25 649/359/25
f 647/357/25 649/359/25 650/360/25
f 651/357/16 652/358/16 653/359/16
f 651/357/16 653/359/16 654/360/16
f 655/357/38 656/358/38 657/359/38
f 655/357/38 657/359/38 658/360/38
f 659/357/29 660/358/29 661/359/29
f 659/357/29 661/359/29 662/360/29
f 663/357/20 664/358/20 665/359/20
f 663/357/20 665/359/20 666/360/20
f 667/357/42 668/358/42 669/359/42
f 667/357/42 669/359/42 670/360/42
f 671/357/11 672/358/11 673/359/11
f 671/357/11 673/359/11 674/360/11
f 675/357/33 676/358/33 677/359/33
f 675/357/33 677/359/33 678/360/33
f 679/357/24 680/358/24 681/359/24
f 679/357/24 681/359/24 682/360/24
f 683/361/77 684/161/77 685/164/77
f 683/361/77 685/164/77 686/362/77
f 687/363/78 688/341/78 689/344/78
f 687/363/78 689/344/78 690/364/78
f 691/210/79 692/333/79 693/336/79
f 691/210/79 693/336/79 694/211/79
f 695/138/80 696/365/80 697/366/80
f 695/138/80 697/366/80 698/139/80
f 699/326/81 700/349/81 701/350/81
f 699/326/81 701/350/81 702/327/81
f 703/318/82 704/185/82 705/188/82
f 703/318/82 705/188/82 706/319/82
f 707/367/83 708/368/83 709/369/83
f 707/367/83 709/369/83 710/370/83
f 711/334/84 712/311/84 713/312/84
f 711/334/84 713/312/84 714/335/84
f 715/162/85 716/303/85 717/306/85
f 715/162/85 717/306/85 718/163/85
f 719/371/86 720/355/86 721/356/86
f 719/371/86 721/356/86 722/372/86
f 723/297/87 724/317/87 725/320/87
f 723/297/87 725/320/87 726/298/87
f 727/290/88 728/137/88 729/140/88
f 727/290/88 729/140/88 730/291/88
f 731/342/89 732/373/89 733/374/89
f 731/342/89 733/374/89 734/343/89
f 735/304/90 736/283/90 737/284/90
f 735/304/90 737/284/90 738/305/90
f 739/368/91 740/275/91 741/278/91
f 739/368/92 741/278/92 742/369/92
f 743/375/93 744/325/93 745/328/93
f 743/375/93 745/328/93 746/376/93
f 747/269/94 748/289/94 749/292/94
f 747/269/94 749/292/94 750/270/94
f 751/262/95 752/371/95 753/372/95
f 751/262/95 753/372/95 754/263/95
f 755/276/96 756/255/96 757/256/96
f 755/276/96 757/256/96 758/277/96
f 759/373/97 760/247/97 761/250/97
f 759/373/97 761/250/97 762/374/97
f 763/233/98 764/261/98 765/264/98
f 763/233/98 765/264/98 766/234/98
f 767/226/99 768/375/99 769/376/99
f 767/226/99 769/376/99 770/227/99
f 771/248/100 772/209/100 773/212/100
f 771/248/101 773/212/101 774/249/101
f 775/240/102 776/201/102 777/204/102
f 775/240/102 777/204/102 778/241/102
f 779/186/103 780/225/103 781/228/103
f 779/186/103 781/228/103 782/187/103
f 783/178/104 784/217/104 785/220/104
f 783/178/104 785/220/104 786/179/104
f 787/202/105 788/361/105 789/362/105
f 787/202/105 789/362/105 790/203/105
f 791/194/106 792/153/106 793/156/106
f 791/194/106 793/156/106 794/195/106
f 795/365/107 796/177/107 797/180/107
f 795/365/107 797/180/107 798/366/107
f 799/130/108 800/169/108 801/172/108
f 799/130/108 801/172/108 802/131/108
f 803/154/109 804/367/109 805/370/109
f 803/154/109 805/370/109 806/155/109
f 807/146/110 808/363/110 809/364/110
f 807/146/110 809/364/110 810/147/110
f 811/377/31 812/378/31 813/379/31
f 811/377/31 813/379/31 814/380/31
f 815/381/43 816/382/43 817/383/43
f 815/381/43 817/383/43 818/384/43
f 819/385/43 820/35/43 821/38/43
f 819/385/43 821/38/43 822/386/43
f 823/387/43 824/388/43 825/389/43
f 823/387/43 825/389/43 826/390/43
f 827/391/43 828/381/43 829/384/43
f 827/391/43 829/384/43 830/392/43
f 831/393/43 832/385/43 833/386/43
f 831/393/43 833/386/43 834/394/43
f 835/395/43 836/387/43 837/390/43
f 835/395/43 837/390/43 838/396/43
f 839/397/43 840/391/43 841/392/43
f 839/397/43 841/392/43 842/398/43
f 843/399/43 844/393/43 845/394/43
f 843/399/43 845/394/43 846/400/43
f 847/401/43 848/395/43 849/396/43
f 847/401/43 849/396/43 850/402/43
f 851/403/43 852/397/43 853/398/43
f 851/403/43 853/398/43 854/404/43
f 855/405/43 856/399/43 857/400/43
f 855/405/43 857/400/43 858/406/43
f 859/407/43 860/401/43 861/402/43
f 859/407/43 861/402/43 862/408/43
f 863/409/43 864/403/43 865/404/43
f 863/409/43 865/404/43 866/410/43
f 867/411/43 868/405/43 869/406/43
f 867/411/43 869/406/43 870/412/43
f 871/413/43 872/407/43 873/408/43
f 871/413/43 873/408/43 874/414/43
f 875/388/43 876/409/43 877/410/43
f 875/388/43 877/410/43 878/389/43
f 879/415/43 880/411/43 881/412/43
f 879/415/43 881/412/43 882/416/43
f 883/417/43 884/413/43 885/414/43
f 883/417/43 885/414/43 886/418/43
f 887/419/43 888/415/43 889/416/43
f 887/419/43 889/416/43 890/420/43
f 891/421/43 892/417/43 893/418/43
f 891/421/43 893/418/43 894/422/43
f 895/423/43 896/419/43 897/420/43
f 895/423/43 897/420/43 898/424/43
f 899/425/43 900/421/43 901/422/43
f 899/425/43 901/422/43 902/426/43
f 903/427/43 904/423/43 905/424/43
f 903/427/43 905/424/43 906/428/43
f 907/429/43 908/425/43 909/426/43
f 907/429/43 909/426/43 910/430/43
f 911/431/43 912/427/43 913/428/43
f 911/431/43 913/428/43 914/432/43
f 915/433/43 916/429/43 917/430/43
f 915/433/43 917/430/43 918/434/43
f 919/435/43 920/431/43 921/432/43
f 919/435/43 921/432/43 922/436/43
f 923/437/43 924/433/43 925/434/43
f 923/437/43 925/434/43 926/438/43
f 927/439/43 928/435/43 929/436/43
f 927/439/43 929/436/43 930/440/43
f 931/36/43 932/437/43 933/438/43
f 931/36/43 933/438/43 934/37/43
f 935/382/43 936/439/43 937/440/43
f 935/382/43 937/440/43 938/383/43
f 939/441/111 940/442/111 941/443/111
f 939/441/111 941/443/111 942/444/111
f 943/377/18 944/378/18 945/379/18
f 943/377/18 945/379/18 946/380/18
f 947/377/32 948/378/32 949/379/32
f 947/377/32 949/379/32 950/380/32
f 951/377/19 952/378/19 953/379/19
f 951/377/19 953/379/19 954/380/19
f 955/377/33 956/378/33 957/379/33
f 955/377/33 957/379/33 958/380/33
f 959/377/20 960/378/20 961/379/20
f 959/377/20 961/379/20 962/380/20
f 963/377/34 964/378/34 965/379/34
f 963/377/34 965/379/34 966/380/34
f 967/377/21 968/378/21 969/379/21
f 967/377/21 969/379/21 970/380/21
f 971/377/35 972/378/35 973/379/35
f 971/377/35 973/379/35 974/380/35
f 975/377/22 976/378/22 977/379/22
f 975/377/22 977/379/22 978/380/22
f 979/377/36 980/378/36 981/379/36
f 979/377/36 981/379/36 982/380/36
f 983/377/23 984/378/23 985/379/23
f 983/377/23 985/379/23 986/380/23
f 987/377/37 988/378/37 989/379/37
f 987/377/37 989/379/37 990/380/37
f 991/377/24 992/378/24 993/379/24
f 991/377/24 993/379/24 994/380/24
f 995/377/11 996/378/11 997/379/11
f 995/377/11 997/379/11 998/380/11
f 999/377/38 1000/378/38 1001/379/38
f 999/377/38 1001/379/38 1002/380/38
f 1003/377/25 1004/378/25 1005/379/25
f 1003/377/25 1005/379/25 1006/380/25
f 1007/377/12 1008/378/12 1009/379/12
f 1007/377/12 1009/379/12 1010/380/12
f 1011/377/39 1012/378/39 1013/379/39
f 1011/377/39 1013/379/39 1014/380/39
f 1015/377/26 1016/378/26 1017/379/26
f 1015/377/26 1017/379/26 1018/380/26
s 1
f 1019/377/13 1020/378/13 1021/379/13
s 0
f 1019/377/13 1021/379/13 1022/380/13
f 1023/377/40 1024/378/40 1025/379/40
f 1023/377/40 1025/379/40 1026/380/40
f 1027/377/27 1028/378/27 1029/379/27
f 1027/377/27 1029/379/27 1030/380/27
f 1031/377/14 1032/378/14 1033/379/14
f 1031/377/14 1033/379/14 1034/380/14
f 1035/377/41 1036/378/41 1037/379/41
f 1035/377/41 1037/379/41 1038/380/41
f 1039/377/28 1040/378/28 1041/379/28
f 1039/377/28 1041/379/28 1042/380/28
f 1043/377/15 1044/378/15 1045/379/15
f 1043/377/15 1045/379/15 1046/380/15
f 1047/377/42 1048/378/42 1049/379/42
f 1047/377/42 1049/379/42 1050/380/42
f 1051/377/29 1052/378/29 1053/379/29
f 1051/377/29 1053/379/29 1054/380/29
f 1055/377/16 1056/378/16 1057/379/16
f 1055/377/16 1057/379/16 1058/380/16
f 1059/377/30 1060/378/30 1061/379/30
f 1059/377/30 1061/379/30 1062/380/30
f 1063/377/17 1064/378/17 1065/379/17
f 1063/377/17 1065/379/17 1066/380/17
f 1067/445/37 1068/446/37 1069/447/37
f 1067/445/37 1069/447/37 1070/448/37
f 1071/449/111 1072/450/111 1073/451/111
f 1071/449/111 1073/451/111 1074/452/111
f 1075/453/111 1076/441/111 1077/444/111
f 1075/453/111 1077/444/111 1078/454/111
f 1079/455/111 1080/449/111 1081/452/111
f 1079/455/111 1081/452/111 1082/456/111
f 1083/457/111 1084/453/111 1085/454/111
f 1083/457/111 1085/454/111 1086/458/111
f 1087/459/111 1088/455/111 1089/456/111
f 1087/459/111 1089/456/111 1090/460/111
f 1091/461/111 1092/457/111 1093/458/111
f 1091/461/111 1093/458/111 1094/462/111
f 1095/463/111 1096/459/111 1097/460/111
f 1095/463/111 1097/460/111 1098/464/111
f 1099/465/111 1100/466/111 1101/467/111
f 1099/465/111 1101/467/111 1102/468/111
f 1103/469/111 1104/461/111 1105/462/111
f 1103/469/111 1105/462/111 1106/470/111
f 1107/471/111 1108/463/111 1109/464/111
f 1107/471/111 1109/464/111 1110/472/111
f 1111/473/111 1112/465/111 1113/468/111
f 1111/473/111 1113/468/111 1114/474/111
f 1115/475/111 1116/469/111 1117/470/111
f 1115/475/111 1117/470/111 1118/476/111
f 1119/477/111 1120/471/111 1121/472/111
f 1119/477/111 1121/472/111 1122/478/111
f 1123/479/111 1124/473/111 1125/474/111
f 1123/479/111 1125/474/111 1126/480/111
f 1127/481/111 1128/475/111 1129/476/111
f 1127/481/111 1129/476/111 1130/482/111
f 1131/483/111 1132/477/111 1133/478/111
f 1131/483/111 1133/478/111 1134/484/111
f 1135/485/111 1136/479/111 1137/480/111
f 1135/485/111 1137/480/111 1138/486/111
f 1139/487/111 1140/481/111 1141/482/111
f 1139/487/111 1141/482/111 1142/488/111
f 1143/489/111 1144/483/111 1145/484/111
f 1143/489/111 1145/484/111 1146/490/111
f 1147/491/111 1148/485/111 1149/486/111
f 1147/491/111 1149/486/111 1150/492/111
f 1151/466/111 1152/487/111 1153/488/111
f 1151/466/111 1153/488/111 1154/467/111
f 1155/493/111 1156/489/111 1157/490/111
f 1155/493/111 1157/490/111 1158/494/111
f 1159/495/111 1160/491/111 1161/492/111
f 1159/495/111 1161/492/111 1162/496/111
f 1163/497/111 1164/493/111 1165/494/111
f 1163/497/111 1165/494/111 1166/498/111
f 1167/499/111 1168/495/111 1169/496/111
f 1167/499/111 1169/496/111 1170/500/111
f 1171/501/111 1172/497/111 1173/498/111
f 1171/501/111 1173/498/111 1174/502/111
f 1175/503/111 1176/499/111 1177/500/111
f 1175/503/111 1177/500/111 1178/504/111
f 1179/505/111 1180/501/111 1181/502/111
f 1179/505/111 1181/502/111 1182/506/111
f 1183/507/111 1184/503/111 1185/504/111
f 1183/507/111 1185/504/111 1186/508/111
f 1187/442/111 1188/505/111 1189/506/111
f 1187/442/111 1189/506/111 1190/443/111
f 1191/450/111 1192/507/111 1193/508/111
f 1191/450/111 1193/508/111 1194/451/111
f 1195/509/43 1196/510/43 1197/511/43
f 1195/509/43 1197/511/43 1198/512/43
f 1199/445/24 1200/446/24 1201/447/24
f 1199/445/24 1201/447/24 1202/448/24
f 1203/445/11 1204/446/11 1205/447/11
f 1203/445/11 1205/447/11 1206/448/11
f 1207/445/38 1208/446/38 1209/447/38
f 1207/445/38 1209/447/38 1210/448/38
f 1211/445/25 1212/446/25 1213/447/25
f 1211/445/25 1213/447/25 1214/448/25
f 1215/445/12 1216/446/12 1217/447/12
f 1215/445/12 1217/447/12 1218/448/12
f 1219/445/39 1220/446/39 1221/447/39
s 1
f 1219/445/39 1221/447/39 1222/448/39
s 0
f 1223/445/26 1224/446/26 1225/447/26
f 1223/445/26 1225/447/26 1226/448/26
f 1227/445/13 1228/446/13 1229/447/13
f 1227/445/13 1229/447/13 1230/448/13
f 1231/445/40 1232/446/40 1233/447/40
f 1231/445/40 1233/447/40 1234/448/40
f 1235/445/27 1236/446/27 1237/447/27
f 1235/445/27 1237/447/27 1238/448/27
f 1239/445/14 1240/446/14 1241/447/14
s 1
f 1239/445/14 1241/447/14 1242/448/14
s 0
f 1243/445/41 1244/446/41 1245/447/41
f 1243/445/41 1245/447/41 1246/448/41
f 1247/445/28 1248/446/28 1249/447/28
f 1247/445/28 1249/447/28 1250/448/28
f 1251/445/15 1252/446/15 1253/447/15
f 1251/445/15 1253/447/15 1254/448/15
f 1255/445/42 1256/446/42 1257/447/42
f 1255/445/42 1257/447/42 1258/448/42
f 1259/445/29 1260/446/29 1261/447/29
f 1259/445/29 1261/447/29 1262/448/29
f 1263/445/16 1264/446/16 1265/447/16
f 1263/445/16 1265/447/16 1266/448/16
f 1267/445/30 1268/446/30 1269/447/30
f 1267/445/30 1269/447/30 1270/448/30
f 1271/445/17 1272/446/17 1273/447/17
f 1271/445/17 1273/447/17 1274/448/17
f 1275/445/31 1276/446/31 1277/447/31
f 1275/445/31 1277/447/31 1278/448/31
f 1279/445/18 1280/446/18 1281/447/18
f 1279/445/18 1281/447/18 1282/448/18
f 1283/445/32 1284/446/32 1285/447/32
f 1283/445/32 1285/447/32 1286/448/32
f 1287/445/19 1288/446/19 1289/447/19
f 1287/445/19 1289/447/19 1290/448/19
f 1291/445/33 1292/446/33 1293/447/33
f 1291/445/33 1293/447/33 1294/448/33
f 1295/445/20 1296/446/20 1297/447/20
f 1295/445/20 1297/447/20 1298/448/20
f 1299/445/34 1300/446/34 1301/447/34
f 1299/445/34 1301/447/34 1302/448/34
f 1303/445/21 1304/446/21 1305/447/21
f 1303/445/21 1305/447/21 1306/448/21
f 1307/445/35 1308/446/35 1309/447/35
f 1307/445/35 1309/447/35 1310/448/35
f 1311/445/22 1312/446/22 1313/447/22
f 1311/445/22 1313/447/22 1314/448/22
f 1315/445/36 1316/446/36 1317/447/36
f 1315/445/36 1317/447/36 1318/448/36
f 1319/445/23 1320/446/23 1321/447/23
f 1319/445/23 1321/447/23 1322/448/23
f 1323/513/112 1324/514/112 1325/515/112
f 1323/513/112 1325/515/112 1326/516/112
f 1327/517/43 1328/518/43 1329/519/43
f 1327/517/43 1329/519/43 1330/520/43
f 1331/521/43 1332/522/43 1333/523/43
f 1331/521/43 1333/523/43 1334/524/43
f 1335/525/43 1336/509/43 1337/512/43
f 1335/525/43 1337/512/43 1338/526/43
f 1339/527/43 1340/517/43 1341/520/43
f 1339/527/43 1341/520/43 1342/528/43
f 1343/529/43 1344/521/43 1345/524/43
f 1343/529/43 1345/524/43 1346/530/43
f 1347/531/43 1348/525/43 1349/526/43
f 1347/531/43 1349/526/43 1350/532/43
f 1351/533/43 1352/527/43 1353/528/43
f 1351/533/43 1353/528/43 1354/534/43
f 1355/535/43 1356/529/43 1357/530/43
f 1355/535/43 1357/530/43 1358/536/43
f 1359/537/43 1360/531/43 1361/532/43
f 1359/537/43 1361/532/43 1362/538/43
f 1363/539/43 1364/535/43 1365/536/43
f 1363/539/43 1365/536/43 1366/540/43
f 1367/541/43 1368/537/43 1369/538/43
f 1367/541/43 1369/538/43 1370/542/43
f 1371/543/43 1372/539/43 1373/540/43
f 1371/543/43 1373/540/43 1374/544/43
f 1375/545/43 1376/541/43 1377/542/43
f 1375/545/43 1377/542/43 1378/546/43
f 1379/547/43 1380/543/43 1381/544/43
f 1379/547/43 1381/544/43 1382/548/43
f 1383/549/43 1384/545/43 1385/546/43
f 1383/549/43 1385/546/43 1386/550/43
f 1387/551/43 1388/547/43 1389/548/43
f 1387/551/43 1389/548/43 1390/552/43
f 1391/553/43 1392/549/43 1393/550/43
f 1391/553/43 1393/550/43 1394/554/43
f 1395/555/43 1396/551/43 1397/552/43
f 1395/555/43 1397/552/43 1398/556/43
f 1399/557/43 1400/553/43 1401/554/43
f 1399/557/43 1401/554/43 1402/558/43
f 1403/559/43 1404/555/43 1405/556/43
f 1403/559/43 1405/556/43 1406/560/43
f 1407/561/43 1408/557/43 1409/558/43
f 1407/561/43 1409/558/43 1410/562/43
f 1411/563/43 1412/559/43 1413/560/43
f 1411/563/43 1413/560/43 1414/564/43
f 1415/565/43 1416/561/43 1417/562/43
f 1415/565/43 1417/562/43 1418/566/43
f 1419/567/43 1420/563/43 1421/564/43
f 1419/567/43 1421/564/43 1422/568/43
f 1423/569/43 1424/565/43 1425/566/43
f 1423/569/43 1425/566/43 1426/570/43
f 1427/571/43 1428/533/43 1429/534/43
f 1427/571/43 1429/534/43 1430/572/43
f 1431/573/43 1432/567/43 1433/568/43
f 1431/573/43 1433/568/43 1434/574/43
f 1435/575/43 1436/569/43 1437/570/43
f 1435/575/43 1437/570/43 1438/576/43
f 1439/510/43 1440/571/43 1441/572/43
f 1439/510/43 1441/572/43 1442/511/43
f 1443/518/43 1444/573/43 1445/574/43
f 1443/518/43 1445/574/43 1446/519/43
f 1447/522/43 1448/575/43 1449/576/43
f 1447/522/43 1449/576/43 1450/523/43
f 1451/577/111 1452/578/111 1453/579/111
f 1451/577/111 1453/579/111 1454/580/111
f 1455/513/113 1456/514/113 1457/515/113
f 1455/513/113 1457/515/113 1458/516/113
f 1459/513/114 1460/514/114 1461/515/114
f 1459/513/114 1461/515/114 1462/516/114
f 1463/513/115 1464/514/115 1465/515/115
f 1463/513/115 1465/515/115 1466/516/115
f 1467/513/116 1468/514/116 1469/515/116
f 1467/513/116 1469/515/116 1470/516/116
f 1471/513/117 1472/514/117 1473/515/117
f 1471/513/117 1473/515/117 1474/516/117
f 1475/513/118 1476/514/118 1477/515/118
f 1475/513/118 1477/515/118 1478/516/118
f 1479/513/119 1480/514/119 1481/515/119
f 1479/513/119 1481/515/119 1482/516/119
f 1483/513/120 1484/514/120 1485/515/120
f 1483/513/120 1485/515/120 1486/516/120
f 1487/513/121 1488/514/121 1489/515/121
f 1487/513/121 1489/515/121 1490/516/121
f 1491/513/122 1492/514/122 1493/515/122
f 1491/513/122 1493/515/122 1494/516/122
f 1495/513/123 1496/514/123 1497/515/123
f 1495/513/123 1497/515/123 1498/516/123
f 1499/513/124 1500/514/124 1501/515/124
f 1499/513/124 1501/515/124 1502/516/124
f 1503/513/125 1504/514/125 1505/515/125
f 1503/513/125 1505/515/125 1506/516/125
f 1507/513/126 1508/514/126 1509/515/126
f 1507/513/126 1509/515/126 1510/516/126
f 1511/513/127 1512/514/127 1513/515/127
f 1511/513/127 1513/515/127 1514/516/127
f 1515/513/128 1516/514/128 1517/515/128
f 1515/513/128 1517/515/128 1518/516/128
f 1519/513/129 1520/514/129 1521/515/129
f 1519/513/129 1521/515/129 1522/516/129
f 1523/513/130 1524/514/130 1525/515/130
f 1523/513/130 1525/515/130 1526/516/130
f 1527/513/131 1528/514/131 1529/515/131
f 1527/513/131 1529/515/131 1530/516/131
f 1531/513/132 1532/514/132 1533/515/132
f 1531/513/132 1533/515/132 1534/516/132
f 1535/513/133 1536/514/133 1537/515/133
f 1535/513/133 1537/515/133 1538/516/133
f 1539/513/134 1540/514/134 1541/515/134
f 1539/513/134 1541/515/134 1542/516/134
f 1543/513/135 1544/514/135 1545/515/135
f 1543/513/135 1545/515/135 1546/516/135
f 1547/513/136 1548/514/136 1549/515/136
f 1547/513/136 1549/515/136 1550/516/136
f 1551/513/137 1552/514/137 1553/515/137
f 1551/513/137 1553/515/137 1554/516/137
f 1555/513/138 1556/514/138 1557/515/138
f 1555/513/138 1557/515/138 1558/516/138
f 1559/513/139 1560/514/139 1561/515/139
f 1559/513/139 1561/515/139 1562/516/139
f 1563/513/140 1564/514/140 1565/515/140
f 1563/513/140 1565/515/140 1566/516/140
f 1567/513/141 1568/514/141 1569/515/141
f 1567/513/141 1569/515/141 1570/516/141
f 1571/513/142 1572/514/142 1573/515/142
f 1571/513/142 1573/515/142 1574/516/142
f 1575/513/143 1576/514/143 1577/515/143
f 1575/513/143 1577/515/143 1578/516/143
f 1579/581/22 1580/582/22 1581/583/22
f 1579/581/22 1581/583/22 1582/584/22
f 1583/585/111 1584/586/111 1585/587/111
f 1583/585/111 1585/587/111 1586/588/111
f 1587/589/111 1588/577/111 1589/580/111
f 1587/589/111 1589/580/111 1590/590/111
f 1591/591/111 1592/585/111 1593/588/111
f 1591/591/111 1593/588/111 1594/592/111
f 1595/593/111 1596/589/111 1597/590/111
f 1595/593/111 1597/590/111 1598/594/111
f 1599/595/111 1600/591/111 1601/592/111
f 1599/595/111 1601/592/111 1602/596/111
f 1603/597/111 1604/593/111 1605/594/111
f 1603/597/111 1605/594/111 1606/598/111
f 1607/599/111 1608/595/111 1609/596/111
f 1607/599/111 1609/596/111 1610/600/111
f 1611/601/111 1612/597/111 1613/598/111
f 1611/601/111 1613/598/111 1614/602/111
f 1615/603/111 1616/599/111 1617/600/111
f 1615/603/111 1617/600/111 1618/604/111
f 1619/605/111 1620/601/111 1621/602/111
f 1619/605/111 1621/602/111 1622/606/111
f 1623/607/111 1624/608/111 1625/609/111
f 1623/607/111 1625/609/111 1626/610/111
f 1627/611/111 1628/603/111 1629/604/111
f 1627/611/111 1629/604/111 1630/612/111
f 1631/613/111 1632/605/111 1633/606/111
f 1631/613/111 1633/606/111 1634/614/111
f 1635/615/111 1636/607/111 1637/610/111
f 1635/615/111 1637/610/111 1638/616/111
f 1639/617/111 1640/611/111 1641/612/111
f 1639/617/111 1641/612/111 1642/618/111
f 1643/619/111 1644/613/111 1645/614/111
f 1643/619/111 1645/614/111 1646/620/111
f 1647/621/111 1648/615/111 1649/616/111
f 1647/621/111 1649/616/111 1650/622/111
f 1651/623/111 1652/617/111 1653/618/111
f 1651/623/111 1653/618/111 1654/624/111
f 1655/625/111 1656/619/111 1657/620/111
f 1655/625/111 1657/620/111 1658/626/111
f 1659/627/111 1660/621/111 1661/622/111
f 1659/627/111 1661/622/111 1662/628/111
f 1663/629/111 1664/623/111 1665/624/111
f 1663/629/111 1665/624/111 1666/630/111
f 1667/631/111 1668/625/111 1669/626/111
f 1667/631/111 1669/626/111 1670/632/111
f 1671/633/111 1672/627/111 1673/628/111
f 1671/633/111 1673/628/111 1674/634/111
f 1675/608/111 1676/629/111 1677/630/111
f 1675/608/111 1677/630/111 1678/609/111
f 1679/635/111 1680/631/111 1681/632/111
f 1679/635/111 1681/632/111 1682/636/111
f 1683/637/111 1684/633/111 1685/634/111
f 1683/637/111 1685/634/111 1686/638/111
f 1687/639/111 1688/635/111 1689/636/111
f 1687/639/111 1689/636/111 1690/640/111
f 1691/641/111 1692/637/111 1693/638/111
f 1691/641/111 1693/638/111 1694/642/111
f 1695/643/111 1696/639/111 1697/640/111
f 1695/643/111 1697/640/111 1698/644/111
f 1699/578/111 1700/641/111 1701/642/111
f 1699/578/111 1701/642/111 1702/579/111
f 1703/586/111 1704/643/111 1705/644/111
f 1703/586/111 1705/644/111 1706/587/111
f 1707/645/43 1708/646/43 1709/647/43
f 1707/645/43 1709/647/43 1710/648/43
f 1711/649/36 1712/650/36 1713/651/36
f 1711/649/36 1713/651/36 1714/652/36
f 1715/653/23 1716/654/23 1717/655/23
f 1715/653/23 1717/655/23 1718/656/23
f 1719/657/37 1720/649/37 1721/652/37
f 1719/657/37 1721/652/37 1722/658/37
f 1723/659/24 1724/653/24 1725/656/24
f 1723/659/24 1725/656/24 1726/660/24
f 1727/661/11 1728/662/11 1729/663/11
f 1727/661/11 1729/663/11 1730/664/11
f 1731/665/38 1732/657/38 1733/658/38
f 1731/665/38 1733/658/38 1734/666/38
f 1735/667/25 1736/668/25 1737/669/25
f 1735/667/25 1737/669/25 1738/670/25
f 1739/671/12 1740/661/12 1741/664/12
f 1739/671/12 1741/664/12 1742/672/12
f 1743/673/39 1744/674/39 1745/675/39
f 1743/673/39 1745/675/39 1746/676/39
f 1747/677/26 1748/667/26 1749/670/26
f 1747/677/26 1749/670/26 1750/678/26
f 1751/679/13 1752/671/13 1753/672/13
f 1751/679/13 1753/672/13 1754/680/13
f 1755/681/40 1756/673/40 1757/676/40
f 1755/681/40 1757/676/40 1758/682/40
f 1759/683/27 1760/677/27 1761/678/27
f 1759/683/27 1761/678/27 1762/684/27
f 1763/685/14 1764/679/14 1765/680/14
f 1763/685/14 1765/680/14 1766/686/14
f 1767/687/41 1768/681/41 1769/682/41
f 1767/687/41 1769/682/41 1770/688/41
f 1771/689/28 1772/683/28 1773/684/28
f 1771/689/28 1773/684/28 1774/690/28
f 1775/691/15 1776/692/15 1777/693/15
f 1775/691/15 1777/693/15 1778/694/15
f 1779/662/42 1780/687/42 1781/688/42
f 1779/662/42 1781/688/42 1782/663/42
f 1783/695/29 1784/689/29 1785/690/29
f 1783/695/29 1785/690/29 1786/696/29
f 1787/697/16 1788/691/16 1789/694/16
f 1787/697/16 1789/694/16 1790/698/16
f 1791/699/30 1792/695/30 1793/696/30
f 1791/699/30 1793/696/30 1794/700/30
f 1795/701/17 1796/697/17 1797/698/17
f 1795/701/17 1797/698/17 1798/702/17
f 1799/703/31 1800/704/31 1801/705/31
f 1799/703/31 1801/705/31 1802/706/31
f 1803/707/18 1804/701/18 1805/702/18
f 1803/707/18 1805/702/18 1806/708/18
f 1807/709/32 1808/703/32 1809/706/32
f 1807/709/32 1809/706/32 1810/710/32
f 1811/711/19 1812/707/19 1813/708/19
f 1811/711/19 1813/708/19 1814/712/19
f 1815/713/33 1816/709/33 1817/710/33
f 1815/713/33 1817/710/33 1818/714/33
f 1819/715/20 1820/711/20 1821/712/20
f 1819/715/20 1821/712/20 1822/716/20
f 1823/717/34 1824/713/34 1825/714/34
f 1823/717/34 1825/714/34 1826/718/34
f 1827/582/21 1828/715/21 1829/716/21
f 1827/582/21 1829/716/21 1830/583/21
f 1831/650/35 1832/717/35 1833/718/35
f 1831/650/35 1833/718/35 1834/651/35
f 1835/719/144 1836/720/144 1837/721/144
s 1
f 1835/719/144 1837/721/144 1838/722/144
s 0
f 1839/723/43 1840/724/43 1841/725/43
f 1839/723/43 1841/725/43 1842/726/43
f 1843/727/43 1844/728/43 1845/729/43
f 1843/727/43 1845/729/43 1846/730/43
f 1847/731/43 1848/645/43 1849/648/43
f 1847/731/43 1849/648/43 1850/732/43
f 1851/733/43 1852/723/43 1853/726/43
f 1851/733/43 1853/726/43 1854/734/43
f 1855/735/43 1856/727/43 1857/730/43
f 1855/735/43 1857/730/43 1858/736/43
f 1859/737/43 1860/731/43 1861/732/43
f 1859/737/43 1861/732/43 1862/738/43
f 1863/739/43 1864/733/43 1865/734/43
f 1863/739/43 1865/734/43 1866/740/43
f 1867/741/43 1868/735/43 1869/736/43
f 1867/741/43 1869/736/43 1870/742/43
f 1871/743/43 1872/737/43 1873/738/43
f 1871/743/43 1873/738/43 1874/744/43
f 1875/745/43 1876/739/43 1877/740/43
f 1875/745/43 1877/740/43 1878/746/43
f 1879/747/43 1880/741/43 1881/742/43
f 1879/747/43 1881/742/43 1882/748/43
f 1883/749/43 1884/743/43 1885/744/43
f 1883/749/43 1885/744/43 1886/750/43
f 1887/751/43 1888/745/43 1889/746/43
f 1887/751/43 1889/746/43 1890/752/43
f 1891/753/43 1892/749/43 1893/750/43
f 1891/753/43 1893/750/43 1894/754/43
f 1895/755/43 1896/751/43 1897/752/43
f 1895/755/43 1897/752/43 1898/756/43
f 1899/757/43 1900/753/43 1901/754/43
f 1899/757/43 1901/754/43 1902/758/43
f 1903/759/43 1904/755/43 1905/756/43
f 1903/759/43 1905/756/43 1906/760/43
f 1907/761/43 1908/757/43 1909/758/43
f 1907/761/43 1909/758/43 1910/762/43
f 1911/763/43 1912/759/43 1913/760/43
f 1911/763/43 1913/760/43 1914/764/43
f 1915/765/43 1916/761/43 1917/762/43
f 1915/765/43 1917/762/43 1918/766/43
f 1919/767/43 1920/763/43 1921/764/43
f 1919/767/43 1921/764/43 1922/768/43
f 1923/769/43 1924/765/43 1925/766/43
f 1923/769/43 1925/766/43 1926/770/43
f 1927/771/43 1928/767/43 1929/768/43
f 1927/771/43 1929/768/43 1930/772/43
f 1931/773/43 1932/769/43 1933/770/43
f 1931/773/43 1933/770/43 1934/774/43
f 1935/775/43 1936/771/43 1937/772/43
f 1935/775/43 1937/772/43 1938/776/43
f 1939/777/43 1940/773/43 1941/774/43
f 1939/777/43 1941/774/43 1942/778/43
f 1943/779/43 1944/775/43 1945/776/43
f 1943/779/43 1945/776/43 1946/780/43
f 1947/781/43 1948/777/43 1949/778/43
f 1947/781/43 1949/778/43 1950/782/43
f 1951/646/43 1952/779/43 1953/780/43
f 1951/646/43 1953/780/43 1954/647/43
f 1955/724/43 1956/747/43 1957/748/43
f 1955/724/43 1957/748/43 1958/725/43
f 1959/728/43 1960/781/43 1961/782/43
f 1959/728/43 1961/782/43 1962/729/43
f 1963/783/111 1964/784/111 1965/785/111
f 1963/783/111 1965/785/111 1966/786/111
f 1967/719/145 1968/720/145 1969/721/145
f 1967/719/145 1969/721/145 1970/722/145
f 1971/719/146 1972/720/146 1973/721/146
f 1971/719/147 1973/721/147 1974/722/147
f 1975/719/148 1976/720/148 1977/721/148
f 1975/719/148 1977/721/148 1978/722/148
f 1979/719/149 1980/720/149 1981/721/149
f 1979/719/149 1981/721/149 1982/722/149
f 1983/719/150 1984/720/150 1985/721/150
f 1983/719/150 1985/721/150 1986/722/150
f 1987/719/151 1988/720/151 1989/721/151
f 1987/719/151 1989/721/151 1990/722/151
f 1991/719/152 1992/720/152 1993/721/152
f 1991/719/152 1993/721/152 1994/722/152
f 1995/719/153 1996/720/153 1997/721/153
f 1995/719/153 1997/721/153 1998/722/153
f 1999/719/154 2000/720/154 2001/721/154
f 1999/719/154 2001/721/154 2002/722/154
f 2003/719/155 2004/720/155 2005/721/155
f 2003/719/155 2005/721/155 2006/722/155
f 2007/719/156 2008/720/156 2009/721/156
f 2007/719/156 2009/721/156 2010/722/156
f 2011/719/157 2012/720/157 2013/721/157
f 2011/719/157 2013/721/157 2014/722/157
f 2015/719/158 2016/720/158 2017/721/158
f 2015/719/158 2017/721/158 2018/722/158
f 2019/719/159 2020/720/159 2021/721/159
f 2019/719/159 2021/721/159 2022/722/159
f 2023/719/160 2024/720/160 2025/721/160
f 2023/719/160 2025/721/160 2026/722/160
f 2027/719/161 2028/720/161 2029/721/161
f 2027/719/161 2029/721/161 2030/722/161
f 2031/719/162 2032/720/162 2033/721/162
f 2031/719/162 2033/721/162 2034/722/162
f 2035/719/163 2036/720/163 2037/721/163
f 2035/719/163 2037/721/163 2038/722/163
f 2039/719/164 2040/720/164 2041/721/164
f 2039/719/165 2041/721/165 2042/722/165
f 2043/719/166 2044/720/166 2045/721/166
f 2043/719/166 2045/721/166 2046/722/166
f 2047/719/167 2048/720/167 2049/721/167
f 2047/719/167 2049/721/167 2050/722/167
f 2051/719/168 2052/720/168 2053/721/168
f 2051/719/169 2053/721/169 2054/722/169
f 2055/719/170 2056/720/170 2057/721/170
f 2055/719/170 2057/721/170 2058/722/170
f 2059/719/171 2060/720/171 2061/721/171
f 2059/719/171 2061/721/171 2062/722/171
f 2063/719/172 2064/720/172 2065/721/172
f 2063/719/172 2065/721/172 2066/722/172
f 2067/719/173 2068/720/173 2069/721/173
s 1
f 2067/719/174 2069/721/174 2070/722/174
s 0
f 2071/719/175 2072/720/175 2073/721/175
f 2071/719/175 2073/721/175 2074/722/175
f 2075/719/176 2076/720/176 2077/721/176
f 2075/719/176 2077/721/176 2078/722/176
f 2079/719/177 2080/720/177 2081/721/177
f 2079/719/178 2081/721/178 2082/722/178
f 2083/719/179 2084/720/179 2085/721/179
f 2083/719/179 2085/721/179 2086/722/179
f 2087/719/180 2088/720/180 2089/721/180
s 1
f 2087/719/180 2089/721/180 2090/722/180
s 0
f 2091/787/181 2092/788/181 2093/789/181
f 2091/787/181 2093/789/181 2094/790/181
f 2095/791/111 2096/792/111 2097/793/111
f 2095/791/111 2097/793/111 2098/794/111
f 2099/795/111 2100/783/111 2101/786/111
f 2099/795/111 2101/786/111 2102/796/111
f 2103/797/111 2104/791/111 2105/794/111
f 2103/797/111 2105/794/111 2106/798/111
f 2107/799/111 2108/795/111 2109/796/111
f 2107/799/111 2109/796/111 2110/800/111
f 2111/801/111 2112/797/111 2113/798/111
f 2111/801/111 2113/798/111 2114/802/111
f 2115/803/111 2116/799/111 2117/800/111
f 2115/803/111 2117/800/111 2118/804/111
f 2119/805/111 2120/801/111 2121/802/111
f 2119/805/111 2121/802/111 2122/806/111
f 2123/807/111 2124/803/111 2125/804/111
f 2123/807/111 2125/804/111 2126/808/111
f 2127/809/111 2128/805/111 2129/806/111
f 2127/809/111 2129/806/111 2130/810/111
f 2131/811/111 2132/807/111 2133/808/111
f 2131/811/111 2133/808/111 2134/812/111
f 2135/813/111 2136/809/111 2137/810/111
f 2135/813/111 2137/810/111 2138/814/111
f 2139/815/111 2140/811/111 2141/812/111
f 2139/815/111 2141/812/111 2142/816/111
f 2143/817/111 2144/813/111 2145/814/111
f 2143/817/111 2145/814/111 2146/818/111
f 2147/819/111 2148/820/111 2149/821/111
f 2147/819/111 2149/821/111 2150/822/111
f 2151/823/111 2152/815/111 2153/816/111
f 2151/823/111 2153/816/111 2154/824/111
f 2155/825/111 2156/817/111 2157/818/111
f 2155/825/111 2157/818/111 2158/826/111
f 2159/827/111 2160/819/111 2161/822/111
f 2159/827/111 2161/822/111 2162/828/111
f 2163/829/111 2164/823/111 2165/824/111
f 2163/829/111 2165/824/111 2166/830/111
f 2167/831/111 2168/825/111 2169/826/111
f 2167/831/111 2169/826/111 2170/832/111
f 2171/833/111 2172/827/111 2173/828/111
f 2171/833/111 2173/828/111 2174/834/111
f 2175/835/111 2176/829/111 2177/830/111
f 2175/835/111 2177/830/111 2178/836/111
f 2179/837/111 2180/831/111 2181/832/111
f 2179/837/111 2181/832/111 2182/838/111
f 2183/839/111 2184/833/111 2185/834/111
f 2183/839/111 2185/834/111 2186/840/111
f 2187/841/111 2188/835/111 2189/836/111
f 2187/841/111 2189/836/111 2190/842/111
f 2191/843/111 2192/837/111 2193/838/111
f 2191/843/111 2193/838/111 2194/844/111
f 2195/845/111 2196/839/111 2197/840/111
f 2195/845/111 2197/840/111 2198/846/111
f 2199/820/111 2200/841/111 2201/842/111
f 2199/820/111 2201/842/111 2202/821/111
f 2203/847/111 2204/843/111 2205/844/111
f 2203/847/111 2205/844/111 2206/848/111
f 2207/849/111 2208/845/111 2209/846/111
f 2207/849/111 2209/846/111 2210/850/111
f 2211/784/111 2212/847/111 2213/848/111
f 2211/784/111 2213/848/111 2214/785/111
f 2215/792/111 2216/849/111 2217/850/111
f 2215/792/111 2217/850/111 2218/793/111
f 2219/851/182 2220/852/182 2221/853/182
f 2219/851/182 2221/853/182 2222/854/182
f 2223/855/183 2224/856/183 2225/857/183
f 2223/855/183 2225/857/183 2226/858/183
f 2227/859/184 2228/787/184 2229/790/184
f 2227/859/184 2229/790/184 2230/860/184
f 2231/861/185 2232/855/185 2233/858/185
f 2231/861/185 2233/858/185 2234/862/185
f 2235/863/186 2236/859/186 2237/860/186
f 2235/863/186 2237/860/186 2238/852/186
f 2239/864/187 2240/865/187 2241/866/187
f 2239/864/187 2241/866/187 2242/867/187
f 2243/868/188 2244/863/188 2245/852/188
f 2243/868/188 2245/852/188 2246/851/188
f 2247/869/189 2248/864/189 2249/867/189
f 2247/869/189 2249/867/189 2250/870/189
f 2251/871/190 2252/872/190 2253/873/190
f 2251/871/190 2253/873/190 2254/874/190
f 2255/875/191 2256/868/191 2257/851/191
f 2255/875/191 2257/851/191 2258/876/191
f 2259/877/192 2260/869/192 2261/870/192
f 2259/877/192 2261/870/192 2262/878/192
f 2263/879/193 2264/871/193 2265/874/193
f 2263/879/193 2265/874/193 2266/880/193
f 2267/881/194 2268/882/194 2269/883/194
f 2267/881/194 2269/883/194 2270/884/194
f 2271/885/195 2272/877/195 2273/878/195
f 2271/885/195 2273/878/195 2274/886/195
f 2275/887/196 2276/888/196 2277/889/196
f 2275/887/196 2277/889/196 2278/890/196
f 2279/891/197 2280/881/197 2281/884/197
f 2279/891/197 2281/884/197 2282/892/197
f 2283/893/198 2284/885/198 2285/886/198
f 2283/893/198 2285/886/198 2286/894/198
f 2287/895/199 2288/887/199 2289/890/199
f 2287/895/199 2289/890/199 2290/896/199
f 2291/897/200 2292/891/200 2293/892/200
f 2291/897/200 2293/892/200 2294/898/200
f 2295/899/201 2296/893/201 2297/894/201
f 2295/899/201 2297/894/201 2298/900/201
f 2299/901/202 2300/902/202 2301/903/202
f 2299/901/202 2301/903/202 2302/904/202
f 2303/872/203 2304/897/203 2305/898/203
f 2303/872/203 2305/898/203 2306/873/203
f 2307/905/204 2308/906/204 2309/907/204
f 2307/905/204 2309/907/204 2310/908/204
f 2311/909/205 2312/901/205 2313/904/205
s 1
f 2311/909/205 2313/904/205 2314/910/205
s 0
f 2315/911/206 2316/905/206 2317/908/206
f 2315/911/206 2317/908/206 2318/912/206
f 2319/913/207 2320/909/207 2321/910/207
f 2319/913/207 2321/910/207 2322/914/207
f 2323/915/208 2324/916/208 2325/917/208
f 2323/915/208 2325/917/208 2326/918/208
f 2327/919/209 2328/913/209 2329/914/209
f 2327/919/209 2329/914/209 2330/920/209
f 2331/921/210 2332/915/210 2333/918/210
f 2331/921/210 2333/918/210 2334/922/210
f 2335/923/211 2336/919/211 2337/920/211
f 2335/923/211 2337/920/211 2338/924/211
f 2339/788/212 2340/921/212 2341/922/212
f 2339/788/212 2341/922/212 2342/789/212
f 2343/856/213 2344/923/213 2345/924/213
f 2343/856/213 2345/924/213 2346/857/213
f 2347/870/214 2348/867/214 2349/925/214
f 2347/870/214 2349/925/214 2350/926/214
f 2351/874/215 2352/873/215 2353/927/215
f 2351/874/215 2353/927/215 2354/928/215
f 2355/876/216 2356/851/216 2357/854/216
f 2355/876/216 2357/854/216 2358/929/216
f 2359/878/217 2360/870/217 2361/926/217
f 2359/878/217 2361/926/217 2362/930/217
f 2363/880/218 2364/874/218 2365/928/218
f 2363/880/218 2365/928/218 2366/931/218
s 1
f 2367/884/219 2368/883/219 2369/932/219
s 0
f 2367/884/219 2369/932/219 2370/933/219
f 2371/886/220 2372/878/220 2373/930/220
f 2371/886/220 2373/930/220 2374/934/220
f 2375/890/221 2376/889/221 2377/935/221
f 2375/890/221 2377/935/221 2378/936/221
f 2379/892/222 2380/884/222 2381/933/222
f 2379/892/222 2381/933/222 2382/937/222
f 2383/894/223 2384/886/223 2385/934/223
f 2383/894/223 2385/934/223 2386/938/223
f 2387/896/224 2388/890/224 2389/936/224
f 2387/896/224 2389/936/224 2390/939/224
f 2391/898/225 2392/892/225 2393/937/225
f 2391/898/225 2393/937/225 2394/940/225
f 2395/900/226 2396/894/226 2397/938/226
f 2395/900/226 2397/938/226 2398/941/226
f 2399/904/227 2400/903/227 2401/942/227
f 2399/904/227 2401/942/227 2402/943/227
f 2403/873/228 2404/898/228 2405/940/228
f 2403/873/228 2405/940/228 2406/927/228
f 2407/944/229 2408/900/229 2409/941/229
s 1
f 2407/944/229 2409/941/229 2410/945/229
s 0
f 2411/910/230 2412/904/230 2413/943/230
f 2411/910/230 2413/943/230 2414/946/230
f 2415/912/231 2416/908/231 2417/947/231
f 2415/912/231 2417/947/231 2418/948/231
f 2419/914/232 2420/910/232 2421/946/232
f 2419/914/232 2421/946/232 2422/949/232
f 2423/918/233 2424/917/233 2425/950/233
f 2423/918/233 2425/950/233 2426/951/233
f 2427/920/234 2428/914/234 2429/949/234
f 2427/920/234 2429/949/234 2430/952/234
f 2431/922/235 2432/918/235 2433/951/235
f 2431/922/235 2433/951/235 2434/953/235
f 2435/924/236 2436/920/236 2437/952/236
f 2435/924/236 2437/952/236 2438/954/236
f 2439/789/237 2440/922/237 2441/953/237
f 2439/789/237 2441/953/237 2442/955/237
f 2443/857/238 2444/924/238 2445/954/238
f 2443/857/238 2445/954/238 2446/956/238
f 2447/790/239 2448/789/239 2449/955/239
f 2447/790/239 2449/955/239 2450/957/239
f 2451/858/240 2452/857/240 2453/956/240
f 2451/858/240 2453/956/240 2454/958/240
f 2455/860/241 2456/790/241 2457/957/241
f 2455/860/241 2457/957/241 2458/959/241
f 2459/862/242 2460/858/242 2461/958/242
f 2459/862/242 2461/958/242 2462/960/242
f 2463/852/243 2464/860/243 2465/959/243
f 2463/852/243 2465/959/243 2466/853/243
f 2467/867/244 2468/866/244 2469/961/244
f 2467/867/244 2469/961/244 2470/925/244
f 2471/962/245 2472/963/245 2473/964/245
f 2471/962/245 2473/964/245 2474/965/245
f 2475/962/246 2476/963/246 2477/964/246
f 2475/962/246 2477/964/246 2478/965/246
f 2479/962/247 2480/963/247 2481/964/247
f 2479/962/247 2481/964/247 2482/965/247
f 2483/962/248 2484/963/248 2485/964/248
f 2483/962/248 2485/964/248 2486/965/248
f 2487/966/43 2488/967/43 2489/968/43
f 2487/966/43 2489/968/43 2490/969/43
f 2491/970/249 2492/971/249 2493/972/249
f 2491/970/249 2493/972/249 2494/973/249
f 2495/974/250 2496/975/250 2497/976/250
f 2495/974/250 2497/976/250 2498/977/250
f 2499/978/249 2500/979/249 2501/980/249
f 2499/978/249 2501/980/249 2502/981/249
f 2503/982/251 2504/983/251 2505/984/251
f 2503/982/251 2505/984/251 2506/985/251
f 2507/986/252 2508/987/252 2509/988/252
f 2507/986/252 2509/988/252 2510/989/252
f 2511/990/111 2512/991/111 2513/992/111
f 2511/990/111 2513/992/111 2514/993/111
f 2515/994/252 2516/995/252 2517/996/252
f 2515/994/252 2517/996/252 2518/997/252
f 2519/998/250 2520/999/250 2521/1000/250
f 2519/998/250 2521/1000/250 2522/1001/250
f 2523/1002/251 2524/1003/251 2525/1004/251
f 2523/1002/251 2525/1004/251 2526/1005/251
f 2527/990/111 2528/991/111 2529/992/111
f 2527/990/111 2529/992/111 2530/993/111
f 2531/990/111 2532/991/111 2533/992/111
f 2531/990/111 2533/992/111 2534/993/111
f 2535/990/111 2536/991/111 2537/992/111
f 2535/990/111 2537/992/111 2538/993/111
f 2539/1006/250 2540/1007/250 2541/1008/250
f 2539/1006/250 2541/1008/250 2542/1009/250
f 2543/1010/253 2544/1011/253 2545/1012/253
f 2543/1010/253 2545/1012/253 2546/1013/253
f 2547/1014/251 2548/1015/251 2549/1016/251
f 2547/1014/251 2549/1016/251 2550/1017/251
f 2551/1018/249 2552/1019/249 2553/1020/249
f 2551/1018/249 2553/1020/249 2554/1021/249
f 2555/1022/254 2556/1023/254 2557/1024/254
f 2555/1022/254 2557/1024/254 2558/1025/254
f 2559/1025/255 2560/1024/255 2561/1026/255
f 2559/1025/255 2561/1026/255 2562/1027/255
f 2563/1028/256 2564/1029/256 2565/1030/256
f 2563/1028/256 2565/1030/256 2566/1031/256
f 2567/1032/257 2568/1033/257 2569/1034/257
f 2567/1032/257 2569/1034/257 2570/1035/257
f 2571/1035/258 2572/1034/258 2573/1036/258
f 2571/1035/258 2573/1036/258 2574/1037/258
f 2575/1028/259 2576/1029/259 2577/1030/259
f 2575/1028/259 2577/1030/259 2578/1031/259
f 2579/1038/260 2580/1039/260 2581/1040/260
f 2579/1038/260 2581/1040/260 2582/1041/260
f 2583/1041/261 2584/1040/261 2585/1042/261
f 2583/1041/261 2585/1042/261 2586/1043/261
f 2587/1028/262 2588/1029/262 2589/1030/262
f 2587/1028/262 2589/1030/262 2590/1031/262
f 2591/1011/263 2592/1010/263 2593/1044/263
f 2591/1011/263 2593/1044/263 2594/1045/263
f 2595/1045/264 2596/1044/264 2597/1046/264
f 2595/1045/264 2597/1046/264 2598/1047/264
f 2599/1028/265 2600/1029/265 2601/1030/265
f 2599/1028/265 2601/1030/265 2602/1031/265
f 2603/1048/252 2604/1049/252 2605/1050/252
f 2603/1048/252 2605/1050/252 2606/1051/252
f 2607/1013/266 2608/1012/266 2609/1052/266
f 2607/1013/266 2609/1052/266 2610/1053/266
f 2611/1023/267 2612/1022/267 2613/1054/267
f 2611/1023/267 2613/1054/267 2614/1055/267
f 2615/1033/268 2616/1032/268 2617/1056/268
f 2615/1033/268 2617/1056/268 2618/1057/268
f 2619/1039/269 2620/1038/269 2621/1058/269
f 2619/1039/269 2621/1058/269 2622/1059/269
f 2623/1057/270 2624/1056/270 2625/1060/270
f 2623/1057/270 2625/1060/270 2626/1061/270
f 2627/1059/271 2628/1058/271 2629/1062/271
f 2627/1059/271 2629/1062/271 2630/1063/271
f 2631/1055/272 2632/1054/272 2633/1064/272
f 2631/1055/272 2633/1064/272 2634/1065/272
f 2635/1066/251 2636/1067/251 2637/1068/251
f 2635/1066/251 2637/1068/251 2638/1069/251
f 2639/1070/111 2640/1071/111 2641/1072/111
f 2639/1070/111 2641/1072/111 2642/1073/111
f 2643/1074/249 2644/1066/249 2645/1069/249
f 2643/1074/249 2645/1069/249 2646/1075/249
f 2647/1067/252 2648/1076/252 2649/1077/252
f 2647/1067/252 2649/1077/252 2650/1068/252
f 2651/1076/250 2652/1078/250 2653/1079/250
f 2651/1076/250 2653/1079/250 2654/1077/250
f 2655/1080/43 2656/1081/43 2657/1082/43
f 2656/1081/43 2655/1080/43 2658/1083/43
f 2658/1083/43 2655/1080/43 2659/1084/43
f 2658/1083/43 2659/1084/43 2660/1085/43
f 2660/1085/43 2659/1084/43 2661/1086/43
f 2660/1085/43 2661/1086/43 2662/1087/43
f 2660/1085/43 2662/1087/43 2663/1088/43
f 2663/1088/43 2662/1087/43 2664/1089/43
f 2663/1088/43 2664/1089/43 2665/1090/43
f 2665/1090/43 2664/1089/43 2666/1091/43
f 2665/1090/43 2666/1091/43 2667/1092/43
f 2667/1092/43 2666/1091/43 2668/1093/43
f 2668/1093/43 2666/1091/43 2669/1094/43
f 2668/1093/43 2669/1094/43 2670/1095/43
f 2670/1095/43 2669/1094/43 2671/1096/43
f 2670/1095/43 2671/1096/43 2672/1097/43
f 2672/1097/43 2671/1096/43 2673/1098/43
f 2672/1097/43 2673/1098/43 2674/1099/43
f 2672/1097/43 2674/1099/43 2675/1100/43
f 2675/1100/43 2674/1099/43 2676/1101/43
f 2675/1100/43 2676/1101/43 2677/1102/43
f 2677/1102/43 2676/1101/43 2678/1103/43
f 2677/1102/43 2678/1103/43 2679/1104/43
f 2679/1104/43 2678/1103/43 2680/1105/43
f 2679/1104/43 2680/1105/43 2681/1106/43
f 2681/1106/43 2680/1105/43 2682/1107/43
f 2682/1107/43 2680/1105/43 2683/1108/43
f 2682/1107/43 2683/1108/43 2684/1109/43
f 2682/1107/43 2684/1109/43 2685/1110/43
f 2685/1110/43 2684/1109/43 2686/1111/43
f 2687/1112/111 2688/1113/111 2689/1114/111
f 2688/1113/111 2687/1112/111 2690/1115/111
f 2688/1113/111 2690/1115/111 2691/1116/111
f 2691/1116/111 2690/1115/111 2692/1117/111
f 2691/1116/111 2692/1117/111 2693/1118/111
f 2693/1118/111 2692/1117/111 2694/1119/111
f 2693/1118/111 2694/1119/111 2695/1120/111
f 2695/1120/111 2694/1119/111 2696/1121/111
f 2696/1121/111 2694/1119/111 2697/1122/111
f 2696/1121/111 2697/1122/111 2698/1123/111
f 2698/1123/111 2697/1122/111 2699/1124/111
f 2698/1123/111 2699/1124/111 2700/1125/111
f 2698/1123/111 2700/1125/111 2701/1126/111
f 2701/1126/111 2700/1125/111 2702/1127/111
f 2701/1126/111 2702/1127/111 2703/1128/111
f 2703/1128/111 2702/1127/111 2704/1129/111
f 2703/1128/111 2704/1129/111 2705/1130/111
f 2705/1130/111 2704/1129/111 2706/1131/111
f 2706/1131/111 2704/1129/111 2707/1132/111
f 2706/1131/111 2707/1132/111 2708/1133/111
f 2708/1133/111 2707/1132/111 2709/1134/111
f 2708/1133/111 2709/1134/111 2710/1135/111
f 2710/1135/111 2709/1134/111 2711/1136/111
f 2710/1135/111 2711/1136/111 2712/1137/111
f 2712/1137/111 2711/1136/111 2713/1138/111
f 2712/1137/111 2713/1138/111 2714/1139/111
f 2712/1137/111 2714/1139/111 2715/1140/111
f 2715/1140/111 2714/1139/111 2716/1141/111
f 2715/1140/111 2716/1141/111 2717/1142/111
f 2717/1142/111 2716/1141/111 2718/1143/111
o Object_35
v 0.294643 0.010456 4.772781
v 0.294643 0.010456 4.166586
v 0.294643 2.636772 4.166586
v 0.294643 2.636772 4.772781
v 0.294643 0.010456 4.166586
v -0.294643 0.010456 4.166586
v -0.294643 2.636772 4.166586
v 0.294643 2.636772 4.166586
v -0.294643 0.010456 4.166586
v -0.294643 0.010456 4.772781
v -0.294643 2.636772 4.772781
v -0.294643 2.636772 4.166586
v -0.294643 0.010456 4.772781
v 0.294643 0.010456 4.772781
v 0.294643 2.636772 4.772781
v -0.294643 2.636772 4.772781
v 0.294643 0.010456 4.166586
v 0.294643 0.010456 4.772781
v -0.294643 0.010456 4.772781
v -0.294643 0.010456 4.166586
v -0.294643 2.636772 4.166586
v -0.282646 2.636772 4.178928
v 0.282646 2.636772 4.178928
v 0.294643 2.636772 4.166586
v -0.294643 2.636772 4.772781
v -0.282646 2.636772 4.760439
v -0.282646 2.636772 4.178928
v -0.294643 2.636772 4.166586
v 0.294643 2.636772 4.166586
v 0.282646 2.636772 4.178928
v 0.282646 2.636772 4.760439
v 0.294643 2.636772 4.772781
v 0.294643 2.636772 4.772781
v 0.282646 2.636772 4.760439
v -0.282646 2.636772 4.760439
v -0.294643 2.636772 4.772781
v 0.282646 2.636772 4.760439
v 0.239294 2.664207 4.715844
v -0.239294 2.664207 4.715844
v -0.282646 2.636772 4.760439
v -0.282646 2.636772 4.178928
v -0.239294 2.664207 4.223524
v 0.239294 2.664207 4.223524
v 0.282646 2.636772 4.178928
v -0.282646 2.636772 4.760439
v -0.239294 2.664207 4.715844
v -0.239294 2.664207 4.223524
v -0.282646 2.636772 4.178928
v 0.096121 3.455938 4.568563
v 0.144073 3.351245 4.617891
v 0.144073 3.351245 4.321476
v 0.096121 3.455938 4.370804
v 0.223621 3.098822 4.699721
v 0.232561 3.045484 4.708918
v 0.232561 3.045484 4.230450
v 0.223621 3.098822 4.239646
v -0.223621 3.098822 4.699721
v -0.232561 3.045484 4.708918
v 0.232561 3.045484 4.708918
v 0.223621 3.098822 4.699721
v 0.232561 3.045484 4.708918
v 0.237297 2.859748 4.713789
v 0.237297 2.859748 4.225578
v 0.232561 3.045484 4.230450
v 0.237297 2.859748 4.713789
v 0.239294 2.664207 4.715844
v 0.239294 2.664207 4.223524
v 0.237297 2.859748 4.225578
v 0.096121 3.455938 4.370804
v 0.144073 3.351245 4.321476
v -0.144073 3.351245 4.321476
v -0.096121 3.455938 4.370804
v 0.223621 3.098822 4.239646
v 0.232561 3.045484 4.230450
v -0.232561 3.045484 4.230450
v -0.223621 3.098822 4.239646
v -0.144073 3.351245 4.321476
v -0.156326 3.325963 4.308873
v -0.156326 3.325963 4.630495
v -0.144073 3.351245 4.617891
v 0.232561 3.045484 4.230450
v 0.237297 2.859748 4.225578
v -0.237297 2.859748 4.225578
v -0.232561 3.045484 4.230450
v 0.237297 2.859748 4.225578
v 0.239294 2.664207 4.223524
v -0.239294 2.664207 4.223524
v -0.237297 2.859748 4.225578
v 0.096121 3.455938 4.568563
v 0.096121 3.416251 4.568563
v -0.096121 3.416251 4.568563
v -0.096121 3.455938 4.568563
v -0.096121 3.455938 4.370804
v -0.144073 3.351245 4.321476
v -0.144073 3.351245 4.617891
v -0.096121 3.455938 4.568563
v -0.223621 3.098822 4.239646
v -0.232561 3.045484 4.230450
v -0.232561 3.045484 4.708918
v -0.223621 3.098822 4.699721
v -0.232561 3.045484 4.230450
v -0.237297 2.859748 4.225578
v -0.237297 2.859748 4.713789
v -0.232561 3.045484 4.708918
v -0.237297 2.859748 4.225578
v -0.239294 2.664207 4.223524
v -0.239294 2.664207 4.715844
v -0.237297 2.859748 4.713789
v -0.096121 3.455938 4.568563
v -0.144073 3.351245 4.617891
v 0.144073 3.351245 4.617891
v 0.096121 3.455938 4.568563
v 0.144073 3.351245 4.617891
v 0.156326 3.325963 4.630495
v 0.156326 3.325963 4.308873
v 0.144073 3.351245 4.321476
v 0.144073 3.351245 4.321476
v 0.156326 3.325963 4.308873
v -0.156326 3.325963 4.308873
v -0.144073 3.351245 4.321476
v -0.232561 3.045484 4.708918
v -0.237297 2.859748 4.713789
v 0.237297 2.859748 4.713789
v 0.232561 3.045484 4.708918
v -0.237297 2.859748 4.713789
v -0.239294 2.664207 4.715844
v 0.239294 2.664207 4.715844
v 0.237297 2.859748 4.713789
v 0.282646 2.636772 4.178928
v 0.239294 2.664207 4.223524
v 0.239294 2.664207 4.715844
v 0.282646 2.636772 4.760439
v -0.096121 3.455938 4.370804
v -0.096121 3.416251 4.370804
v 0.096121 3.416251 4.370804
v 0.096121 3.455938 4.370804
v 0.096121 3.455938 4.370804
v 0.096121 3.416251 4.370804
v 0.096121 3.416251 4.568563
v 0.096121 3.455938 4.568563
v -0.096121 3.455938 4.568563
v -0.096121 3.416251 4.568563
v -0.096121 3.416251 4.370804
v -0.096121 3.455938 4.370804
v 0.096121 3.416251 4.370804
v 0.094896 3.470326 4.372065
v 0.094896 3.470326 4.567303
v 0.096121 3.416251 4.568563
v 0.094896 3.470326 4.372065
v 0.091252 3.523070 4.375813
v 0.091252 3.523070 4.563554
v 0.094896 3.470326 4.567303
v 0.091252 3.523070 4.375813
v 0.085278 3.573183 4.381959
v 0.085278 3.573183 4.557408
v 0.091252 3.523070 4.563554
v 0.085278 3.573183 4.381959
v 0.077121 3.619432 4.390349
v 0.077121 3.619432 4.549018
v 0.085278 3.573183 4.557408
v 0.077121 3.619432 4.390349
v 0.066983 3.660678 4.400779
v 0.066983 3.660678 4.538589
v 0.077121 3.619432 4.549018
v 0.066983 3.660678 4.400779
v 0.055112 3.695906 4.412990
v 0.055112 3.695906 4.526377
v 0.066983 3.660678 4.538589
v 0.055112 3.695906 4.412990
v 0.041802 3.724248 4.426682
v 0.041802 3.724248 4.512685
v 0.055112 3.695906 4.526377
v 0.041802 3.724248 4.426682
v 0.027379 3.745005 4.441519
v 0.027379 3.745005 4.497849
v 0.041802 3.724248 4.512685
v 0.027379 3.745005 4.441519
v 0.005258 4.262075 4.464274
v 0.005258 4.262075 4.475093
v 0.027379 3.745005 4.497849
v -0.096121 3.416251 4.370804
v -0.094896 3.470326 4.372065
v 0.094896 3.470326 4.372065
v 0.096121 3.416251 4.370804
v -0.094896 3.470326 4.372065
v -0.091252 3.523070 4.375813
v 0.091252 3.523070 4.375813
v 0.094896 3.470326 4.372065
v -0.091252 3.523070 4.375813
v -0.085278 3.573183 4.381959
v 0.085278 3.573183 4.381959
v 0.091252 3.523070 4.375813
v -0.085278 3.573183 4.381959
v -0.077121 3.619432 4.390349
v 0.077121 3.619432 4.390349
v 0.085278 3.573183 4.381959
v -0.077121 3.619432 4.390349
v -0.066983 3.660678 4.400779
v 0.066983 3.660678 4.400779
v 0.077121 3.619432 4.390349
v -0.066983 3.660678 4.400779
v -0.055112 3.695906 4.412990
v 0.055112 3.695906 4.412990
v 0.066983 3.660678 4.400779
v -0.055112 3.695906 4.412990
v -0.041802 3.724248 4.426682
v 0.041802 3.724248 4.426682
v 0.055112 3.695906 4.412990
v -0.041802 3.724248 4.426682
v -0.027379 3.745005 4.441519
v 0.027379 3.745005 4.441519
v 0.041802 3.724248 4.426682
v -0.096121 3.416251 4.568563
v -0.094896 3.470326 4.567303
v -0.094896 3.470326 4.372065
v -0.096121 3.416251 4.370804
v -0.094896 3.470326 4.567303
v -0.091252 3.523070 4.563554
v -0.091252 3.523070 4.375813
v -0.094896 3.470326 4.372065
v -0.091252 3.523070 4.563554
v -0.085278 3.573183 4.557408
v -0.085278 3.573183 4.381959
v -0.091252 3.523070 4.375813
v -0.085278 3.573183 4.557408
v -0.077121 3.619432 4.549018
v -0.077121 3.619432 4.390349
v -0.085278 3.573183 4.381959
v -0.077121 3.619432 4.549018
v -0.066983 3.660678 4.538589
v -0.066983 3.660678 4.400779
v -0.077121 3.619432 4.390349
v -0.066983 3.660678 4.538589
v -0.055112 3.695906 4.526377
v -0.055112 3.695906 4.412990
v -0.066983 3.660678 4.400779
v -0.055112 3.695906 4.526377
v -0.041802 3.724248 4.512685
v -0.041802 3.724248 4.426682
v -0.055112 3.695906 4.412990
v -0.041802 3.724248 4.512685
v -0.027379 3.745005 4.497849
v -0.027379 3.745005 4.441519
v -0.041802 3.724248 4.426682
v 0.096121 3.416251 4.568563
v 0.094896 3.470326 4.567303
v -0.094896 3.470326 4.567303
v -0.096121 3.416251 4.568563
v 0.094896 3.470326 4.567303
v 0.091252 3.523070 4.563554
v -0.091252 3.523070 4.563554
v -0.094896 3.470326 4.567303
v 0.091252 3.523070 4.563554
v 0.085278 3.573183 4.557408
v -0.085278 3.573183 4.557408
v -0.091252 3.523070 4.563554
v 0.085278 3.573183 4.557408
v 0.077121 3.619432 4.549018
v -0.077121 3.619432 4.549018
v -0.085278 3.573183 4.557408
v 0.077121 3.619432 4.549018
v 0.066983 3.660678 4.538589
v -0.066983 3.660678 4.538589
v -0.077121 3.619432 4.549018
v 0.066983 3.660678 4.538589
v 0.055112 3.695906 4.526377
v -0.055112 3.695906 4.526377
v -0.066983 3.660678 4.538589
v 0.055112 3.695906 4.526377
v 0.041802 3.724248 4.512685
v -0.041802 3.724248 4.512685
v -0.055112 3.695906 4.526377
v 0.041802 3.724248 4.512685
v 0.027379 3.745005 4.497849
v -0.027379 3.745005 4.497849
v -0.041802 3.724248 4.512685
v 0.005258 4.262075 4.475093
v 0.005258 4.262075 4.464274
v -0.005258 4.262075 4.464274
v -0.005258 4.262075 4.475093
v -0.027379 3.745005 4.497849
v -0.005258 4.262075 4.475093
v -0.005258 4.262075 4.464274
v -0.027379 3.745005 4.441519
v -0.027379 3.745005 4.441519
v -0.005258 4.262075 4.464274
v 0.005258 4.262075 4.464274
v 0.027379 3.745005 4.441519
v 0.027379 3.745005 4.497849
v 0.005258 4.262075 4.475093
v -0.005258 4.262075 4.475093
v -0.027379 3.745005 4.497849
v 0.223621 3.098822 4.239646
v 0.200269 3.174536 4.263669
v 0.200269 3.174536 4.675699
v 0.223621 3.098822 4.699721
v 0.200269 3.174536 4.263669
v 0.179752 3.250249 4.284774
v 0.179752 3.250249 4.654593
v 0.200269 3.174536 4.675699
v 0.179752 3.250249 4.284774
v 0.156326 3.325963 4.308873
v 0.156326 3.325963 4.630495
v 0.179752 3.250249 4.654593
v -0.223621 3.098822 4.239646
v -0.200269 3.174536 4.263669
v 0.200269 3.174536 4.263669
v 0.223621 3.098822 4.239646
v -0.200269 3.174536 4.263669
v -0.179752 3.250249 4.284774
v 0.179752 3.250249 4.284774
v 0.200269 3.174536 4.263669
v -0.179752 3.250249 4.284774
v -0.156326 3.325963 4.308873
v 0.156326 3.325963 4.308873
v 0.179752 3.250249 4.284774
v -0.223621 3.098822 4.699721
v -0.200269 3.174536 4.675699
v -0.200269 3.174536 4.263669
v -0.223621 3.098822 4.239646
v -0.200269 3.174536 4.675699
v -0.179752 3.250249 4.654593
v -0.179752 3.250249 4.284774
v -0.200269 3.174536 4.263669
v -0.179752 3.250249 4.654593
v -0.156326 3.325963 4.630495
v -0.156326 3.325963 4.308873
v -0.179752 3.250249 4.284774
v 0.223621 3.098822 4.699721
v 0.200269 3.174536 4.675699
v -0.200269 3.174536 4.675699
v -0.223621 3.098822 4.699721
v 0.200269 3.174536 4.675699
v 0.179752 3.250249 4.654593
v -0.179752 3.250249 4.654593
v -0.200269 3.174536 4.675699
v 0.179752 3.250249 4.654593
v 0.156326 3.325963 4.630495
v -0.156326 3.325963 4.630495
v -0.179752 3.250249 4.654593
v -0.144073 3.351245 4.617891
v -0.156326 3.325963 4.630495
v 0.156326 3.325963 4.630495
v 0.144073 3.351245 4.617891
vn 1.0000 -0.0000 -0.0000
vn -0.0000 -0.0000 -1.0000
vn -1.0000 -0.0000 -0.0000
vn -0.0000 -0.0000 1.0000
vn -0.0001 -1.0000 -0.0000
vn -0.0000 -1.0000 -0.0001
vn 0.0001 -1.0000 -0.0000
vn -0.0000 -1.0000 0.0001
vn 0.0001 1.0000 -0.0001
vn -0.0000 1.0000 -0.0001
vn -0.0001 1.0000 -0.0001
vn -0.0000 1.0000 0.0010
vn -0.0001 1.0000 -0.0000
vn -0.0010 1.0000 -0.0000
vn 0.0001 1.0000 -0.0000
vn 0.0010 1.0000 -0.0000
vn -0.0001 1.0000 0.0001
vn -0.0000 1.0000 0.0001
vn 0.0001 1.0000 0.0001
vn -0.0000 1.0000 -0.0010
vn 0.0001 0.8518 0.5239
vn -0.0000 0.8518 0.5239
vn -0.0000 0.8517 0.5241
vn -0.0001 0.8518 -0.5239
vn -0.0000 0.8518 -0.5239
vn -0.0000 0.8517 -0.5241
vn -0.5347 0.8451 -0.0000
vn -0.5341 0.8454 -0.0000
vn 0.9092 0.4165 -0.0000
vn 0.9862 0.1653 -0.0000
vn -0.0000 0.1699 0.9855
vn 0.9997 0.0255 -0.0000
vn 0.9999 0.0102 -0.0000
vn 0.9999 0.0102 -0.0003
vn 0.0001 0.4265 -0.9045
vn -0.0001 0.4265 -0.9045
vn -0.0002 0.4264 -0.9045
vn -0.0000 0.4263 -0.9046
vn -0.0000 0.1699 -0.9855
vn -0.8999 0.4361 -0.0000
vn -0.0000 0.0262 -0.9997
vn -0.0000 0.0105 -0.9999
vn -0.9092 0.4165 -0.0000
vn -0.9862 0.1653 -0.0000
vn -0.9997 0.0255 -0.0000
vn -0.9999 0.0102 -0.0000
vn -0.9999 0.0102 0.0003
vn -0.0001 0.4265 0.9045
vn 0.0001 0.4265 0.9045
vn 0.0002 0.4264 0.9045
vn -0.0000 0.4263 0.9046
vn 0.8999 0.4361 -0.0000
vn -0.0000 0.4458 -0.8951
vn -0.0000 0.4461 -0.8950
vn -0.0000 0.4464 -0.8948
vn -0.0000 0.0262 0.9997
vn -0.0000 0.0105 0.9999
vn 0.5347 0.8451 -0.0000
vn 0.5341 0.8454 -0.0000
vn -1.0000 0.0001 0.0002
vn -1.0000 -0.0001 -0.0002
vn 1.0000 0.0001 -0.0002
vn 1.0000 -0.0001 0.0002
vn 0.9997 0.0227 -0.0000
vn 0.9997 0.0226 -0.0000
vn 0.9976 0.0689 -0.0000
vn 0.9930 0.1184 -0.0000
vn 0.9848 0.1737 -0.0000
vn 0.9711 0.2387 -0.0000
vn 0.9476 0.3193 -0.0000
vn 0.9476 0.3194 -0.0000
vn 0.9052 0.4251 -0.0000
vn 0.9053 0.4249 -0.0000
vn 0.8213 0.5706 -0.0000
vn 0.8215 0.5703 -0.0000
vn 0.8212 0.5706 -0.0000
vn 0.9991 0.0427 -0.0000
vn 0.9991 0.0428 -0.0000
vn -0.0000 0.0233 -0.9997
vn -0.0000 0.0709 -0.9975
vn -0.0000 0.0708 -0.9975
vn -0.0000 0.1218 -0.9925
vn -0.0000 0.1216 -0.9926
vn -0.0000 0.1217 -0.9926
vn -0.0001 0.1785 -0.9839
vn -0.0000 0.1783 -0.9840
vn -0.0000 0.1787 -0.9839
vn -0.0000 0.1785 -0.9839
vn -0.0000 0.2454 -0.9694
vn -0.0000 0.2452 -0.9695
vn -0.0001 0.2451 -0.9695
vn -0.0000 0.2451 -0.9695
vn -0.0000 0.3275 -0.9449
vn -0.0001 0.3272 -0.9449
vn -0.0000 0.3273 -0.9449
vn 0.0001 0.4350 -0.9004
vn 0.0004 0.4349 -0.9005
vn -0.0000 0.4350 -0.9004
vn -0.0000 0.4347 -0.9006
vn -0.0000 0.5814 -0.8136
vn -0.0000 0.5812 -0.8138
vn 0.0002 0.5818 -0.8133
vn -0.0000 0.5815 -0.8135
vn -0.9997 0.0227 -0.0000
vn -0.9997 0.0226 -0.0000
vn -0.9976 0.0689 -0.0000
vn -0.9930 0.1184 -0.0000
vn -0.9848 0.1737 -0.0000
vn -0.9711 0.2387 -0.0000
vn -0.9476 0.3193 -0.0000
vn -0.9476 0.3194 -0.0000
vn -0.9052 0.4251 -0.0000
vn -0.8213 0.5706 -0.0000
vn -0.8212 0.5706 -0.0000
vn -0.0000 0.0233 0.9997
vn -0.0000 0.0709 0.9975
vn -0.0000 0.0708 0.9975
vn -0.0000 0.1218 0.9925
vn -0.0000 0.1216 0.9926
vn -0.0000 0.1217 0.9926
vn 0.0001 0.1785 0.9839
vn -0.0000 0.1783 0.9840
vn -0.0000 0.1787 0.9839
vn -0.0000 0.1785 0.9839
vn -0.0000 0.2454 0.9694
vn -0.0000 0.2452 0.9695
vn 0.0001 0.2451 0.9695
vn -0.0000 0.2451 0.9695
vn -0.0000 0.3275 0.9449
vn 0.0001 0.3272 0.9449
vn -0.0000 0.3273 0.9449
vn -0.0000 0.4350 0.9004
vn -0.0000 0.5815 0.8135
vn -0.0000 0.5814 0.8136
vn -0.0000 0.5812 0.8138
vn -0.9991 0.0427 -0.0000
vn -0.9991 0.0428 -0.0000
vn -0.0000 0.0440 -0.9990
vn -0.0000 0.0440 0.9990
vn 0.9556 0.2947 -0.0000
vn 0.9556 0.2948 -0.0000
vn 0.9652 0.2616 -0.0000
vn 0.9652 0.2615 -0.0000
vn 0.9553 0.2956 -0.0000
vn -0.0000 0.3024 -0.9532
vn -0.0000 0.2687 -0.9632
vn -0.0000 0.2685 -0.9633
vn -0.0003 0.2683 -0.9633
vn -0.0000 0.3033 -0.9529
vn -0.0000 0.3030 -0.9530
vn -0.9556 0.2947 -0.0000
vn -0.9556 0.2948 -0.0000
vn -0.9652 0.2616 -0.0000
vn -0.9652 0.2615 -0.0000
vn -0.9553 0.2956 -0.0000
vn -0.0000 0.3024 0.9532
vn -0.0000 0.2687 0.9632
vn -0.0000 0.2685 0.9633
vn 0.0003 0.2683 0.9633
vn -0.0000 0.3033 0.9529
vn -0.0000 0.3030 0.9530
vn -0.0000 0.4458 0.8951
vn -0.0000 0.4461 0.8950
vn -0.0000 0.4464 0.8948
vt 0.437440 0.999651
vt 0.008321 0.999651
vt 0.008321 0.000578
vt 0.437440 0.000578
vt 0.590908 0.704546
vt 0.590908 0.409092
vt 0.886362 0.409092
vt 0.886362 0.704546
vt 0.683402 0.012726
vt 0.691459 0.004669
vt 0.770959 0.004669
vt 0.779016 0.012726
vt 0.793284 0.449397
vt 0.821559 0.524796
vt 0.567323 0.524796
vt 0.623665 0.449397
vt 0.847108 0.646968
vt 0.856241 0.685118
vt 0.466080 0.690037
vt 0.478332 0.656190
vt 0.671140 0.074690
vt 0.669671 0.129396
vt 0.499970 0.129396
vt 0.499484 0.073918
vt 0.667925 0.172162
vt 0.499752 0.172551
vt 0.813180 0.461662
vt 0.820071 0.481058
vt 0.592691 0.482287
vt 0.599582 0.462892
vt 0.513669 0.143856
vt 0.519392 0.143856
vt 0.519392 0.242535
vt 0.513669 0.242535
vt 0.507946 0.143856
vt 0.513669 0.143856
vt 0.513669 0.242535
vt 0.507946 0.242535
vt 0.502223 0.143856
vt 0.507946 0.143856
vt 0.502223 0.242535
vt 0.496500 0.143856
vt 0.496500 0.242535
vt 0.562372 0.547071
vt 0.563936 0.513394
vt 0.811027 0.509449
vt 0.812652 0.543076
vt 0.587992 0.498080
vt 0.601196 0.474787
vt 0.806633 0.473064
vt 0.811978 0.494420
vt 0.630373 0.451045
vt 0.802997 0.448935
vt 0.646139 0.425149
vt 0.788213 0.424588
vt 0.660333 0.400110
vt 0.783842 0.394514
vt 0.674929 0.374364
vt 0.769247 0.368767
vt 0.685117 0.378352
vt 0.696310 0.347226
vt 0.766618 0.347227
vt 0.777812 0.378353
vt 0.708439 0.313500
vt 0.754489 0.313500
vt 0.816376 0.942572
vt 0.824112 0.865474
vt 0.829510 0.865434
vt 0.844479 0.942367
vt 0.524791 0.237136
vt 0.524791 0.242535
vt 0.519392 0.242535
vt 0.519392 0.237136
vt 0.531757 0.583729
vt 0.857615 0.595410
vt 0.865820 0.656190
vt 0.571952 0.540516
vt 0.840809 0.539286
s 1
usemtl Material.001
f 2719/1144/273 2721/1146/273 2720/1145/273
f 2719/1144/273 2722/1147/273 2721/1146/273
f 2723/1144/274 2725/1146/274 2724/1145/274
f 2723/1144/274 2726/1147/274 2725/1146/274
f 2727/1144/275 2729/1146/275 2728/1145/275
f 2727/1144/275 2730/1147/275 2729/1146/275
f 2731/1144/276 2733/1146/276 2732/1145/276
f 2731/1144/276 2734/1147/276 2733/1146/276
f 2735/1148/277 2737/1150/279 2736/1149/278
f 2735/1148/277 2738/1151/280 2737/1150/279
f 2739/1152/281 2741/1154/283 2740/1153/282
f 2739/1152/281 2742/1155/284 2741/1154/283
f 2743/1152/285 2745/1154/285 2744/1153/285
f 2743/1152/285 2746/1155/286 2745/1154/285
f 2747/1152/287 2749/1154/287 2748/1153/287
f 2747/1152/287 2750/1155/288 2749/1154/287
f 2751/1152/289 2753/1154/291 2752/1153/290
f 2751/1152/289 2754/1155/292 2753/1154/291
f 2755/1152/293 2757/1154/295 2756/1153/294
f 2755/1152/293 2758/1155/295 2757/1154/295
f 2759/1152/296 2761/1154/298 2760/1153/297
f 2759/1152/296 2762/1155/298 2761/1154/298
f 2763/1152/299 2765/1154/300 2764/1153/300
f 2763/1152/299 2766/1155/299 2765/1154/300
f 2767/1156/301 2769/1158/301 2768/1157/301
f 2767/1156/301 2770/1159/301 2769/1158/301
f 2771/1160/302 2773/1162/302 2772/1161/302
f 2771/1160/302 2774/1163/302 2773/1162/302
f 2775/1160/303 2777/1162/303 2776/1161/303
f 2775/1160/303 2778/1163/303 2777/1162/303
f 2779/1164/304 2781/1166/304 2780/1165/304
f 2779/1164/304 2782/1167/304 2781/1166/304
f 2783/1165/305 2785/1169/306 2784/1168/305
f 2783/1165/305 2786/1166/305 2785/1169/306
f 2787/1156/307 2789/1158/309 2788/1157/308
f 2787/1156/307 2790/1159/310 2789/1158/309
f 2791/1160/311 2793/1162/311 2792/1161/311
f 2791/1160/311 2794/1163/311 2793/1162/311
f 2795/1170/312 2797/1172/312 2796/1171/312
f 2795/1170/312 2798/1173/312 2797/1172/312
f 2799/1164/313 2801/1166/313 2800/1165/313
f 2799/1164/313 2802/1167/313 2801/1166/313
f 2803/1165/314 2805/1169/314 2804/1168/314
f 2803/1165/314 2806/1166/314 2805/1169/314
f 2807/1174/274 2809/1176/274 2808/1175/274
f 2807/1174/274 2810/1177/274 2809/1176/274
f 2811/1156/315 2813/1158/315 2812/1157/315
f 2811/1156/315 2814/1159/315 2813/1158/315
f 2815/1160/316 2817/1162/316 2816/1161/316
f 2815/1160/316 2818/1163/316 2817/1162/316
f 2819/1164/317 2821/1166/317 2820/1165/317
f 2819/1164/317 2822/1167/317 2821/1166/317
f 2823/1165/318 2825/1169/319 2824/1168/318
f 2823/1165/318 2826/1166/318 2825/1169/319
f 2827/1156/320 2829/1158/322 2828/1157/321
f 2827/1156/320 2830/1159/323 2829/1158/322
f 2831/1170/324 2833/1172/324 2832/1171/324
f 2831/1170/324 2834/1173/324 2833/1172/324
f 2835/1170/325 2837/1172/327 2836/1171/326
f 2835/1170/325 2838/1173/327 2837/1172/327
f 2839/1164/328 2841/1166/328 2840/1165/328
f 2839/1164/328 2842/1167/328 2841/1166/328
f 2843/1165/329 2845/1169/329 2844/1168/329
f 2843/1165/329 2846/1166/329 2845/1169/329
f 2847/1152/330 2849/1154/331 2848/1153/331
f 2847/1152/330 2850/1155/330 2849/1154/331
f 2851/1178/276 2853/1180/276 2852/1179/276
f 2851/1178/276 2854/1181/276 2853/1180/276
f 2855/1182/275 2857/1181/275 2856/1183/332
f 2855/1182/275 2858/1184/333 2857/1181/275
f 2859/1185/273 2861/1184/273 2860/1182/334
f 2859/1185/273 2862/1186/335 2861/1184/273
f 2863/1187/336 2865/1189/337 2864/1188/336
f 2863/1187/336 2866/1190/337 2865/1189/337
f 2867/1191/338 2869/1193/338 2868/1192/338
f 2867/1191/338 2870/1194/338 2869/1193/338
f 2871/1192/339 2873/1196/339 2872/1195/339
f 2871/1192/339 2874/1193/339 2873/1196/339
f 2875/1195/340 2877/1198/340 2876/1197/340
f 2875/1195/340 2878/1196/340 2877/1198/340
f 2879/1197/341 2881/1200/341 2880/1199/341
f 2879/1197/341 2882/1198/341 2881/1200/341
f 2883/1199/342 2885/1202/342 2884/1201/342
f 2883/1199/342 2886/1200/343 2885/1202/342
f 2887/1203/344 2889/1205/345 2888/1204/345
f 2887/1203/344 2890/1206/344 2889/1205/345
f 2891/1204/346 2893/1208/348 2892/1207/347
f 2891/1204/346 2894/1205/348 2893/1208/348
f 2895/1209/349 2897/1211/350 2896/1210/350
f 2895/1209/349 2898/1212/349 2897/1211/350
f 2899/1187/351 2901/1189/351 2900/1188/351
f 2899/1187/351 2902/1190/351 2901/1189/351
f 2903/1191/352 2905/1193/353 2904/1192/352
f 2903/1191/352 2906/1194/352 2905/1193/353
f 2907/1192/354 2909/1196/355 2908/1195/354
f 2907/1192/354 2910/1193/356 2909/1196/355
f 2911/1195/357 2913/1198/359 2912/1197/358
f 2911/1195/357 2914/1196/360 2913/1198/359
f 2915/1197/361 2917/1200/363 2916/1199/362
f 2915/1197/361 2918/1198/364 2917/1200/363
f 2919/1199/365 2921/1202/367 2920/1201/366
f 2919/1199/365 2922/1200/365 2921/1202/367
f 2923/1203/368 2925/1205/370 2924/1204/369
f 2923/1203/368 2926/1206/371 2925/1205/370
f 2927/1204/372 2929/1208/374 2928/1207/373
f 2927/1204/372 2930/1205/375 2929/1208/374
f 2931/1187/376 2933/1189/377 2932/1188/376
f 2931/1187/376 2934/1190/377 2933/1189/377
f 2935/1191/378 2937/1193/378 2936/1192/378
f 2935/1191/378 2938/1194/378 2937/1193/378
f 2939/1192/379 2941/1196/379 2940/1195/379
f 2939/1192/379 2942/1193/379 2941/1196/379
f 2943/1195/380 2945/1198/380 2944/1197/380
f 2943/1195/380 2946/1196/380 2945/1198/380
f 2947/1197/381 2949/1200/381 2948/1199/381
f 2947/1197/381 2950/1198/381 2949/1200/381
f 2951/1199/382 2953/1202/382 2952/1201/382
f 2951/1199/382 2954/1200/383 2953/1202/382
f 2955/1203/384 2957/1205/384 2956/1204/384
f 2955/1203/384 2958/1206/384 2957/1205/384
f 2959/1204/385 2961/1208/386 2960/1207/385
f 2959/1204/385 2962/1205/386 2961/1208/386
f 2963/1187/387 2965/1189/387 2964/1188/387
f 2963/1187/387 2966/1190/387 2965/1189/387
f 2967/1191/388 2969/1193/389 2968/1192/388
f 2967/1191/388 2970/1194/388 2969/1193/389
f 2971/1192/390 2973/1196/391 2972/1195/390
f 2971/1192/390 2974/1193/392 2973/1196/391
f 2975/1195/393 2977/1198/395 2976/1197/394
f 2975/1195/393 2978/1196/396 2977/1198/395
f 2979/1197/397 2981/1200/399 2980/1199/398
f 2979/1197/397 2982/1198/400 2981/1200/399
f 2983/1199/401 2985/1202/403 2984/1201/402
f 2983/1199/401 2986/1200/401 2985/1202/403
f 2987/1203/404 2989/1205/404 2988/1204/404
f 2987/1203/404 2990/1206/404 2989/1205/404
f 2991/1204/405 2993/1208/406 2992/1207/405
f 2991/1204/405 2994/1205/407 2993/1208/406
f 2995/1213/285 2997/1215/287 2996/1214/290
f 2995/1213/285 2998/1216/282 2997/1215/287
f 2999/1209/408 3001/1211/409 3000/1210/409
f 2999/1209/408 3002/1212/408 3001/1211/409
f 3003/1209/410 3005/1211/410 3004/1210/410
f 3003/1209/410 3006/1212/410 3005/1211/410
f 3007/1209/411 3009/1211/411 3008/1210/411
f 3007/1209/411 3010/1212/411 3009/1211/411
f 3011/1163/412 3013/1218/413 3012/1217/412
f 3011/1163/412 3014/1219/413 3013/1218/413
f 3015/1217/414 3017/1221/415 3016/1220/414
f 3015/1217/414 3018/1218/415 3017/1221/415
f 3019/1220/416 3021/1171/416 3020/1172/416
f 3019/1220/416 3022/1221/416 3021/1171/416
f 3023/1163/417 3025/1218/417 3024/1217/417
f 3023/1163/417 3026/1219/417 3025/1218/417
f 3027/1217/418 3029/1221/420 3028/1220/419
f 3027/1217/418 3030/1218/419 3029/1221/420
f 3031/1220/421 3033/1171/421 3032/1172/422
f 3031/1220/421 3034/1221/421 3033/1171/421
f 3035/1163/423 3037/1218/424 3036/1217/423
f 3035/1163/423 3038/1219/424 3037/1218/424
f 3039/1217/425 3041/1221/426 3040/1220/425
f 3039/1217/425 3042/1218/426 3041/1221/426
f 3043/1220/427 3045/1171/427 3044/1172/427
f 3043/1220/427 3046/1221/427 3045/1171/427
f 3047/1163/428 3049/1218/428 3048/1217/428
f 3047/1163/428 3050/1219/428 3049/1218/428
f 3051/1217/429 3053/1221/431 3052/1220/430
f 3051/1217/429 3054/1218/430 3053/1221/431
f 3055/1220/432 3057/1171/432 3056/1172/433
f 3055/1220/432 3058/1221/432 3057/1171/432
f 3059/1170/434 3061/1172/436 3060/1171/435
f 3059/1170/434 3062/1173/436 3061/1172/436
o Object_37
v 0.285573 2.560072 6.251406
v 0.287690 2.560072 6.081425
v 0.230324 2.667208 6.138791
v 0.117709 2.560072 6.083541
v 0.285573 2.560072 6.251406
v 0.230324 2.667208 6.138791
v 0.287690 2.560072 6.081425
v 0.117709 2.560072 6.083541
v 0.230324 2.667208 6.138791
v 0.117709 2.556909 6.654688
v 0.287690 2.556909 6.656805
v 0.230324 2.657123 6.599439
v -0.287690 2.554258 6.656805
v -0.117709 2.554258 6.654688
v -0.230324 2.646685 6.599439
v 0.285573 2.556909 6.486824
v 0.117709 2.556909 6.654688
v 0.230324 2.657123 6.599439
v 0.287690 2.556909 6.656805
v 0.285573 2.556909 6.486824
v 0.230324 2.657123 6.599439
v -0.287690 2.556035 6.081425
v -0.285573 2.556035 6.251406
v -0.230324 2.650324 6.138791
v -0.117709 2.554258 6.654688
v -0.285573 2.554258 6.486824
v -0.230324 2.646685 6.599439
v -0.285573 2.554258 6.486824
v -0.287690 2.554258 6.656805
v -0.230324 2.646685 6.599439
v -0.285573 2.556035 6.251406
v -0.117709 2.556035 6.083541
v -0.230324 2.650324 6.138791
v -0.117709 2.556035 6.083541
v -0.287690 2.556035 6.081425
v -0.230324 2.650324 6.138791
v -0.287700 0.921162 6.656815
v -0.287700 1.908397 6.656815
v -0.287700 1.908397 6.081415
v -0.287700 0.921162 6.081415
v -0.287700 0.921162 6.081415
v -0.287700 1.908397 6.081415
v 0.287700 1.908397 6.081415
v 0.287700 0.921162 6.081415
v 0.287700 0.921162 6.081415
v 0.287700 1.908397 6.081415
v 0.287700 1.908397 6.656815
v 0.287700 0.921162 6.656815
v 0.287700 0.921162 6.656815
v 0.287700 1.908397 6.656815
v -0.287700 1.908397 6.656815
v -0.287700 0.921162 6.656815
v -0.287700 0.029142 6.081415
v 0.287700 0.029142 6.081415
v 0.287700 0.029142 6.656815
v -0.287700 0.029142 6.656815
v 0.287700 1.908397 6.656815
v 0.287700 1.908397 6.081415
v 0.287700 2.435960 6.081415
v 0.287700 2.435960 6.656815
v -0.287700 1.908397 6.081415
v -0.287700 1.908397 6.656815
v -0.287700 2.435960 6.656815
v -0.287700 2.435960 6.081415
v -0.287700 1.908397 6.656815
v 0.287700 1.908397 6.656815
v 0.287700 2.435960 6.656815
v -0.287700 2.435960 6.656815
v 0.287700 1.908397 6.081415
v -0.287700 1.908397 6.081415
v -0.287700 2.435960 6.081415
v 0.287700 2.435960 6.081415
v 0.285573 2.435960 6.486824
v 0.285573 2.435960 6.251406
v 0.145206 3.080270 6.309263
v 0.145206 3.080270 6.428967
v 0.117709 2.435960 6.083541
v -0.117709 2.435960 6.083541
v -0.059851 3.080270 6.223909
v 0.059851 3.080270 6.223909
v -0.059851 3.080270 6.514321
v 0.059851 3.080270 6.514321
v 0.059851 3.135944 6.514321
v -0.059851 3.135944 6.514321
v -0.117709 2.435960 6.654688
v 0.117709 2.435960 6.654688
v 0.059851 3.080270 6.514321
v -0.059851 3.080270 6.514321
v -0.285573 2.435960 6.486824
v -0.287690 2.435960 6.656805
v -0.287690 2.554258 6.656805
v -0.285573 2.554258 6.486824
v -0.117709 2.435960 6.083541
v -0.287690 2.435960 6.081425
v -0.287690 2.556035 6.081425
v -0.117709 2.556035 6.083541
v 0.117709 2.435960 6.654688
v 0.287690 2.435960 6.656805
v 0.287690 2.556909 6.656805
v 0.117709 2.556909 6.654688
v -0.285573 2.435960 6.251406
v -0.145206 3.080270 6.309263
v -0.059851 3.080270 6.223909
v -0.117709 2.435960 6.083541
v 0.145206 3.080270 6.309263
v 0.285573 2.435960 6.251406
v 0.117709 2.435960 6.083541
v 0.059851 3.080270 6.223909
v 0.059851 3.080270 6.514321
v 0.117709 2.435960 6.654688
v 0.285573 2.435960 6.486824
v 0.145206 3.080270 6.428967
v -0.117709 2.435960 6.654688
v -0.059851 3.080270 6.514321
v -0.145206 3.080270 6.428967
v -0.285573 2.435960 6.486824
v -0.285573 2.435960 6.251406
v -0.285573 2.435960 6.486824
v -0.145206 3.080270 6.428967
v -0.145206 3.080270 6.309263
v 0.059851 3.135944 6.223909
v -0.059851 3.135944 6.223909
v -0.009668 3.389627 6.345660
v 0.009668 3.389627 6.345660
v 0.059851 3.080270 6.514321
v 0.145206 3.080270 6.428967
v 0.145206 3.135944 6.428967
v 0.059851 3.135944 6.514321
v -0.145206 3.080270 6.309263
v -0.145206 3.080270 6.428967
v -0.145206 3.135944 6.428967
v -0.145206 3.135944 6.309263
v 0.145206 3.080270 6.309263
v 0.059851 3.080270 6.223909
v 0.059851 3.135944 6.223909
v 0.145206 3.135944 6.309263
v 0.145206 3.080270 6.428967
v 0.145206 3.080270 6.309263
v 0.145206 3.135944 6.309263
v 0.145206 3.135944 6.428967
v -0.059851 3.080270 6.223909
v -0.145206 3.080270 6.309263
v -0.145206 3.135944 6.309263
v -0.059851 3.135944 6.223909
v 0.059851 3.080270 6.223909
v -0.059851 3.080270 6.223909
v -0.059851 3.135944 6.223909
v 0.059851 3.135944 6.223909
v -0.145206 3.080270 6.428967
v -0.059851 3.080270 6.514321
v -0.059851 3.135944 6.514321
v -0.145206 3.135944 6.428967
v -0.009668 3.389627 6.345660
v -0.023455 3.389627 6.359447
v -0.009117 3.605480 6.365357
v -0.003758 3.605480 6.359998
v -0.145206 3.135944 6.309263
v -0.145206 3.135944 6.428967
v -0.023455 3.389627 6.378783
v -0.023455 3.389627 6.359447
v 0.059851 3.135944 6.514321
v 0.145206 3.135944 6.428967
v 0.023455 3.389627 6.378783
v 0.009668 3.389627 6.392570
v -0.059851 3.135944 6.223909
v -0.145206 3.135944 6.309263
v -0.023455 3.389627 6.359447
v -0.009668 3.389627 6.345660
v 0.145206 3.135944 6.428967
v 0.145206 3.135944 6.309263
v 0.023455 3.389627 6.359447
v 0.023455 3.389627 6.378783
v -0.059851 3.135944 6.514321
v 0.059851 3.135944 6.514321
v 0.009668 3.389627 6.392570
v -0.009668 3.389627 6.392570
v -0.145206 3.135944 6.428967
v -0.059851 3.135944 6.514321
v -0.009668 3.389627 6.392570
v -0.023455 3.389627 6.378783
v 0.145206 3.135944 6.309263
v 0.059851 3.135944 6.223909
v 0.009668 3.389627 6.345660
v 0.023455 3.389627 6.359447
v 0.285573 2.435960 6.251406
v 0.287690 2.435960 6.081425
v 0.287690 2.560072 6.081425
v 0.285573 2.560072 6.251406
v 0.117709 2.435960 6.083541
v 0.285573 2.435960 6.251406
v 0.285573 2.560072 6.251406
v 0.117709 2.560072 6.083541
v 0.287690 2.435960 6.081425
v 0.117709 2.435960 6.083541
v 0.117709 2.560072 6.083541
v 0.287690 2.560072 6.081425
v 0.285573 2.435960 6.486824
v 0.117709 2.435960 6.654688
v 0.117709 2.556909 6.654688
v 0.285573 2.556909 6.486824
v 0.287690 2.435960 6.656805
v 0.285573 2.435960 6.486824
v 0.285573 2.556909 6.486824
v 0.287690 2.556909 6.656805
v -0.117709 2.435960 6.654688
v -0.285573 2.435960 6.486824
v -0.285573 2.554258 6.486824
v -0.117709 2.554258 6.654688
v -0.287690 2.435960 6.656805
v -0.117709 2.435960 6.654688
v -0.117709 2.554258 6.654688
v -0.287690 2.554258 6.656805
v -0.285573 2.435960 6.251406
v -0.117709 2.435960 6.083541
v -0.117709 2.556035 6.083541
v -0.285573 2.556035 6.251406
v -0.287690 2.435960 6.081425
v -0.285573 2.435960 6.251406
v -0.285573 2.556035 6.251406
v -0.287690 2.556035 6.081425
v 0.023455 3.389627 6.378783
v 0.023455 3.389627 6.359447
v 0.009116 3.605480 6.365357
v 0.009116 3.605480 6.372872
v -0.009668 3.389627 6.392570
v 0.009668 3.389627 6.392570
v 0.003757 3.605480 6.378232
v -0.003758 3.605480 6.378232
v -0.023455 3.389627 6.378783
v -0.009668 3.389627 6.392570
v -0.003758 3.605480 6.378232
v -0.009117 3.605480 6.372872
v 0.023455 3.389627 6.359447
v 0.009668 3.389627 6.345660
v 0.003757 3.605480 6.359998
v 0.009116 3.605480 6.365357
v 0.009668 3.389627 6.345660
v -0.009668 3.389627 6.345660
v -0.003758 3.605480 6.359998
v 0.003757 3.605480 6.359998
v -0.023455 3.389627 6.359447
v -0.023455 3.389627 6.378783
v -0.009117 3.605480 6.372872
v -0.009117 3.605480 6.365357
v 0.009668 3.389627 6.392570
v 0.023455 3.389627 6.378783
v 0.009116 3.605480 6.372872
v 0.003757 3.605480 6.378232
v 0.287700 0.029142 6.656815
v 0.287700 0.921162 6.656815
v -0.287700 0.921162 6.656815
v -0.287700 0.029142 6.656815
v 0.287700 0.029142 6.081415
v 0.287700 0.921162 6.081415
v 0.287700 0.921162 6.656815
v 0.287700 0.029142 6.656815
v -0.287700 0.029142 6.081415
v -0.287700 0.921162 6.081415
v 0.287700 0.921162 6.081415
v 0.287700 0.029142 6.081415
v -0.287700 0.029142 6.656815
v -0.287700 0.921162 6.656815
v -0.287700 0.921162 6.081415
v -0.287700 0.029142 6.081415
v -0.287690 2.435960 6.081425
v 0.287700 2.435960 6.081415
v -0.287700 2.435960 6.081415
v 0.287690 2.435960 6.081425
v -0.117709 2.435960 6.083541
v 0.117709 2.435960 6.083541
v 0.287690 2.435960 6.081425
v 0.287700 2.435960 6.656815
v 0.287700 2.435960 6.081415
v 0.285573 2.435960 6.251406
v 0.285573 2.435960 6.486824
v 0.287690 2.435960 6.656805
v -0.287700 2.435960 6.656815
v -0.287690 2.435960 6.081425
v -0.287700 2.435960 6.081415
v -0.285573 2.435960 6.251406
v -0.285573 2.435960 6.486824
v -0.287690 2.435960 6.656805
v -0.287690 2.435960 6.656805
v 0.117709 2.435960 6.654688
v -0.117709 2.435960 6.654688
v 0.287690 2.435960 6.656805
v -0.287700 2.435960 6.656815
v 0.287700 2.435960 6.656815
v -0.009117 3.605480 6.365357
v 0.003757 3.605480 6.359998
v -0.003758 3.605480 6.359998
v 0.009116 3.605480 6.365357
v 0.009116 3.605480 6.372872
v -0.009117 3.605480 6.372872
v -0.003758 3.605480 6.378232
v 0.003757 3.605480 6.378232
vn 0.8840 0.4674 0.0110
vn -0.6613 0.3541 0.6613
vn -0.0110 0.4674 -0.8840
vn -0.0108 0.4921 0.8705
vn 0.0106 0.5225 0.8525
vn -0.6554 0.3752 -0.6554
vn 0.8705 0.4921 -0.0108
vn -0.8571 0.5150 0.0107
vn 0.6475 0.4019 -0.6475
vn -0.8525 0.5226 -0.0106
vn 0.6495 0.3952 0.6495
vn 0.0107 0.5150 -0.8571
vn -1.0000 -0.0000 -0.0000
vn -0.0000 -0.0000 -1.0000
vn 1.0000 -0.0000 -0.0000
vn -0.0000 -0.0000 1.0000
vn -0.0000 -1.0000 -0.0000
vn 0.9771 0.2129 -0.0000
vn -0.0000 0.2129 -0.9771
vn -0.0000 0.2129 0.9771
vn -0.9999 -0.0000 -0.0124
vn 0.0124 -0.0000 -0.9999
vn -0.0124 -0.0000 0.9999
vn -0.6909 0.2126 -0.6909
vn 0.6909 0.2126 -0.6909
vn 0.6909 0.2126 0.6909
vn -0.6909 0.2126 0.6909
vn -0.9771 0.2129 -0.0000
vn -0.0000 0.4327 -0.9015
vn 0.7071 -0.0000 0.7071
vn 0.7071 -0.0000 -0.7071
vn -0.7071 -0.0000 -0.7071
vn -0.7071 -0.0000 0.7071
vn -0.7056 0.0662 -0.7056
vn -0.9015 0.4327 -0.0000
vn 0.6377 0.4322 0.6377
vn -0.6377 0.4322 -0.6377
vn 0.9015 0.4327 -0.0000
vn -0.0000 0.4327 0.9015
vn -0.6377 0.4322 0.6377
vn 0.6377 0.4322 -0.6377
vn 0.9999 -0.0000 0.0124
vn -0.0124 -0.0000 -0.9999
vn 0.9999 -0.0000 -0.0124
vn 0.0124 -0.0000 0.9999
vn -0.9999 -0.0000 0.0124
vn 0.9978 0.0663 -0.0000
vn -0.0000 0.0663 0.9978
vn -0.7056 0.0662 0.7056
vn 0.7056 0.0662 -0.7056
vn -0.0000 0.0663 -0.9978
vn -0.9978 0.0663 -0.0000
vn 0.7056 0.0662 0.7056
vn -0.0000 1.0000 -0.0000
vn 0.0002 1.0000 -0.0000
vn 0.0001 1.0000 -0.0000
vn -0.0001 1.0000 -0.0000
vn -0.0002 1.0000 -0.0000
vt 0.205446 0.867810
vt 0.278154 0.877540
vt 0.242987 0.801082
vt 0.195731 0.877766
vt 0.315416 0.882544
vt 0.240007 0.816869
vt 0.202593 0.876367
vt 0.311488 0.876170
vt 0.239342 0.823317
vt 0.200770 0.871366
vt 0.304981 0.871175
vt 0.235940 0.819627
vt 0.195868 0.863341
vt 0.300783 0.887232
vt 0.248747 0.820389
vt 0.677574 0.711044
vt 0.677574 0.301560
vt 0.483397 0.303324
vt 0.483397 0.712808
vt 0.338516 0.338839
vt 0.507775 0.338839
vt 0.507775 0.200236
vt 0.338516 0.200236
vt 0.796787 0.676563
vt 0.986723 0.676562
vt 0.985646 0.302412
vt 0.795710 0.302412
vt 0.087486 0.998352
vt 0.281673 0.998352
vt 0.232237 0.585535
vt 0.133499 0.585535
vt 0.246565 0.559199
vt 0.126014 0.559199
vt 0.126014 0.604437
vt 0.246565 0.604437
vt 0.530609 0.869893
vt 0.441191 0.870059
vt 0.441191 0.921724
vt 0.530609 0.921557
vt 0.523790 0.874832
vt 0.439658 0.874988
vt 0.439658 0.923478
vt 0.523790 0.923322
vt 0.527036 0.871652
vt 0.441316 0.871802
vt 0.441316 0.921013
vt 0.527036 0.920863
vt 0.353039 0.996552
vt 0.255405 0.580592
vt 0.127430 0.578409
vt 0.014411 0.997286
vt 0.129116 0.575243
vt 0.036801 1.001644
vt 0.327229 1.003159
vt 0.229786 0.577925
vt 0.127792 0.574002
vt 0.244788 0.574002
vt 0.195737 0.357289
vt 0.176839 0.357289
vt 0.182648 0.405687
vt 0.190497 0.405687
vt 0.188098 0.334179
vt 0.185047 0.334179
vt 0.521725 0.855764
vt 0.446015 0.855619
vt 0.446015 0.921551
vt 0.521725 0.921697
vt 0.000003 0.338220
vt 0.050004 0.337710
vt 0.000626 0.240566
vt 0.000003 0.199621
vt 0.169258 0.199619
vt 0.169255 0.338220
vt 0.169258 0.338222
vt 0.168633 0.297274
vt 0.168633 0.240566
vt 0.169255 0.199621
vt 0.050004 0.200131
vt 0.119254 0.200131
vt 0.000000 0.199619
vt 0.657778 0.336003
vt 0.661565 0.334712
vt 0.659355 0.334712
vt 0.663142 0.336003
vt 0.663142 0.337813
vt 0.657778 0.337813
vt 0.659355 0.339104
vt 0.661565 0.339104
s 0
usemtl Material.002
f 3063/1222/437 3064/1223/437 3065/1224/437
f 3066/1222/438 3067/1223/438 3068/1224/438
f 3069/1222/439 3070/1223/439 3071/1224/439
f 3072/1225/440 3073/1226/440 3074/1227/440
s 1
f 3075/1228/441 3076/1229/441 3077/1230/441
s 0
f 3078/1225/442 3079/1226/442 3080/1227/442
f 3081/1225/443 3082/1226/443 3083/1227/443
f 3084/1231/444 3085/1232/444 3086/1233/444
f 3087/1228/445 3088/1229/445 3089/1230/445
f 3090/1234/446 3091/1235/446 3092/1236/446
f 3093/1231/447 3094/1232/447 3095/1233/447
f 3096/1231/448 3097/1232/448 3098/1233/448
f 3099/1237/449 3100/1238/449 3101/1239/449
f 3099/1237/449 3101/1239/449 3102/1240/449
f 3103/1237/450 3104/1238/450 3105/1239/450
f 3103/1237/450 3105/1239/450 3106/1240/450
f 3107/1237/451 3108/1238/451 3109/1239/451
f 3107/1237/451 3109/1239/451 3110/1240/451
f 3111/1237/452 3112/1238/452 3113/1239/452
f 3111/1237/452 3113/1239/452 3114/1240/452
f 3115/1241/453 3116/1242/453 3117/1243/453
f 3115/1241/453 3117/1243/453 3118/1244/453
f 3119/1245/451 3120/1246/451 3121/1247/451
f 3119/1245/451 3121/1247/451 3122/1248/451
f 3123/1245/449 3124/1246/449 3125/1247/449
f 3123/1245/449 3125/1247/449 3126/1248/449
f 3127/1245/452 3128/1246/452 3129/1247/452
f 3127/1245/452 3129/1247/452 3130/1248/452
f 3131/1245/450 3132/1246/450 3133/1247/450
f 3131/1245/450 3133/1247/450 3134/1248/450
f 3135/1249/454 3136/1250/454 3137/1251/454
f 3135/1249/454 3137/1251/454 3138/1252/454
f 3139/1249/455 3140/1250/455 3141/1251/455
f 3139/1249/455 3141/1251/455 3142/1252/455
f 3143/1253/452 3144/1254/452 3145/1255/452
f 3143/1253/452 3145/1255/452 3146/1256/452
f 3147/1249/456 3148/1250/456 3149/1251/456
f 3147/1249/456 3149/1251/456 3150/1252/456
f 3151/1257/457 3152/1258/457 3153/1259/457
f 3151/1257/457 3153/1259/457 3154/1260/457
f 3155/1261/458 3156/1262/458 3157/1263/458
f 3155/1261/458 3157/1263/458 3158/1264/458
f 3159/1265/459 3160/1266/459 3161/1267/459
f 3159/1265/459 3161/1267/459 3162/1268/459
f 3163/1269/460 3164/1270/460 3165/1271/460
f 3163/1269/460 3165/1271/460 3166/1272/460
f 3167/1273/461 3168/1274/461 3169/1275/461
f 3167/1273/461 3169/1275/461 3170/1276/461
f 3171/1273/462 3172/1274/462 3173/1275/462
f 3171/1273/462 3173/1275/462 3174/1276/462
f 3175/1269/463 3176/1270/463 3177/1271/463
f 3175/1269/463 3177/1271/463 3178/1272/463
f 3179/1249/464 3180/1250/464 3181/1251/464
f 3179/1249/464 3181/1251/464 3182/1252/464
f 3183/1277/465 3184/1278/465 3185/1279/465
f 3183/1277/465 3185/1279/465 3186/1280/465
f 3187/1253/466 3188/1254/466 3189/1255/466
f 3187/1253/466 3189/1255/466 3190/1256/466
f 3191/1253/449 3192/1254/449 3193/1255/449
f 3191/1253/449 3193/1255/449 3194/1256/449
f 3195/1253/467 3196/1254/467 3197/1255/467
f 3195/1253/467 3197/1255/467 3198/1256/467
f 3199/1253/451 3200/1254/451 3201/1255/451
f 3199/1253/451 3201/1255/451 3202/1256/451
f 3203/1253/468 3204/1254/468 3205/1255/468
f 3203/1253/468 3205/1255/468 3206/1256/468
f 3207/1253/450 3208/1254/450 3209/1255/450
f 3207/1253/450 3209/1255/450 3210/1256/450
f 3211/1253/469 3212/1254/469 3213/1255/469
f 3211/1253/469 3213/1255/469 3214/1256/469
f 3215/1281/470 3216/1282/470 3217/1283/470
f 3215/1281/470 3217/1283/470 3218/1284/470
f 3219/1277/471 3220/1278/471 3221/1279/471
f 3219/1277/471 3221/1279/471 3222/1280/471
f 3223/1277/472 3224/1278/472 3225/1279/472
f 3223/1277/472 3225/1279/472 3226/1280/472
f 3227/1277/473 3228/1278/473 3229/1279/473
f 3227/1277/473 3229/1279/473 3230/1280/473
f 3231/1277/474 3232/1278/474 3233/1279/474
f 3231/1277/474 3233/1279/474 3234/1280/474
f 3235/1277/475 3236/1278/475 3237/1279/475
f 3235/1277/475 3237/1279/475 3238/1280/475
f 3239/1277/476 3240/1278/476 3241/1279/476
f 3239/1277/476 3241/1279/476 3242/1280/476
f 3243/1277/477 3244/1278/477 3245/1279/477
f 3243/1277/477 3245/1279/477 3246/1280/477
f 3247/1285/478 3248/1286/478 3249/1287/478
f 3247/1285/478 3249/1287/478 3250/1288/478
f 3251/1285/469 3252/1286/469 3253/1287/469
f 3251/1285/469 3253/1287/469 3254/1288/469
f 3255/1285/479 3256/1286/479 3257/1287/479
f 3255/1285/479 3257/1287/479 3258/1288/479
f 3259/1265/468 3260/1266/468 3261/1267/468
f 3259/1265/468 3261/1267/468 3262/1268/468
f 3263/1265/480 3264/1266/480 3265/1267/480
f 3263/1265/480 3265/1267/480 3266/1268/480
f 3267/1257/467 3268/1258/467 3269/1259/467
f 3267/1257/467 3269/1259/467 3270/1260/467
f 3271/1257/481 3272/1258/481 3273/1259/481
f 3271/1257/481 3273/1259/481 3274/1260/481
f 3275/1261/466 3276/1262/466 3277/1263/466
f 3275/1261/466 3277/1263/466 3278/1264/466
f 3279/1261/482 3280/1262/482 3281/1263/482
f 3279/1261/482 3281/1263/482 3282/1264/482
f 3283/1281/483 3284/1282/483 3285/1283/483
f 3283/1281/483 3285/1283/483 3286/1284/483
f 3287/1281/484 3288/1282/484 3289/1283/484
f 3287/1281/484 3289/1283/484 3290/1284/484
f 3291/1281/485 3292/1282/485 3293/1283/485
f 3291/1281/485 3293/1283/485 3294/1284/485
f 3295/1281/486 3296/1282/486 3297/1283/486
f 3295/1281/486 3297/1283/486 3298/1284/486
f 3299/1281/487 3300/1282/487 3301/1283/487
f 3299/1281/487 3301/1283/487 3302/1284/487
f 3303/1281/488 3304/1282/488 3305/1283/488
f 3303/1281/488 3305/1283/488 3306/1284/488
f 3307/1281/489 3308/1282/489 3309/1283/489
f 3307/1281/489 3309/1283/489 3310/1284/489
f 3311/1237/452 3312/1238/452 3313/1239/452
f 3311/1237/452 3313/1239/452 3314/1240/452
f 3315/1237/451 3316/1238/451 3317/1239/451
f 3315/1237/451 3317/1239/451 3318/1240/451
f 3319/1237/450 3320/1238/450 3321/1239/450
f 3319/1237/450 3321/1239/450 3322/1240/450
f 3323/1237/449 3324/1238/449 3325/1239/449
f 3323/1237/449 3325/1239/449 3326/1240/449
f 3327/1287/490 3328/1285/490 3329/1286/490
f 3328/1285/490 3327/1287/490 3330/1289/490
f 3330/1289/490 3327/1287/490 3331/1288/490
f 3330/1289/490 3331/1288/490 3332/1290/490
f 3333/1247/490 3334/1245/490 3335/1246/490
f 3334/1245/491 3333/1247/491 3336/1248/491
s 1
f 3334/1245/492 3336/1248/492 3337/1291/492
s 0
f 3334/1245/490 3337/1291/490 3338/1292/490
s 1
f 3339/1293/493 3340/1294/493 3341/1295/493
s 0
f 3340/1294/493 3339/1293/493 3342/1296/493
s 1
f 3342/1296/494 3339/1293/493 3343/1297/491
f 3343/1297/491 3339/1293/493 3344/1298/493
s 0
f 3345/1298/490 3346/1299/490 3347/1300/490
f 3346/1299/490 3345/1298/490 3348/1292/490
f 3348/1292/490 3345/1298/490 3349/1293/490
f 3348/1292/490 3349/1293/490 3350/1301/490
f 3351/1302/490 3352/1303/490 3353/1304/490
f 3352/1303/490 3351/1302/490 3354/1305/490
f 3354/1305/490 3351/1302/490 3355/1306/490
f 3355/1306/490 3351/1302/490 3356/1307/490
f 3355/1306/490 3356/1307/490 3357/1308/490
f 3355/1306/490 3357/1308/490 3358/1309/490
o Object_40
v -0.235741 0.001360 5.782179
v -0.235741 0.001360 5.782179
v -0.235741 0.001360 5.782179
v -0.235741 3.717198 5.782179
v -0.235741 3.717198 5.782179
v -0.235741 3.717198 5.782179
v -0.235741 0.001360 4.974580
v -0.235741 0.001360 4.974580
v -0.235741 0.001360 4.974580
v -0.235741 3.717198 4.974580
v -0.235741 3.717198 4.974580
v -0.235741 3.717198 4.974580
v 0.235741 0.001360 5.782179
v 0.235741 0.001360 5.782179
v 0.235741 0.001360 5.782179
v 0.235741 3.717198 5.782179
v 0.235741 3.717198 5.782179
v 0.235741 3.717198 5.782179
v 0.235741 0.001360 4.974580
v 0.235741 0.001360 4.974580
v 0.235741 0.001360 4.974580
v 0.235741 3.717198 4.974580
v 0.235741 3.717198 4.974580
v 0.235741 3.717198 4.974580
vn -1.0000 -0.0000 -0.0000
vn -0.0000 -0.0000 -1.0000
vn 1.0000 -0.0000 -0.0000
vn -0.0000 -0.0000 1.0000
vn -0.0000 -1.0000 -0.0000
vn -0.0000 1.0000 -0.0000
vt 0.981295 1.002674
vt 1.001745 0.001514
vt 0.011785 0.001514
vt -0.008665 1.002674
vt 0.125000 0.500000
vt 0.375000 0.500000
vt 0.375000 0.250000
vt 0.125000 0.250000
vt 0.089593 0.010040
vt 0.089593 0.059325
vt 0.933756 0.059325
vt 0.933756 0.010040
s 0
usemtl Material.003
f 3359/1310/495 3362/1311/495 3368/1312/495
f 3359/1310/495 3368/1312/495 3365/1313/495
f 3367/1310/496 3369/1311/496 3380/1312/496
f 3367/1310/496 3380/1312/496 3378/1313/496
f 3379/1310/497 3382/1311/497 3376/1312/497
f 3379/1310/497 3376/1312/497 3373/1313/497
f 3372/1310/498 3374/1311/498 3363/1312/498
f 3372/1310/498 3363/1312/498 3361/1313/498
f 3366/1314/499 3377/1315/499 3371/1316/499
f 3366/1314/499 3371/1316/499 3360/1317/499
f 3381/1318/500 3370/1319/500 3364/1320/500
f 3381/1318/500 3364/1320/500 3375/1321/500
