# Blender 5.0.1
# www.blender.org
mtllib sm_final3.mtl
o sm(posed)
v 0.135775 -0.058036 0.307239
v 0.128598 -0.046072 0.305664
v 0.130843 -0.027523 0.342342
v 0.123509 -0.015301 0.340123
v 0.129255 -0.030023 0.341172
v 0.121971 -0.017597 0.338896
v 0.125985 -0.045820 0.307431
v 0.133164 -0.058143 0.309555
v 0.139707 -0.090536 0.312237
v 0.138275 -0.075974 0.310588
v 0.135844 -0.058609 0.346826
v 0.133877 -0.044254 0.344311
v 0.135985 -0.075138 0.312110
v 0.137494 -0.090297 0.314264
v 0.103622 0.010574 0.334591
v 0.121446 -0.035286 0.304659
v 0.113510 -0.000045 0.336726
v 0.112406 -0.003628 0.335731
v 0.102518 0.007275 0.333486
v 0.111505 -0.024380 0.303605
v 0.119283 -0.036054 0.307400
v 0.109226 -0.024461 0.305094
v -0.139196 -0.059585 0.308089
v -0.132027 -0.047551 0.306643
v -0.134264 -0.028187 0.342717
v -0.126921 -0.015870 0.340489
v -0.132665 -0.030747 0.341570
v -0.125381 -0.018197 0.339276
v -0.129329 -0.047220 0.308300
v -0.136424 -0.059537 0.310284
v -0.143114 -0.090513 0.312251
v -0.141683 -0.075933 0.310597
v -0.139253 -0.058575 0.346826
v -0.137286 -0.044195 0.344293
v -0.139393 -0.075098 0.312120
v -0.140902 -0.090278 0.314282
v -0.107028 0.008958 0.335823
v -0.116912 -0.001528 0.337761
v -0.124848 -0.035255 0.304605
v -0.115819 -0.005007 0.336701
v -0.105931 0.005730 0.334667
v -0.114897 -0.024479 0.303656
v -0.112653 -0.024602 0.305238
v -0.122904 -0.036186 0.307479
v 0.360535 0.315715 -0.097231
v 0.361655 0.310126 -0.098120
v 0.323777 0.178178 -0.050737
v 0.334922 0.230080 -0.055395
v 0.310174 0.181646 -0.065436
v 0.290869 0.235871 -0.080455
v 0.329399 0.172716 -0.011878
v 0.327278 0.218502 -0.007130
v 0.306515 0.240370 -0.002355
v 0.291833 0.144080 0.019587
v 0.310934 0.158158 0.008786
v 0.285162 0.183011 -0.073232
v 0.263478 0.178285 -0.067520
v 0.245298 0.173036 -0.051267
v 0.233780 0.154643 -0.020468
v 0.255924 0.226475 -0.062932
v 0.242142 0.174392 -0.009000
v 0.241786 0.138140 0.002590
v 0.279708 0.242604 -0.068322
v 0.310557 0.245100 -0.061963
v 0.326511 0.244848 -0.046655
v 0.259818 0.239534 -0.054975
v 0.254595 0.232212 -0.040404
v 0.264968 0.242172 -0.030318
v 0.254363 0.234090 -0.023227
v 0.134131 -0.055884 0.340390
v 0.133902 -0.071204 0.345662
v 0.136545 -0.098303 0.317941
v 0.138917 -0.081116 0.315553
v 0.128701 -0.048200 0.311962
v 0.138424 -0.080940 0.316050
v 0.126437 -0.020114 0.335641
v 0.134068 -0.056213 0.341621
v 0.107318 0.005968 0.330074
v 0.113176 -0.029933 0.310682
v 0.086098 0.018680 0.325403
v 0.088427 -0.013921 0.304033
v 0.092656 -0.029476 0.282670
v 0.100251 -0.029557 0.294475
v 0.103747 -0.069119 0.250928
v 0.125517 -0.100227 0.206644
v 0.107395 -0.068685 0.256546
v 0.122320 -0.096135 0.226481
v 0.121892 -0.090341 0.183275
v 0.147147 -0.113448 0.160357
v 0.167635 -0.115924 0.135990
v 0.153986 -0.101188 0.148452
v 0.174214 -0.117432 0.103125
v 0.195696 -0.160105 0.026048
v 0.203833 -0.206056 -0.021754
v 0.211596 -0.212163 -0.037536
v 0.229011 -0.209642 -0.041789
v 0.249792 -0.206247 -0.035691
v 0.270281 -0.223492 -0.017195
v 0.271597 -0.250855 0.003397
v 0.253720 -0.268849 0.012534
v 0.214737 -0.290507 0.019315
v 0.143798 -0.298614 0.016214
v 0.220416 -0.168366 -0.033323
v 0.280182 -0.192519 -0.001972
v 0.214355 -0.287294 0.035814
v 0.267619 -0.240899 0.038553
v 0.279553 -0.220982 0.020377
v 0.265719 -0.172991 -0.021412
v 0.247196 -0.162001 -0.031783
v 0.201922 -0.183024 -0.017188
v 0.198476 -0.185838 0.013585
v 0.199034 -0.167151 0.045956
v 0.197935 -0.146822 0.066934
v 0.368664 0.296058 0.324311
v 0.357897 0.277163 0.312790
v 0.374065 0.301422 0.339642
v 0.376025 0.297248 0.361840
v 0.384222 0.264495 0.396567
v 0.393528 0.242341 0.407471
v 0.390019 0.221260 0.410540
v 0.367585 0.240564 0.299136
v 0.358773 0.209112 0.300622
v 0.346359 0.306378 0.365574
v 0.346205 0.308665 0.344416
v 0.335122 0.304584 0.331048
v 0.337516 0.216478 0.300672
v 0.342159 0.236975 0.301657
v 0.365466 0.259048 0.415868
v 0.370837 0.237249 0.419895
v 0.367748 0.208827 0.414213
v 0.348993 0.194750 0.409747
v 0.353400 0.218830 0.423298
v 0.317853 0.198777 0.421096
v 0.299779 0.175745 0.384834
v 0.293538 0.174991 0.353130
v 0.307276 0.179868 0.331338
v 0.324537 0.196048 0.311795
v 0.342074 0.184799 0.313446
v 0.356093 0.210173 0.299466
v 0.326681 0.171266 0.337653
v 0.337405 0.217140 0.300878
v 0.332086 0.168130 0.364267
v 0.340437 0.177868 0.391178
v -0.001134 -0.293073 0.086817
v 0.031102 -0.296004 0.055856
v 0.110740 -0.305505 0.045960
v 0.062730 -0.299314 0.059291
v -0.001534 -0.287376 0.054226
v 0.072078 -0.296907 0.044024
v 0.106058 -0.300842 0.032261
v 0.168075 -0.300638 0.028706
v 0.053855 -0.001651 -0.186032
v 0.050711 0.002799 -0.163419
v 0.027962 0.016567 -0.161518
v 0.021512 0.012032 -0.136815
v 0.009488 0.012208 -0.137912
v 0.040510 -0.002876 -0.131762
v 0.022322 0.002437 -0.123425
v 0.057213 -0.031063 -0.122263
v 0.059152 -0.032357 -0.129594
v 0.055476 -0.016796 -0.141718
v 0.063185 -0.018436 -0.161548
v 0.073033 -0.036872 -0.180739
v 0.064682 -0.015499 -0.174254
v 0.065731 -0.026368 -0.216563
v 0.019146 -0.055913 0.180592
v -0.002290 -0.054932 0.193761
v -0.001778 -0.045614 0.156860
v 0.012525 -0.055029 0.136628
v -0.001941 -0.061707 0.123464
v 0.007225 -0.059840 0.127662
v 0.267694 -0.043250 -0.050370
v 0.289668 -0.036424 -0.039576
v 0.297875 -0.021471 -0.025519
v 0.316182 0.003540 -0.003486
v 0.273895 -0.028210 -0.054637
v 0.290252 -0.018315 -0.046395
v 0.307400 0.003273 -0.022517
v 0.312853 0.005905 0.010801
v 0.292901 0.018136 0.032323
v 0.258627 0.041000 0.037171
v 0.237300 0.052951 0.033242
v 0.214731 0.049058 0.018856
v 0.313038 0.024148 0.002727
v 0.295785 0.046744 0.029027
v 0.275695 0.063247 0.036575
v 0.257699 0.075129 0.036670
v 0.227646 0.082214 0.027954
v 0.216803 0.076826 0.020262
v 0.268970 0.123225 0.021599
v 0.244947 0.125830 0.011546
v 0.240607 0.137463 0.002283
v 0.256114 0.140871 0.019303
v 0.327358 0.167783 -0.017400
v 0.222364 -0.001388 -0.030782
v 0.205358 0.019697 -0.016880
v 0.202822 0.034585 0.001344
v 0.229200 0.002835 -0.046370
v 0.248090 -0.019063 -0.053844
v 0.220692 0.032086 -0.039649
v 0.204235 0.048942 -0.021312
v 0.204485 0.064599 0.002000
v 0.217652 0.075450 0.020372
v 0.214928 0.047003 0.019798
v 0.271334 0.256782 -0.024967
v 0.265210 0.244760 -0.032524
v 0.281008 0.253086 -0.005832
v 0.255463 0.233077 -0.023623
v 0.242141 0.173813 -0.008969
v 0.329429 0.238450 -0.025018
v 0.321876 0.236397 -0.012092
v 0.301974 0.259104 -0.006091
v 0.301070 0.277148 -0.015660
v 0.301941 0.258984 -0.006041
v 0.281753 0.276002 -0.024850
v 0.282535 0.251139 -0.012553
v 0.304909 0.296656 -0.034378
v 0.290452 0.294229 -0.039849
v 0.309624 0.301059 -0.058824
v 0.296873 0.300526 -0.060086
v 0.327485 0.305660 -0.076827
v 0.312043 0.313736 -0.097242
v 0.293506 0.306161 -0.089395
v -0.276004 -0.249288 -0.508421
v -0.274862 -0.254246 -0.510194
v -0.324965 -0.172746 -0.363824
v -0.323072 -0.191521 -0.356165
v -0.319277 -0.197818 -0.410903
v -0.300899 -0.237547 -0.386743
v -0.307172 -0.138111 -0.370622
v -0.281358 -0.155004 -0.406713
v -0.270572 -0.114928 -0.333422
v -0.285904 -0.122715 -0.352929
v -0.309378 -0.208904 -0.342097
v -0.291780 -0.211585 -0.327723
v -0.270467 -0.204352 -0.317138
v -0.249631 -0.176693 -0.303201
v -0.267751 -0.234649 -0.363616
v -0.241787 -0.174581 -0.326397
v -0.246874 -0.146213 -0.299091
v -0.280025 -0.237593 -0.393357
v -0.296806 -0.226337 -0.409769
v -0.299884 -0.214570 -0.419804
v -0.262008 -0.233142 -0.377430
v -0.251412 -0.220847 -0.372465
v -0.249889 -0.212095 -0.387538
v -0.240130 -0.208878 -0.377608
v -0.137555 -0.055978 0.340493
v -0.137318 -0.071472 0.345764
v -0.139946 -0.099035 0.318141
v -0.142089 -0.081720 0.315978
v -0.132096 -0.049556 0.313047
v -0.141745 -0.081352 0.316742
v -0.129843 -0.020841 0.336095
v -0.137522 -0.056271 0.341773
v -0.110755 0.004440 0.331253
v -0.116547 -0.030976 0.311765
v -0.089541 0.017087 0.326956
v -0.092050 -0.014918 0.303504
v -0.096716 -0.031921 0.279647
v -0.103512 -0.029782 0.294260
v -0.107582 -0.071924 0.250556
v -0.128961 -0.100623 0.205904
v -0.110201 -0.068070 0.256136
v -0.124718 -0.096524 0.230529
v -0.124778 -0.090236 0.184128
v -0.149968 -0.112369 0.159256
v -0.156414 -0.099508 0.146487
v -0.169654 -0.113061 0.132365
v -0.178560 -0.117311 0.101781
v -0.200689 -0.154195 0.022581
v -0.223122 -0.208378 0.000234
v -0.249466 -0.243541 -0.017457
v -0.265381 -0.240190 -0.019802
v -0.281089 -0.224859 -0.015638
v -0.287229 -0.207472 0.007694
v -0.273947 -0.207740 0.024368
v -0.219276 -0.248035 0.035202
v -0.170477 -0.278322 0.030878
v -0.258742 -0.221879 -0.057632
v -0.279140 -0.184654 0.015908
v -0.224010 -0.238505 0.046881
v -0.255531 -0.194055 0.036490
v -0.176722 -0.277989 0.040763
v -0.292036 -0.181369 -0.010147
v -0.289658 -0.195749 -0.042056
v -0.234336 -0.227290 -0.038763
v -0.198844 -0.142275 0.058301
v -0.302860 0.076247 0.029283
v -0.279746 0.080059 0.036452
v -0.318898 0.074672 0.035051
v -0.333122 0.075056 0.052784
v -0.340259 0.064597 0.099495
v -0.336950 0.051931 0.122430
v -0.325075 0.050634 0.140419
v -0.249468 0.059960 0.053905
v -0.228508 0.061002 0.078998
v -0.333338 0.106364 0.050977
v -0.319229 0.103873 0.035232
v -0.303873 0.111513 0.030313
v -0.227325 0.083179 0.075323
v -0.242096 0.083862 0.060377
v -0.345852 0.084198 0.117911
v -0.336653 0.074329 0.136353
v -0.313911 0.069511 0.153933
v -0.296733 0.083401 0.162926
v -0.322879 0.087080 0.153725
v -0.299000 0.115902 0.170162
v -0.253142 0.122121 0.164676
v -0.227782 0.123137 0.144710
v -0.218627 0.107905 0.125437
v -0.219140 0.092395 0.098996
v -0.218136 0.073061 0.106999
v -0.227588 0.063653 0.077664
v -0.223219 0.088133 0.134319
v -0.227860 0.083476 0.074978
v -0.242201 0.086240 0.153918
v -0.270255 0.084672 0.163868
v -0.002241 -0.293095 0.086603
v -0.039558 -0.298546 0.064440
v -0.001991 -0.287556 0.054804
v -0.036391 -0.296407 0.052061
v -0.111223 -0.295809 0.040516
v -0.114664 -0.299715 0.053668
v -0.057257 -0.001655 -0.186028
v -0.054108 0.002801 -0.163415
v -0.031366 0.016563 -0.161518
v -0.024915 0.012032 -0.136815
v -0.012890 0.012208 -0.137911
v -0.043912 -0.002876 -0.131762
v -0.025726 0.002435 -0.123426
v -0.060618 -0.031065 -0.122264
v -0.062546 -0.032351 -0.129581
v -0.058879 -0.016796 -0.141719
v -0.066587 -0.018437 -0.161551
v -0.076434 -0.036871 -0.180741
v -0.068084 -0.015499 -0.174255
v -0.069134 -0.026369 -0.216567
v -0.022552 -0.055921 0.180603
v -0.001115 -0.054932 0.193760
v -0.001628 -0.045613 0.156865
v -0.015930 -0.055027 0.136631
v -0.001465 -0.061708 0.123468
v -0.010631 -0.059839 0.127660
v -0.319629 -0.161792 -0.161394
v -0.333116 -0.141110 -0.159002
v -0.337333 -0.107542 -0.170569
v -0.331293 -0.152606 -0.175179
v -0.341279 -0.133002 -0.175907
v -0.339716 -0.078916 -0.175517
v -0.305714 -0.050588 -0.210609
v -0.343164 -0.096004 -0.187495
v -0.287356 -0.056051 -0.226221
v -0.267459 -0.068692 -0.235320
v -0.251432 -0.085608 -0.232626
v -0.245233 -0.104432 -0.214214
v -0.340045 -0.069434 -0.214785
v -0.324296 -0.059885 -0.240969
v -0.298419 -0.060528 -0.258065
v -0.274208 -0.071249 -0.262342
v -0.257041 -0.084731 -0.262679
v -0.238344 -0.107848 -0.249924
v -0.236920 -0.115899 -0.238233
v -0.260026 -0.112252 -0.304587
v -0.247716 -0.131875 -0.292322
v -0.246436 -0.146585 -0.297873
v -0.246482 -0.127880 -0.312169
v -0.310495 -0.140803 -0.364355
v -0.242525 -0.174424 -0.326047
v -0.242108 -0.208084 -0.377185
v -0.244909 -0.190713 -0.408685
v -0.250657 -0.214702 -0.389664
v -0.249885 -0.205780 -0.402865
v -0.295885 -0.185857 -0.419484
v -0.282962 -0.174408 -0.417021
v -0.269085 -0.176526 -0.417778
v -0.263642 -0.186655 -0.419336
v -0.283040 -0.127977 -0.182544
v -0.269251 -0.122606 -0.179235
v -0.252055 -0.115936 -0.192332
v -0.298575 -0.139213 -0.181869
v -0.303114 -0.165338 -0.183192
v -0.313090 -0.160005 -0.192138
v -0.304732 -0.142013 -0.188100
v -0.262228 -0.139385 -0.200093
v -0.243179 -0.129207 -0.217775
v -0.237908 -0.114784 -0.237597
v -0.245460 -0.102636 -0.212846
v -0.270796 -0.193848 -0.432191
v -0.266042 -0.186710 -0.421651
v -0.258031 -0.196307 -0.445129
v -0.252554 -0.200797 -0.401094
v -0.270828 -0.197283 -0.453466
v -0.261279 -0.212265 -0.469998
v -0.250968 -0.206860 -0.464623
v -0.263671 -0.229534 -0.486663
v -0.238981 -0.229098 -0.497340
v -0.230069 -0.219257 -0.481598
v 0.356082 0.311627 -0.109124
v 0.317801 0.182503 -0.057711
v 0.279930 0.183682 -0.075196
v 0.246365 0.174306 -0.051190
v 0.234315 0.157874 -0.021239
v 0.240230 0.136643 0.001855
v 0.141573 -0.055942 0.347260
v 0.136560 -0.071782 0.346462
v 0.134750 -0.097795 0.318882
v 0.141738 -0.082693 0.314142
v 0.128806 -0.048099 0.312636
v 0.137154 -0.081319 0.315250
v 0.121431 -0.009238 0.333285
v 0.140164 -0.054147 0.344047
v 0.089636 0.016353 0.329830
v 0.085372 0.018492 0.321691
v 0.091471 -0.023112 0.291377
v 0.100836 -0.022848 0.296350
v 0.099518 -0.059717 0.255273
v 0.114440 -0.080659 0.233662
v 0.123138 -0.095961 0.204109
v 0.116324 -0.087850 0.194542
v 0.110258 -0.078908 0.248907
v 0.122204 -0.095088 0.227473
v 0.130329 -0.104437 0.201600
v 0.173544 -0.116718 0.130945
v 0.173633 -0.111757 0.115829
v 0.194404 -0.157592 0.026823
v 0.204809 -0.205273 -0.013893
v 0.211991 -0.212464 -0.039274
v 0.249920 -0.205845 -0.035372
v 0.270947 -0.223904 -0.016964
v 0.260169 -0.258191 0.009035
v 0.210710 -0.291750 0.021724
v 0.171139 -0.297915 0.012428
v 0.200945 -0.187853 0.011622
v 0.199125 -0.167146 0.045996
v 0.195757 -0.142786 0.068359
v 0.374111 0.303258 0.337135
v 0.357681 0.277222 0.312837
v 0.389666 0.251718 0.404673
v 0.397432 0.222248 0.407116
v 0.373910 0.209109 0.295144
v 0.346914 0.309089 0.343888
v 0.345644 0.292089 0.388703
v 0.328155 0.278921 0.315853
v 0.337692 0.235985 0.298332
v 0.338559 0.216537 0.301410
v 0.383738 0.222477 0.415996
v 0.348723 0.194572 0.410299
v 0.371319 0.237100 0.419381
v 0.347829 0.213250 0.423874
v 0.292305 0.172164 0.354915
v 0.302373 0.174534 0.334874
v 0.358494 0.205883 0.295480
v 0.326152 0.170748 0.337240
v 0.319647 0.188338 0.309953
v 0.338671 0.216853 0.300922
v 0.335287 0.169994 0.378429
v -0.001749 -0.287047 0.054537
v 0.019861 -0.293688 0.054025
v 0.058568 -0.301278 0.046068
v 0.110028 -0.300483 0.031454
v 0.059126 -0.007478 -0.193470
v 0.029902 0.015872 -0.161952
v 0.009557 0.011611 -0.138289
v 0.018231 0.004967 -0.126987
v 0.032330 -0.007383 -0.119320
v 0.045070 -0.019562 -0.120317
v 0.056018 -0.028855 -0.127191
v 0.065267 -0.035757 -0.141834
v 0.070803 -0.037942 -0.164628
v 0.064522 -0.027259 -0.214458
v 0.017897 -0.056497 0.179674
v -0.001698 -0.053053 0.194346
v 0.017932 -0.053078 0.146468
v 0.008422 -0.056614 0.138283
v 0.007593 -0.059721 0.128031
v -0.001703 -0.062170 0.124683
v 0.277713 -0.045655 -0.048323
v 0.317165 0.002989 -0.003624
v 0.314004 0.006110 0.011487
v 0.290772 0.019422 0.033309
v 0.253697 -0.019118 -0.061930
v 0.280121 -0.027770 -0.053101
v 0.310152 0.008092 -0.018861
v 0.214466 0.046764 0.019118
v 0.308974 0.023885 0.002446
v 0.295780 0.046143 0.028709
v 0.257786 0.075225 0.037022
v 0.229357 0.079780 0.027270
v 0.215187 0.074747 0.024058
v 0.270073 0.126265 0.020673
v 0.246362 0.125223 0.010224
v 0.240230 0.136643 0.001855
v 0.304560 0.154402 0.015770
v 0.325165 0.171553 -0.016171
v 0.201766 0.032530 -0.002691
v 0.223750 -0.002378 -0.045134
v 0.224299 0.026978 -0.043210
v 0.198314 0.062331 -0.000944
v 0.217965 0.074324 0.021693
v 0.213362 0.046499 0.019752
v 0.302573 0.288248 -0.023173
v 0.301465 0.260449 -0.005232
v 0.283475 0.280975 -0.025301
v 0.269064 0.248374 -0.028953
v 0.311929 0.301624 -0.064833
v 0.293805 0.307412 -0.091468
v 0.291514 0.305089 -0.079660
v 0.298948 0.301689 -0.067281
v 0.324398 0.304336 -0.074266
v 0.306776 0.320621 -0.092334
v 0.323291 0.309729 -0.086677
v -0.270510 -0.242628 -0.511753
v -0.268715 -0.253712 -0.516575
v -0.323510 -0.182945 -0.362514
v -0.305155 -0.212655 -0.338715
v -0.248535 -0.175102 -0.304735
v -0.242878 -0.146004 -0.297182
v -0.145098 -0.055956 0.347374
v -0.139644 -0.072032 0.346400
v -0.135136 -0.095627 0.320207
v -0.144875 -0.083151 0.314548
v -0.141355 -0.081681 0.315391
v -0.125425 -0.010970 0.334171
v -0.143408 -0.054244 0.344030
v -0.116081 -0.030020 0.312309
v -0.093105 0.014726 0.331202
v -0.088485 0.016415 0.323372
v -0.095367 -0.024827 0.288756
v -0.101966 -0.026139 0.300301
v -0.105104 -0.055508 0.253953
v -0.118236 -0.084247 0.233289
v -0.126533 -0.096449 0.204428
v -0.118228 -0.089515 0.194369
v -0.125964 -0.092663 0.234780
v -0.110760 -0.069279 0.256354
v -0.104054 -0.036145 0.284855
v -0.133798 -0.105024 0.201189
v -0.168614 -0.107864 0.115973
v -0.172667 -0.113168 0.129717
v -0.197075 -0.155754 0.021907
v -0.251456 -0.246959 -0.019367
v -0.280432 -0.224656 -0.016296
v -0.288067 -0.207062 0.009810
v -0.259992 -0.215431 0.028026
v -0.215643 -0.251098 0.036432
v -0.181728 -0.272963 0.028272
v -0.219786 -0.207795 -0.001731
v -0.196812 -0.142339 0.057543
v -0.186591 -0.126486 0.087266
v -0.318384 0.074705 0.032051
v -0.279758 0.080278 0.036469
v -0.339734 0.057623 0.113703
v -0.228570 0.045707 0.074076
v -0.319287 0.103215 0.034512
v -0.341154 0.107065 0.077023
v -0.274817 0.109628 0.039872
v -0.237821 0.087386 0.059298
v -0.228187 0.082306 0.075683
v -0.328105 0.057767 0.143651
v -0.296959 0.083701 0.163472
v -0.336316 0.073753 0.136082
v -0.318190 0.091235 0.158797
v -0.226994 0.123900 0.148102
v -0.216559 0.111839 0.132175
v -0.227158 0.060972 0.079263
v -0.216544 0.071765 0.104666
v -0.222430 0.088451 0.134481
v -0.211655 0.094970 0.103986
v -0.228011 0.082204 0.075108
v -0.254466 0.085775 0.161640
v -0.001749 -0.287047 0.054537
v -0.021026 -0.293403 0.054230
v -0.108772 -0.295141 0.042629
v -0.062526 -0.007475 -0.193466
v -0.033308 0.015871 -0.161957
v -0.012959 0.011611 -0.138290
v -0.021636 0.004965 -0.126985
v -0.035730 -0.007381 -0.119321
v -0.048472 -0.019563 -0.120318
v -0.059421 -0.028856 -0.127192
v -0.068668 -0.035758 -0.141835
v -0.074204 -0.037943 -0.164622
v -0.067923 -0.027259 -0.214459
v -0.001708 -0.052885 0.194342
v -0.021303 -0.056502 0.179684
v -0.021338 -0.053077 0.146467
v -0.011828 -0.056614 0.138283
v -0.011001 -0.059723 0.128033
v -0.001703 -0.062170 0.124683
v -0.326289 -0.157571 -0.156603
v -0.336582 -0.109125 -0.169595
v -0.341785 -0.079269 -0.181754
v -0.332134 -0.071786 -0.177483
v -0.289264 -0.051363 -0.224876
v -0.333462 -0.151568 -0.173333
v -0.343139 -0.132067 -0.175906
v -0.345545 -0.091568 -0.193644
v -0.267358 -0.067706 -0.235633
v -0.251402 -0.085980 -0.233115
v -0.245558 -0.102849 -0.212890
v -0.344107 -0.068049 -0.214384
v -0.303078 -0.058218 -0.256553
v -0.237557 -0.105293 -0.250499
v -0.233590 -0.112925 -0.236419
v -0.257048 -0.085386 -0.262400
v -0.260367 -0.113961 -0.307537
v -0.247953 -0.132050 -0.292846
v -0.246655 -0.146675 -0.296694
v -0.277670 -0.117227 -0.347615
v -0.306852 -0.142395 -0.366348
v -0.288392 -0.131994 -0.180373
v -0.271003 -0.123598 -0.178588
v -0.243839 -0.102908 -0.212075
v -0.298409 -0.139112 -0.181962
v -0.303748 -0.163023 -0.182445
v -0.312015 -0.156020 -0.190134
v -0.307866 -0.139659 -0.183743
v -0.246089 -0.135377 -0.208419
v -0.237812 -0.113501 -0.236526
v -0.269502 -0.191206 -0.427508
v -0.250162 -0.208631 -0.400641
v -0.270751 -0.197313 -0.453499
v -0.255916 -0.197629 -0.445122
v -0.259933 -0.215369 -0.473659
v -0.229358 -0.220101 -0.483424
v -0.235003 -0.212879 -0.474801
v -0.248369 -0.210786 -0.469223
v -0.263823 -0.227106 -0.483655
v -0.234485 -0.225088 -0.494246
v -0.244661 -0.230324 -0.496736
v -0.255272 -0.231255 -0.493172
v 0.270024 0.315144 -0.149582
v 0.287186 0.304365 -0.139107
v 0.264677 0.301146 -0.109829
v 0.271040 0.327758 -0.127173
v 0.290662 0.318983 -0.115790
v 0.316540 0.309867 -0.104763
v 0.295667 0.314154 -0.127875
v 0.322696 0.352344 -0.109573
v 0.317464 0.338785 -0.103783
v 0.296426 0.345967 -0.104008
v 0.304202 0.336314 -0.119747
v 0.297522 0.350244 -0.117429
v 0.286752 0.343034 -0.101718
v 0.314313 0.343600 -0.090646
v 0.290649 0.324696 -0.074292
v 0.278177 0.335178 -0.072587
v 0.294375 0.336167 -0.062853
v 0.250259 0.275940 -0.084586
v 0.280437 0.248365 -0.070384
v 0.304300 0.241730 -0.066807
v 0.352901 0.285424 -0.112681
v 0.330143 0.243261 -0.042735
v 0.309313 0.245804 -0.001178
v 0.370298 0.295235 -0.103077
v 0.350231 0.292743 -0.044770
v 0.322043 0.301532 -0.032779
v 0.301390 0.260535 -0.005007
v 0.347470 0.317841 -0.100430
v 0.366863 0.317907 -0.088812
v 0.399207 0.323242 -0.138878
v 0.399875 0.340336 -0.134912
v 0.372152 0.324246 -0.133997
v 0.396967 0.336155 -0.168538
v 0.381157 0.341635 -0.136635
v 0.368542 0.322098 -0.130127
v 0.381308 0.333442 -0.149515
v 0.380473 0.333141 -0.149202
v 0.402381 0.352778 -0.160173
v 0.394129 0.344076 -0.170718
v 0.409204 0.346446 -0.164645
v 0.396648 0.345149 -0.170676
v 0.260988 0.309130 -0.056385
v 0.276380 0.310688 -0.079387
v 0.272576 0.306538 -0.099047
v 0.342590 0.313570 -0.089267
v 0.323635 0.314771 -0.116146
v 0.349810 0.310576 -0.103050
v 0.351800 0.345924 -0.095308
v 0.345620 0.342404 -0.085363
v 0.327188 0.335353 -0.096774
v 0.330169 0.350522 -0.105987
v 0.331375 0.326852 -0.068604
v 0.314848 0.343045 -0.086406
v 0.337810 0.336907 -0.066388
v 0.305677 0.333982 -0.057561
v 0.320685 0.332414 -0.049568
v 0.333503 0.298328 -0.133207
v 0.349914 0.305795 -0.123495
v 0.315684 0.310325 -0.140698
v 0.295380 0.350932 -0.118577
v 0.321583 0.363196 -0.116799
v 0.323763 0.352600 -0.108736
v 0.314192 0.343609 -0.090455
v 0.289050 0.344999 -0.105155
v 0.291474 0.343156 -0.058764
v 0.277628 0.337189 -0.079308
v 0.276809 0.342591 -0.067520
v 0.295152 0.334179 -0.061167
v 0.324187 0.313993 -0.117291
v 0.328720 0.351925 -0.107075
v 0.353053 0.357022 -0.099717
v 0.351952 0.346098 -0.095144
v 0.310558 0.346256 -0.060386
v 0.339235 0.337828 -0.073000
v 0.318984 0.343429 -0.087022
v 0.321907 0.332228 -0.048637
v 0.305999 0.335482 -0.058805
v 0.351327 0.310013 -0.102573
v 0.301603 0.363294 -0.185764
v 0.305126 0.331027 -0.160059
v 0.290335 0.343960 -0.193549
v 0.304573 0.330817 -0.182363
v 0.305378 0.330834 -0.160274
v 0.323178 0.351759 -0.196974
v 0.293963 0.313938 -0.130233
v 0.328975 0.359559 -0.213982
v 0.313925 0.365873 -0.220762
v 0.321762 0.364092 -0.194498
v 0.324289 0.352467 -0.198945
v 0.325743 0.361329 -0.216610
v 0.234692 0.297506 -0.093537
v 0.240704 0.287402 -0.060118
v 0.243960 0.303275 -0.115119
v 0.255679 0.320256 -0.090776
v 0.263101 0.303418 -0.107827
v 0.245062 0.306974 -0.125252
v 0.232825 0.318608 -0.129571
v 0.234683 0.336867 -0.113548
v 0.248529 0.316502 -0.143284
v 0.256438 0.350012 -0.128414
v 0.262169 0.314561 -0.125494
v 0.249027 0.316061 -0.139721
v 0.243406 0.332502 -0.161478
v 0.256018 0.334268 -0.158994
v 0.246093 0.348112 -0.158797
v 0.233693 0.339689 -0.162137
v 0.248916 0.274909 -0.079317
v 0.255130 0.286152 -0.098849
v 0.245670 0.291368 -0.098185
v 0.259631 0.304340 -0.057000
v 0.276380 0.310688 -0.079387
v 0.272739 0.307159 -0.098245
v 0.248618 0.286339 -0.105099
v 0.257212 0.269761 -0.040338
v 0.246485 0.277781 -0.071804
v 0.243138 0.292963 -0.058776
v 0.261477 0.237991 -0.048455
v 0.350425 0.318393 -0.103375
v 0.323810 0.303438 -0.038275
v 0.298686 -0.069587 0.000575
v 0.273153 -0.058569 0.047229
v 0.240330 0.053556 0.031273
v 0.218418 -0.035535 0.026487
v 0.288879 -0.074340 0.034497
v 0.204947 -0.120963 0.053992
v 0.208861 -0.193872 0.085465
v 0.207776 -0.237389 0.094810
v 0.202251 -0.205009 0.091668
v 0.272235 -0.138240 0.075610
v 0.244712 -0.233191 0.088022
v 0.294079 -0.193212 0.031787
v 0.302690 -0.133106 0.023963
v 0.220341 -0.257329 0.083946
v 0.290269 -0.147026 -0.008567
v 0.193748 -0.206192 0.095598
v 0.265966 -0.173291 -0.022215
v 0.247169 -0.162151 -0.030868
v 0.219524 -0.171021 -0.030573
v 0.188346 -0.115961 -0.026880
v 0.201501 -0.183517 -0.015956
v 0.269878 -0.064166 -0.041269
v 0.199074 -0.052481 -0.034734
v 0.184595 -0.047977 0.012935
v 0.222469 -0.001934 -0.032987
v 0.204234 -0.009865 -0.003560
v 0.218690 -0.040916 0.026443
v 0.212357 0.011236 0.016822
v 0.212357 0.011236 0.016822
v 0.278372 0.034317 -0.077315
v 0.234379 0.076163 -0.068346
v 0.215498 0.110410 -0.037307
v 0.318721 0.067746 -0.046447
v 0.329401 0.100108 -0.012875
v 0.315919 0.101472 0.016465
v 0.205467 -0.123323 0.054109
v 0.208691 -0.193581 0.084789
v 0.199913 -0.202994 0.099116
v 0.171353 -0.118135 0.019681
v 0.191240 -0.181682 0.070300
v 0.197503 -0.186746 0.041794
v 0.178855 -0.180567 0.091725
v 0.237657 -0.240282 -0.046397
v 0.188785 -0.177242 -0.022718
v 0.261193 -0.264537 -0.016788
v 0.230183 -0.277256 -0.030189
v 0.185726 -0.276897 -0.039501
v 0.151524 -0.190993 -0.026803
v 0.158961 -0.231360 -0.040237
v 0.162845 -0.135164 0.027614
v 0.156061 -0.093023 0.108907
v 0.095244 -0.057396 0.151204
v 0.100381 -0.069546 0.186834
v 0.077143 -0.057052 0.237388
v 0.038941 -0.007268 0.272765
v 0.035270 0.020315 0.311286
v -0.001666 0.048399 0.335410
v -0.001920 -0.026840 0.275013
v 0.051468 0.080561 0.353498
v 0.123099 0.036498 0.383674
v 0.136130 -0.025345 0.366237
v 0.137570 -0.001045 0.397774
v 0.124315 0.054583 0.424359
v 0.136333 0.030445 0.439513
v 0.063190 0.086932 0.415523
v -0.000881 0.119952 0.394042
v 0.000685 0.122831 0.422261
v 0.004721 0.076551 0.461829
v 0.037889 0.088665 0.443416
v 0.023490 0.068499 0.465159
v 0.016737 0.044423 0.482305
v 0.000980 0.042453 0.479751
v -0.001628 -0.202623 -0.076228
v 0.028573 -0.203099 -0.078747
v -0.001867 -0.264937 -0.012514
v 0.066724 -0.216203 -0.053550
v 0.068939 -0.177545 -0.050958
v 0.140666 -0.254553 -0.035620
v 0.104468 -0.278640 -0.010495
v 0.119710 -0.144477 0.013572
v 0.113659 -0.110679 0.035756
v 0.045456 -0.067642 0.096994
v -0.001714 -0.085342 0.067966
v -0.002114 -0.107836 0.049407
v -0.001432 -0.112760 0.009000
v -0.000881 -0.094593 -0.018570
v 0.026626 -0.112298 -0.030852
v 0.043893 -0.124256 0.012402
v 0.065575 -0.153633 -0.029888
v 0.056325 -0.184118 -0.077476
v 0.057132 -0.151855 -0.063754
v -0.002013 -0.295945 0.082121
v 0.018400 -0.298873 0.080386
v 0.057278 -0.284451 0.192420
v 0.132549 -0.293630 0.145303
v 0.127822 -0.310354 0.090417
v 0.151365 -0.238754 0.212391
v 0.208109 -0.238532 0.094350
v 0.193948 -0.206090 0.095672
v 0.187899 -0.198485 0.114151
v 0.185429 -0.235631 0.139422
v 0.220246 -0.258570 0.075717
v 0.171834 -0.199775 0.174075
v 0.157596 -0.192727 0.211414
v 0.145082 -0.173416 0.242731
v 0.137029 -0.112682 0.292864
v 0.100941 -0.170819 0.294886
v 0.104552 -0.118447 0.356623
v 0.050232 -0.140825 0.361433
v 0.049820 -0.184106 0.298819
v -0.001705 -0.137217 0.381765
v 0.096712 -0.065845 0.457020
v 0.126755 -0.001944 0.469384
v 0.050838 -0.083732 0.464097
v 0.083941 -0.019614 0.492039
v -0.001595 -0.072982 0.466607
v -0.001671 -0.010856 0.486072
v 0.054115 -0.007218 0.496627
v 0.001157 0.041976 0.478594
v 0.014978 0.044238 0.483913
v 0.139117 0.012496 0.412018
v 0.136333 0.030445 0.439513
v 0.133968 -0.025888 0.366641
v 0.187343 -0.198460 0.114296
v 0.152376 -0.113185 0.150822
v 0.158985 -0.192769 0.211142
v 0.127001 -0.111737 0.242777
v 0.172248 -0.199820 0.173358
v 0.146564 -0.176204 0.239105
v 0.113229 -0.028566 0.310946
v 0.138261 -0.116553 0.288431
v 0.178254 -0.178980 0.090672
v 0.188508 -0.207262 0.095615
v 0.198515 -0.184817 0.038854
v -0.001671 -0.204593 -0.077858
v 0.057496 -0.176967 -0.074671
v 0.056879 -0.151008 -0.063187
v 0.049693 -0.113498 -0.090733
v 0.061137 -0.119142 -0.149124
v 0.055100 -0.105892 -0.126954
v 0.059656 -0.099476 -0.085865
v 0.078649 -0.104165 -0.146291
v 0.021057 -0.041078 -0.033640
v -0.001721 -0.037156 -0.028848
v 0.082621 -0.080124 -0.206920
v 0.074003 -0.079844 -0.255318
v 0.045934 -0.060606 -0.275635
v 0.038466 -0.124498 -0.280389
v 0.065259 -0.143265 -0.231407
v 0.035716 -0.172327 -0.227061
v 0.046161 -0.157489 -0.156693
v 0.025028 -0.172800 -0.140332
v 0.075879 -0.113180 -0.180892
v -0.001790 -0.144116 -0.279920
v -0.001697 -0.178179 -0.222672
v -0.001710 -0.173869 -0.148523
v -0.001677 -0.065204 -0.289681
v 0.446888 0.221783 0.345215
v 0.437285 0.209763 0.289150
v 0.464753 0.227627 0.375541
v 0.444674 0.211638 0.286967
v 0.411435 0.246733 0.348938
v 0.496090 0.186606 0.354084
v 0.473629 0.144777 0.365651
v 0.462485 0.276077 0.302133
v 0.484731 0.182221 0.308348
v 0.446737 0.211341 0.283994
v 0.477751 0.257758 0.354894
v 0.444190 0.288966 0.342214
v 0.373041 0.285071 0.378880
v 0.434777 0.184445 0.366096
v 0.403480 0.170858 0.315387
v 0.386839 0.208956 0.295050
v 0.388585 0.209285 0.298406
v 0.228430 0.329699 0.353034
v 0.276415 0.244305 0.316773
v 0.234907 0.337698 0.384557
v 0.221466 0.314231 0.417300
v 0.145807 0.377656 0.397898
v 0.089989 0.432604 0.402831
v 0.111901 0.347586 0.441140
v 0.370615 0.250861 0.421221
v 0.305450 0.235732 0.432844
v 0.312413 0.192044 0.417419
v 0.206336 0.241085 0.391616
v 0.205764 0.250195 0.361670
v 0.268455 0.248718 0.320969
v 0.142291 0.306836 0.427046
v 0.088056 0.301642 0.402310
v 0.118960 0.325743 0.363253
v 0.199486 0.286149 0.350083
v 0.013646 0.329480 0.397318
v 0.072320 0.351424 0.362042
v 0.026256 0.375038 0.379020
v 0.017102 0.329679 0.434125
v 0.076761 0.425009 0.430564
v 0.134943 0.372139 0.364985
v 0.080419 0.370030 0.359857
v 0.118650 0.326259 0.363540
v 0.053325 0.362723 0.368804
v 0.240758 0.266014 0.337060
v 0.083547 0.432288 0.383267
v 0.058258 0.407567 0.443951
v 0.025802 0.374214 0.378267
v 0.037073 0.375266 0.448465
v 0.405795 0.231569 0.308445
v 0.280146 0.142404 0.329618
v 0.243806 0.192398 0.404485
v 0.373982 0.205711 0.398221
v 0.425795 0.149924 0.396545
v 0.420292 0.108524 0.345334
v 0.456789 0.132333 0.322553
v 0.381591 0.088856 0.319798
v 0.308557 0.029968 0.413323
v 0.268362 0.021778 0.378944
v 0.164245 0.026462 0.418400
v 0.226806 0.069070 0.345626
v 0.094114 0.062864 0.432354
v 0.080274 0.072307 0.451262
v 0.034677 0.087872 0.446845
v 0.058517 0.084133 0.418409
v 0.083090 0.083716 0.414431
v 0.134869 0.041529 0.470143
v 0.036975 0.059041 0.486598
v 0.019219 0.042628 0.481431
v 0.121546 0.055335 0.423755
v 0.124437 0.085265 0.423693
v 0.193166 0.098396 0.367478
v 0.243597 0.116279 0.342128
v 0.311931 0.077905 0.322658
v 0.411495 0.163475 0.300177
v 0.280050 0.142500 0.329338
v 0.405104 0.205056 0.299074
v 0.036003 0.058957 0.487321
v 0.013189 0.043822 0.485420
v 0.082929 0.067501 0.486343
v 0.087676 0.082134 0.446582
v 0.063089 0.025117 0.512395
v 0.050389 -0.006707 0.498296
v 0.082884 -0.021600 0.493770
v 0.148418 0.074490 0.503682
v 0.125862 -0.003067 0.470601
v 0.182446 0.128394 0.490289
v 0.136333 0.030445 0.439513
v 0.217882 0.032952 0.484180
v 0.123846 0.100920 0.435065
v 0.274887 0.108575 0.479189
v 0.199116 0.167069 0.451191
v 0.220572 0.153742 0.358113
v 0.193166 0.098396 0.367478
v 0.243597 0.116279 0.342128
v 0.076748 0.616718 0.408604
v 0.040118 0.630332 0.377805
v 0.067590 0.600367 0.366073
v 0.060469 0.572503 0.451847
v 0.048003 0.627567 0.416527
v 0.031663 0.550673 0.469501
v 0.069511 0.525005 0.422389
v 0.034184 0.522526 0.470351
v 0.080799 0.426963 0.432330
v 0.092246 0.433742 0.404416
v -0.027451 0.388312 0.468472
v 0.058258 0.407567 0.443951
v 0.058217 0.514766 0.378386
v 0.031592 0.544208 0.349515
v 0.024630 0.604353 0.356437
v 0.002260 0.540519 0.359014
v -0.012280 0.457522 0.403827
v 0.043090 0.470770 0.373779
v 0.025802 0.374214 0.378267
v 0.081308 0.431736 0.383948
v -0.017514 0.375238 0.385135
v 0.041758 0.605976 0.440581
v 0.031369 0.614866 0.366289
v 0.040741 0.628940 0.382789
v 0.047689 0.627218 0.414343
v 0.020224 0.591489 0.356532
v 0.006120 0.554663 0.355801
v 0.029281 0.544873 0.468559
v 0.037628 0.575041 0.458148
v 0.001021 0.531644 0.361684
v 0.002050 0.466223 0.467512
v -0.025517 0.391648 0.466568
v -0.010563 0.469031 0.398779
v -0.049371 0.347772 0.427843
v -0.041528 0.358972 0.453097
v -0.049705 0.354942 0.398925
v -0.038807 0.390263 0.392889
v -0.022277 0.426987 0.402674
v -0.001757 0.024404 -0.192903
v 0.036224 0.010882 -0.214290
v -0.001540 0.002916 -0.248141
v -0.001663 0.012705 -0.133035
v -0.001373 0.014453 -0.107887
v 0.019238 -0.091383 -0.053374
v 0.034147 -0.116862 -0.035999
v 0.025033 -0.204029 -0.079383
v -0.001596 -0.086404 -0.045674
v -0.002191 -0.100154 -0.020652
v -0.001696 -0.049311 0.234938
v -0.051881 0.344214 0.428089
v -0.042638 0.357715 0.457955
v -0.051958 0.352081 0.397357
v -0.020388 0.376831 0.380554
v -0.038807 0.390263 0.392889
v 0.010879 0.319826 0.405267
v 0.020454 0.333961 0.442385
v 0.025802 0.374214 0.378267
v 0.038087 0.375841 0.451501
v 0.256285 -0.253416 0.043532
v 0.225564 -0.285055 0.043256
v 0.279462 -0.221084 0.020156
v 0.280189 -0.192136 -0.001885
v 0.221983 -0.280591 0.046947
v 0.224064 -0.282250 0.039945
v 0.167295 -0.300264 0.027513
v 0.112076 -0.305696 0.044006
v 0.071509 -0.300345 0.057427
v 0.035797 -0.299105 0.063351
v -0.002122 -0.175714 0.283112
v -0.001515 -0.273224 0.182808
v 0.114214 -0.254733 0.225746
v 0.387760 0.196700 0.303788
v 0.306093 0.054559 0.447930
v 0.205677 0.008572 0.458281
v -0.039558 0.390613 0.391156
v 0.321176 0.235545 -0.013297
v -0.185752 -0.244739 -0.511033
v -0.190742 -0.248468 -0.474132
v -0.195336 -0.225265 -0.473990
v -0.183474 -0.224674 -0.493519
v -0.210279 -0.228940 -0.495405
v -0.209337 -0.235747 -0.506475
v -0.239594 -0.239320 -0.498860
v -0.242192 -0.216916 -0.535775
v -0.241276 -0.221871 -0.521324
v -0.224101 -0.204804 -0.518076
v -0.219211 -0.227895 -0.527261
v -0.218657 -0.211747 -0.529581
v -0.216007 -0.208064 -0.509489
v -0.244883 -0.213281 -0.514358
v -0.233612 -0.213483 -0.481840
v -0.225263 -0.199431 -0.480788
v -0.244127 -0.200609 -0.481746
v -0.252431 -0.251977 -0.425592
v -0.279814 -0.277777 -0.503838
v -0.285372 -0.247423 -0.431032
v -0.198987 -0.215891 -0.441025
v -0.296816 -0.225351 -0.409984
v -0.283357 -0.235986 -0.401571
v -0.298623 -0.213583 -0.418978
v -0.284310 -0.176214 -0.413856
v -0.303537 -0.227555 -0.452099
v -0.267266 -0.188388 -0.419792
v -0.288697 -0.196582 -0.454708
v -0.269042 -0.176551 -0.417444
v -0.268229 -0.243872 -0.498104
v -0.291304 -0.253112 -0.501083
v -0.289400 -0.258306 -0.534900
v -0.294160 -0.243673 -0.539373
v -0.273682 -0.242296 -0.535172
v -0.291181 -0.235502 -0.529634
v -0.295455 -0.235373 -0.488231
v -0.275694 -0.252868 -0.523376
v -0.269515 -0.242245 -0.536349
v -0.277296 -0.231499 -0.513550
v -0.276633 -0.231649 -0.514200
v -0.283930 -0.218262 -0.489477
v -0.282805 -0.218474 -0.490595
v -0.297720 -0.224146 -0.487161
v -0.300703 -0.219367 -0.492047
v -0.225640 -0.181392 -0.457305
v -0.221720 -0.204942 -0.472511
v -0.205852 -0.219874 -0.476274
v -0.268128 -0.244321 -0.499647
v -0.239218 -0.246117 -0.510065
v -0.273273 -0.223010 -0.529418
v -0.271208 -0.229148 -0.516371
v -0.255962 -0.214060 -0.515235
v -0.250667 -0.215889 -0.529820
v -0.250842 -0.230342 -0.524992
v -0.247232 -0.214407 -0.504972
v -0.278190 -0.223460 -0.498787
v -0.253992 -0.213581 -0.473859
v -0.271806 -0.218199 -0.472868
v -0.226049 -0.267818 -0.513361
v -0.245192 -0.264838 -0.520767
v -0.201033 -0.259995 -0.504445
v -0.211615 -0.256945 -0.518872
v -0.214509 -0.210411 -0.528976
v -0.233623 -0.222307 -0.543467
v -0.241602 -0.216567 -0.535169
v -0.238235 -0.205694 -0.537180
v -0.244836 -0.213133 -0.514175
v -0.216056 -0.208700 -0.514011
v -0.244664 -0.192031 -0.481397
v -0.221092 -0.200318 -0.486373
v -0.227657 -0.190598 -0.480727
v -0.245582 -0.201857 -0.479818
v -0.237022 -0.245871 -0.511182
v -0.250437 -0.215404 -0.529953
v -0.275244 -0.222879 -0.530339
v -0.274669 -0.212072 -0.528072
v -0.257855 -0.203979 -0.482967
v -0.274354 -0.222599 -0.503731
v -0.250484 -0.215259 -0.507404
v -0.272189 -0.217432 -0.473671
v -0.253756 -0.212558 -0.475532
v -0.267238 -0.252037 -0.510148
v -0.265376 -0.253776 -0.518363
v -0.182696 -0.200506 -0.529155
v -0.211827 -0.192562 -0.517021
v -0.205665 -0.202762 -0.531536
v -0.192189 -0.201131 -0.509487
v -0.188641 -0.178721 -0.504952
v -0.197915 -0.203158 -0.539597
v -0.210418 -0.203366 -0.533221
v -0.206084 -0.234593 -0.507731
v -0.213560 -0.160217 -0.491400
v -0.214436 -0.182387 -0.502098
v -0.202339 -0.167558 -0.480707
v -0.213441 -0.193262 -0.495728
v -0.216978 -0.179857 -0.503502
v -0.218583 -0.166871 -0.486075
v -0.215712 -0.166432 -0.485043
v -0.176359 -0.212526 -0.481142
v -0.173642 -0.196124 -0.461618
v -0.183332 -0.216057 -0.461816
v -0.192635 -0.193891 -0.475957
v -0.193945 -0.208300 -0.486698
v -0.193376 -0.222113 -0.474814
v -0.178084 -0.210352 -0.480129
v -0.170734 -0.190835 -0.490698
v -0.183053 -0.201791 -0.495103
v -0.184108 -0.200212 -0.496209
v -0.179073 -0.176711 -0.469849
v -0.210917 -0.184639 -0.479284
v -0.203269 -0.169883 -0.512486
v -0.206851 -0.159204 -0.507086
v -0.205637 -0.157911 -0.493572
v -0.194895 -0.161632 -0.509082
v -0.200499 -0.175729 -0.513876
v -0.199142 -0.213649 -0.434033
v -0.192761 -0.223260 -0.456816
v -0.205129 -0.193798 -0.429847
v -0.224003 -0.185100 -0.453032
v -0.222951 -0.201959 -0.473747
v -0.207674 -0.217138 -0.477029
v -0.183123 -0.223715 -0.461370
v -0.209791 -0.184487 -0.436510
v -0.204291 -0.203085 -0.432042
v -0.249493 -0.233160 -0.405127
v -0.274988 -0.237294 -0.387725
v -0.259207 -0.227659 -0.378241
v -0.265842 -0.249722 -0.511017
v -0.287521 -0.198928 -0.457234
v -0.318519 -0.115564 -0.118388
v -0.305830 -0.054893 -0.180945
v -0.239394 -0.114508 -0.156021
v -0.251159 -0.090610 -0.184045
v -0.277732 -0.088665 -0.104554
v -0.214414 -0.135784 -0.096014
v -0.209465 -0.161117 -0.029518
v -0.210918 -0.185097 0.045368
v -0.204937 -0.213536 0.078282
v -0.203973 -0.192513 0.067508
v -0.241958 -0.106788 -0.041086
v -0.262245 -0.107643 -0.029762
v -0.289008 -0.154517 0.000889
v -0.302798 -0.127271 -0.044034
v -0.307227 -0.162415 -0.046562
v -0.217082 -0.222900 0.065558
v -0.195284 -0.193330 0.078386
v -0.291422 -0.193845 -0.036130
v -0.280683 -0.204533 -0.054318
v -0.258264 -0.220804 -0.054714
v -0.233690 -0.227164 -0.037913
v -0.251097 -0.186416 -0.158343
v -0.313702 -0.159782 -0.126083
v -0.290158 -0.168518 -0.169171
v -0.229069 -0.138500 -0.166504
v -0.241407 -0.115458 -0.156477
v -0.252601 -0.093160 -0.184243
v -0.345702 -0.151667 -0.221288
v -0.243959 -0.156333 -0.238671
v -0.271175 -0.204872 -0.318926
v -0.362877 -0.125352 -0.215330
v -0.351201 -0.120681 -0.283917
v -0.330791 -0.104880 -0.313664
v -0.302525 -0.089980 -0.314797
v -0.212434 -0.193097 0.036832
v -0.212587 -0.134565 -0.094316
v -0.204335 -0.186130 0.035310
v -0.195372 -0.176893 -0.105537
v -0.214644 -0.201400 -0.106419
v -0.188994 -0.168909 0.084935
v -0.189295 -0.182281 0.083529
v -0.198938 -0.187219 0.082184
v -0.277260 -0.231757 0.010978
v -0.232252 -0.229861 -0.009512
v -0.223084 -0.204387 -0.011032
v -0.251987 -0.230490 0.003523
v -0.175422 -0.157210 -0.017183
v -0.182288 -0.219005 -0.024833
v -0.187365 -0.258293 -0.009798
v -0.145209 -0.100796 0.050604
v -0.154140 -0.087550 0.123807
v -0.092174 -0.055876 0.149678
v -0.104432 -0.069904 0.186538
v -0.079809 -0.060538 0.239240
v -0.031801 0.021530 0.311162
v -0.001402 0.048522 0.333931
v -0.001543 -0.026486 0.275373
v -0.052425 0.079778 0.358750
v -0.127706 0.038012 0.384441
v -0.139824 -0.024067 0.366150
v -0.141551 0.002772 0.400861
v -0.132136 0.058682 0.425955
v -0.147582 0.033374 0.437909
v -0.063506 0.086934 0.422063
v -0.001840 0.119337 0.393138
v -0.000334 0.122687 0.421578
v 0.004944 0.085257 0.453705
v -0.028869 0.086110 0.447645
v -0.015245 0.067116 0.466633
v -0.014563 0.043871 0.483110
v 0.000892 0.042194 0.479452
v -0.001714 -0.202614 -0.076226
v -0.022240 -0.205152 -0.079033
v -0.064269 -0.275272 -0.014493
v -0.001900 -0.266864 -0.007535
v -0.061001 -0.217858 -0.057951
v -0.045819 -0.194721 -0.076469
v -0.154206 -0.242627 -0.021193
v -0.070766 -0.180426 -0.053524
v -0.152336 -0.182501 -0.023516
v -0.097569 -0.168478 -0.030911
v -0.001681 -0.078180 0.080494
v -0.124054 -0.124221 0.020817
v -0.001025 -0.104355 0.052202
v -0.089550 -0.125144 0.024598
v -0.037689 -0.117841 0.023880
v -0.001948 -0.112744 0.008969
v -0.002514 -0.094608 -0.018582
v -0.030320 -0.112299 -0.031060
v -0.061819 -0.159232 -0.068009
v -0.060942 -0.144215 -0.029227
v -0.001387 -0.295962 0.082115
v -0.021928 -0.298235 0.080473
v -0.064282 -0.287953 0.184380
v -0.121995 -0.267907 0.211733
v -0.113125 -0.305646 0.101555
v -0.154814 -0.272395 0.137584
v -0.176361 -0.277212 0.040317
v -0.202934 -0.211947 0.077642
v -0.196790 -0.192776 0.079212
v -0.188724 -0.189766 0.100684
v -0.160697 -0.223180 0.215477
v -0.174866 -0.197626 0.167504
v -0.161590 -0.193240 0.209443
v -0.148725 -0.173235 0.241453
v -0.130943 -0.136886 0.299559
v -0.141312 -0.112339 0.291597
v -0.102480 -0.172773 0.292838
v -0.110912 -0.115439 0.359880
v -0.054438 -0.139889 0.363712
v -0.052092 -0.189000 0.288024
v -0.001656 -0.137694 0.381457
v -0.140628 0.010663 0.455908
v -0.121040 -0.009545 0.478007
v -0.074604 -0.079659 0.463736
v -0.088645 -0.017718 0.490235
v -0.001819 -0.072573 0.466860
v -0.001586 -0.007002 0.486250
v -0.057250 -0.005971 0.495328
v -0.013270 0.043381 0.485003
v 0.000974 0.042573 0.479719
v -0.147509 0.003122 0.400667
v -0.147582 0.033374 0.437909
v -0.139824 -0.024067 0.366150
v -0.189035 -0.189165 0.102894
v -0.181610 -0.172528 0.081203
v -0.157920 -0.111872 0.144856
v -0.132000 -0.116930 0.245170
v -0.163287 -0.193235 0.209021
v -0.174861 -0.197659 0.166976
v -0.130408 -0.048772 0.314126
v -0.141997 -0.122269 0.281614
v -0.149375 -0.175656 0.238484
v -0.194387 -0.175361 0.066657
v -0.189812 -0.181594 0.083976
v -0.195284 -0.193330 0.078386
v -0.211343 -0.196230 0.014571
v -0.029824 -0.200714 -0.077351
v -0.001682 -0.204581 -0.077860
v -0.060324 -0.177918 -0.074568
v -0.060065 -0.151764 -0.063454
v -0.053150 -0.113497 -0.090828
v -0.064551 -0.119127 -0.149142
v -0.058503 -0.105892 -0.126951
v -0.063070 -0.099498 -0.085887
v -0.024461 -0.041079 -0.033639
v -0.001683 -0.037156 -0.028846
v -0.082050 -0.104163 -0.146289
v -0.086022 -0.080121 -0.206916
v -0.077402 -0.079846 -0.255321
v -0.049333 -0.060613 -0.275638
v -0.041864 -0.124501 -0.280389
v -0.068658 -0.143267 -0.231409
v -0.039117 -0.172327 -0.227062
v -0.043665 -0.165809 -0.160335
v -0.079282 -0.113180 -0.180890
v -0.001610 -0.144116 -0.279920
v -0.001704 -0.178178 -0.222685
v -0.001678 -0.173853 -0.148484
v -0.001723 -0.065205 -0.289681
v -0.272162 -0.006927 0.102812
v -0.241343 -0.015263 0.083762
v -0.237350 -0.031456 0.072917
v -0.243593 -0.026375 0.064129
v -0.243993 0.012267 0.095715
v -0.328544 -0.029834 0.100198
v -0.308087 -0.097968 0.118745
v -0.282912 -0.095620 0.073197
v -0.303999 -0.027572 0.018729
v -0.246506 -0.040344 0.055338
v -0.334915 -0.017291 0.040500
v -0.337125 0.077588 0.073239
v -0.241358 -0.024728 0.064838
v -0.235466 -0.028962 0.071111
v -0.318961 -0.013612 0.112025
v -0.325658 0.042818 0.137411
v -0.279081 -0.004515 0.136353
v -0.238863 0.013953 0.129273
v -0.232070 0.034710 0.073334
v -0.234343 0.034299 0.074686
v -0.306358 0.223159 0.035197
v -0.239735 0.150820 0.070569
v -0.336269 0.223686 0.049696
v -0.341879 0.235727 0.089994
v -0.346571 0.320757 0.036355
v -0.369096 0.388165 0.003473
v -0.346071 0.078080 0.127117
v -0.327289 0.138381 0.151622
v -0.290616 0.118913 0.173180
v -0.273314 0.228408 0.128584
v -0.272443 0.278631 0.090334
v -0.243322 0.160011 0.070736
v -0.294815 0.345467 0.106847
v -0.281454 0.328498 0.054148
v -0.269140 0.239790 0.068014
v -0.279868 0.435562 0.082795
v -0.283793 0.379238 0.038197
v -0.298334 0.431748 0.035693
v -0.307939 0.437854 0.106838
v -0.353331 0.367844 0.088791
v -0.340295 0.315735 0.094370
v -0.381138 0.403320 0.028659
v -0.330376 0.350958 0.011434
v -0.300321 0.368259 0.018515
v -0.281876 0.328815 0.054010
v -0.290597 0.401302 0.035840
v -0.258359 0.193423 0.070878
v -0.352499 0.390249 -0.011265
v -0.374973 0.418892 0.052147
v -0.297152 0.431872 0.035858
v -0.352305 0.431971 0.080883
v -0.211867 -0.014168 0.121041
v -0.137758 0.049576 0.256556
v -0.282206 0.016199 0.114721
v -0.274645 0.009872 0.197794
v -0.286657 -0.070752 0.175079
v -0.283896 -0.057350 0.216650
v -0.238683 -0.099722 0.170087
v -0.236006 -0.098004 0.133962
v -0.198766 -0.104471 0.193429
v -0.132398 -0.076499 0.341935
v -0.050796 0.031503 0.421040
v -0.110149 -0.037513 0.282894
v -0.069631 0.035813 0.441087
v -0.023929 0.086739 0.452461
v -0.052938 0.087756 0.428566
v -0.147624 0.045820 0.458658
v -0.130342 -0.000265 0.454643
v -0.015253 0.067038 0.466823
v -0.051721 0.043988 0.418550
v -0.017155 0.042970 0.483103
v -0.079531 0.082529 0.421525
v -0.113434 0.002062 0.266505
v -0.176884 -0.075628 0.175136
v -0.214929 -0.016266 0.111836
v -0.147730 0.002989 0.220680
v -0.025699 0.052547 0.487727
v -0.050823 0.014562 0.507275
v -0.061214 0.046893 0.471297
v -0.108380 -0.010479 0.495094
v -0.125542 0.038393 0.484145
v -0.165904 0.053183 0.465200
v -0.131977 0.056079 0.425702
v -0.136152 0.003518 0.462849
v -0.084753 -0.019201 0.492394
v -0.009894 0.042506 0.487286
v -0.176594 -0.023647 0.426619
v -0.160948 0.069568 0.440788
v -0.107438 0.068804 0.377957
v -0.056438 0.043203 0.414001
v -0.218891 0.050714 0.365049
v -0.241181 -0.003689 0.351935
v -0.195659 0.079926 0.284532
v -0.148350 0.003125 0.220230
v -0.112676 0.003040 0.257028
v -0.484682 0.446705 -0.128266
v -0.440848 0.445074 -0.143628
v -0.460611 0.480459 -0.155775
v -0.484268 0.458079 -0.065323
v -0.489375 0.478083 -0.128650
v -0.474964 0.483205 -0.033260
v -0.435545 0.433401 -0.050412
v -0.459316 0.474000 -0.013564
v -0.384717 0.400212 0.028038
v -0.371532 0.386526 0.003479
v -0.359499 0.499815 0.088785
v -0.374973 0.418892 0.052147
v -0.401497 0.436750 -0.081520
v -0.383815 0.463396 -0.109914
v -0.424520 0.485747 -0.149396
v -0.380379 0.492045 -0.098432
v -0.357565 0.492593 -0.005807
v -0.358888 0.438213 -0.040247
v -0.297152 0.431872 0.035858
v -0.326682 0.407648 0.001183
v -0.291032 0.474841 0.043451
v -0.355840 0.390237 -0.008507
v -0.491793 0.482450 -0.096108
v -0.487474 0.477969 -0.129814
v -0.463557 0.480277 -0.151482
v -0.440133 0.483339 -0.151214
v -0.415349 0.486854 -0.139409
v -0.387965 0.491294 -0.111368
v -0.470671 0.483767 -0.031035
v -0.484208 0.481530 -0.061118
v -0.376477 0.491472 -0.089864
v -0.410151 0.490790 0.031831
v -0.358557 0.498628 0.085759
v -0.361441 0.492999 -0.017756
v -0.296348 0.505026 0.094627
v -0.323952 0.504148 0.102143
v -0.279611 0.502711 0.070366
v -0.300256 0.500012 0.039269
v -0.334847 0.494576 0.017057
v -0.001645 0.024404 -0.192906
v -0.039628 0.010881 -0.214292
v -0.001861 0.002910 -0.248148
v -0.002029 0.014452 -0.107884
v -0.001739 0.012706 -0.133036
v -0.038204 -0.117474 -0.036638
v -0.022634 -0.091390 -0.053387
v -0.001807 -0.086409 -0.045668
v -0.001199 -0.100114 -0.020649
v -0.001744 -0.052882 0.231986
v -0.293589 0.506605 0.097633
v -0.326612 0.505638 0.106419
v -0.276066 0.503930 0.071631
v -0.287922 0.477195 0.039502
v -0.300256 0.500012 0.039269
v -0.278969 0.437033 0.095338
v -0.317508 0.436940 0.108833
v -0.297152 0.431872 0.035858
v -0.355150 0.431597 0.082380
v -0.250732 -0.200203 0.037428
v -0.225463 -0.237607 0.051143
v -0.280643 -0.184291 0.016656
v -0.292008 -0.181356 -0.010212
v -0.214604 -0.220909 0.069334
v -0.223674 -0.237070 0.046850
v -0.197545 -0.261321 0.044967
v -0.107209 -0.301015 0.055218
v -0.039496 -0.298913 0.063748
v -0.001385 -0.176241 0.281933
v -0.001664 -0.272932 0.184870
v -0.189455 -0.081491 0.358259
v -0.299010 0.500552 0.037929
v 0.050784 0.002920 -0.163376
v 0.021753 0.010972 -0.138288
v 0.030569 0.003869 -0.132745
v 0.049984 -0.012276 -0.136148
v 0.062434 -0.018658 -0.153238
v 0.064682 -0.015499 -0.174254
v -0.054181 0.002924 -0.163371
v -0.025156 0.010973 -0.138287
v -0.033968 0.003868 -0.132747
v -0.053387 -0.012276 -0.136148
v -0.065837 -0.018659 -0.153241
v -0.068084 -0.015499 -0.174255
vn 0.3542 0.7086 0.6103
vn 0.9045 0.2683 0.3316
vn 0.8038 0.4402 -0.4003
vn 0.2093 0.2565 0.9436
vn -0.4665 -0.1197 0.8764
vn -0.4918 -0.1306 0.8608
vn 0.5489 -0.5896 0.5924
vn -0.3754 0.6620 -0.6487
vn 0.9007 0.0152 0.4341
vn 0.9918 0.0546 -0.1153
vn 0.9578 0.1152 -0.2632
vn 0.9996 -0.0120 -0.0266
vn -0.1991 0.6987 -0.6871
vn 0.4997 -0.6031 0.6217
vn 0.6445 0.6671 0.3736
vn 0.8791 0.1257 0.4597
vn 0.2712 0.2799 0.9209
vn -0.3632 -0.1508 0.9194
vn -0.3933 -0.1707 0.9034
vn 0.3130 0.8326 -0.4570
vn 0.7861 -0.3102 0.5347
vn -0.4805 0.5186 -0.7072
vn -0.8115 -0.0609 0.5812
vn -0.5225 0.0938 0.8475
vn -0.8010 0.5126 -0.3092
vn -0.2213 0.5783 0.7853
vn 0.4604 -0.1138 0.8804
vn 0.4891 -0.1261 0.8631
vn -0.4843 -0.6109 0.6262
vn 0.3321 0.6620 -0.6720
vn -0.9931 0.1160 -0.0166
vn -0.9009 0.0163 0.4337
vn -0.9212 0.3891 0.0036
vn -0.9620 0.1677 -0.2154
vn 0.2001 0.6981 -0.6875
vn -0.5016 -0.6019 0.6213
vn -0.8830 0.2308 0.4086
vn -0.4614 0.3572 0.8121
vn -0.5039 0.3190 0.8027
vn 0.3637 -0.1714 0.9156
vn 0.3911 -0.1896 0.9006
vn -0.3807 0.4781 -0.7915
vn 0.5070 0.5326 -0.6777
vn -0.8352 -0.2732 0.4773
vn 0.5440 -0.0589 -0.8370
vn 0.8512 0.5163 -0.0944
vn 0.8529 -0.1850 -0.4883
vn 0.1983 0.3189 -0.9268
vn 0.8303 -0.3247 0.4529
vn 0.8491 0.2686 0.4548
vn 0.0117 0.2712 0.9625
vn 0.2116 -0.0875 0.9734
vn 0.5376 0.0707 0.8402
vn 0.3232 -0.1366 -0.9364
vn -0.5584 0.2297 -0.7971
vn -0.7595 0.4035 -0.5102
vn -0.8181 0.3610 -0.4476
vn -0.9190 0.3384 0.2022
vn -0.9937 0.1058 -0.0357
vn -0.9445 0.2474 0.2162
vn -0.0466 0.5642 -0.8243
vn 0.5880 0.0633 -0.8064
vn 0.7583 0.4460 -0.4756
vn -0.6200 0.2217 -0.7526
vn -0.6627 0.7003 -0.2653
vn -0.7039 0.6949 0.1472
vn 0.9797 -0.0744 0.1859
vn 0.9487 0.2908 -0.1240
vn 0.8906 0.1791 0.4181
vn 0.9840 0.0628 -0.1666
vn 0.8950 0.3114 -0.3194
vn 0.7878 -0.1178 -0.6046
vn 0.9662 0.2306 -0.1152
vn 0.9445 0.0634 -0.3223
vn 0.1237 0.0444 -0.9913
vn 0.5615 0.5626 -0.6068
vn 0.6755 -0.0657 -0.7344
vn 0.7991 0.3988 -0.4499
vn 0.3428 0.8840 -0.3178
vn 0.8337 0.4706 -0.2888
vn 0.7905 0.5634 -0.2401
vn 0.3620 0.8967 -0.2547
vn 0.5426 0.8189 0.1872
vn 0.7303 0.6293 0.2656
vn 0.5119 0.4756 0.7154
vn 0.9258 0.2707 0.2639
vn 0.6226 0.7348 -0.2691
vn 0.3644 0.8840 0.2930
vn 0.4713 0.1638 0.8666
vn 0.8156 0.2828 0.5048
vn 0.5318 0.4281 -0.7307
vn -0.1551 0.5588 -0.8147
vn -0.2297 0.1759 -0.9572
vn -0.5744 0.1801 -0.7985
vn 0.2727 0.0808 -0.9587
vn 0.6429 0.0599 -0.7636
vn 0.8885 -0.2811 0.3628
vn 0.8378 0.3921 -0.3799
vn 0.7933 -0.1776 -0.5823
vn 0.2557 -0.8016 0.5404
vn 0.6808 -0.6362 0.3630
vn 0.7263 -0.6715 0.1467
vn 0.5548 -0.8097 -0.1913
vn 0.7338 -0.6038 -0.3114
vn 0.2516 -0.9598 -0.1247
vn -0.8220 -0.5660 -0.0637
vn 0.9638 0.2453 -0.1041
vn 0.9381 0.2951 0.1814
vn -0.5106 0.6830 -0.5223
vn 0.3459 0.8356 -0.4268
vn 0.7165 0.6020 0.3525
vn -0.1719 0.8383 0.5175
vn -0.2108 0.9775 0.0012
vn 0.5883 0.8055 0.0712
vn 0.4679 0.7108 -0.5253
vn -0.3824 0.8211 -0.4237
vn -0.5161 0.5913 -0.6196
vn 0.2585 0.4404 -0.8598
vn 0.7435 -0.1997 0.6382
vn -0.5429 0.4354 -0.7181
vn -0.2574 0.1984 -0.9457
vn 0.6669 0.0899 0.7397
vn -0.0030 0.6940 0.7199
vn 0.1285 0.2399 0.9622
vn 0.4657 0.2975 0.8334
vn 0.1226 0.2548 0.9592
vn 0.0466 0.0088 0.9989
vn 0.6638 -0.3800 0.6441
vn 0.2774 -0.8372 0.4712
vn -0.1072 -0.5289 0.8419
vn -0.1519 -0.9671 -0.2039
vn -0.1475 -0.7942 -0.5894
vn -0.6585 -0.3513 -0.6656
vn -0.4699 -0.1236 -0.8740
vn -0.4182 -0.7266 -0.5451
vn 0.0953 -0.4862 -0.8686
vn -0.0297 -0.9987 0.0403
vn -0.0752 -0.9636 0.2567
vn -0.5000 -0.8616 -0.0872
vn -0.3377 -0.8825 0.3273
vn -0.1118 -0.9918 0.0622
vn 0.0443 -0.9758 -0.2143
vn -0.3238 -0.7528 -0.5731
vn 0.1847 -0.9770 -0.1066
vn -0.5696 -0.8162 -0.0973
vn -0.0465 -0.8095 -0.5853
vn -0.2940 -0.9228 -0.2492
vn -0.2503 -0.9665 0.0560
vn 0.2823 -0.7314 -0.6208
vn 0.1723 -0.9452 0.2775
vn 0.1413 0.9052 0.4008
vn 0.5964 0.8026 -0.0090
vn 0.4497 0.8488 0.2780
vn 0.8140 0.5804 0.0242
vn 0.2358 0.8989 0.3692
vn 0.7599 0.5503 0.3460
vn 0.5367 0.5877 0.6055
vn 0.4700 0.8377 0.2782
vn 0.7962 0.5201 0.3092
vn 0.9255 0.3062 0.2228
vn 0.8899 0.4561 0.0054
vn 0.8939 0.4391 -0.0898
vn 0.7680 0.6140 0.1822
vn 0.8359 0.0121 0.5487
vn 0.0997 0.9759 0.1943
vn 0.1628 0.9713 0.1735
vn 0.3230 0.9440 -0.0672
vn 0.1099 0.9730 -0.2029
vn 0.0038 0.8974 -0.4411
vn -0.0300 0.8635 -0.5035
vn 0.8215 0.4742 -0.3167
vn 0.2184 -0.7202 0.6585
vn 0.5708 0.1465 -0.8079
vn 0.4704 -0.5550 -0.6861
vn 0.4301 0.0404 -0.9019
vn 0.1505 -0.6452 -0.7490
vn 0.6993 -0.4932 -0.5174
vn 0.9205 -0.2135 0.3271
vn 0.7718 0.5490 0.3207
vn 0.7017 0.3800 0.6026
vn 0.5261 -0.3965 0.7523
vn 0.1323 -0.3728 0.9184
vn 0.2117 0.3788 0.9009
vn -0.1689 -0.0230 0.9854
vn -0.3127 0.3387 0.8874
vn -0.3502 -0.2245 0.9094
vn -0.4525 -0.2719 0.8493
vn -0.6286 0.3547 0.6921
vn -0.6176 0.1369 0.7745
vn 0.0197 0.3687 0.9293
vn -0.4021 0.0748 0.9125
vn -0.6537 0.3037 0.6931
vn 0.9287 -0.3705 -0.0134
vn 0.2082 -0.3713 -0.9049
vn -0.9938 -0.1088 -0.0247
vn -0.7563 0.2420 -0.6078
vn -0.7442 -0.5082 -0.4334
vn -0.6256 -0.1009 -0.7736
vn -0.9487 -0.3150 0.0261
vn -0.9249 0.3786 0.0348
vn -0.7718 -0.2141 0.5987
vn -0.6392 -0.1862 0.7461
vn -0.8303 0.3926 0.3957
vn -0.7275 -0.0082 0.6861
vn -0.7863 0.4221 0.4512
vn -0.4990 0.0695 0.8638
vn -0.6920 0.0580 0.7196
vn -0.3102 0.2923 0.9046
vn 0.8719 -0.0787 0.4833
vn 0.8185 0.4016 0.4108
vn -0.3849 0.0196 0.9227
vn -0.8989 0.1430 0.4141
vn -0.6701 0.2229 0.7080
vn -0.3789 0.5690 0.7298
vn -0.8095 0.2292 0.5405
vn -0.4307 0.3895 0.8141
vn -0.5922 0.6203 0.5144
vn -0.2696 0.8668 0.4195
vn -0.2695 0.9542 0.1299
vn 0.1089 0.8771 0.4679
vn -0.1381 0.9901 0.0263
vn -0.1501 0.7669 0.6240
vn -0.1264 0.8952 0.4274
vn -0.4722 0.0258 -0.8811
vn -0.9271 -0.3689 -0.0671
vn -0.9529 0.1192 -0.2790
vn -0.6299 -0.7762 -0.0274
vn -0.7480 0.5841 -0.3152
vn 0.1565 0.8309 -0.5340
vn 0.0849 0.8756 -0.4755
vn 0.6541 0.5906 -0.4726
vn -0.7068 -0.7074 -0.0032
vn 0.1038 -0.8888 0.4464
vn 0.4047 -0.8946 0.1896
vn 0.1169 -0.9357 0.3328
vn 0.9134 -0.3584 0.1928
vn 0.6087 -0.6543 0.4487
vn 0.8840 -0.3698 0.2861
vn -0.0416 -0.9754 0.2166
vn -0.6664 -0.4853 0.5660
vn -0.7914 -0.4672 -0.3943
vn 0.0728 -0.9776 0.1973
vn 0.7739 -0.4772 0.4163
vn 0.7690 -0.5606 -0.3071
vn -0.9608 0.1861 -0.2056
vn -0.9816 -0.0675 0.1785
vn -0.8949 0.1942 0.4019
vn -0.9827 0.0639 -0.1740
vn -0.8277 -0.1677 -0.5355
vn -0.8873 0.3177 -0.3345
vn -0.9632 0.2344 -0.1311
vn -0.9409 0.0668 -0.3321
vn -0.5148 -0.1766 -0.8390
vn -0.5568 0.5692 -0.6049
vn -0.8204 0.0335 -0.5709
vn -0.7329 0.6445 -0.2181
vn -0.2921 0.7802 -0.5532
vn -0.7991 0.5810 -0.1547
vn -0.4676 0.7675 -0.4385
vn 0.0408 0.8784 -0.4762
vn -0.5004 0.8631 0.0689
vn -0.6995 0.6432 0.3113
vn -0.8572 0.2925 0.4239
vn -0.5360 0.5098 0.6729
vn -0.6517 0.7071 -0.2745
vn -0.5738 -0.0130 0.8189
vn -0.3430 0.8628 0.3715
vn -0.5022 0.6758 0.5396
vn -0.1236 -0.7146 -0.6885
vn -0.6698 -0.4536 -0.5879
vn -0.3858 -0.7855 -0.4839
vn 0.4234 -0.8167 -0.3922
vn -0.8568 -0.5120 -0.0617
vn -0.3541 0.7788 0.5177
vn -0.7642 -0.2859 0.5782
vn -0.7591 0.0088 0.6509
vn -0.7905 -0.5862 0.1773
vn -0.5005 -0.7634 0.4082
vn 0.0129 -0.9777 -0.2097
vn 0.2432 -0.9194 -0.3093
vn -0.4798 0.7320 -0.4838
vn -0.9264 0.3577 0.1175
vn -0.8955 0.4390 -0.0729
vn -0.5823 0.5814 -0.5682
vn -0.8885 0.0826 0.4515
vn -0.6825 -0.4873 0.5447
vn -0.6913 0.3592 -0.6270
vn -0.5640 -0.1917 -0.8033
vn -0.2895 0.3551 -0.8889
vn -0.1128 0.1904 -0.9752
vn -0.2960 -0.2658 -0.9175
vn 0.2412 0.4174 -0.8761
vn 0.4951 0.5886 -0.6391
vn 0.2700 -0.1669 -0.9483
vn -0.5462 -0.6644 0.5102
vn 0.4077 0.5200 -0.7506
vn 0.6388 0.1516 -0.7543
vn -0.8216 -0.4286 -0.3759
vn -0.9238 0.2444 -0.2946
vn -0.9765 0.0874 0.1968
vn -0.8139 -0.4586 0.3567
vn -0.8292 0.1572 0.5363
vn -0.8354 -0.2017 0.5113
vn -0.3980 -0.6313 0.6656
vn -0.4648 -0.0611 0.8833
vn -0.1378 -0.4377 0.8885
vn 0.9662 -0.1585 0.2036
vn 0.7938 -0.1375 0.5924
vn 0.8989 0.4380 -0.0123
vn 0.8453 0.2880 -0.4500
vn 0.9611 0.1578 0.2268
vn 0.9131 -0.3405 -0.2241
vn 0.6933 -0.2692 0.6685
vn 0.4383 -0.1150 0.8915
vn 0.7305 0.2630 0.6303
vn 0.3900 0.1665 0.9056
vn 0.3285 -0.9374 0.1157
vn 0.0640 -0.9729 0.2220
vn 0.1182 -0.7945 -0.5957
vn 0.4380 -0.8549 -0.2782
vn 0.2881 -0.8521 -0.4369
vn 0.0712 -0.9974 -0.0134
vn -0.2985 -0.7159 -0.6312
vn -0.3998 -0.8824 0.2481
vn -0.5989 0.8008 -0.0092
vn -0.1368 0.9036 0.4060
vn -0.4685 0.8401 0.2733
vn -0.8515 0.5189 -0.0751
vn -0.1974 0.9509 0.2385
vn -0.5446 0.5809 0.6049
vn -0.7780 0.5391 0.3227
vn -0.3016 0.9064 0.2958
vn -0.7962 0.5201 0.3091
vn -0.9259 0.3061 0.2215
vn -0.8900 0.4559 0.0046
vn -0.8939 0.4391 -0.0898
vn -0.8849 0.4012 0.2365
vn -0.8795 0.1661 0.4461
vn -0.1631 0.9712 0.1735
vn -0.1000 0.9758 0.1943
vn -0.3479 0.9350 -0.0694
vn -0.0421 0.9709 -0.2356
vn -0.0035 0.8975 -0.4410
vn -0.0655 0.9032 -0.4241
vn -0.6360 -0.2800 0.7191
vn -0.6571 -0.5726 0.4902
vn -0.6230 -0.6676 -0.4076
vn -0.7327 -0.6727 -0.1030
vn -0.8937 -0.3010 0.3326
vn 0.9684 0.1064 0.2255
vn 0.0345 0.7342 0.6780
vn -0.9923 -0.0502 -0.1128
vn -0.2019 0.8547 0.4783
vn -0.7065 0.7030 -0.0816
vn 0.0723 0.8885 0.4532
vn 0.2482 0.9570 0.1503
vn -0.5348 0.7477 -0.3937
vn 0.2372 0.8773 -0.4173
vn 0.8066 0.5864 -0.0744
vn 0.7284 0.5992 -0.3323
vn 0.6439 0.7546 -0.1263
vn 0.7598 0.5819 0.2898
vn 0.9921 0.0840 -0.0932
vn 0.9494 0.1433 -0.2795
vn 0.6444 0.7647 0.0035
vn 0.8717 0.4604 -0.1677
vn 0.9943 0.0837 -0.0667
vn -0.7978 0.5775 -0.1728
vn 0.8649 0.4287 -0.2611
vn 0.9058 0.3573 -0.2277
vn 0.8614 0.0115 -0.5078
vn 0.9235 -0.3238 -0.2056
vn 0.9667 -0.2038 -0.1549
vn -0.3227 0.6455 -0.6923
vn -0.3054 0.5677 -0.7645
vn 0.4200 0.7244 -0.5467
vn 0.8303 0.3342 -0.4460
vn -0.1118 -0.3824 -0.9172
vn 0.2553 -0.6819 -0.6855
vn 0.8823 -0.3767 -0.2823
vn -0.4642 -0.6050 -0.6469
vn 0.0977 -0.2568 0.9615
vn 0.4089 -0.8598 0.3059
vn 0.3376 -0.3797 0.8613
vn 0.5846 -0.6519 0.4829
vn 0.7484 0.0201 0.6629
vn 0.8586 0.3822 0.3416
vn 0.9677 -0.2475 0.0475
vn 0.9431 -0.1268 0.3074
vn 0.1363 0.9360 -0.3245
vn 0.1080 0.9785 -0.1757
vn 0.8013 0.5963 -0.0486
vn 0.7322 0.6788 -0.0563
vn 0.4581 0.8843 -0.0904
vn 0.1389 0.7708 -0.6217
vn -0.2490 0.9127 -0.3241
vn -0.4095 0.8188 -0.4023
vn -0.1458 0.8832 -0.4458
vn -0.2011 0.7982 -0.5679
vn -0.8113 -0.2417 -0.5323
vn -0.7883 0.5712 0.2289
vn -0.6173 0.7202 0.3165
vn -0.1111 0.7766 0.6202
vn 0.8550 -0.1744 0.4884
vn 0.0426 0.8842 0.4652
vn 0.7823 -0.1984 0.5904
vn 0.0433 -0.3077 -0.9505
vn -0.5454 0.7896 0.2813
vn -0.6659 -0.6076 -0.4329
vn -0.8141 0.2918 0.5021
vn 0.7881 -0.4877 0.3755
vn 0.8917 0.3582 0.2767
vn -0.3464 0.7911 0.5041
vn -0.0374 -0.9688 0.2451
vn -0.6508 -0.7570 0.0585
vn 0.3122 -0.7184 0.6217
vn 0.4943 -0.5442 -0.6779
vn 0.8286 -0.5590 0.0328
vn 0.1488 -0.8201 -0.5525
vn 0.8341 -0.0693 0.5473
vn 0.7932 0.2082 0.5722
vn 0.6208 0.2329 0.7486
vn 0.6103 -0.6873 -0.3938
vn 0.0190 0.9509 0.3090
vn 0.4043 0.5296 0.7457
vn 0.4251 0.4376 0.7924
vn 0.0600 0.9954 -0.0744
vn -0.4482 0.8919 -0.0601
vn 0.8013 -0.5979 -0.0203
vn -0.4972 0.8587 0.1244
vn -0.8528 0.4366 -0.2866
vn -0.8527 0.4504 -0.2647
vn -0.5428 -0.6047 -0.5828
vn -0.6496 -0.4249 -0.6305
vn 0.0159 -0.5617 -0.8272
vn 0.6636 0.5054 0.5516
vn 0.1504 0.9803 -0.1278
vn -0.4595 0.8148 -0.3535
vn 0.8696 0.1821 -0.4590
vn -0.0047 -0.2333 -0.9724
vn 0.2935 0.8985 0.3263
vn 0.2973 0.9547 -0.0089
vn -0.0763 0.7206 0.6891
vn 0.2506 0.9652 0.0743
vn -0.2902 0.8803 0.3753
vn 0.2738 0.8806 0.3868
vn -0.8457 -0.4387 -0.3039
vn 0.8590 -0.1570 0.4873
vn -0.0380 0.5778 0.8153
vn 0.6450 -0.5449 0.5357
vn -0.9457 -0.3231 0.0361
vn -0.8946 -0.0972 -0.4362
vn 0.3369 -0.9295 0.1502
vn -0.7124 -0.5038 -0.4886
vn 0.7623 -0.5680 0.3103
vn -0.3355 -0.9392 -0.0735
vn -0.0150 -0.9618 0.2735
vn 0.6915 0.0647 -0.7195
vn 0.2387 -0.3114 -0.9198
vn 0.0409 -0.7371 -0.6746
vn 0.1584 0.0578 -0.9857
vn -0.4527 -0.6649 -0.5941
vn -0.5650 -0.7401 -0.3647
vn 0.1103 0.4485 -0.8869
vn -0.3881 0.7367 -0.5537
vn -0.8548 0.1604 0.4935
vn 0.4675 0.8392 -0.2777
vn 0.7244 0.4283 0.5403
vn 0.8483 0.3319 0.4126
vn -0.9011 0.3482 -0.2584
vn 0.0330 0.3837 0.9229
vn -0.9906 0.0876 -0.1046
vn 0.3194 -0.2318 0.9188
vn 0.2377 0.5264 -0.8163
vn -0.1093 0.8201 -0.5616
vn -0.5142 0.7512 0.4139
vn 0.6569 0.7409 -0.1402
vn 0.7496 0.2896 0.5952
vn 0.9451 -0.1381 0.2962
vn -0.9065 0.2920 -0.3050
vn 0.1863 0.6888 0.7006
vn -0.7987 0.4009 0.4487
vn 0.7899 -0.0998 -0.6051
vn 0.6536 0.6717 0.3486
vn -0.3639 0.9008 0.2369
vn 0.9477 -0.1794 0.2640
vn -0.7999 -0.1360 -0.5845
vn 0.9490 0.0713 0.3071
vn 0.3021 -0.8624 -0.4061
vn 0.7211 -0.6901 -0.0606
vn 0.7986 -0.6014 -0.0223
vn -0.1000 0.4651 -0.8796
vn 0.1139 -0.7840 -0.6102
vn 0.5419 0.8397 0.0348
vn 0.8200 0.0795 -0.5668
vn 0.9173 -0.3220 -0.2342
vn 0.2516 0.8906 0.3789
vn 0.4109 -0.7400 -0.5326
vn -0.9428 -0.3153 -0.1082
vn -0.9243 0.2187 0.3128
vn -0.7164 0.5440 0.4368
vn -0.8859 -0.3646 -0.2867
vn -0.5102 -0.7554 -0.4111
vn -0.3827 -0.7413 -0.5514
vn 0.4965 0.8609 0.1110
vn 0.5120 -0.6655 -0.5431
vn 0.2733 -0.3437 -0.8984
vn 0.7261 -0.0714 -0.6839
vn 0.2435 0.6561 -0.7143
vn -0.5798 0.1024 -0.8083
vn -0.5279 -0.7027 -0.4770
vn -0.4327 -0.7149 -0.5492
vn -0.7378 -0.6375 -0.2220
vn -0.3858 0.8205 0.4218
vn 0.3003 0.9471 0.1130
vn -0.2393 0.9645 -0.1116
vn 0.4639 -0.5497 -0.6948
vn -0.8091 -0.0195 0.5873
vn -0.7470 -0.6631 0.0479
vn -0.8348 -0.1214 0.5371
vn -0.3568 0.5314 0.7683
vn -0.7605 -0.0739 0.6451
vn -0.9620 -0.0787 -0.2613
vn -0.8747 0.0024 -0.4847
vn 0.0517 0.9957 -0.0768
vn -0.0402 0.7308 0.6814
vn -0.2936 0.9554 0.0320
vn -0.3653 0.9059 0.2142
vn -0.2904 0.9547 0.0653
vn 0.0398 0.6585 0.7516
vn 0.2307 0.5647 0.7924
vn 0.8568 -0.1434 0.4953
vn 0.9623 -0.1772 -0.2065
vn 0.9576 -0.2841 0.0476
vn 0.3760 0.0209 0.9264
vn 0.2355 0.1709 0.9567
vn -0.2828 0.0678 0.9568
vn -0.3176 0.1511 0.9361
vn 0.8633 0.0626 0.5007
vn -0.1956 0.3486 0.9166
vn 0.0911 0.1979 0.9760
vn 0.4739 0.1710 0.8638
vn 0.2474 0.0038 0.9689
vn 0.4656 0.1748 0.8676
vn 0.5118 -0.3023 0.8042
vn 0.9464 -0.3003 0.1193
vn 0.9951 -0.0483 0.0868
vn 0.7883 -0.1448 -0.5980
vn 0.4828 -0.5779 0.6580
vn 0.3965 0.1554 0.9048
vn -0.3127 -0.1580 -0.9366
vn -0.8485 -0.3038 -0.4333
vn -0.7311 -0.1145 -0.6726
vn 0.2411 -0.0975 -0.9656
vn 0.5534 -0.0765 -0.8294
vn 0.2968 -0.2381 -0.9248
vn 0.3561 -0.3721 -0.8572
vn -0.8127 -0.1101 -0.5721
vn -0.5935 0.1324 -0.7939
vn -0.9793 0.1996 0.0324
vn -0.8843 0.3157 0.3441
vn -0.7427 -0.6464 -0.1748
vn -0.5396 0.3644 0.7590
vn -0.9031 -0.0365 0.4279
vn -0.9694 -0.0829 0.2309
vn -0.8830 -0.0197 0.4689
vn -0.4803 0.0547 0.8754
vn -0.8206 0.0100 0.5715
vn -0.5859 -0.0043 -0.8103
vn 0.2436 -0.1392 -0.9598
vn -0.1136 -0.2649 -0.9576
vn -0.8067 -0.1380 -0.5747
vn -0.9726 0.2262 -0.0536
vn -0.9108 0.2204 -0.3492
vn -0.9030 0.4284 0.0329
vn -0.7461 0.3994 0.5328
vn -0.7794 0.4279 0.4577
vn -0.7453 0.2530 -0.6169
vn -0.0077 0.0619 -0.9981
vn 0.7615 -0.0049 -0.6481
vn 0.9506 -0.2279 -0.2106
vn 0.8754 -0.1593 -0.4563
vn 0.9577 -0.1512 0.2449
vn 0.9961 -0.0528 0.0702
vn 0.6911 0.0262 0.7223
vn 0.6151 0.1693 0.7701
vn 0.2538 0.1335 0.9580
vn -0.1384 0.3322 0.9330
vn 0.6127 -0.0493 0.7888
vn 0.9928 0.0854 0.0836
vn 0.3796 0.6711 0.6369
vn 0.7032 0.3094 0.6401
vn -0.5819 0.3540 0.7322
vn -0.9889 0.0603 0.1360
vn -0.9962 -0.0533 0.0686
vn -0.8301 -0.5528 -0.0728
vn 0.6402 0.7023 0.3114
vn 0.3469 -0.7634 -0.5449
vn 0.3049 -0.0504 -0.9510
vn 0.7911 -0.5396 -0.2882
vn -0.0481 -0.6215 -0.7820
vn 0.3889 0.6417 -0.6610
vn 0.1007 0.2953 -0.9501
vn 0.0944 0.5004 -0.8606
vn 0.0204 0.0666 -0.9976
vn -0.1337 -0.3789 -0.9157
vn 0.0178 -0.9383 -0.3454
vn 0.7901 -0.1625 -0.5910
vn 0.7887 -0.5903 0.1718
vn 0.4641 0.1302 -0.8762
vn 0.7593 0.4027 -0.5111
vn 0.6483 0.6484 -0.3992
vn 0.3335 0.7992 -0.5000
vn 0.5647 0.8205 -0.0885
vn 0.7394 0.6732 0.0052
vn 0.4798 0.8607 0.1701
vn 0.3152 0.9490 -0.0034
vn 0.0596 0.8017 -0.5947
vn 0.3852 0.6878 -0.6153
vn 0.3524 0.8421 -0.4083
vn 0.4858 0.7128 -0.5060
vn 0.0466 0.6769 -0.7346
vn 0.4460 0.6243 -0.6413
vn -0.3470 0.7594 -0.5504
vn -0.1007 0.6188 -0.7790
vn 0.2968 0.7600 -0.5782
vn 0.6670 0.5850 -0.4613
vn 0.8623 0.3986 -0.3122
vn 0.7886 0.5111 -0.3419
vn 0.8954 0.3561 -0.2674
vn 0.9573 0.2465 -0.1511
vn 0.9332 0.2838 -0.2204
vn 0.7944 0.5634 -0.2271
vn 0.9194 0.3312 -0.2123
vn 0.5589 0.8283 -0.0397
vn 0.3713 0.8652 -0.3371
vn 0.4875 0.8514 0.1938
vn 0.1406 0.5908 0.7945
vn 0.2864 0.7372 0.6120
vn 0.0500 0.5755 0.8163
vn -0.1034 0.5620 0.8206
vn -0.2020 0.6048 0.7704
vn -0.0681 -0.7159 -0.6949
vn 0.1129 -0.6341 -0.7650
vn -0.1271 -0.8177 -0.5614
vn -0.2604 -0.9144 -0.3099
vn -0.2867 -0.9100 -0.2996
vn -0.1597 -0.9000 -0.4056
vn 0.6863 0.2956 -0.6646
vn 0.3747 -0.2618 -0.8894
vn -0.1220 -0.7884 -0.6030
vn 0.1263 0.7067 -0.6961
vn -0.0280 0.7981 -0.6019
vn 0.0555 0.9156 -0.3982
vn 0.1487 0.7373 -0.6590
vn 0.0643 0.8252 -0.5612
vn 0.3658 0.9228 0.1212
vn 0.5979 0.7947 0.1043
vn 0.6178 0.6320 0.4679
vn 0.3544 0.9247 -0.1389
vn 0.5605 0.7167 -0.4150
vn 0.7298 -0.1456 -0.6679
vn 0.8681 0.4264 -0.2540
vn 0.3427 -0.8710 0.3519
vn -0.0790 -0.8802 0.4679
vn -0.0966 -0.9870 0.1282
vn 0.0985 -0.9880 0.1193
vn 0.9108 0.3902 0.1346
vn 0.9248 0.2293 0.3034
vn 0.8782 -0.1044 0.4668
vn 0.8760 -0.2184 0.4301
vn 0.4653 -0.8053 0.3673
vn -0.4034 -0.7406 0.5374
vn 0.7268 -0.4535 0.5158
vn 0.9422 0.0348 0.3331
vn 0.2461 -0.7021 0.6682
vn 0.9006 -0.0996 0.4230
vn 0.9898 0.0342 0.1386
vn 0.8508 -0.4035 0.3367
vn 0.9970 0.0489 0.0597
vn 0.8771 -0.3942 0.2746
vn 0.6157 -0.6477 0.4487
vn 0.3820 -0.6283 0.6778
vn 0.8423 -0.3931 0.3689
vn -0.0013 -0.8063 0.5915
vn 0.2657 -0.8111 0.5211
vn 0.0258 -0.8655 0.5002
vn -0.2743 -0.8034 0.5285
vn 0.5740 -0.5942 0.5634
vn 0.8616 -0.3417 0.3754
vn 0.3047 -0.4739 0.8262
vn 0.1238 -0.6618 0.7394
vn -0.0647 -0.5458 0.8354
vn -0.1491 -0.1550 0.9766
vn -0.1384 -0.3341 0.9323
vn -0.2762 -0.0929 0.9566
vn -0.3825 0.1430 0.9128
vn 0.9760 -0.1233 0.1793
vn 0.9595 -0.2412 0.1454
vn 0.9911 -0.0466 0.1246
vn 0.6961 -0.2438 0.6753
vn 0.9244 0.3809 -0.0210
vn 0.9325 0.2860 0.2205
vn 0.9298 0.1184 0.3485
vn 0.9473 0.0826 0.3096
vn 0.8230 0.5331 0.1963
vn 0.8450 0.5251 0.1011
vn 0.6339 -0.3810 0.6730
vn 0.9482 0.2787 0.1523
vn 0.7589 0.4404 -0.4797
vn 0.8403 0.4256 -0.3358
vn 0.7739 0.4823 -0.4103
vn 0.9239 0.3013 -0.2359
vn 0.5989 0.2937 -0.7450
vn 0.9430 0.2135 -0.2553
vn 0.8946 0.4128 0.1712
vn 0.7353 0.6544 0.1763
vn 0.7975 -0.2501 0.5490
vn 0.9417 0.3261 -0.0824
vn 0.9769 -0.1118 0.1824
vn 0.9493 -0.1501 0.2763
vn 0.9397 0.0179 0.3417
vn 0.0355 -0.8957 -0.4432
vn 0.1077 -0.9808 -0.1624
vn 0.3245 -0.9189 -0.2245
vn 0.9790 0.1850 0.0852
vn 0.8596 -0.4510 0.2403
vn 0.9622 -0.0055 0.2722
vn 0.8271 -0.4818 0.2893
vn 0.8170 -0.2918 0.4973
vn 0.9082 -0.3525 0.2257
vn 0.8220 0.4280 0.3757
vn 0.5177 0.2448 0.8198
vn 0.9313 0.2165 0.2929
vn 0.4317 -0.3372 -0.8366
vn 0.4859 0.3365 -0.8066
vn 0.8702 0.0827 -0.4857
vn 0.8243 -0.5106 -0.2447
vn 0.9965 0.0512 -0.0659
vn 0.4203 -0.8708 -0.2549
vn 0.7797 -0.6262 -0.0000
vn 0.9255 -0.3759 0.0462
vn 0.1932 -0.5603 -0.8054
vn 0.1181 -0.9706 -0.2095
vn 0.1971 0.2238 -0.9545
vn 0.9055 -0.3387 -0.2556
vn 0.9117 0.2424 -0.3317
vn 0.3915 -0.0568 -0.9184
vn -0.0867 0.7636 -0.6398
vn 0.0453 0.9988 0.0167
vn 0.5674 0.1943 0.8002
vn 0.7679 -0.5122 0.3847
vn 0.9706 -0.0359 0.2381
vn 0.7836 -0.2564 -0.5658
vn 0.4738 0.5512 -0.6868
vn 0.1986 -0.0504 -0.9788
vn 0.8116 0.4588 0.3617
vn -0.0876 0.4936 -0.8653
vn -0.1568 0.0449 -0.9866
vn 0.1180 0.9630 -0.2422
vn 0.3778 0.8924 0.2466
vn 0.3085 0.7560 0.5773
vn 0.4855 0.5058 0.7130
vn 0.1774 -0.8942 -0.4111
vn 0.6226 -0.7337 0.2723
vn 0.1289 -0.9554 0.2656
vn 0.2410 -0.7377 0.6306
vn -0.0647 -0.9563 -0.2851
vn -0.0232 -0.4748 -0.8798
vn -0.0973 -0.6075 -0.7883
vn 0.3385 -0.5476 0.7652
vn -0.0316 0.9980 0.0547
vn 0.0221 -0.9985 -0.0509
vn -0.0859 0.4711 -0.8779
vn -0.2921 0.0190 -0.9562
vn 0.0602 0.6677 -0.7420
vn 0.2331 0.4868 0.8418
vn 0.3305 0.9137 0.2363
vn 0.5630 0.7908 0.2401
vn 0.2240 0.0688 0.9722
vn 0.3015 0.7766 0.5532
vn 0.2175 0.2507 0.9433
vn -0.0165 -0.0598 0.9981
vn -0.5542 -0.8116 0.1846
vn -0.5534 -0.6068 -0.5706
vn -0.6146 -0.5550 -0.5606
vn -0.4625 -0.2762 -0.8425
vn -0.4985 -0.2811 -0.8201
vn -0.3180 -0.0866 -0.9441
vn -0.0761 -0.4333 0.8980
vn -0.2646 -0.5637 0.7824
vn -0.3396 -0.9385 -0.0622
vn -0.3689 -0.5727 -0.7321
vn -0.3857 -0.3425 -0.8567
vn -0.3634 -0.7901 -0.4936
vn -0.3326 -0.4663 -0.8198
vn -0.4427 -0.3010 -0.8446
vn -0.1902 -0.7708 0.6081
vn 0.5382 0.3398 0.7713
vn 0.7282 0.6730 0.1295
vn 0.2975 0.4928 -0.8177
vn -0.1126 0.0722 -0.9910
vn 0.3729 0.6359 -0.6757
vn -0.0518 0.0376 -0.9979
vn -0.2848 -0.0637 -0.9565
vn -0.2499 0.2126 -0.9446
vn -0.2121 0.4376 -0.8738
vn -0.2921 0.2933 -0.9103
vn 0.1527 -0.1053 0.9826
vn 0.7395 -0.4530 0.4980
vn -0.3561 0.2960 -0.8863
vn -0.3800 0.2693 -0.8849
vn -0.3854 0.9226 -0.0169
vn 0.1229 0.5867 0.8004
vn 0.4815 -0.2185 0.8487
vn 0.5505 -0.8241 0.1335
vn 0.4812 -0.6971 -0.5315
vn -0.0241 -0.2345 -0.9718
vn 0.4684 -0.8665 0.1726
vn 0.2897 -0.6770 -0.6766
vn 0.0382 -0.8981 -0.4380
vn -0.3726 -0.3341 -0.8658
vn -0.4131 -0.8366 -0.3598
vn -0.7751 0.6231 0.1051
vn 0.3315 0.8158 0.4739
vn 0.0874 0.9710 -0.2224
vn 0.4325 0.8337 0.3433
vn 0.0372 0.7008 0.7123
vn 0.7360 -0.5558 0.3864
vn -0.3435 0.7705 0.5370
vn -0.6350 0.5927 0.4954
vn 0.6317 0.7745 0.0332
vn -0.5859 0.5499 -0.5953
vn -0.5448 0.0600 -0.8364
vn -0.4032 0.0726 -0.9122
vn -0.1051 -0.3930 -0.9135
vn -0.2716 -0.0638 -0.9603
vn -0.2235 -0.0525 -0.9733
vn -0.3618 0.9131 0.1880
vn -0.2665 0.5146 0.8150
vn -0.2918 0.7814 0.5515
vn -0.3103 0.2442 0.9187
vn -0.1253 0.0464 0.9910
vn -0.3363 -0.1661 0.9270
vn 0.1637 -0.2939 0.9417
vn 0.0702 -0.0583 0.9958
vn 0.7890 -0.3269 0.5202
vn -0.0328 0.6227 0.7818
vn 0.9890 0.1481 0.0047
vn 0.2129 -0.5373 0.8161
vn -0.3537 0.8832 0.3079
vn -0.6061 0.7310 -0.3135
vn 0.3231 0.1012 0.9410
vn -0.5489 0.4754 -0.6875
vn -0.6433 0.1967 -0.7399
vn -0.4443 0.1111 -0.8890
vn 0.7661 0.2387 -0.5967
vn 0.4518 0.7519 -0.4801
vn 0.8492 0.4989 0.1732
vn 0.1622 0.2851 -0.9447
vn 0.3879 0.8218 0.4174
vn 0.5972 0.2206 0.7711
vn 0.3391 0.1788 0.9236
vn 0.3377 -0.0080 0.9412
vn 0.9834 0.0284 0.1793
vn 0.7269 0.0610 0.6840
vn 0.9706 0.2336 -0.0587
vn 0.1699 -0.2463 0.9542
vn 0.4912 -0.0933 0.8661
vn 0.8354 0.0133 -0.5495
vn 0.0010 -0.1479 -0.9890
vn 0.1279 -0.0762 -0.9889
vn -0.2771 -0.1767 -0.9445
vn -0.3436 -0.0567 -0.9374
vn -0.1547 0.1111 -0.9817
vn 0.5341 -0.0403 -0.8445
vn -0.1384 0.2163 -0.9665
vn -0.8918 0.4143 0.1820
vn -0.9119 0.3729 0.1714
vn -0.9115 0.3552 0.2072
vn -0.8412 0.4972 0.2124
vn -0.9198 0.3514 0.1747
vn -0.9314 0.2940 0.2145
vn -0.7758 0.3867 0.4986
vn -0.9054 0.3151 0.2845
vn -0.9353 0.2925 0.1989
vn -0.8763 0.3196 0.3604
vn -0.9296 0.3387 0.1456
vn -0.9819 0.1894 -0.0054
vn -0.9116 0.3945 0.1156
vn -0.9094 0.4028 0.1038
vn -0.9262 0.3495 0.1415
vn -0.9258 0.3421 0.1606
vn -0.9414 0.3130 0.1260
vn 0.1900 0.9787 -0.0774
vn 0.4993 0.7951 -0.3441
vn 0.3210 0.7148 -0.6213
vn 0.2711 0.9588 0.0846
vn 0.8077 0.4708 -0.3550
vn 0.7141 0.6705 -0.2015
vn 0.0983 0.9942 0.0426
vn 0.5068 0.8202 0.2653
vn 0.2922 0.9236 0.2483
vn 0.5485 0.8213 0.1570
vn 0.6148 0.7162 0.3303
vn 0.2701 0.3241 0.9066
vn 0.6962 0.6289 0.3463
vn 0.9720 0.2090 0.1074
vn 0.6092 0.2047 0.7662
vn 0.7404 0.5806 0.3387
vn 0.2774 -0.8541 -0.4400
vn 0.3826 0.2360 0.8933
vn 0.4667 0.7432 0.4794
vn 0.6950 0.7116 0.1026
vn 0.5428 0.8131 -0.2105
vn 0.8044 0.5905 -0.0652
vn 0.0374 0.9861 -0.1618
vn 0.1280 0.9894 0.0681
vn 0.1331 0.9864 -0.0961
vn -0.0420 0.9235 -0.3813
vn -0.0754 0.9354 -0.3455
vn -0.1138 0.9535 -0.2792
vn -0.1072 0.9204 -0.3760
vn -0.2981 -0.6155 -0.7296
vn -0.5151 0.0775 -0.8536
vn -0.2356 -0.2790 -0.9309
vn 0.0107 -0.6559 0.7548
vn -0.2962 -0.9380 0.1801
vn -0.1995 -0.9371 -0.2864
vn -0.0049 -0.6078 0.7940
vn -0.0689 -0.4284 -0.9010
vn 0.2598 -0.1932 0.9461
vn 0.7648 -0.4817 0.4279
vn 0.6219 -0.6185 0.4803
vn 0.8907 -0.4509 -0.0579
vn 0.8413 -0.2701 -0.4682
vn 0.3578 -0.9097 0.2107
vn 0.2009 -0.9796 0.0089
vn -0.0106 -0.9972 -0.0742
vn -0.0834 -0.9916 -0.0991
vn -0.0173 -0.9997 -0.0188
vn -0.2382 -0.8597 0.4518
vn -0.1491 -0.9688 0.1977
vn -0.1170 -0.8907 -0.4392
vn 0.2922 -0.9483 -0.1235
vn 0.5431 -0.3287 -0.7726
vn 0.5529 -0.4959 0.6696
vn -0.0962 -0.9364 0.3374
vn 0.2204 0.9278 -0.3012
vn -0.3045 -0.1621 -0.9386
vn 0.1497 -0.1174 0.9817
vn 0.2699 -0.1546 0.9504
vn -0.6991 -0.7127 -0.0578
vn 0.0624 0.2156 -0.9745
vn -0.3427 0.4454 0.8271
vn -0.3286 0.4387 0.8364
vn -0.3419 0.4393 0.8307
vn -0.3082 0.4394 0.8438
vn 0.7900 -0.5048 0.3480
vn 0.6073 -0.4453 -0.6579
vn 0.8377 0.5398 0.0831
vn 0.8355 0.2236 0.5020
vn 0.1996 0.8825 -0.4259
vn -0.1587 0.9842 -0.0784
vn -0.9600 -0.2695 0.0766
vn -0.4687 0.8615 -0.1953
vn -0.2113 0.9754 -0.0632
vn -0.9412 -0.3050 0.1454
vn 0.4781 -0.5366 -0.6953
vn 0.2270 0.9508 0.2107
vn 0.8565 -0.4116 0.3114
vn 0.1548 -0.1534 -0.9760
vn -0.8567 -0.4927 0.1528
vn -0.0600 0.9209 -0.3850
vn 0.0266 -0.6897 0.7236
vn 0.5531 -0.3646 0.7491
vn -0.5580 -0.4522 0.6958
vn -0.4822 -0.7581 0.4391
vn -0.3609 -0.9077 -0.2141
vn 0.1626 -0.8583 0.4867
vn -0.6536 -0.6144 0.4420
vn -0.8018 -0.5932 -0.0728
vn -0.2667 -0.9637 -0.0152
vn -0.9914 0.1190 -0.0548
vn -0.9976 -0.0617 -0.0300
vn -0.1909 0.4599 -0.8672
vn -0.2580 0.5041 -0.8242
vn -0.8809 0.4706 0.0512
vn -0.9856 0.0835 -0.1469
vn -0.2253 0.1548 -0.9619
vn -0.2847 0.8533 -0.4368
vn 0.1861 0.9664 0.1771
vn -0.2395 -0.5262 -0.8159
vn -0.4349 0.2898 -0.8526
vn 0.4258 0.0627 -0.9026
vn -0.7450 0.6536 0.1332
vn -0.3037 -0.5541 0.7751
vn 0.8438 -0.5315 -0.0742
vn 0.9548 -0.0561 0.2918
vn 0.9320 0.3139 -0.1810
vn -0.0186 0.9632 -0.2680
vn 0.1938 0.8884 -0.4163
vn 0.6132 -0.2738 0.7410
vn -0.4848 0.1171 0.8667
vn -0.0763 0.5713 -0.8172
vn -0.3721 0.6106 -0.6991
vn -0.4166 0.8996 -0.1309
vn -0.2367 0.6217 -0.7466
vn -0.9122 0.4005 0.0861
vn 0.0886 0.5170 -0.8514
vn -0.8815 -0.4647 0.0837
vn -0.9553 -0.2931 -0.0382
vn -0.7117 0.7021 0.0231
vn -0.8988 -0.3929 0.1944
vn 0.2278 0.9737 0.0087
vn 0.9395 0.2785 0.1994
vn 0.4405 -0.6512 -0.6180
vn 0.9128 -0.3801 0.1491
vn -0.2945 -0.9356 0.1950
vn 0.2011 -0.9391 0.2788
vn 0.3624 -0.8845 0.2936
vn 0.0712 -0.5214 -0.8503
vn 0.2991 -0.8605 -0.4124
vn 0.5866 -0.7950 -0.1544
vn 0.2949 -0.4381 -0.8492
vn 0.4354 -0.2981 -0.8495
vn 0.6126 0.4232 -0.6675
vn -0.3324 0.6554 -0.6782
vn -0.0965 -0.2527 -0.9627
vn -0.9964 -0.0185 -0.0826
vn 0.3899 0.6930 0.6065
vn -0.9493 0.2648 -0.1695
vn 0.8651 0.5014 0.0160
vn -0.5972 0.6764 0.4312
vn 0.8623 0.3871 0.3266
vn -0.7725 0.0685 0.6313
vn -0.0104 -0.3148 -0.9491
vn 0.2468 0.4267 -0.8701
vn 0.1020 0.0476 -0.9937
vn -0.6004 0.6271 -0.4962
vn 0.1299 0.9434 0.3051
vn -0.9937 0.0985 0.0534
vn 0.8427 0.5384 -0.0069
vn -0.5876 0.7545 0.2922
vn 0.3885 0.7073 0.5906
vn -0.2921 -0.5607 -0.7748
vn -0.9226 -0.3523 -0.1569
vn 0.9205 0.3347 0.2017
vn 0.5659 0.1284 0.8144
vn -0.8647 -0.4865 0.1252
vn -0.9632 -0.1479 -0.2247
vn -0.5221 -0.6708 0.5266
vn 0.8745 0.4850 0.0113
vn 0.0162 0.0486 -0.9987
vn -0.2499 0.9636 -0.0947
vn -0.6082 0.1519 -0.7791
vn -0.9534 0.1658 -0.2521
vn -0.7557 0.6517 0.0638
vn 0.3597 0.3318 0.8721
vn -0.5158 -0.4052 0.7548
vn -0.9733 -0.2226 0.0566
vn 0.9868 0.1476 0.0666
vn -0.4846 0.6590 -0.5752
vn -0.5978 -0.6023 -0.5291
vn 0.1315 -0.5186 -0.8448
vn -0.6140 0.3230 0.7201
vn 0.2683 -0.7506 -0.6039
vn 0.9315 -0.3609 -0.0458
vn 0.8873 0.0898 -0.4523
vn 0.7705 0.3259 0.5478
vn 0.5694 -0.2940 -0.7677
vn -0.1595 -0.6897 -0.7063
vn 0.4209 0.6901 0.5887
vn -0.8871 -0.2150 0.4085
vn -0.8615 -0.3630 -0.3551
vn -0.9833 -0.1087 -0.1458
vn -0.5501 0.8121 0.1945
vn 0.4386 0.1515 -0.8858
vn 0.2872 0.7289 -0.6214
vn 0.7547 -0.4893 0.4371
vn 0.7691 -0.1477 0.6218
vn 0.6808 -0.5869 0.4383
vn 0.5976 0.6948 0.4002
vn 0.1659 0.9672 -0.1926
vn -0.1537 0.5318 -0.8328
vn 0.2819 0.4856 -0.8275
vn 0.4600 -0.7813 -0.4218
vn 0.5795 -0.1214 0.8059
vn -0.0705 0.7782 0.6241
vn 0.6699 0.2280 0.7066
vn 0.5195 -0.5995 0.6089
vn 0.6738 -0.6555 0.3410
vn -0.4441 0.8700 -0.2140
vn 0.1971 -0.9799 0.0312
vn 0.0022 0.2520 -0.9677
vn -0.3126 0.6393 -0.7025
vn -0.0453 0.6306 -0.7748
vn 0.0623 0.8481 -0.5262
vn -0.0172 0.6786 -0.7343
vn 0.0102 0.8902 -0.4555
vn -0.0758 0.9556 -0.2846
vn -0.0148 0.9556 0.2942
vn 0.6672 0.7199 0.1912
vn -0.0561 0.9874 0.1482
vn 0.6876 0.7142 0.1307
vn -0.6136 0.6583 0.4362
vn 0.1602 0.7668 0.6216
vn 0.5197 0.8103 0.2708
vn 0.7433 0.6666 0.0555
vn -0.8773 0.2623 0.4018
vn -0.6837 0.2926 0.6686
vn 0.4971 0.8306 0.2511
vn -0.1787 0.8415 0.5098
vn -0.6820 0.3800 0.6249
vn -0.7811 0.5195 0.3465
vn -0.9651 -0.2066 0.1606
vn -0.7217 0.3416 0.6021
vn -0.1521 -0.9135 -0.3774
vn -0.0495 -0.7825 -0.6207
vn 0.5674 -0.7965 -0.2088
vn -0.7110 -0.6886 -0.1423
vn 0.1439 -0.6755 -0.7231
vn -0.8852 -0.4619 -0.0549
vn -0.8392 -0.5414 0.0505
vn -0.8572 0.3335 0.3924
vn -0.7125 -0.6751 0.1913
vn 0.7443 0.0614 -0.6650
vn 0.5305 -0.4258 -0.7330
vn 0.2916 -0.2895 -0.9117
vn 0.1445 -0.8615 -0.4868
vn 0.8581 0.5075 -0.0785
vn 0.9221 -0.3659 -0.1263
vn 0.1879 0.0003 -0.9822
vn 0.7933 -0.4068 0.4529
vn -0.7282 0.3069 0.6128
vn -0.9400 -0.0684 0.3343
vn 0.6481 0.7498 0.1329
vn 0.8067 0.5886 0.0519
vn 0.9330 0.3586 0.0295
vn 0.3683 0.8981 0.2405
vn 0.7676 -0.5830 0.2664
vn 0.6881 -0.5376 0.4874
vn -0.1131 -0.8804 0.4606
vn 0.3504 -0.4086 0.8428
vn -0.5680 -0.8029 0.1810
vn -0.6572 -0.7273 0.1978
vn 0.2318 -0.9076 0.3502
vn 0.8496 -0.5141 0.1182
vn 0.9851 -0.1718 -0.0079
vn 0.9843 -0.1576 0.0799
vn -0.9749 -0.1462 0.1678
vn -0.9451 -0.1946 -0.2624
vn -0.8892 0.4422 -0.1175
vn -0.9464 0.1641 -0.2782
vn -0.6838 0.5271 -0.5046
vn -0.2001 0.8675 -0.4554
vn -0.0490 0.8462 -0.5305
vn 0.7770 0.5049 -0.3760
vn 0.0682 0.7678 -0.6371
vn 0.4442 0.7859 -0.4301
vn -0.6371 0.4419 -0.6316
vn -0.5446 0.7820 0.3032
vn 0.9172 0.3935 -0.0625
vn -0.6092 0.7661 0.2046
vn 0.9742 -0.1460 -0.1720
vn 0.5268 -0.7889 -0.3166
vn -0.8819 0.4709 0.0244
vn -0.9634 -0.0295 0.2666
vn -0.4855 0.8729 0.0474
vn 0.0214 -0.8329 0.5530
vn 0.2383 -0.2449 0.9398
vn -0.4921 -0.6896 0.5314
vn -0.7201 0.2538 -0.6458
vn -0.4194 -0.7233 -0.5485
vn -0.2809 0.6066 -0.7437
vn -0.2196 -0.1015 -0.9703
vn -0.1002 -0.5092 -0.8548
vn -0.2542 -0.7193 -0.6465
vn -0.3109 -0.9142 -0.2602
vn -0.0924 -0.8871 -0.4522
vn -0.3696 -0.7331 0.5710
vn -0.7698 -0.4682 0.4338
vn -0.7265 -0.6821 -0.0835
vn -0.4831 0.6564 -0.5794
vn -0.3341 0.8474 -0.4127
vn -0.6768 0.7239 0.1334
vn -0.8197 0.5666 0.0835
vn -0.5173 0.8279 0.2170
vn -0.2215 0.9750 -0.0191
vn -0.2385 0.6968 -0.6765
vn -0.2917 0.7300 -0.6180
vn -0.0324 0.6546 -0.7553
vn -0.4189 0.6495 -0.6346
vn 0.5257 0.6919 -0.4948
vn 0.0233 0.6144 -0.7886
vn -0.3226 0.7612 -0.5626
vn -0.0750 0.9270 -0.3676
vn -0.6409 0.6295 -0.4393
vn -0.8482 0.4221 -0.3200
vn -0.7586 0.5008 -0.4167
vn -0.8847 0.3596 -0.2965
vn -0.9554 0.2394 -0.1727
vn -0.9252 0.2691 -0.2677
vn -0.7162 0.6016 -0.3536
vn -0.8529 0.3209 -0.4118
vn -0.4187 0.9077 0.0279
vn -0.4078 0.8574 -0.3140
vn -0.4689 0.8199 0.3284
vn -0.2185 0.7111 0.6683
vn -0.0891 0.6190 0.7803
vn 0.1998 0.5398 0.8177
vn 0.0625 0.5631 0.8240
vn 0.2496 0.5644 0.7869
vn -0.0213 -0.6648 -0.7467
vn 0.1749 -0.7236 -0.6677
vn -0.0375 -0.8217 -0.5686
vn 0.1786 -0.8371 -0.5171
vn 0.1844 -0.9326 -0.3104
vn 0.3034 -0.9060 -0.2953
vn -0.3642 -0.3768 -0.8517
vn -0.5116 -0.2842 -0.8108
vn -0.6407 0.1934 -0.7431
vn -0.0903 0.3340 -0.9382
vn -0.3382 0.6738 -0.6569
vn -0.0195 0.8567 -0.5154
vn -0.1067 0.8485 -0.5184
vn 0.0608 0.6747 -0.7356
vn -0.0032 0.6997 -0.7144
vn -0.2275 0.9441 -0.2384
vn -0.3037 0.9499 0.0745
vn -0.6151 0.7869 0.0494
vn -0.6153 0.6337 0.4688
vn -0.9006 0.2543 -0.3525
vn -0.6442 0.7256 -0.2419
vn 0.1396 -0.9752 0.1715
vn -0.2214 -0.9706 0.0943
vn 0.0930 -0.9932 0.0705
vn -0.6820 -0.6781 0.2740
vn -0.6047 -0.7677 0.2121
vn -0.5075 -0.8475 0.1555
vn -0.3491 -0.7523 0.5588
vn -0.9205 0.2495 0.3006
vn -0.9158 0.2539 0.3112
vn -0.8118 -0.3362 0.4774
vn -0.9661 -0.1651 0.1986
vn -0.8662 -0.0797 0.4933
vn 0.0715 -0.9037 0.4221
vn -0.9474 0.0313 0.3184
vn -0.9624 0.0706 0.2623
vn -0.7881 -0.3873 0.4784
vn -0.9084 -0.2845 0.3063
vn -0.8281 -0.3752 0.4166
vn -0.3462 -0.6552 0.6714
vn -0.6334 -0.6311 0.4478
vn -0.8672 -0.3819 0.3194
vn 0.0267 -0.7830 0.6214
vn -0.2522 -0.8272 0.5021
vn -0.0486 -0.8565 0.5139
vn 0.2596 -0.8107 0.5248
vn -0.9068 -0.3406 0.2485
vn -0.7233 -0.4993 0.4771
vn -0.2966 -0.6569 0.6931
vn -0.2006 -0.4685 0.8604
vn 0.0144 -0.5560 0.8310
vn 0.1263 -0.1620 0.9787
vn 0.1668 -0.3463 0.9232
vn 0.1771 0.0248 0.9839
vn 0.3511 0.1045 0.9305
vn -0.9724 -0.1821 0.1460
vn -0.9783 -0.1754 0.1106
vn -0.9639 0.0976 -0.2477
vn -0.6941 -0.2655 0.6692
vn -0.9303 -0.1863 0.3161
vn -0.9398 0.1006 0.3266
vn -0.8306 -0.0248 0.5563
vn -0.9342 0.2648 0.2390
vn -0.7901 0.5680 0.2307
vn -0.9471 0.2155 0.2380
vn -0.7025 -0.4235 0.5719
vn -0.9391 0.3435 -0.0059
vn -0.9268 0.3573 0.1158
vn -0.8730 0.4233 -0.2422
vn -0.7388 0.5162 -0.4333
vn -0.8081 0.4241 -0.4089
vn -0.9353 0.2704 -0.2281
vn -0.8996 0.2841 -0.3317
vn -0.9456 0.2609 0.1946
vn -0.6352 0.5970 -0.4900
vn -0.5392 0.7309 -0.4184
vn -0.7601 0.6189 0.1979
vn -0.9049 -0.0286 0.4247
vn -0.9155 -0.0372 0.4006
vn -0.8034 0.5390 0.2530
vn -0.9216 0.3458 0.1762
vn -0.8122 -0.2106 0.5440
vn -0.7682 -0.2464 0.5909
vn -0.9531 0.0650 0.2956
vn -0.1310 -0.9720 -0.1951
vn -0.1365 -0.9081 -0.3959
vn -0.3294 -0.8824 -0.3360
vn -0.8483 -0.4713 0.2413
vn -0.9857 0.1593 0.0556
vn -0.9499 -0.0009 0.3126
vn -0.7483 -0.5611 0.3538
vn -0.8170 -0.2916 0.4975
vn -0.5131 0.2538 0.8199
vn -0.8275 0.4214 0.3711
vn -0.9316 0.2166 0.2919
vn -0.9067 -0.3582 0.2229
vn -0.4931 0.3439 -0.7991
vn -0.4331 -0.3469 -0.8319
vn -0.8695 0.0786 -0.4876
vn -0.8124 -0.5277 -0.2481
vn -0.9969 0.0472 -0.0629
vn -0.4058 -0.8748 -0.2646
vn -0.6167 -0.7866 -0.0306
vn -0.9250 -0.3722 0.0769
vn -0.1930 -0.5602 -0.8056
vn -0.1181 -0.9706 -0.2096
vn -0.2142 0.2225 -0.9511
vn -0.9183 -0.3225 -0.2296
vn 0.9721 0.0511 -0.2290
vn 0.4376 -0.1386 -0.8884
vn 0.7979 0.3918 -0.4580
vn 0.1319 0.6803 -0.7210
vn -0.5374 -0.5308 -0.6554
vn -0.4477 0.7783 -0.4402
vn -0.9333 -0.0635 0.3536
vn -0.0575 -0.8176 -0.5729
vn -0.6088 -0.7835 0.1245
vn -0.0649 -0.2826 -0.9571
vn 0.6943 -0.2561 -0.6726
vn -0.8596 -0.2676 -0.4354
vn 0.3515 0.0810 -0.9327
vn 0.7385 -0.0417 -0.6729
vn -0.4484 0.1127 -0.8867
vn 0.8681 0.0304 -0.4955
vn 0.8809 -0.2900 -0.3741
vn -0.9600 -0.1067 0.2590
vn -0.9815 -0.0367 -0.1879
vn -0.9521 -0.3025 -0.0441
vn -0.5808 -0.4000 0.7090
vn 0.0887 -0.6979 0.7107
vn 0.6939 -0.4794 0.5373
vn 0.3393 -0.2737 0.9000
vn -0.0949 -0.3271 0.9402
vn 0.7822 -0.2173 0.5839
vn 0.9646 -0.2313 0.1263
vn 0.9406 -0.1175 -0.3185
vn 0.9323 -0.0956 -0.3489
vn -0.2885 -0.3379 0.8959
vn 0.6652 -0.2950 0.6859
vn 0.7592 0.1458 -0.6343
vn 0.3684 0.0656 -0.9273
vn 0.1270 -0.0241 -0.9916
vn -0.8131 -0.0966 -0.5740
vn -0.9966 -0.0168 0.0805
vn -0.8847 -0.2803 -0.3725
vn -0.7774 0.0355 0.6280
vn -0.9711 -0.0152 -0.2382
vn -0.9001 -0.0072 0.4357
vn -0.6985 0.1291 0.7039
vn 0.9716 0.2050 0.1185
vn 0.6485 0.3376 0.6822
vn 0.9290 0.3576 0.0957
vn 0.9204 0.2382 -0.3102
vn 0.8330 0.1422 -0.5347
vn 0.8994 0.2580 -0.3529
vn 0.2561 0.1376 0.9568
vn -0.1546 0.2224 0.9626
vn 0.9224 0.2486 -0.2955
vn 0.9860 0.0522 -0.1586
vn 0.9411 0.1077 0.3205
vn 0.9827 0.0782 -0.1677
vn 0.9302 0.1990 -0.3086
vn -0.7155 -0.0503 0.6968
vn 0.1023 0.0646 0.9927
vn -0.9332 -0.3014 0.1956
vn -0.6880 -0.5647 -0.4557
vn -0.0054 -0.3233 -0.9463
vn 0.7642 0.0951 -0.6380
vn 0.8096 -0.0643 -0.5835
vn 0.6407 -0.0201 -0.7675
vn 0.6306 0.1488 -0.7617
vn 0.4395 0.1612 -0.8837
vn 0.0466 -0.3503 -0.9355
vn 0.5812 0.1923 -0.7907
vn -0.6903 0.0083 0.7235
vn -0.2850 -0.7431 0.6055
vn 0.6016 0.6649 -0.4428
vn 0.7446 0.3575 -0.5637
vn -0.8433 0.4905 0.2197
vn -0.6798 -0.6462 0.3469
vn -0.8624 -0.3696 0.3459
vn -0.2441 -0.9595 0.1407
vn 0.3893 -0.8346 -0.3898
vn 0.3099 -0.9449 -0.1054
vn 0.4986 -0.8471 0.1842
vn 0.8638 -0.3848 -0.3251
vn 0.8996 -0.4014 0.1721
vn 0.0763 -0.4522 0.8886
vn 0.3593 -0.3445 0.8673
vn -0.7071 0.0551 0.7050
vn -0.4523 0.4026 0.7958
vn -0.9341 -0.3493 -0.0737
vn -0.8248 0.2042 0.5272
vn 0.8823 -0.0420 -0.4689
vn -0.9128 0.1891 0.3620
vn -0.6545 0.7560 0.0102
vn -0.3150 0.7078 0.6322
vn 0.8568 -0.1356 -0.4975
vn 0.7757 -0.4122 -0.4778
vn 0.8252 -0.2638 -0.4995
vn -0.2219 0.7140 0.6640
vn 0.4457 0.8886 -0.1085
vn -0.0924 0.9301 0.3556
vn 0.3131 -0.3044 0.8996
vn -0.0620 0.5475 0.8345
vn -0.4891 -0.4243 0.7621
vn -0.6686 0.3420 0.6603
vn -0.8202 -0.5617 0.1084
vn -0.0403 -0.6427 0.7650
vn 0.3821 0.0950 0.9192
vn -0.4383 -0.5660 0.6982
vn -0.2169 0.9378 0.2709
vn 0.3498 0.9307 -0.1070
vn -0.7776 0.5717 0.2616
vn -0.8992 -0.0902 0.4281
vn -0.1582 0.9799 -0.1213
vn 0.7564 0.2947 -0.5839
vn 0.7479 0.4039 -0.5268
vn -0.1683 -0.3211 -0.9320
vn 0.0732 -0.7634 -0.6417
vn -0.6698 -0.6667 -0.3270
vn 0.4757 -0.2301 -0.8490
vn -0.9250 -0.1070 -0.3647
vn -0.8608 -0.4541 0.2296
vn -0.7616 -0.2157 0.6112
vn -0.8735 -0.1661 0.4575
vn -0.4642 -0.8855 0.0202
vn -0.7342 -0.5889 0.3380
vn -0.4099 -0.8723 -0.2666
vn -0.5637 -0.0934 0.8207
vn -0.7104 -0.3618 0.6036
vn 0.8758 0.0836 -0.4754
vn 0.7951 -0.2872 -0.5342
vn 0.8057 0.1827 -0.5634
vn 0.8129 -0.1640 -0.5588
vn 0.6915 0.1098 -0.7140
vn 0.6823 -0.2194 -0.6974
vn 0.6114 0.0426 -0.7901
vn 0.1334 -0.6541 -0.7446
vn 0.1775 -0.9191 -0.3517
vn -0.1475 0.9827 -0.1120
vn -0.2354 0.9590 -0.1577
vn -0.1249 0.9908 -0.0516
vn -0.1083 0.9903 -0.0867
vn -0.0951 0.9932 -0.0678
vn -0.0852 0.9964 0.0010
vn -0.3940 0.9126 0.1094
vn -0.1529 0.9878 0.0297
vn -0.0695 0.9975 -0.0146
vn -0.2390 0.9670 0.0881
vn -0.0640 0.9950 -0.0765
vn 0.1487 0.9870 -0.0609
vn -0.0771 0.9827 -0.1683
vn -0.0818 0.9863 -0.1432
vn -0.0685 0.9938 -0.0877
vn -0.0780 0.9946 -0.0681
vn -0.0306 0.9972 -0.0687
vn -0.5012 0.7950 -0.3419
vn -0.1873 0.9763 -0.1085
vn -0.3252 0.7035 -0.6319
vn -0.2757 0.9578 0.0817
vn -0.7103 0.6814 -0.1767
vn -0.8175 0.4493 -0.3603
vn -0.9721 0.2079 0.1084
vn -0.5069 0.8237 0.2541
vn -0.0961 0.9945 0.0408
vn -0.2996 0.9185 0.2580
vn -0.5568 0.8138 0.1665
vn -0.6243 0.7085 0.3290
vn -0.6060 0.1840 0.7739
vn -0.7246 0.5830 0.3674
vn -0.3679 0.3523 0.8605
vn -0.2688 0.3309 0.9046
vn -0.4721 0.7390 0.4806
vn -0.6962 0.6288 0.3462
vn -0.4925 0.8246 -0.2784
vn -0.2354 0.9120 -0.3359
vn -0.6993 0.6995 0.1472
vn -0.7054 0.7029 -0.0908
vn -0.0692 0.9800 -0.1864
vn -0.1323 0.9891 0.0646
vn -0.1375 0.9900 -0.0327
vn 0.1137 0.9535 -0.2792
vn -0.0202 0.9323 -0.3612
vn 0.1239 0.9330 -0.3379
vn 0.7175 0.3819 -0.5826
vn 0.9977 0.0513 -0.0432
vn 0.9273 0.0259 -0.3733
vn 0.5322 0.0751 0.8433
vn -0.0935 -0.0607 0.9938
vn 0.8613 0.0420 0.5064
vn -0.1955 -0.0192 0.9805
vn 0.9463 -0.1707 -0.2745
vn -0.6414 -0.1583 0.7507
vn -0.5897 0.1054 0.8007
vn -0.7006 -0.1716 0.6926
vn -0.7376 -0.2270 0.6359
vn -0.5818 0.1947 0.7897
vn -0.9356 -0.1544 0.3175
vn 0.3201 -0.8283 0.4598
vn -0.6749 -0.5270 0.5165
vn -0.1398 -0.9845 -0.1057
vn 0.0439 -0.9987 0.0272
vn 0.2115 -0.8524 0.4781
vn -0.5629 -0.8214 0.0915
vn -0.9242 -0.1377 -0.3562
vn -0.9427 -0.1575 -0.2941
vn -0.6122 -0.3924 -0.6865
vn -0.2877 -0.8599 0.4216
vn 0.8430 -0.0417 -0.5364
vn -0.4891 -0.0780 -0.8687
vn 0.8714 0.1112 -0.4778
vn -0.6837 -0.0338 0.7289
vn -0.6734 -0.1497 0.7240
vn 0.6694 0.4560 0.5865
vn 0.4795 -0.0861 -0.8733
vn 0.9685 0.0569 -0.2424
vn 0.9318 0.1545 -0.3285
vn 0.9649 0.0713 -0.2529
vn 0.9266 0.1704 -0.3352
vn 0.6443 0.6774 0.3549
vn 0.7118 0.6229 0.3247
vn 0.6095 0.7456 0.2696
vn 0.7887 0.5594 0.2550
vn 0.6451 0.7637 -0.0259
vn 0.8352 0.5211 0.1760
vn -0.7147 0.6219 0.3202
vn -0.6471 0.6782 0.3482
vn -0.6103 0.7442 0.2716
vn -0.7921 0.5558 0.2522
vn -0.6451 0.7637 -0.0251
vn -0.8351 0.5211 0.1760
vt 0.577429 1.134149
vt 0.572286 1.242986
vt 0.536405 1.231635
vt 0.534428 1.123239
vt 0.576019 1.123127
vt 0.547129 1.112242
vt 0.584023 1.233778
vt 0.528154 1.223039
vt 0.572323 1.242948
vt 0.536381 1.231563
vt 0.577322 1.131723
vt 0.537242 1.120750
vt 0.528154 1.223262
vt 0.584029 1.234388
vt 0.576360 1.133487
vt 0.572104 1.243157
vt 0.535510 1.122727
vt 0.536536 1.231866
vt 0.584022 1.233594
vt 0.528154 1.223281
vt 0.572275 1.242988
vt 0.577350 1.134103
vt 0.536424 1.231634
vt 0.534465 1.123219
vt 0.584023 1.233697
vt 0.528154 1.223027
vt 0.536381 1.231564
vt 0.572323 1.242948
vt 0.577323 1.131723
vt 0.537241 1.120750
vt 0.528154 1.223261
vt 0.584029 1.234387
vt 0.572152 1.243123
vt 0.576453 1.133544
vt 0.535453 1.122759
vt 0.536488 1.231837
vt 0.528154 1.223275
vt 0.584022 1.233666
vt 0.531128 0.540888
vt 0.556050 0.486953
vt 0.552915 0.542327
vt 0.502585 0.487575
vt 0.588654 0.549106
vt 0.599736 0.495447
vt 0.628941 0.586496
vt 0.619980 0.469384
vt 0.610039 0.568726
vt 0.504517 0.541939
vt 0.482188 0.548564
vt 0.458957 0.555861
vt 0.458498 0.494772
vt 0.430165 0.574166
vt 0.427120 0.477614
vt 0.410807 0.545538
vt 0.481662 0.467262
vt 0.534151 0.467247
vt 0.563213 0.467282
vt 0.443037 0.467522
vt 0.410807 0.491052
vt 0.410807 0.467856
vt 0.242431 0.700955
vt 0.227133 0.668313
vt 0.222001 0.702638
vt 0.242414 0.667277
vt 0.303427 0.877512
vt 0.303489 0.894845
vt 0.280780 0.879254
vt 0.280036 0.893842
vt 0.324318 0.895844
vt 0.320205 0.876943
vt 0.341456 0.894117
vt 0.342060 0.874356
vt 0.331471 0.866370
vt 0.340327 0.859804
vt 0.338112 0.830567
vt 0.328256 0.837393
vt 0.329380 0.808914
vt 0.334836 0.792963
vt 0.323067 0.768921
vt 0.341017 0.781091
vt 0.319280 0.755544
vt 0.330203 0.760243
vt 0.323401 0.742274
vt 0.274304 0.661584
vt 0.278983 0.674422
vt 0.252362 0.684758
vt 0.285193 0.685348
vt 0.245510 0.664917
vt 0.251106 0.649532
vt 0.291759 0.629591
vt 0.281327 0.646042
vt 0.261462 0.634074
vt 0.312003 0.609018
vt 0.299164 0.620075
vt 0.306570 0.598689
vt 0.281019 0.610578
vt 0.272675 0.620921
vt 0.282021 0.715214
vt 0.264812 0.702134
vt 0.297994 0.723842
vt 0.318042 0.710052
vt 0.295674 0.695240
vt 0.309116 0.728589
vt 0.898267 0.698849
vt 0.891790 0.672174
vt 0.913390 0.669304
vt 0.918302 0.697037
vt 0.934833 0.696615
vt 0.930360 0.669140
vt 0.953377 0.670760
vt 1.010101 0.673305
vt 0.996037 0.678656
vt 0.983309 0.654437
vt 1.011696 0.656677
vt 0.835185 0.688912
vt 0.847190 0.669206
vt 0.824543 0.663724
vt 0.817271 0.683570
vt 0.805825 0.665129
vt 0.792114 0.679605
vt 0.801173 0.693131
vt 0.778295 0.709614
vt 0.778225 0.688873
vt 0.709810 0.707552
vt 0.689319 0.699272
vt 0.695270 0.683053
vt 0.667458 0.673972
vt 0.717363 0.693090
vt 0.668377 0.693556
vt 0.726326 0.715560
vt 0.748184 0.713572
vt 0.737167 0.691420
vt 0.758839 0.689934
vt 0.388005 0.580796
vt 0.404165 0.586509
vt 0.359078 0.584066
vt 0.420838 0.590625
vt 0.421781 0.573835
vt 0.382120 0.589957
vt 0.362162 0.593224
vt 0.327358 0.595723
vt 0.341541 0.600697
vt 0.153850 0.258835
vt 0.186423 0.255742
vt 0.169600 0.271456
vt 0.202685 0.267326
vt 0.144438 0.266917
vt 0.178168 0.225492
vt 0.166043 0.240922
vt 0.148461 0.246378
vt 0.184091 0.232675
vt 0.199744 0.239138
vt 0.216110 0.235807
vt 0.206620 0.247126
vt 0.237911 0.264682
vt 0.185511 0.214877
vt 0.410497 0.787831
vt 0.400421 0.782575
vt 0.411237 0.773779
vt 0.405701 0.766231
vt 0.411911 0.760989
vt 0.407878 0.761951
vt 0.586584 0.739865
vt 0.563924 0.763371
vt 0.549148 0.775614
vt 0.546209 0.753105
vt 0.527245 0.781183
vt 0.531232 0.759495
vt 0.569698 0.732623
vt 0.590520 0.712977
vt 0.597080 0.739798
vt 0.617718 0.724950
vt 0.615481 0.690722
vt 0.633909 0.678255
vt 0.645258 0.706619
vt 0.648710 0.667845
vt 0.663164 0.698871
vt 0.674521 0.665757
vt 0.683409 0.676637
vt 0.683409 0.712770
vt 0.647650 0.608326
vt 0.674001 0.604315
vt 0.661412 0.586724
vt 0.683408 0.587894
vt 0.584101 0.553396
vt 0.506443 0.759017
vt 0.483756 0.747861
vt 0.469880 0.757588
vt 0.468000 0.718561
vt 0.445249 0.740205
vt 0.446348 0.703816
vt 0.427277 0.725023
vt 0.427679 0.688422
vt 0.410807 0.676447
vt 0.410807 0.713017
vt 0.666017 0.454817
vt 0.683409 0.467366
vt 0.649751 0.461985
vt 0.683409 0.490088
vt 0.683409 0.546079
vt 0.588550 0.467311
vt 0.604410 0.467218
vt 0.631591 0.454580
vt 0.410807 0.588077
vt 0.912246 1.460616
vt 0.954997 1.459938
vt 0.902595 1.479977
vt 0.938191 1.482741
vt 0.922537 1.435615
vt 0.948634 1.433829
vt 0.924321 1.408770
vt 0.949687 1.411778
vt 0.918606 1.390980
vt 0.943731 1.376773
vt 0.963192 1.388265
vt 0.555517 0.487114
vt 0.531128 0.540886
vt 0.552905 0.542352
vt 0.502590 0.487579
vt 0.588589 0.549006
vt 0.604908 0.493838
vt 0.610065 0.568695
vt 0.629004 0.586535
vt 0.504517 0.541939
vt 0.482188 0.548565
vt 0.458963 0.555874
vt 0.458332 0.494899
vt 0.430767 0.573855
vt 0.427092 0.477505
vt 0.410807 0.544376
vt 0.484198 0.467317
vt 0.534144 0.467278
vt 0.563221 0.467259
vt 0.443132 0.467535
vt 0.410807 0.491087
vt 0.410807 0.468193
vt 0.227146 0.668343
vt 0.242430 0.700892
vt 0.221999 0.702674
vt 0.242414 0.667266
vt 0.303489 0.894848
vt 0.303429 0.877507
vt 0.280774 0.879381
vt 0.280036 0.893844
vt 0.324319 0.895843
vt 0.320205 0.876943
vt 0.341391 0.894162
vt 0.342042 0.873791
vt 0.331408 0.866363
vt 0.339867 0.857590
vt 0.338598 0.829368
vt 0.328293 0.837749
vt 0.329438 0.811190
vt 0.334741 0.793182
vt 0.341198 0.781526
vt 0.323092 0.768986
vt 0.330201 0.760244
vt 0.319279 0.755545
vt 0.322711 0.742733
vt 0.278977 0.674423
vt 0.274299 0.661585
vt 0.252219 0.684836
vt 0.286058 0.684848
vt 0.249647 0.653651
vt 0.292049 0.629706
vt 0.311838 0.608927
vt 0.274079 0.621246
vt 0.302300 0.599567
vt 0.284171 0.606659
vt 0.264769 0.702183
vt 0.282552 0.714459
vt 0.309200 0.728800
vt 0.317437 0.710620
vt 0.280908 0.645466
vt 0.261220 0.634031
vt 0.891730 0.672185
vt 0.898273 0.698847
vt 0.913390 0.669304
vt 0.918302 0.697037
vt 0.934826 0.696614
vt 0.930360 0.669140
vt 0.953377 0.670759
vt 1.010101 0.673305
vt 0.996055 0.678646
vt 0.983310 0.654437
vt 1.011696 0.656676
vt 0.835203 0.688918
vt 0.847190 0.669206
vt 0.824543 0.663724
vt 0.817271 0.683571
vt 0.805824 0.665133
vt 0.792114 0.679605
vt 0.801173 0.693131
vt 0.778225 0.688873
vt 0.778293 0.709613
vt 0.689319 0.699273
vt 0.709810 0.707551
vt 0.695297 0.683069
vt 0.667458 0.673973
vt 0.668377 0.693556
vt 0.726325 0.715559
vt 0.748184 0.713571
vt 0.737167 0.691420
vt 0.758839 0.689934
vt 0.403362 0.588595
vt 0.420793 0.590620
vt 0.421774 0.573835
vt 0.401902 0.580752
vt 0.361641 0.583410
vt 0.364172 0.592964
vt 0.327614 0.595445
vt 0.333714 0.603447
vt 0.186417 0.255744
vt 0.153849 0.258835
vt 0.169598 0.271458
vt 0.202684 0.267326
vt 0.144438 0.266917
vt 0.166043 0.240922
vt 0.178167 0.225488
vt 0.148462 0.246376
vt 0.184092 0.232675
vt 0.199745 0.239139
vt 0.216107 0.235811
vt 0.237912 0.264684
vt 0.185497 0.214878
vt 0.400421 0.782575
vt 0.411237 0.773781
vt 0.405701 0.766232
vt 0.411911 0.760989
vt 0.407878 0.761951
vt 0.546574 0.752876
vt 0.531653 0.759766
vt 0.528243 0.781578
vt 0.549142 0.775607
vt 0.570872 0.755760
vt 0.569933 0.731713
vt 0.587029 0.716186
vt 0.589765 0.739402
vt 0.597976 0.705893
vt 0.617814 0.725137
vt 0.615485 0.690793
vt 0.633928 0.678400
vt 0.631772 0.715613
vt 0.646273 0.706128
vt 0.648704 0.667763
vt 0.663164 0.698868
vt 0.674543 0.666102
vt 0.683409 0.676637
vt 0.683409 0.712771
vt 0.647578 0.608399
vt 0.674004 0.604315
vt 0.661164 0.586767
vt 0.683409 0.587701
vt 0.584052 0.553372
vt 0.650096 0.463327
vt 0.683409 0.544758
vt 0.683409 0.489656
vt 0.683409 0.467362
vt 0.665864 0.455043
vt 0.588550 0.467317
vt 0.604411 0.467204
vt 0.618748 0.462726
vt 0.632315 0.455301
vt 0.505085 0.769374
vt 0.507776 0.748863
vt 0.481612 0.729792
vt 0.482252 0.754151
vt 0.463203 0.753592
vt 0.445276 0.740107
vt 0.446365 0.703742
vt 0.427273 0.725011
vt 0.427679 0.688421
vt 0.410807 0.676448
vt 0.410807 0.713016
vt 0.410807 0.587873
vt 0.948528 1.438833
vt 0.912302 1.460642
vt 0.902343 1.480016
vt 0.959297 1.480324
vt 0.922532 1.435614
vt 0.924801 1.407349
vt 0.949600 1.412110
vt 0.945104 1.376965
vt 0.918821 1.390652
vt 0.963185 1.388110
vt 1.027657 1.351567
vt 1.008349 1.388125
vt 1.001722 1.358532
vt 0.940615 1.342428
vt 0.945112 1.309870
vt 0.943709 1.348351
vt 0.953837 1.313686
vt 0.968793 1.306872
vt 0.969503 1.315813
vt 0.980391 1.287930
vt 0.980716 1.315071
vt 0.944881 1.290579
vt 0.980334 1.344746
vt 0.976887 1.349936
vt 0.962459 1.270769
vt 0.974395 1.264137
vt 0.953854 1.262195
vt 1.123996 1.377750
vt 1.120425 1.479886
vt 1.085443 1.456700
vt 1.172264 1.497404
vt 1.180721 1.417177
vt 1.194750 1.489238
vt 1.149419 1.363916
vt 1.183905 1.366321
vt 1.208463 1.431108
vt 1.208463 1.479016
vt 1.207863 1.365585
vt 1.206738 1.355271
vt 1.159556 1.310778
vt 1.193218 1.312192
vt 1.206113 1.303860
vt 1.206113 1.331790
vt 1.135362 1.323540
vt 1.135879 1.303161
vt 1.148319 1.283873
vt 1.175409 1.308398
vt 1.186292 1.283004
vt 1.201043 1.276131
vt 1.176027 1.274173
vt 1.147495 1.276097
vt 0.951522 1.405815
vt 0.983218 1.405829
vt 0.987020 1.418393
vt 0.962862 1.396676
vt 0.990801 1.391476
vt 0.963535 1.386404
vt 0.902473 1.348324
vt 0.902473 1.315538
vt 0.902705 1.367792
vt 0.908165 1.312710
vt 0.925723 1.317301
vt 0.936962 1.316495
vt 0.912162 1.283892
vt 0.937498 1.293025
vt 0.902473 1.285198
vt 0.930483 1.265736
vt 0.912185 1.264448
vt 1.113245 1.360237
vt 1.094420 1.366891
vt 1.052159 1.355134
vt 1.075613 1.354339
vt 1.035698 1.484678
vt 1.021544 1.408084
vt 1.057727 1.348113
vt 1.059251 1.320425
vt 1.072364 1.271496
vt 1.083311 1.316175
vt 1.094181 1.296268
vt 1.094181 1.313837
vt 1.059001 1.297285
vt 1.082449 1.270653
vt 1.062626 1.273665
vt 1.087379 1.266352
vt 1.096169 1.352776
vt 1.097954 1.317082
vt 1.109559 1.278593
vt 1.121341 1.317385
vt 1.132811 1.293866
vt 1.132811 1.317524
vt 1.097621 1.296457
vt 1.124231 1.268850
vt 1.105000 1.269129
vt 1.133535 1.353926
vt 0.997032 1.281150
vt 1.007278 1.293708
vt 0.984200 1.319241
vt 1.027742 1.298408
vt 0.984635 1.278225
vt 1.044159 1.307013
vt 1.055689 1.280748
vt 1.055282 1.319300
vt 1.015335 1.263585
vt 1.049812 1.266320
vt 0.996366 1.262836
vt 0.929050 1.224250
vt 0.933659 1.184612
vt 0.958290 1.212804
vt 0.917653 1.191665
vt 0.996525 1.215563
vt 0.990747 1.240553
vt 0.977378 1.186200
vt 0.996218 1.183254
vt 1.010137 1.198978
vt 1.009224 1.171166
vt 0.960271 1.178962
vt 0.917708 1.173998
vt 0.933085 1.146598
vt 0.937313 1.155791
vt 0.957337 1.148133
vt 0.987787 1.156111
vt 1.011473 1.217311
vt 1.021206 1.227066
vt 1.006988 1.239413
vt 0.966170 1.240891
vt 0.948090 1.230327
vt 0.934925 1.227174
vt 0.913646 1.225076
vt 1.000517 1.421483
vt 1.014421 1.416558
vt 0.996189 1.459463
vt 0.954217 1.454498
vt 0.972135 1.487735
vt 1.003929 1.498698
vt 0.902473 1.353029
vt 0.948731 1.377442
vt 0.924857 1.382000
vt 0.917201 1.393115
vt 0.902473 1.425003
vt 0.926777 1.404701
vt 0.917293 1.448326
vt 0.902473 1.478984
vt 0.597214 0.739982
vt 0.579030 0.821580
vt 0.586787 0.739989
vt 0.620431 0.725144
vt 0.632805 0.821590
vt 0.661321 0.699581
vt 0.682986 0.801682
vt 0.611185 0.836210
vt 0.683327 0.891426
vt 0.683144 0.952978
vt 0.683409 0.974816
vt 0.657299 0.983665
vt 0.631554 0.905537
vt 0.634694 0.960479
vt 0.594234 0.942931
vt 0.590958 0.895541
vt 0.565676 0.908411
vt 0.638593 0.988995
vt 0.683409 0.989190
vt 0.509376 0.947325
vt 0.488622 0.968226
vt 0.477755 0.893561
vt 0.532876 0.928922
vt 0.548144 0.938509
vt 0.530971 0.822786
vt 0.536635 0.784530
vt 0.471382 0.758409
vt 0.474359 0.823842
vt 0.439266 0.775535
vt 0.438244 0.827621
vt 0.481275 0.753461
vt 0.410807 0.806322
vt 0.410807 0.752198
vt 0.429969 0.727926
vt 0.410807 0.714031
vt 0.683409 0.713648
vt 0.683409 0.752198
vt 0.484263 0.665385
vt 0.522580 0.688225
vt 0.516257 0.752108
vt 0.473619 0.722999
vt 0.433931 0.689901
vt 0.452364 0.635034
vt 0.429861 0.572648
vt 0.410807 0.589316
vt 0.410807 0.676138
vt 0.459074 0.556027
vt 0.499440 0.543504
vt 0.542077 0.541712
vt 0.573514 0.728379
vt 0.557497 0.663181
vt 0.591166 0.712062
vt 0.580653 0.628946
vt 0.605498 0.633790
vt 0.616984 0.575995
vt 0.648399 0.668067
vt 0.645743 0.608077
vt 0.615485 0.690799
vt 0.584556 0.553619
vt 0.410758 0.980151
vt 0.410807 0.953146
vt 0.411019 0.893357
vt 0.445414 0.900655
vt 0.439663 0.985903
vt 0.460526 0.993812
vt 0.434221 1.020365
vt 0.313828 0.637214
vt 0.302592 0.664479
vt 0.301324 0.638423
vt 0.328882 0.635538
vt 0.324308 0.691565
vt 0.286181 0.684779
vt 0.345768 0.670154
vt 0.340311 0.656162
vt 0.348052 0.636814
vt 0.328640 0.606221
vt 0.281541 0.646050
vt 0.295897 0.625212
vt 0.274376 0.661571
vt 0.297480 0.696875
vt 0.318152 0.711506
vt 0.339926 0.707314
vt 0.338772 0.743558
vt 0.325450 0.746767
vt 0.358721 0.779096
vt 0.365800 0.764558
vt 0.378694 0.849833
vt 0.341056 0.865414
vt 0.361430 0.819836
vt 0.338700 0.837131
vt 0.376948 0.885451
vt 0.343501 0.892722
vt 0.407036 0.853299
vt 0.405144 0.901426
vt 0.364048 0.917294
vt 0.338419 0.896292
vt 0.312072 0.895060
vt 0.312395 0.920712
vt 0.279981 0.894738
vt 0.279124 0.909799
vt 0.278414 0.923290
vt 0.304946 0.945444
vt 0.277324 0.943984
vt 0.372876 0.948500
vt 0.403857 0.938209
vt 0.402977 0.948585
vt 0.402258 0.960740
vt 0.382761 0.955306
vt 0.386590 0.962825
vt 0.401822 0.968887
vt 0.386964 0.968104
vt 0.417292 0.657391
vt 0.405682 0.655896
vt 0.419292 0.618999
vt 0.409869 0.589125
vt 0.420834 0.590740
vt 0.385491 0.591692
vt 0.387521 0.664257
vt 0.385395 0.649671
vt 0.367756 0.616482
vt 0.358434 0.696397
vt 0.410184 0.735946
vt 0.389966 0.745295
vt 0.367290 0.714427
vt 0.413982 0.718495
vt 0.415191 0.699653
vt 0.406749 0.685293
vt 0.415637 0.688930
vt 0.393507 0.696816
vt 0.387402 0.678776
vt 0.397755 0.660628
vt 0.397630 0.669304
vt 0.134216 0.906599
vt 0.069121 0.853086
vt 0.016749 0.947373
vt 0.120208 0.955514
vt 0.240792 0.933226
vt 0.240881 0.918092
vt 0.216733 0.933736
vt 0.202467 0.902227
vt 0.200280 0.989742
vt 0.208670 0.953460
vt 0.189408 0.838356
vt 0.241159 0.872539
vt 0.141418 0.819357
vt 0.241384 0.835680
vt 0.241610 0.798754
vt 0.220947 0.700942
vt 0.242044 0.727755
vt 0.242421 0.703547
vt 0.138254 0.661136
vt 0.144580 0.734250
vt 0.225760 0.667764
vt 0.068097 0.731337
vt 0.067459 0.662961
vt 0.002491 0.644127
vt 0.001842 0.742339
vt 0.114268 0.578144
vt 0.173870 0.547759
vt 0.104485 0.528009
vt 0.063413 0.576036
vt 0.002885 0.568605
vt 0.002038 0.520755
vt 0.066569 0.517679
vt 0.015042 0.471085
vt -0.021835 0.472327
vt 0.243039 0.565044
vt 0.242898 0.588059
vt 0.242637 0.630684
vt 0.242437 0.663409
vt 0.311169 0.818529
vt 0.278975 0.797836
vt 0.319314 0.767083
vt 0.289263 0.749683
vt 0.277676 0.778258
vt 0.276316 0.757707
vt 0.317314 0.754227
vt 0.280294 0.818396
vt 0.320222 0.876948
vt 0.328853 0.829130
vt 0.331439 0.868979
vt 0.282127 0.853647
vt 0.303433 0.877457
vt 0.280805 0.878759
vt 0.329405 0.809722
vt 0.329102 0.791282
vt 0.309426 0.729786
vt 0.276503 0.752520
vt 0.280483 0.726110
vt 0.297996 0.723838
vt 0.280834 0.714365
vt 0.281098 -0.031720
vt 0.344946 0.061985
vt 0.306709 0.071315
vt 0.189383 0.030798
vt 0.257097 0.138573
vt 0.198514 0.103624
vt 0.236415 0.138299
vt 0.190427 0.126612
vt 0.243677 0.162893
vt 0.180981 0.214854
vt 0.107749 0.167466
vt 0.196926 0.215098
vt 0.360805 0.232774
vt 0.309660 0.285985
vt 0.298495 0.242399
vt 0.327416 0.188388
vt 0.270125 0.221497
vt 0.358149 0.160864
vt 0.293418 0.110704
vt 0.271915 0.173836
vt 0.411773 0.220345
vt 0.395737 0.137224
vt 0.358979 0.329334
vt 0.213018 0.014343
vt 0.744265 0.586900
vt 0.666380 0.601374
vt 0.695033 0.560127
vt 0.740778 0.555611
vt 0.798810 0.587968
vt 0.880940 0.542392
vt 0.882347 0.561470
vt 0.917593 0.558702
vt 0.916700 0.589674
vt 0.997140 0.581224
vt 0.866992 0.586542
vt 0.953368 0.670733
vt 1.008700 0.645682
vt 0.915595 0.669715
vt 0.888808 0.606208
vt 0.873160 0.675575
vt 0.833440 0.665832
vt 0.703899 0.638618
vt 0.752808 0.620941
vt 0.747181 0.690706
vt 0.778221 0.688876
vt 0.717372 0.693073
vt 0.666323 0.649760
vt 0.667380 0.673323
vt 0.804786 0.670643
vt 0.806649 0.659213
vt 1.008215 0.633007
vt 0.962995 0.697447
vt 0.996953 0.678405
vt 0.947881 0.796594
vt 0.851020 0.806618
vt 0.908427 0.801764
vt 0.908119 0.899252
vt 0.836694 0.922525
vt 0.873439 0.703720
vt 0.832523 0.687951
vt 0.806326 0.727241
vt 0.745983 0.798439
vt 0.710510 0.801236
vt 0.710165 0.710703
vt 0.689475 0.700970
vt 0.671290 0.755675
vt 0.668378 0.693580
vt 0.802510 0.882092
vt 0.774241 0.712887
vt 0.752712 0.914868
vt 0.677915 0.896455
vt 0.674531 0.824770
vt 0.726580 0.984189
vt 0.680127 0.940367
vt 0.682114 0.986427
vt 0.772636 0.982063
vt 0.889445 0.976359
vt 0.921958 0.975091
vt 0.959954 0.895267
vt 0.997963 0.930621
vt 0.949561 0.973336
vt 1.019892 0.881057
vt 1.022810 0.943262
vt 1.014339 0.762670
vt 1.012687 0.727458
vt 1.024081 0.970360
vt 0.827711 0.979485
vt 0.861419 0.977989
vt 0.661235 0.541286
vt 0.656592 0.442312
vt 0.722211 0.412164
vt 0.785160 0.494349
vt 0.853151 0.502668
vt 0.906775 0.495170
vt 0.918187 0.534849
vt 0.962642 0.521671
vt 0.882626 0.385314
vt 0.929731 0.467084
vt 0.916011 0.366106
vt 0.967262 0.364747
vt 0.916130 0.305890
vt 0.908904 0.263199
vt 0.941119 0.251686
vt 0.988176 0.299113
vt 0.908389 0.229276
vt 0.884616 0.228330
vt 0.825197 0.257396
vt 0.991458 0.274856
vt 0.990445 0.253268
vt 0.832185 0.227178
vt 0.994075 0.330644
vt 0.995597 0.363094
vt 0.997146 0.396114
vt 0.949379 0.421646
vt 1.003850 0.539049
vt 0.998561 0.426284
vt 0.651006 0.323218
vt 0.649652 0.293146
vt 0.685940 0.319062
vt 0.648141 0.268569
vt 0.698133 0.295433
vt 0.700859 0.267620
vt 0.725340 0.265947
vt 0.785970 0.300501
vt 0.759704 0.253731
vt 0.763577 0.342549
vt 0.794335 0.235687
vt 0.849080 0.321890
vt 0.739970 0.371024
vt 0.676072 0.347045
vt 0.814591 0.376693
vt 0.682119 0.404158
vt 0.653629 0.379134
vt 0.655178 0.412154
vt 1.225728 1.098202
vt 1.235672 1.071220
vt 1.250041 1.098327
vt 1.205660 1.083192
vt 1.262967 1.081468
vt 1.267337 1.136029
vt 1.290709 1.159712
vt 1.280475 1.185078
vt 1.235441 1.166460
vt 1.218302 1.252043
vt 1.195283 1.241307
vt 1.293109 1.299489
vt 1.236288 1.271218
vt 1.198665 1.160906
vt 1.158140 1.190583
vt 1.178080 1.123374
vt 1.154840 1.116066
vt 1.101393 1.181482
vt 1.109583 1.258655
vt 1.173954 1.235794
vt 1.076035 1.245255
vt 1.125117 1.132684
vt 1.112688 1.146476
vt 1.106424 1.087451
vt 1.124827 1.107258
vt 1.092740 1.155108
vt 1.061826 1.156495
vt 1.082303 1.073758
vt 1.057419 1.067129
vt 1.043432 1.152259
vt 0.992075 1.069025
vt 0.926129 1.067997
vt 0.992642 1.124021
vt 0.886781 1.098420
vt 0.895789 1.077719
vt 0.894537 1.122235
vt 0.925480 1.128183
vt 0.957782 1.120792
vt 0.164419 0.307714
vt 0.207849 0.295869
vt 0.228970 0.355922
vt 0.170188 0.271852
vt 0.237371 0.263121
vt 0.211899 0.265966
vt 0.133374 0.270922
vt 0.122038 0.254308
vt 0.144624 0.266975
vt 0.146381 0.251834
vt 0.154669 0.233430
vt 0.082224 0.173633
vt 0.166856 0.220586
vt 0.214107 0.225670
vt 0.137114 0.105832
vt 0.148587 0.057806
vt 0.253309 -0.012961
vt 0.118296 0.105247
vt 0.107046 0.085775
vt 0.344004 0.787023
vt 0.338276 0.815566
vt 0.338060 0.792835
vt 0.401885 0.768970
vt 0.400444 0.782564
vt 0.410508 0.787864
vt 0.406343 0.813537
vt 0.407661 0.762075
vt 0.406327 0.765748
vt 0.411914 0.760930
vt 1.293825 1.365199
vt 1.293849 1.390424
vt 1.278077 1.388346
vt 1.293881 1.325896
vt 1.293622 1.344490
vt 1.248406 1.353808
vt 1.248406 1.328386
vt 1.248406 1.392494
vt 1.248406 1.297871
vt 0.607964 0.992876
vt 0.617423 1.017771
vt 0.585016 0.973015
vt 0.566716 0.955707
vt 0.201808 0.996915
vt 0.154350 1.005912
vt 0.105625 0.991044
vt 0.064820 0.978892
vt 0.029712 0.967461
vt 0.001184 0.850013
vt 0.000615 0.943155
vt 0.359981 0.594270
vt 0.313395 0.608086
vt 0.535309 0.760438
vt 0.858223 0.384745
vt 0.874235 0.312310
vt 0.918883 0.697450
vt 1.010151 0.673379
vt 0.797351 0.696146
vt 0.817270 0.683567
vt 0.727146 0.715584
vt 1.062794 1.227789
vt 0.674555 0.667186
vt 0.674135 0.604701
vt 0.683409 0.676532
vt 0.683409 0.589316
vt 1.037643 1.385865
vt 1.039630 1.354584
vt 1.009146 1.388665
vt 1.011678 1.353858
vt 0.991491 1.389186
vt 0.978648 1.347738
vt 0.945111 1.309760
vt 0.938786 1.344027
vt 0.940777 1.348638
vt 0.953835 1.313703
vt 0.968901 1.307959
vt 0.969534 1.315817
vt 0.980391 1.287932
vt 0.980698 1.313558
vt 0.944881 1.290544
vt 0.980689 1.344188
vt 0.962459 1.270769
vt 0.974395 1.264137
vt 0.953854 1.262196
vt 1.129838 1.450433
vt 1.142949 1.373641
vt 1.086426 1.445544
vt 1.021706 1.408071
vt 1.082524 1.488711
vt 1.049064 1.479814
vt 1.118745 1.484418
vt 1.170621 1.437947
vt 1.171166 1.497176
vt 1.208466 1.480006
vt 1.209119 1.438520
vt 1.179166 1.371891
vt 1.194791 1.489617
vt 1.208463 1.371985
vt 1.205583 1.360376
vt 1.163800 1.334758
vt 1.159315 1.329249
vt 1.135813 1.325905
vt 1.158545 1.281545
vt 1.184395 1.287225
vt 1.193693 1.324491
vt 1.206113 1.303862
vt 1.206088 1.334520
vt 1.147561 1.276354
vt 1.135879 1.303161
vt 1.201043 1.276132
vt 1.176270 1.274104
vt 0.982537 1.403349
vt 0.951438 1.406121
vt 0.986375 1.417749
vt 0.962557 1.396807
vt 0.952853 1.378178
vt 0.902473 1.315654
vt 0.902473 1.346487
vt 0.905381 1.360375
vt 0.911129 1.317381
vt 0.925921 1.322027
vt 0.936963 1.316427
vt 0.925872 1.312263
vt 0.937493 1.293245
vt 0.902473 1.286642
vt 0.912187 1.264260
vt 0.930482 1.265735
vt 1.110770 1.360613
vt 1.090244 1.365210
vt 1.059532 1.367383
vt 1.073667 1.356312
vt 1.056937 1.348043
vt 1.059345 1.320118
vt 1.083601 1.312456
vt 1.083164 1.320216
vt 1.094181 1.314131
vt 1.072359 1.271520
vt 1.094181 1.296266
vt 1.059001 1.297278
vt 1.082449 1.270654
vt 1.062629 1.273656
vt 1.087381 1.266352
vt 1.095570 1.351756
vt 1.097938 1.316975
vt 1.132560 1.317946
vt 1.121696 1.311987
vt 1.109524 1.278830
vt 1.132811 1.294012
vt 1.097621 1.296544
vt 1.124231 1.268850
vt 1.104999 1.269128
vt 1.134373 1.355181
vt 1.134011 1.355291
vt 1.027359 1.318887
vt 1.008132 1.316568
vt 0.987439 1.302451
vt 0.984264 1.313049
vt 0.997189 1.285710
vt 1.026003 1.290135
vt 1.043444 1.316677
vt 1.041504 1.270297
vt 1.055357 1.312153
vt 1.055663 1.283298
vt 1.048303 1.265451
vt 1.016476 1.263508
vt 0.996363 1.262837
vt 0.984605 1.280998
vt 1.206783 1.355211
vt 1.182308 1.334940
vt 0.933699 1.194132
vt 0.928534 1.225348
vt 0.960304 1.199672
vt 0.917612 1.204253
vt 1.008866 1.200675
vt 0.996137 1.187244
vt 0.988408 1.211525
vt 1.010137 1.187101
vt 0.917669 1.186512
vt 0.974975 1.185417
vt 0.950682 1.179180
vt 0.927039 1.148674
vt 0.940437 1.144645
vt 0.956924 1.148537
vt 1.006901 1.157408
vt 0.992158 1.156012
vt 1.011456 1.217202
vt 1.006977 1.239417
vt 0.992051 1.242161
vt 0.965609 1.240569
vt 0.913680 1.223232
vt 1.013280 1.417256
vt 1.000513 1.421442
vt 0.965093 1.480759
vt 1.038151 1.458275
vt 1.003299 1.499078
vt 0.949558 1.433641
vt 1.029498 1.489094
vt 0.938013 1.375770
vt 0.902473 1.436045
vt 0.926779 1.404680
vt 0.922514 1.435609
vt 0.908300 1.468442
vt 0.623209 0.827160
vt 0.683718 0.752187
vt 0.618571 0.744874
vt 0.683345 0.802324
vt 0.596989 0.739697
vt 0.674507 0.952634
vt 0.683323 0.918147
vt 0.682600 0.873895
vt 0.655908 0.983801
vt 0.640169 0.903272
vt 0.624092 0.908056
vt 0.596119 0.941060
vt 0.591258 0.896994
vt 0.565608 0.910687
vt 0.509294 0.946545
vt 0.492279 0.803911
vt 0.487326 0.964018
vt 0.532873 0.928861
vt 0.475624 0.836738
vt 0.548143 0.938535
vt 0.541383 0.830114
vt 0.579795 0.815985
vt 0.536635 0.784619
vt 0.436902 0.810898
vt 0.446819 0.745045
vt 0.470553 0.758363
vt 0.505062 0.769994
vt 0.410807 0.801255
vt 0.411040 0.752917
vt 0.482253 0.754200
vt 0.410977 0.713257
vt 0.587262 0.739186
vt 0.570384 0.757135
vt 0.646267 0.706380
vt 0.663161 0.698851
vt 0.683409 0.713131
vt 0.630405 0.717156
vt 0.437701 0.650727
vt 0.434562 0.693948
vt 0.508248 0.749296
vt 0.486211 0.733631
vt 0.497011 0.544000
vt 0.517475 0.687885
vt 0.459054 0.555731
vt 0.429189 0.574272
vt 0.410807 0.590120
vt 0.410807 0.676440
vt 0.537805 0.701345
vt 0.541911 0.541687
vt 0.586665 0.715803
vt 0.559514 0.651088
vt 0.580494 0.625874
vt 0.612722 0.693001
vt 0.605320 0.628609
vt 0.618039 0.576609
vt 0.648456 0.667615
vt 0.584714 0.553696
vt 0.429069 0.961484
vt 0.410807 0.869936
vt 0.410807 0.952008
vt 0.442031 0.886436
vt 0.464605 0.896931
vt 0.426963 1.005638
vt 0.434390 1.020553
vt 0.410807 0.989528
vt 0.286198 0.683745
vt 0.296511 0.692367
vt 0.295624 0.656328
vt 0.313468 0.681200
vt 0.309960 0.654911
vt 0.335028 0.684538
vt 0.333752 0.656511
vt 0.346415 0.638667
vt 0.331960 0.631062
vt 0.328316 0.606419
vt 0.367034 0.593680
vt 0.297999 0.624899
vt 0.282105 0.646058
vt 0.274518 0.661968
vt 0.318284 0.709915
vt 0.344449 0.726013
vt 0.337893 0.750566
vt 0.326232 0.749124
vt 0.358517 0.778781
vt 0.366475 0.764733
vt 0.339536 0.837597
vt 0.340863 0.863828
vt 0.378424 0.882625
vt 0.343425 0.892617
vt 0.407021 0.853583
vt 0.405136 0.901174
vt 0.360868 0.918530
vt 0.407733 0.812576
vt 0.338418 0.896291
vt 0.311494 0.895008
vt 0.313084 0.919648
vt 0.279984 0.894702
vt 0.278355 0.924410
vt 0.306070 0.945536
vt 0.369738 0.948483
vt 0.404090 0.936832
vt 0.402955 0.948583
vt 0.382717 0.955306
vt 0.402385 0.958332
vt 0.401770 0.968884
vt 0.386518 0.962826
vt 0.409008 0.655314
vt 0.417289 0.657390
vt 0.388544 0.622468
vt 0.419394 0.617884
vt 0.411057 0.589198
vt 0.393163 0.650263
vt 0.400965 0.657762
vt 0.387748 0.663647
vt 0.346137 0.670762
vt 0.372979 0.673451
vt 0.412990 0.739982
vt 0.413606 0.718626
vt 0.361182 0.700722
vt 0.376021 0.700523
vt 0.400210 0.703033
vt 0.415188 0.699651
vt 0.406719 0.685224
vt 0.415637 0.688930
vt 0.397331 0.667381
vt 0.393779 0.679054
vt 0.000615 0.943160
vt 0.104176 0.941159
vt 0.016782 0.947367
vt 0.163591 0.905424
vt 0.174741 0.997921
vt 0.154328 1.005839
vt 0.142916 0.839434
vt 0.240882 0.917874
vt 0.240645 0.933222
vt 0.202998 0.837624
vt 0.241151 0.873791
vt 0.220745 0.933815
vt 0.072274 0.858196
vt 0.241374 0.837299
vt 0.241602 0.799989
vt 0.199854 0.727301
vt 0.242033 0.729504
vt 0.242422 0.703378
vt 0.142230 0.736455
vt 0.138625 0.656162
vt 0.225737 0.667647
vt 0.067991 0.744824
vt 0.067141 0.660138
vt 0.002493 0.644564
vt 0.001835 0.743509
vt 0.193837 0.554255
vt 0.147076 0.538670
vt 0.084292 0.576480
vt 0.104484 0.528013
vt 0.002878 0.568290
vt 0.001725 0.518895
vt 0.066567 0.517688
vt 0.010904 0.471798
vt -0.022141 0.472354
vt 0.242839 0.597680
vt 0.242638 0.630591
vt 0.242438 0.663352
vt 0.222106 0.699199
vt 0.323110 0.767077
vt 0.289287 0.749783
vt 0.278926 0.796877
vt 0.276354 0.758271
vt 0.277646 0.777807
vt 0.318293 0.754881
vt 0.311341 0.817602
vt 0.329402 0.814415
vt 0.328179 0.837299
vt 0.330604 0.860493
vt 0.303447 0.877820
vt 0.282432 0.847863
vt 0.280802 0.878811
vt 0.280324 0.818182
vt 0.320202 0.876925
vt 0.331507 0.869801
vt 0.329079 0.790925
vt 0.309040 0.728862
vt 0.288077 0.743043
vt 0.283625 0.752213
vt 0.275975 0.752543
vt 0.279757 0.725098
vt 0.282393 0.715541
vt 0.313854 0.740158
vt 0.344918 0.061943
vt 0.281098 -0.031721
vt 0.252579 -0.012319
vt 0.257120 0.138579
vt 0.189134 0.030821
vt 0.198566 0.103700
vt 0.236412 0.138296
vt 0.190437 0.126609
vt 0.107749 0.167463
vt 0.180982 0.214854
vt 0.196926 0.215098
vt 0.243674 0.162893
vt 0.309668 0.285982
vt 0.360805 0.232773
vt 0.298496 0.242398
vt 0.327417 0.188388
vt 0.270121 0.221499
vt 0.358149 0.160865
vt 0.304916 0.105236
vt 0.271914 0.173835
vt 0.395745 0.137236
vt 0.358979 0.329333
vt 0.213470 0.014114
vt 0.663760 0.595120
vt 0.697218 0.590915
vt 0.663130 0.581693
vt 0.704243 0.561657
vt 0.740425 0.589405
vt 0.755835 0.555946
vt 0.785392 0.583003
vt 0.913185 0.558543
vt 0.880828 0.549922
vt 0.915326 0.587733
vt 0.977987 0.574160
vt 0.882712 0.597081
vt 0.953368 0.670733
vt 1.008709 0.645679
vt 0.915437 0.669721
vt 1.005841 0.581487
vt 1.005096 0.565616
vt 0.822643 0.585025
vt 0.873172 0.675610
vt 0.833657 0.665885
vt 0.806606 0.659060
vt 0.752808 0.622288
vt 0.721177 0.638042
vt 0.747068 0.690714
vt 0.778222 0.688876
vt 0.717372 0.693073
vt 0.692687 0.682144
vt 0.666382 0.651037
vt 0.667428 0.673339
vt 0.804789 0.670640
vt 1.008305 0.635082
vt 0.996972 0.678386
vt 0.962996 0.697447
vt 0.947872 0.796539
vt 0.908431 0.801814
vt 0.850989 0.806631
vt 0.908084 0.899236
vt 0.828700 0.886083
vt 0.873439 0.703720
vt 0.832551 0.687970
vt 0.806318 0.727122
vt 0.714139 0.849166
vt 0.745967 0.798290
vt 0.710166 0.710713
vt 0.689478 0.701003
vt 0.668378 0.693579
vt 0.671283 0.755508
vt 0.761660 0.906280
vt 0.774241 0.712885
vt 0.674530 0.824743
vt 0.677912 0.896366
vt 0.726580 0.984190
vt 0.680128 0.940367
vt 0.682114 0.986424
vt 0.831302 0.936918
vt 0.772700 0.982060
vt 0.889443 0.976356
vt 0.921959 0.975094
vt 0.947776 0.926511
vt 1.022813 0.943333
vt 1.019881 0.880822
vt 0.992211 0.925326
vt 1.014339 0.762675
vt 1.012684 0.727392
vt 0.950339 0.973818
vt 0.827711 0.979486
vt 0.687402 0.411664
vt 0.661004 0.536378
vt 0.787286 0.478639
vt 0.861549 0.509365
vt 0.836429 0.473159
vt 0.906806 0.494730
vt 0.932077 0.519654
vt 0.924067 0.442597
vt 0.909678 0.356515
vt 0.962776 0.377413
vt 0.964518 0.309190
vt 0.862285 0.280576
vt 0.915786 0.274789
vt 0.938013 0.253441
vt 0.908485 0.228745
vt 0.821013 0.258953
vt 0.966020 0.254463
vt 0.993456 0.317462
vt 0.990503 0.254500
vt 0.828596 0.228163
vt 0.884472 0.227702
vt 0.996958 0.392116
vt 0.953233 0.467010
vt 1.002878 0.527153
vt 0.649700 0.291537
vt 0.659600 0.335316
vt 0.682874 0.318929
vt 0.694886 0.281577
vt 0.742118 0.298754
vt 0.735373 0.273506
vt 0.794420 0.286456
vt 0.761606 0.252847
vt 0.722949 0.265985
vt 0.648205 0.269157
vt 0.852609 0.314727
vt 0.749159 0.327270
vt 0.703194 0.358477
vt 0.781864 0.360050
vt 0.821776 0.372798
vt 0.733763 0.397161
vt 0.656633 0.443172
vt 0.655176 0.412121
vt 1.235676 1.071219
vt 1.225729 1.098201
vt 1.250041 1.098326
vt 1.205663 1.083186
vt 1.262966 1.081467
vt 1.267337 1.136039
vt 1.280550 1.185276
vt 1.290712 1.161126
vt 1.235435 1.166458
vt 1.218300 1.252043
vt 1.195286 1.241301
vt 1.293532 1.299162
vt 1.154831 1.116070
vt 1.178077 1.123379
vt 1.101464 1.181392
vt 1.158150 1.190568
vt 1.148842 1.240661
vt 1.076004 1.245239
vt 1.179258 1.235102
vt 1.202745 1.149755
vt 1.106424 1.087450
vt 1.061824 1.156495
vt 1.057357 1.067129
vt 1.043375 1.152229
vt 0.988330 1.068897
vt 0.926104 1.067982
vt 0.207850 0.295930
vt 0.165050 0.308727
vt 0.228983 0.356456
vt 0.170192 0.271853
vt 0.211893 0.265967
vt 0.237371 0.263120
vt 0.214103 0.225666
vt 0.122037 0.254306
vt 0.133374 0.270923
vt 0.144624 0.266975
vt 0.146382 0.251830
vt 0.154666 0.233433
vt 0.137099 0.105829
vt 0.149295 0.057318
vt 0.118297 0.105243
vt 0.082225 0.173632
vt 0.107033 0.085784
vt 0.338279 0.814198
vt 0.363521 0.815216
vt 0.344024 0.787065
vt 0.401885 0.768970
vt 0.400444 0.782565
vt 0.410507 0.787861
vt 0.407660 0.762076
vt 1.293822 1.365199
vt 1.278042 1.388350
vt 1.293613 1.344490
vt 1.293845 1.325896
vt 1.248406 1.353866
vt 0.608085 0.992879
vt 0.635722 0.993063
vt 0.618370 1.017089
vt 0.586070 0.973777
vt 0.208811 0.945279
vt 0.201616 0.994537
vt 0.092953 0.987104
vt 0.029712 0.967461
vt 0.001703 0.846806
vt 0.313296 0.608162
vt 0.545431 0.751517
vt 0.573601 0.728210
vt 0.534931 0.760378
vt 0.873633 0.360096
vt 0.998578 0.426647
vt 0.918892 0.697450
vt 0.797258 0.696208
vt 0.727150 0.715584
vt 1.062793 1.227789
vt 0.683409 0.677402
vt 0.674564 0.666540
vt 0.674149 0.604348
vt 0.176758 0.234032
vt 0.186282 0.255739
vt 0.154153 0.258945
vt 0.194259 0.235680
vt 0.158575 0.248951
vt 0.186274 0.255741
vt 0.176758 0.234032
vt 0.154153 0.258945
vt 0.194260 0.235681
vt 0.158573 0.248954
s 1
usemtl defaultSG
f 3/1/1 1/2/2 2/3/3
f 4/4/4 3/1/1 2/3/3
f 5/5/5 3/1/1 4/4/4
f 6/6/6 5/5/5 4/4/4
f 8/7/7 1/2/2 3/1/1
f 7/8/8 4/4/4 2/3/3
f 9/9/9 10/10/10 11/11/11
f 10/10/10 12/12/12 11/11/11
f 13/13/13 12/12/12 10/10/10
f 14/14/14 9/9/9 11/11/11
f 17/15/15 16/16/16 15/17/17
f 18/5/18 17/15/15 15/17/17
f 19/6/19 18/5/18 15/17/17
f 15/17/17 16/16/16 20/18/20
f 21/19/21 16/16/16 17/15/15
f 22/20/22 15/17/17 20/18/20
f 23/21/23 25/22/24 24/23/25
f 25/22/24 26/24/26 24/23/25
f 25/22/24 27/5/27 26/24/26
f 27/5/27 28/6/28 26/24/26
f 23/21/23 30/25/29 25/22/24
f 26/24/26 29/26/30 24/23/25
f 32/27/31 31/28/32 33/29/33
f 34/30/34 32/27/31 33/29/33
f 34/30/34 35/31/35 32/27/31
f 31/28/32 36/32/36 33/29/33
f 39/33/37 38/34/38 37/35/39
f 38/34/38 40/5/40 37/35/39
f 40/5/40 41/6/41 37/35/39
f 39/33/37 37/35/39 42/36/42
f 37/35/39 43/37/43 42/36/42
f 39/33/37 44/38/44 38/34/38
f 49/39/45 48/40/46 47/41/47
f 50/42/48 48/40/46 49/39/45
f 47/41/47 48/40/46 51/43/49
f 48/40/46 52/44/50 51/43/49
f 54/45/51 52/44/50 53/46/52
f 54/45/51 55/47/53 52/44/50
f 55/47/53 51/43/49 52/44/50
f 49/39/45 56/48/54 50/42/48
f 57/49/55 58/50/56 60/51/57
f 58/50/56 59/52/58 60/51/57
f 59/52/58 67/53/59 60/51/57
f 59/52/58 61/54/60 67/53/59
f 60/51/57 50/42/48 57/49/55
f 50/42/48 56/48/54 57/49/55
f 48/40/46 50/42/48 63/55/61
f 64/56/62 48/40/46 63/55/61
f 64/56/62 65/57/63 48/40/46
f 63/55/61 50/42/48 60/51/57
f 66/58/64 63/55/61 60/51/57
f 66/58/64 60/51/57 67/53/59
f 67/53/59 69/59/65 68/60/66
f 69/59/65 67/53/59 61/54/60
f 73/61/67 71/62/68 72/63/69
f 70/64/70 71/62/68 73/61/67
f 74/65/71 76/66/72 75/67/73
f 76/66/72 77/68/74 75/67/73
f 76/66/72 74/65/71 78/69/75
f 74/65/71 79/70/76 78/69/75
f 78/69/75 79/70/76 80/71/77
f 80/71/77 79/70/76 81/72/78
f 81/72/78 83/73/79 82/74/80
f 83/73/79 81/72/78 79/70/76
f 82/74/80 83/73/79 84/75/81
f 83/73/79 86/76/82 84/75/81
f 86/76/82 87/77/83 84/75/81
f 84/75/81 87/77/83 85/78/84
f 89/79/85 88/80/86 85/78/87
f 89/79/85 90/81/88 91/82/89
f 88/80/86 89/79/85 91/82/89
f 92/83/90 91/82/89 90/81/88
f 97/84/91 96/85/92 103/86/93
f 95/87/94 103/86/93 96/85/92
f 109/88/95 97/84/91 103/86/93
f 108/89/96 97/84/91 109/88/95
f 99/90/97 98/91/98 104/92/99
f 104/92/99 98/91/98 108/89/96
f 101/93/100 100/94/101 105/95/102
f 106/96/103 105/95/102 100/94/101
f 107/97/104 106/96/103 100/94/101
f 99/90/97 107/97/104 100/94/101
f 111/98/105 110/99/106 95/87/94
f 112/100/107 111/98/105 95/87/94
f 93/101/108 95/87/94 94/102/109
f 93/101/108 112/100/107 95/87/94
f 113/103/110 112/100/107 93/101/108
f 93/101/108 92/83/90 113/103/110
f 113/103/110 92/83/90 90/81/88
f 108/89/96 98/91/98 97/84/91
f 104/92/99 107/97/104 99/90/97
f 123/104/111 117/105/112 116/106/113
f 124/107/114 123/104/111 116/106/113
f 124/107/114 116/106/113 125/108/115
f 116/106/113 114/109/116 125/108/115
f 114/109/116 115/110/117 125/108/115
f 115/110/117 126/111/118 125/108/115
f 125/108/115 126/111/118 127/112/119
f 115/110/117 121/113/120 126/111/118
f 122/114/121 126/111/118 121/113/120
f 128/115/122 118/116/123 117/105/112
f 119/117/124 118/116/123 128/115/122
f 119/117/124 128/115/122 129/118/125
f 120/119/126 119/117/124 129/118/125
f 120/119/126 129/118/125 130/120/127
f 123/104/111 128/115/122 117/105/112
f 129/118/125 132/121/128 130/120/127
f 130/120/127 132/121/128 133/122/129
f 131/123/130 130/120/127 133/122/129
f 136/124/131 137/125/132 138/126/133
f 138/126/133 137/125/132 139/127/134
f 140/128/135 136/124/131 138/126/133
f 137/125/132 141/129/136 139/127/134
f 140/128/135 135/130/137 136/124/131
f 134/131/138 135/130/137 140/128/135
f 142/132/139 134/131/138 140/128/135
f 142/132/139 143/133/140 134/131/138
f 133/122/129 134/131/138 143/133/140
f 131/123/130 133/122/129 143/133/140
f 147/134/141 145/135/142 146/136/143
f 148/137/144 145/135/145 144/138/146
f 145/135/142 149/139/147 146/136/143
f 150/140/148 146/136/143 149/139/147
f 151/141/149 146/136/143 150/140/148
f 102/142/150 151/141/149 150/140/148
f 151/141/149 102/142/150 101/93/100
f 105/95/102 151/141/149 101/93/100
f 95/87/94 110/99/106 103/86/93
f 155/143/151 153/144/152 154/145/153
f 154/145/153 153/144/152 152/146/154
f 156/147/155 155/143/151 154/145/153
f 159/148/156 157/149/157 158/150/158
f 157/149/157 159/148/156 161/151/159
f 159/148/156 162/152/160 161/151/159
f 159/148/156 163/153/161 162/152/160
f 164/154/162 162/152/160 163/153/161
f 165/155/163 152/146/154 163/153/161
f 163/153/161 152/146/154 164/154/162
f 164/154/162 152/146/154 153/144/152
f 163/153/161 159/148/156 160/156/164
f 156/147/155 158/150/158 155/143/151
f 155/143/151 158/150/158 157/149/157
f 167/157/165 166/158/166 168/159/167
f 168/159/167 166/158/166 169/160/168
f 168/159/167 169/160/168 170/161/169
f 169/160/168 171/162/170 170/161/169
f 175/163/171 174/164/172 173/165/173
f 177/166/174 173/165/173 172/167/175
f 176/168/176 177/166/174 172/167/175
f 173/165/173 177/166/174 175/163/171
f 177/166/174 178/169/177 175/163/171
f 175/163/171 178/169/177 184/170/178
f 175/163/171 184/170/178 179/171/179
f 179/171/179 184/170/178 180/172/180
f 180/172/180 184/170/178 185/173/181
f 180/172/180 185/173/181 186/174/182
f 181/175/183 180/172/180 186/174/182
f 187/176/184 181/175/183 186/174/182
f 187/176/184 182/177/185 181/175/183
f 187/176/184 188/178/186 182/177/185
f 182/177/185 188/178/186 189/179/187
f 183/180/188 182/177/185 189/179/187
f 187/176/184 190/181/189 188/178/186
f 190/181/189 191/182/190 188/178/186
f 191/182/190 190/181/189 193/183/191
f 193/183/191 190/181/189 54/45/51
f 191/182/190 193/183/191 192/184/192
f 55/47/53 194/185/193 51/43/49
f 51/43/49 194/185/193 47/41/47
f 176/168/176 172/167/175 199/186/194
f 198/187/195 195/188/196 200/189/197
f 200/189/197 195/188/196 196/190/198
f 201/191/199 200/189/197 196/190/198
f 201/191/199 196/190/198 197/192/200
f 202/193/201 201/191/199 197/192/200
f 203/194/202 202/193/201 197/192/200
f 203/194/202 197/192/200 204/195/203
f 205/196/204 206/197/205 207/198/206
f 206/197/205 208/199/207 207/198/206
f 192/184/192 207/198/206 208/199/207
f 53/46/52 207/198/206 54/45/51
f 209/200/208 192/184/192 208/199/207
f 207/198/206 192/184/192 193/183/191
f 54/45/51 207/198/206 193/183/191
f 52/44/50 48/40/46 210/201/209
f 210/201/209 211/202/210 52/44/50
f 53/46/52 52/44/50 211/202/210
f 48/40/46 65/57/63 210/201/209
f 212/203/211 207/198/206 53/46/52
f 62/204/212 61/54/60 59/52/58
f 213/205/213 215/206/214 214/207/215
f 215/206/214 216/208/216 214/207/215
f 213/205/213 217/209/217 218/210/218
f 215/206/214 213/205/213 218/210/218
f 217/209/217 219/211/219 218/210/218
f 218/210/218 219/211/219 220/212/220
f 221/213/221 222/214/222 219/211/219
f 223/215/223 220/212/220 219/211/219
f 222/214/222 223/215/223 219/211/219
f 228/216/224 227/217/225 226/218/226
f 228/216/224 229/219/227 227/217/225
f 228/216/224 226/218/226 230/220/228
f 231/221/229 228/216/224 230/220/228
f 233/222/230 232/223/231 231/221/229
f 230/220/228 233/222/230 231/221/229
f 234/224/232 227/217/225 229/219/227
f 234/224/232 229/219/227 235/225/233
f 236/226/234 235/225/233 238/227/235
f 229/219/227 238/227/235 235/225/233
f 237/228/236 236/226/234 238/227/235
f 245/229/237 237/228/236 238/227/235
f 239/230/238 237/228/236 245/229/237
f 229/219/227 241/231/239 238/227/235
f 229/219/227 228/216/224 241/231/239
f 228/216/224 242/232/240 241/231/239
f 243/233/241 242/232/240 228/216/224
f 241/231/239 244/234/242 238/227/235
f 238/227/235 244/234/242 245/229/237
f 247/235/243 245/229/237 246/236/244
f 245/229/237 247/235/243 239/230/238
f 249/237/245 251/238/246 250/239/247
f 249/237/245 248/240/248 251/238/246
f 254/241/249 252/242/250 253/243/251
f 255/244/252 254/241/249 253/243/251
f 252/242/250 254/241/249 256/245/253
f 257/246/254 252/242/250 256/245/253
f 257/246/254 256/245/253 258/247/255
f 257/246/254 258/247/255 259/248/256
f 261/249/257 259/248/256 260/250/258
f 259/248/256 261/249/257 257/246/254
f 261/249/257 260/250/258 262/251/259
f 264/252/260 261/249/257 262/251/259
f 265/253/261 264/252/260 262/251/259
f 265/253/261 262/251/259 263/254/262
f 266/255/263 267/256/264 263/254/265
f 267/256/264 266/255/263 268/257/266
f 269/258/267 267/256/264 268/257/266
f 268/257/266 270/259/268 269/258/267
f 274/260/269 275/261/270 280/262/271
f 280/262/271 273/263/272 274/260/269
f 275/261/270 286/264/273 280/262/271
f 277/265/274 278/266/275 281/267/276
f 278/266/275 282/268/277 281/267/276
f 283/269/278 281/267/276 282/268/277
f 287/270/279 272/271/280 273/263/272
f 288/272/281 271/273/282 272/271/283
f 271/273/282 288/272/281 270/259/284
f 277/265/274 281/267/276 276/274/285
f 285/275/286 276/274/285 281/267/276
f 276/274/285 285/275/286 286/264/273
f 276/274/285 286/264/273 275/261/270
f 292/276/287 298/277/288 291/278/289
f 298/277/288 299/279/290 291/278/289
f 291/278/289 299/279/290 300/280/291
f 289/281/292 291/278/289 300/280/291
f 290/282/293 289/281/292 300/280/291
f 301/283/294 290/282/293 300/280/291
f 301/283/294 300/280/291 302/284/295
f 296/285/296 290/282/293 301/283/294
f 301/283/294 297/286/297 296/285/296
f 303/287/298 298/277/288 292/276/287
f 293/288/299 294/289/300 303/287/298
f 303/287/298 294/289/300 304/290/301
f 294/289/300 295/291/302 304/290/301
f 304/290/301 295/291/302 305/292/303
f 293/288/299 303/287/298 292/276/287
f 307/293/304 304/290/301 305/292/303
f 305/292/303 306/294/305 308/295/306
f 307/293/304 305/292/303 308/295/306
f 312/296/307 311/297/308 313/298/309
f 312/296/307 313/298/309 314/299/310
f 311/297/308 315/128/311 313/298/309
f 316/300/312 312/296/307 314/299/310
f 310/301/313 315/128/311 311/297/308
f 309/302/314 317/303/315 315/128/311
f 310/301/313 309/302/314 315/128/311
f 318/304/316 317/303/315 309/302/314
f 308/295/306 306/294/305 318/304/316
f 309/302/314 308/295/306 318/304/316
f 322/305/317 321/306/318 319/307/319
f 320/308/320 322/305/317 319/307/319
f 320/308/320 324/309/321 322/305/317
f 324/309/321 323/310/322 322/305/317
f 324/309/321 284/311/323 323/310/322
f 284/311/323 279/312/324 323/310/322
f 279/312/324 284/311/323 278/266/275
f 284/311/323 282/268/277 278/266/275
f 287/270/279 273/263/272 280/262/271
f 326/313/325 328/314/326 327/315/327
f 326/313/325 327/315/327 325/316/328
f 328/314/326 329/317/329 327/315/327
f 330/318/330 332/319/331 331/320/332
f 332/319/331 330/318/330 334/321/333
f 335/322/334 332/319/331 334/321/333
f 336/323/335 332/319/331 335/322/334
f 335/322/334 337/154/336 336/323/335
f 325/316/328 338/324/337 336/323/335
f 325/316/328 336/323/335 337/154/336
f 325/316/328 337/154/336 326/313/325
f 331/320/332 329/317/329 328/314/326
f 331/320/332 328/314/326 330/318/330
f 332/319/331 336/323/335 333/325/338
f 339/326/339 340/157/340 341/327/341
f 339/326/339 341/327/341 342/328/342
f 342/328/342 341/327/341 343/329/343
f 344/330/344 342/328/342 343/329/343
f 349/331/345 348/332/346 345/333/347
f 346/334/348 349/331/345 345/333/347
f 349/331/345 346/334/348 347/335/349
f 352/336/350 349/331/345 357/337/351
f 349/331/345 350/338/352 357/337/351
f 349/331/345 347/335/349 350/338/352
f 357/337/351 350/338/352 358/339/353
f 358/339/353 350/338/352 351/340/354
f 358/339/353 351/340/354 359/341/355
f 359/341/355 351/340/354 360/342/356
f 351/340/354 353/343/357 360/342/356
f 360/342/356 353/343/357 354/344/358
f 354/344/358 361/345/359 360/342/356
f 355/346/360 361/345/359 354/344/358
f 362/347/361 361/345/359 355/346/360
f 362/347/361 355/346/360 363/348/362
f 355/346/360 356/349/363 363/348/362
f 364/350/364 361/345/359 362/347/361
f 365/351/365 364/350/364 362/347/361
f 364/350/364 365/351/365 367/352/366
f 364/350/364 367/352/366 232/223/231
f 367/352/366 365/351/365 366/353/367
f 368/354/368 233/222/230 230/220/228
f 368/354/368 230/220/228 226/218/226
f 371/355/369 232/223/231 367/352/366
f 366/353/367 369/356/370 370/357/371
f 371/355/369 366/353/367 370/357/371
f 371/355/369 231/221/229 232/223/231
f 370/357/371 372/358/372 371/355/369
f 372/358/372 373/359/373 371/355/369
f 228/216/224 231/221/229 374/360/374
f 375/361/375 374/360/374 231/221/229
f 231/221/229 376/362/376 375/361/375
f 231/221/229 371/355/369 376/362/376
f 243/233/241 228/216/224 374/360/374
f 371/355/369 377/363/377 376/362/376
f 382/364/378 345/333/347 383/365/379
f 345/333/347 348/332/346 383/365/379
f 382/364/378 383/365/379 384/366/380
f 381/367/381 382/364/378 384/366/380
f 378/368/382 381/367/381 384/366/380
f 378/368/382 384/366/380 379/369/383
f 384/366/380 385/370/384 379/369/383
f 379/369/383 385/370/384 380/371/385
f 385/370/384 386/372/386 380/371/385
f 386/372/386 387/373/387 380/371/385
f 380/371/385 387/373/387 388/374/388
f 239/230/238 240/375/389 237/228/236
f 366/353/367 371/355/369 367/352/366
f 391/376/390 389/377/391 390/378/392
f 392/379/393 391/376/390 390/378/392
f 393/380/394 389/377/391 391/376/390
f 394/381/395 393/380/394 391/376/390
f 394/381/395 391/376/390 395/382/396
f 397/383/397 396/384/398 394/381/395
f 395/382/396 398/385/399 394/381/395
f 398/385/399 397/383/397 394/381/395
f 633/386/400 635/387/401 636/388/402
f 678/389/403 640/390/404 638/391/405
f 640/390/404 641/392/406 638/391/405
f 641/392/406 643/393/407 642/394/408
f 643/393/407 645/395/409 644/396/410
f 640/390/404 646/397/411 641/392/406
f 644/396/410 642/394/408 643/393/407
f 642/394/408 644/396/410 639/398/412
f 637/399/413 642/394/408 639/398/412
f 638/391/405 642/394/408 637/399/413
f 641/392/406 642/394/408 638/391/405
f 641/392/406 647/400/414 643/393/407
f 647/400/414 648/401/415 645/395/409
f 648/401/415 647/400/414 649/402/416
f 649/402/416 647/400/414 641/392/406
f 646/397/411 649/402/416 641/392/406
f 643/393/407 647/400/414 645/395/409
f 653/403/417 654/404/418 652/405/419
f 1078/406/420 657/407/421 655/408/422
f 654/404/418 657/407/421 1078/406/420
f 654/404/418 656/409/423 657/407/421
f 657/407/421 661/410/424 658/411/425
f 657/407/421 658/411/425 659/412/426
f 655/408/422 657/407/421 659/412/426
f 661/410/424 660/413/427 658/411/425
f 656/409/423 654/404/418 653/403/417
f 661/410/424 399/414/428 660/413/427
f 656/409/423 662/415/429 657/407/421
f 666/416/430 668/417/431 667/418/432
f 664/419/433 669/420/434 665/421/435
f 663/422/436 670/423/437 666/416/430
f 666/416/430 671/424/438 668/417/431
f 670/423/437 671/424/438 666/416/430
f 663/422/436 672/425/439 670/423/437
f 662/415/429 672/425/439 663/422/436
f 665/421/435 672/425/439 662/415/429
f 665/421/435 673/426/440 672/425/439
f 669/420/434 673/426/440 665/421/435
f 509/427/441 675/428/442 674/429/443
f 509/427/441 508/430/444 675/428/442
f 508/430/444 676/431/445 675/428/442
f 636/388/402 635/387/401 676/431/445
f 637/399/413 636/388/402 676/431/445
f 507/432/446 637/399/413 508/430/444
f 676/431/445 508/430/444 637/399/413
f 679/433/447 680/434/448 677/435/449
f 680/434/448 681/436/450 677/435/449
f 677/435/449 681/436/450 638/391/405
f 681/436/450 682/437/451 638/391/405
f 638/391/405 682/437/451 678/389/403
f 682/437/451 683/438/452 678/389/403
f 681/436/450 684/439/453 682/437/451
f 682/437/451 685/440/454 683/438/452
f 686/441/455 684/439/453 681/436/450
f 684/439/453 687/442/456 682/437/451
f 684/439/453 688/443/457 687/442/456
f 688/443/457 684/439/453 686/441/455
f 682/437/451 687/442/456 685/440/454
f 690/444/458 653/403/417 689/445/459
f 653/403/417 652/405/419 689/445/459
f 689/445/459 652/405/419 634/446/460
f 691/447/461 689/445/459 634/446/460
f 652/405/419 651/448/462 634/446/460
f 634/446/460 651/448/462 633/386/400
f 651/448/462 650/449/463 633/386/400
f 635/387/401 633/386/400 650/449/463
f 691/447/461 634/446/460 717/450/464
f 717/450/464 692/451/465 691/447/461
f 692/451/465 699/452/466 693/453/467
f 693/453/467 695/454/468 694/455/469
f 696/456/470 699/452/466 692/451/465
f 693/453/467 699/452/466 697/457/471
f 696/456/470 698/458/472 699/452/466
f 693/453/467 697/457/471 695/454/468
f 697/457/471 700/459/473 695/454/468
f 699/452/466 700/459/473 697/457/471
f 698/458/472 700/459/473 699/452/466
f 701/460/474 702/461/475 689/445/459
f 702/461/475 705/462/476 703/463/477
f 703/463/477 706/464/478 704/465/479
f 707/466/480 705/462/476 702/461/475
f 703/463/477 708/467/481 706/464/478
f 705/462/476 708/467/481 703/463/477
f 707/466/480 709/468/482 705/462/476
f 705/462/476 709/468/482 708/467/481
f 656/409/423 653/403/417 710/469/483
f 710/469/483 664/419/433 656/409/423
f 664/419/433 665/421/435 656/409/423
f 665/421/435 662/415/429 656/409/423
f 653/403/417 690/444/458 710/469/483
f 690/444/458 703/463/477 710/469/483
f 702/461/475 703/463/477 690/444/458
f 689/445/459 702/461/475 690/444/458
f 703/463/477 704/465/479 710/469/483
f 689/445/459 691/447/461 701/460/474
f 691/447/461 693/453/467 701/460/474
f 692/451/465 693/453/467 691/447/461
f 693/453/467 694/455/469 701/460/474
f 720/470/484 711/471/485 636/388/402
f 637/399/413 720/470/484 636/388/402
f 712/472/486 720/470/484 637/399/413
f 636/388/402 711/471/485 633/386/400
f 711/471/485 713/473/487 633/386/400
f 712/472/486 721/474/488 720/470/484
f 714/475/489 716/476/490 715/477/491
f 714/475/489 715/477/491 634/446/460
f 713/473/487 714/475/489 633/386/400
f 633/386/400 714/475/489 634/446/460
f 634/446/460 715/477/491 717/450/464
f 639/398/412 712/472/486 637/399/413
f 719/478/492 718/479/493 714/475/489
f 713/473/487 719/478/492 714/475/489
f 714/475/489 718/479/493 716/476/490
f 720/470/484 719/478/492 711/471/485
f 720/470/484 722/480/494 719/478/492
f 722/480/494 720/470/484 721/474/488
f 711/471/485 719/478/492 713/473/487
f 671/424/438 670/423/437 672/425/439
f 666/416/430 667/418/432 399/414/428
f 661/410/424 666/416/430 399/414/428
f 663/422/436 666/416/430 661/410/424
f 657/407/421 663/422/436 661/410/424
f 662/415/429 663/422/436 657/407/421
f 727/481/495 733/482/496 726/483/497
f 728/484/498 733/482/496 727/481/495
f 723/485/499 724/486/500 730/487/501
f 724/486/500 726/483/497 730/487/501
f 729/488/502 723/485/499 730/487/501
f 729/488/502 725/489/503 723/485/499
f 729/488/502 731/490/504 725/489/503
f 733/482/496 732/491/505 726/483/497
f 728/484/498 734/492/506 733/482/496
f 726/483/497 732/491/505 730/487/501
f 734/492/506 735/493/507 733/482/496
f 735/493/507 736/494/508 733/482/496
f 737/495/509 736/494/508 735/493/507
f 736/494/508 737/495/509 732/491/505
f 733/482/496 736/494/508 732/491/505
f 732/491/505 737/495/509 730/487/501
f 737/495/509 738/496/510 730/487/501
f 737/495/509 731/490/504 738/496/510
f 730/487/501 738/496/510 729/488/502
f 729/488/502 738/496/510 731/490/504
f 741/497/511 740/498/512 739/499/513
f 723/485/499 741/497/511 739/499/513
f 741/497/511 723/485/499 725/489/503
f 723/485/499 739/499/513 724/486/500
f 724/486/500 742/500/514 726/483/497
f 727/481/495 726/483/497 743/501/515
f 743/501/515 726/483/497 742/500/514
f 744/502/516 727/481/495 743/501/515
f 745/503/517 728/484/498 727/481/495
f 748/504/518 747/505/519 746/506/520
f 746/506/520 747/505/519 651/448/462
f 747/505/519 650/449/463 651/448/462
f 504/507/521 746/506/520 505/508/522
f 504/507/521 674/429/443 746/506/520
f 746/506/520 651/448/462 749/509/523
f 505/508/522 746/506/520 749/509/523
f 674/429/443 504/507/521 509/427/441
f 746/506/520 674/429/443 748/504/518
f 750/510/524 679/433/447 677/435/449
f 677/435/449 638/391/405 511/511/525
f 511/511/525 638/391/405 637/399/413
f 637/399/413 507/432/446 511/511/525
f 677/435/449 511/511/525 512/512/526
f 510/513/527 677/435/449 512/512/526
f 510/513/527 751/514/528 677/435/449
f 506/515/529 751/514/528 510/513/527
f 751/514/528 506/515/529 502/516/530
f 503/517/531 751/514/528 502/516/530
f 480/518/532 752/519/533 479/520/534
f 480/518/532 481/521/535 753/522/536
f 481/521/535 754/523/537 753/522/536
f 755/524/538 753/522/536 754/523/537
f 753/522/536 756/525/539 480/518/532
f 755/524/538 757/526/540 753/522/536
f 758/527/541 760/528/542 759/529/543
f 761/530/544 757/526/540 758/527/541
f 761/530/544 758/527/541 762/531/545
f 761/530/544 762/531/545 763/532/546
f 761/530/544 763/532/546 764/533/547
f 764/533/547 763/532/546 766/534/548
f 765/535/549 762/531/545 759/529/543
f 762/531/545 758/527/541 759/529/543
f 760/528/542 767/536/550 759/529/543
f 770/537/551 772/538/552 771/539/553
f 769/540/554 766/534/548 768/541/555
f 766/534/548 769/540/554 773/542/556
f 478/543/557 752/519/533 773/542/556
f 480/518/532 756/525/539 752/519/533
f 776/544/558 774/545/559 777/546/560
f 774/545/559 775/547/561 777/546/560
f 497/548/562 773/542/556 776/544/558
f 776/544/558 773/542/556 774/545/559
f 777/546/560 775/547/561 778/549/563
f 497/548/562 478/543/557 773/542/556
f 777/546/560 778/549/563 779/550/564
f 496/551/565 777/546/560 779/550/564
f 496/551/565 779/550/564 501/552/566
f 496/551/565 776/544/558 777/546/560
f 478/543/557 479/520/534 752/519/533
f 755/524/538 485/553/567 780/554/568
f 485/553/567 755/524/538 754/523/537
f 782/555/569 781/556/570 482/557/571
f 498/558/572 782/555/569 482/557/571
f 499/559/573 783/560/574 782/555/569
f 499/559/573 782/555/569 498/558/572
f 499/559/573 403/561/575 783/560/574
f 404/562/576 403/561/575 499/559/573
f 500/563/577 404/562/576 499/559/573
f 403/561/575 402/564/578 783/560/574
f 783/560/574 402/564/578 782/555/569
f 402/564/578 401/565/579 782/555/569
f 782/555/569 401/565/579 781/556/570
f 781/556/570 401/565/579 400/566/580
f 484/567/581 784/568/582 486/569/583
f 784/568/582 785/570/584 486/569/583
f 785/570/584 786/571/585 486/569/583
f 786/571/585 494/572/586 488/573/587
f 494/572/586 491/574/588 488/573/587
f 486/569/583 786/571/585 487/575/589
f 487/575/589 786/571/585 488/573/587
f 494/572/586 786/571/585 495/576/590
f 786/571/585 785/570/584 495/576/590
f 495/576/590 785/570/584 400/566/580
f 784/568/582 400/566/580 785/570/584
f 781/556/570 400/566/580 784/568/582
f 789/577/591 788/578/592 787/579/593
f 790/580/594 787/579/593 775/547/561
f 787/579/593 790/580/594 789/577/591
f 771/539/553 772/538/552 790/580/594
f 790/580/594 791/581/595 789/577/591
f 772/538/552 791/581/595 790/580/594
f 772/538/552 792/582/596 791/581/595
f 771/539/553 790/580/594 775/547/561
f 775/547/561 787/579/593 778/549/563
f 774/545/559 771/539/553 775/547/561
f 770/537/551 771/539/553 774/545/559
f 773/542/556 770/537/551 774/545/559
f 769/540/554 770/537/551 773/542/556
f 789/577/591 791/581/595 793/583/597
f 797/584/598 794/585/599 796/586/600
f 797/584/598 798/587/601 794/585/599
f 795/588/602 428/589/603 799/590/604
f 799/590/604 428/589/603 800/591/605
f 428/589/603 794/585/599 800/591/605
f 794/585/599 798/587/601 800/591/605
f 829/592/606 800/591/605 798/587/601
f 433/593/607 798/587/601 797/584/598
f 430/594/608 431/595/609 796/586/600
f 796/586/600 794/585/599 430/594/608
f 429/596/610 430/594/608 794/585/599
f 428/589/603 429/596/610 794/585/599
f 428/589/603 795/588/602 427/597/611
f 427/597/611 795/588/602 426/598/612
f 801/599/613 426/598/612 795/588/602
f 802/600/614 426/598/612 801/599/613
f 425/601/615 426/598/612 802/600/614
f 802/600/614 804/602/616 425/601/615
f 802/600/614 803/603/617 804/602/616
f 806/604/618 415/605/619 805/606/620
f 415/605/619 417/607/621 805/606/620
f 806/604/618 807/608/622 415/605/619
f 415/605/619 807/608/622 414/609/623
f 807/608/622 809/610/624 808/611/625
f 807/608/622 806/604/618 809/610/624
f 808/611/625 810/612/626 807/608/622
f 807/608/622 810/612/626 414/609/623
f 414/609/623 810/612/626 413/613/627
f 413/613/627 810/612/626 411/614/628
f 810/612/626 811/615/629 411/614/628
f 412/616/630 411/614/628 811/615/629
f 812/617/631 412/616/630 811/615/629
f 813/618/632 812/617/631 811/615/629
f 814/619/633 813/618/632 811/615/629
f 815/620/634 813/618/632 814/619/633
f 810/612/626 814/619/633 811/615/629
f 814/619/633 810/612/626 816/621/635
f 816/621/635 810/612/626 817/622/636
f 817/622/636 818/623/637 816/621/635
f 819/624/638 820/625/639 818/623/637
f 816/621/635 818/623/637 820/625/639
f 808/611/625 817/622/636 810/612/626
f 821/626/640 823/627/641 822/628/642
f 819/624/638 823/627/641 821/626/640
f 819/624/638 821/626/640 820/625/639
f 824/629/643 825/630/644 826/631/645
f 826/631/645 459/632/646 458/633/647
f 826/631/645 460/634/648 459/632/646
f 828/635/649 800/591/605 827/636/650
f 829/592/606 827/636/650 800/591/605
f 829/592/606 830/637/651 827/636/650
f 830/637/651 825/630/644 827/636/650
f 800/591/605 828/635/649 799/590/604
f 831/638/652 801/599/613 795/588/602
f 834/639/653 833/640/654 832/641/655
f 834/639/653 832/641/655 835/642/656
f 831/638/652 835/642/656 832/641/655
f 836/643/657 838/644/658 837/645/659
f 831/638/652 839/646/660 835/642/656
f 832/641/655 801/599/613 831/638/652
f 799/590/604 831/638/652 795/588/602
f 840/647/661 799/590/604 828/635/649
f 825/630/644 841/648/662 827/636/650
f 841/648/662 828/635/649 827/636/650
f 831/638/652 799/590/604 840/647/661
f 840/647/661 839/646/660 831/638/652
f 839/646/660 836/643/657 835/642/656
f 841/648/662 842/649/663 828/635/649
f 842/649/663 840/647/661 828/635/649
f 838/644/658 836/643/657 839/646/660
f 840/647/661 842/649/663 838/644/658
f 839/646/660 840/647/661 838/644/658
f 846/650/664 845/651/665 844/652/666
f 846/650/664 844/652/666 847/653/667
f 850/654/668 851/655/669 849/656/670
f 849/656/670 851/655/669 852/657/671
f 1065/658/672 853/659/673 849/656/670
f 852/657/671 1065/658/672 849/656/670
f 846/650/664 1065/658/672 852/657/671
f 848/660/674 846/650/664 852/657/671
f 852/657/671 851/655/669 854/661/675
f 848/660/674 1073/662/676 846/650/664
f 846/650/664 1073/662/676 845/651/665
f 855/663/677 852/657/671 854/661/675
f 848/660/674 852/657/671 855/663/677
f 856/664/678 848/660/674 855/663/677
f 407/665/679 848/660/674 856/664/678
f 857/666/680 407/665/679 856/664/678
f 407/665/679 857/666/680 408/667/681
f 859/668/682 858/669/683 407/665/679
f 406/670/684 859/668/682 407/665/679
f 861/671/685 858/669/683 859/668/682
f 860/672/686 861/671/685 859/668/682
f 860/672/686 862/673/687 861/671/685
f 862/673/687 1071/674/688 861/671/685
f 863/675/689 859/668/682 864/676/690
f 866/677/691 863/675/689 864/676/690
f 863/675/689 866/677/691 865/678/692
f 867/679/693 865/678/692 868/680/694
f 865/678/692 869/681/695 868/680/694
f 866/677/691 869/681/695 865/678/692
f 867/679/693 862/673/687 865/678/692
f 868/680/694 871/682/696 870/683/697
f 868/680/694 869/681/695 871/682/696
f 860/672/686 859/668/682 863/675/689
f 865/678/692 860/672/686 863/675/689
f 862/673/687 860/672/686 865/678/692
f 873/684/698 864/676/690 872/685/699
f 864/676/690 874/686/700 872/685/699
f 864/676/690 406/670/684 874/686/700
f 859/668/682 406/670/684 864/676/690
f 874/686/700 406/670/684 405/687/701
f 878/688/702 877/689/703 876/690/704
f 876/690/704 877/689/703 883/691/705
f 877/689/703 879/692/706 883/691/705
f 883/691/705 879/692/706 875/693/707
f 883/691/705 424/694/708 876/690/704
f 878/688/702 880/695/709 877/689/703
f 881/696/710 878/688/702 421/697/711
f 881/696/710 421/697/711 416/698/712
f 881/696/710 882/699/713 878/688/702
f 882/699/713 881/696/710 409/700/714
f 410/701/715 882/699/713 409/700/714
f 882/699/713 880/695/709 878/688/702
f 421/697/711 878/688/702 422/702/716
f 423/703/717 422/702/716 878/688/702
f 878/688/702 876/690/704 423/703/717
f 883/691/705 436/704/718 424/694/708
f 883/691/705 875/693/707 884/705/719
f 885/706/720 436/704/718 883/691/705
f 885/706/720 435/707/721 436/704/718
f 435/707/721 885/706/720 434/708/722
f 886/709/723 907/710/724 903/711/725
f 888/712/726 890/713/727 889/714/728
f 889/714/728 890/713/727 891/715/729
f 891/715/729 892/716/730 889/714/728
f 891/715/729 893/717/731 892/716/730
f 468/718/732 894/719/733 469/720/734
f 894/719/733 892/716/730 469/720/734
f 893/717/731 469/720/734 892/716/730
f 891/715/729 890/713/727 893/717/731
f 899/721/735 898/722/736 897/723/737
f 897/723/737 900/724/738 899/721/735
f 900/724/738 897/723/737 896/725/739
f 899/721/735 900/724/738 901/726/740
f 901/726/740 902/727/741 903/711/725
f 901/726/740 900/724/738 902/727/741
f 902/727/741 900/724/738 904/728/742
f 902/727/741 904/728/742 890/713/727
f 899/721/735 901/726/740 905/729/743
f 901/726/740 906/730/744 905/729/743
f 901/726/740 907/710/724 906/730/744
f 901/726/740 903/711/725 907/710/724
f 899/721/735 905/729/743 908/731/745
f 898/722/736 899/721/735 908/731/745
f 900/724/738 896/725/739 904/728/742
f 904/728/742 893/717/731 890/713/727
f 893/717/731 904/728/742 896/725/739
f 890/713/727 888/712/726 902/727/741
f 888/712/726 887/732/746 902/727/741
f 903/711/725 902/727/741 887/732/746
f 909/733/747 910/734/748 957/735/749
f 913/736/750 909/733/747 957/735/749
f 909/733/747 913/736/750 911/737/751
f 915/738/752 914/739/753 911/737/751
f 917/740/754 916/741/755 914/739/753
f 917/740/754 914/739/753 915/738/752
f 918/742/756 916/741/755 917/740/754
f 919/743/757 914/739/753 916/741/755
f 438/744/758 916/741/755 918/742/756
f 441/745/759 438/744/758 918/742/756
f 438/744/758 437/746/760 916/741/755
f 919/743/757 916/741/755 920/747/761
f 911/737/751 914/739/753 919/743/757
f 921/748/762 919/743/757 920/747/761
f 911/737/751 919/743/757 921/748/762
f 921/748/762 439/749/763 911/737/751
f 923/750/764 922/751/765 457/752/766
f 922/751/765 448/753/767 457/752/766
f 923/750/764 457/752/766 454/754/768
f 922/751/765 910/734/748 909/733/747
f 923/750/764 910/734/748 922/751/765
f 923/750/764 924/755/769 910/734/748
f 924/755/769 923/750/764 453/756/770
f 454/754/768 453/756/770 923/750/764
f 447/757/771 448/753/767 922/751/765
f 922/751/765 911/737/751 447/757/771
f 447/757/771 911/737/751 440/758/772
f 911/737/751 439/749/763 440/758/772
f 921/748/762 920/747/761 437/746/760
f 437/746/760 920/747/761 916/741/755
f 925/759/773 441/745/759 918/742/756
f 444/760/774 445/761/775 926/762/776
f 929/763/777 928/764/778 930/765/779
f 929/763/777 930/765/779 932/766/780
f 443/767/781 928/764/778 929/763/777
f 929/763/777 933/768/782 443/767/781
f 934/769/783 933/768/782 929/763/777
f 936/770/784 937/771/785 452/772/786
f 937/771/785 455/773/787 452/772/786
f 938/774/788 456/775/789 455/773/787
f 455/773/787 937/771/785 938/774/788
f 939/776/790 936/770/784 935/777/791
f 935/777/791 934/769/783 939/776/790
f 940/778/792 936/770/784 939/776/790
f 940/778/792 937/771/785 936/770/784
f 940/778/792 941/779/793 937/771/785
f 941/779/793 942/780/794 937/771/785
f 940/778/792 943/781/795 941/779/793
f 943/781/795 944/782/796 941/779/793
f 945/783/797 944/782/796 943/781/795
f 939/776/790 946/784/798 940/778/792
f 939/776/790 934/769/783 929/763/777
f 939/776/790 929/763/777 932/766/780
f 946/784/798 939/776/790 932/766/780
f 930/765/779 947/785/799 932/766/780
f 931/786/800 947/785/799 930/765/779
f 948/787/801 949/788/802 953/789/803
f 953/789/803 931/786/800 930/765/779
f 948/787/801 953/789/803 930/765/779
f 930/765/779 928/764/778 948/787/801
f 928/764/778 926/762/776 948/787/801
f 950/790/804 951/791/805 949/788/802
f 952/792/806 950/790/804 926/762/776
f 952/792/806 926/762/776 445/761/775
f 927/793/807 952/792/806 445/761/775
f 950/790/804 948/787/801 926/762/776
f 949/788/802 948/787/801 950/790/804
f 953/789/803 949/788/802 955/794/808
f 949/788/802 951/791/805 955/794/808
f 932/766/780 947/785/799 956/795/809
f 956/795/809 946/784/798 932/766/780
f 947/785/799 954/796/810 956/795/809
f 940/778/792 946/784/798 943/781/795
f 1074/797/811 958/798/812 957/735/749
f 913/736/750 959/799/813 960/800/814
f 915/738/752 911/737/751 961/801/815
f 915/738/752 961/801/815 962/802/816
f 913/736/750 960/800/814 911/737/751
f 962/802/816 963/803/817 915/738/752
f 963/803/817 917/740/754 915/738/752
f 982/804/818 917/740/754 963/803/817
f 982/804/818 918/742/756 917/740/754
f 962/802/816 965/805/819 964/806/820
f 966/807/821 964/806/820 965/805/819
f 968/808/822 966/807/821 967/809/823
f 969/810/824 968/808/822 967/809/823
f 969/810/824 971/811/825 970/812/826
f 969/810/824 972/813/827 971/811/825
f 972/813/827 969/810/824 973/814/828
f 974/815/829 973/814/828 969/810/824
f 970/812/826 971/811/825 975/816/830
f 971/811/825 976/817/831 975/816/830
f 974/815/829 977/818/832 973/814/828
f 978/819/833 969/810/824 970/812/826
f 969/810/824 978/819/833 979/820/834
f 968/808/822 969/810/824 979/820/834
f 980/821/835 968/808/822 979/820/834
f 982/804/818 981/822/836 968/808/822
f 982/804/818 964/806/820 981/822/836
f 984/823/837 982/804/818 983/824/838
f 918/742/756 982/804/818 984/823/837
f 964/806/820 982/804/818 963/803/817
f 963/803/817 962/802/816 964/806/820
f 966/807/821 981/822/836 964/806/820
f 981/822/836 966/807/821 968/808/822
f 988/825/839 985/826/840 987/827/841
f 985/826/840 986/828/842 989/829/843
f 986/828/842 990/830/844 989/829/843
f 989/829/843 990/830/844 991/831/845
f 992/832/846 989/829/843 991/831/845
f 991/831/845 993/833/847 992/832/846
f 989/829/843 992/832/846 994/834/848
f 987/827/841 989/829/843 994/834/848
f 985/826/840 989/829/843 987/827/841
f 993/833/847 974/815/829 992/832/846
f 995/835/849 977/818/832 974/815/829
f 993/833/847 995/835/849 974/815/829
f 992/832/846 974/815/829 996/836/850
f 987/827/841 994/834/848 999/837/851
f 997/838/852 987/827/841 999/837/851
f 987/827/841 997/838/852 988/825/839
f 998/839/853 960/800/814 994/834/848
f 998/839/853 961/801/815 960/800/814
f 911/737/751 960/800/814 961/801/815
f 913/736/750 957/735/749 959/799/813
f 957/735/749 1000/840/854 959/799/813
f 957/735/749 958/798/812 1000/840/854
f 999/837/851 994/834/848 960/800/814
f 959/799/813 999/837/851 960/800/814
f 997/838/852 999/837/851 959/799/813
f 997/838/852 1000/840/854 1001/841/855
f 988/825/839 997/838/852 1001/841/855
f 1000/840/854 997/838/852 959/799/813
f 1002/842/856 1001/841/855 1000/840/854
f 1002/842/856 1000/840/854 958/798/812
f 1005/843/857 1004/844/858 1003/845/859
f 1004/844/858 1005/843/857 1017/846/860
f 1007/847/861 1003/845/859 1004/844/858
f 1007/847/861 1006/848/862 1003/845/859
f 1008/849/863 1010/850/864 1006/848/862
f 1007/847/861 1008/849/863 1006/848/862
f 1009/851/865 1006/848/862 1010/850/864
f 1010/850/864 1011/852/866 1009/851/865
f 1012/853/867 1009/851/865 1011/852/866
f 1010/850/864 1008/849/863 1013/854/868
f 1014/855/869 1011/852/866 1010/850/864
f 1015/856/870 1020/857/871 1016/858/872
f 1016/858/872 1018/859/873 1017/846/860
f 1019/860/874 1018/859/873 1020/857/871
f 1020/857/871 1018/859/873 1016/858/872
f 1020/857/871 1021/861/875 1019/860/874
f 1021/861/875 1020/857/871 1022/862/876
f 1021/861/875 1023/863/877 1019/860/874
f 1015/856/870 1022/862/876 1020/857/871
f 1022/862/876 1015/856/870 1012/853/867
f 1012/853/867 1015/856/870 1009/851/865
f 1026/864/878 1025/865/879 1024/866/880
f 1027/867/881 1026/864/878 1024/866/880
f 1028/868/882 1024/866/880 1025/865/879
f 1028/868/882 1029/869/883 1024/866/880
f 1031/870/884 1024/866/880 1030/871/885
f 1029/869/883 1032/872/886 1024/866/880
f 1033/873/887 1030/871/885 1024/866/880
f 1034/874/888 1033/873/887 1024/866/880
f 1034/874/888 1024/866/880 1032/872/886
f 1032/872/886 1035/875/889 1034/874/888
f 1036/876/890 1037/877/891 1034/874/888
f 1038/878/892 1036/876/890 1034/874/888
f 1039/879/893 1038/878/892 1034/874/888
f 1040/880/894 1039/879/893 1034/874/888
f 1035/875/889 1040/880/894 1034/874/888
f 1041/881/895 1042/882/896 1043/883/897
f 1042/882/896 1041/881/895 463/884/898
f 1043/883/897 1042/882/896 898/722/736
f 898/722/736 1042/882/896 471/885/899
f 897/723/737 898/722/736 471/885/899
f 897/723/737 471/885/899 896/725/739
f 471/885/899 1042/882/896 462/886/900
f 463/884/898 462/886/900 1042/882/896
f 1041/881/895 1044/887/901 463/884/898
f 1044/887/901 1045/888/902 464/889/903
f 465/890/904 464/889/903 1045/888/902
f 1045/888/902 894/719/733 466/891/905
f 463/884/898 1044/887/901 464/889/903
f 894/719/733 1045/888/902 895/892/906
f 465/890/904 1045/888/902 466/891/905
f 468/718/732 467/893/907 894/719/733
f 467/893/907 466/891/905 894/719/733
f 1043/883/897 898/722/736 908/731/745
f 469/720/734 893/717/731 470/894/908
f 896/725/739 471/885/899 470/894/908
f 470/894/908 893/717/731 896/725/739
f 894/719/733 1046/895/909 892/716/730
f 1046/895/909 889/714/728 892/716/730
f 1047/896/910 889/714/728 1046/895/909
f 1047/896/910 888/712/726 889/714/728
f 1048/897/911 903/711/725 887/732/746
f 886/709/723 903/711/725 1048/897/911
f 895/892/906 1049/898/912 1046/895/909
f 1046/895/909 1050/899/913 1047/896/910
f 1050/899/913 1046/895/909 1049/898/912
f 895/892/906 1046/895/909 894/719/733
f 420/900/914 805/606/620 418/901/915
f 417/607/621 418/901/915 805/606/620
f 420/900/914 418/901/915 419/902/916
f 805/606/620 420/900/914 804/602/616
f 804/602/616 420/900/914 425/601/615
f 803/603/617 833/640/654 474/903/917
f 472/904/918 803/603/617 474/903/917
f 804/602/616 803/603/617 472/904/918
f 473/905/919 804/602/616 472/904/918
f 805/606/620 804/602/616 473/905/919
f 473/905/919 1051/906/920 805/606/620
f 809/610/624 806/604/618 1051/906/920
f 1051/906/920 806/604/618 805/606/620
f 476/907/921 475/908/922 474/903/917
f 833/640/654 476/907/921 474/903/917
f 476/907/921 833/640/654 834/639/653
f 477/909/923 476/907/921 834/639/653
f 1054/910/924 1056/911/925 1055/912/926
f 1053/913/927 1052/914/928 1057/915/929
f 1058/916/930 1053/913/927 1057/915/929
f 1057/915/929 1052/914/928 1054/910/924
f 1057/915/929 1054/910/924 1055/912/926
f 1059/917/931 1057/915/929 1055/912/926
f 1013/854/868 1053/913/927 1058/916/930
f 1060/918/932 1013/854/868 1058/916/930
f 1013/854/868 1060/918/932 1010/850/864
f 1014/855/869 1010/850/864 1060/918/932
f 1009/851/865 1003/845/859 1006/848/862
f 1005/843/857 1003/845/859 1009/851/865
f 1015/856/870 1005/843/857 1009/851/865
f 1015/856/870 1016/858/872 1005/843/857
f 1017/846/860 1005/843/857 1016/858/872
f 762/531/545 1061/919/933 763/532/546
f 1062/920/934 1061/919/933 762/531/545
f 1062/920/934 762/531/545 765/535/549
f 763/532/546 1061/919/933 1063/921/935
f 763/532/546 1063/921/935 1064/922/936
f 766/534/548 763/532/546 1064/922/936
f 766/534/548 1064/922/936 768/541/555
f 1065/658/672 847/653/667 1066/923/937
f 846/650/664 847/653/667 1065/658/672
f 1066/923/937 847/653/667 1067/924/938
f 1067/924/938 847/653/667 1068/925/939
f 1069/926/940 1068/925/939 847/653/667
f 844/652/666 1069/926/940 847/653/667
f 844/652/666 1070/927/941 1069/926/940
f 845/651/665 861/671/685 1071/674/688
f 1071/674/688 1072/928/942 845/651/665
f 845/651/665 1072/928/942 843/929/943
f 843/929/943 844/652/666 845/651/665
f 861/671/685 845/651/665 858/669/683
f 848/660/674 407/665/679 858/669/683
f 848/660/674 858/669/683 1073/662/676
f 845/651/665 1073/662/676 858/669/683
f 957/735/749 910/734/748 1074/797/811
f 830/637/651 460/634/648 826/631/645
f 830/637/651 826/631/645 825/630/644
f 798/587/601 830/637/651 829/592/606
f 461/930/944 460/634/648 830/637/651
f 798/587/601 461/930/944 830/637/651
f 433/593/607 461/930/944 798/587/601
f 433/593/607 797/584/598 432/931/945
f 797/584/598 796/586/600 432/931/945
f 432/931/945 796/586/600 431/595/609
f 484/567/581 483/932/946 784/568/582
f 483/932/946 781/556/570 784/568/582
f 483/932/946 482/557/571 781/556/570
f 909/733/747 911/737/751 922/751/765
f 992/832/846 998/839/853 994/834/848
f 998/839/853 996/836/850 1075/933/947
f 961/801/815 998/839/853 1075/933/947
f 961/801/815 1075/933/947 962/802/816
f 1075/933/947 965/805/819 962/802/816
f 965/805/819 1076/934/948 966/807/821
f 1076/934/948 967/809/823 966/807/821
f 967/809/823 1076/934/948 969/810/824
f 1076/934/948 974/815/829 969/810/824
f 1076/934/948 996/836/850 974/815/829
f 1076/934/948 965/805/819 1075/933/947
f 996/836/850 1076/934/948 1075/933/947
f 998/839/853 992/832/846 996/836/850
f 982/804/818 968/808/822 983/824/838
f 980/821/835 983/824/838 968/808/822
f 756/525/539 753/522/536 761/530/544
f 753/522/536 757/526/540 761/530/544
f 764/533/547 756/525/539 761/530/544
f 752/519/533 756/525/539 764/533/547
f 764/533/547 766/534/548 752/519/533
f 773/542/556 752/519/533 766/534/548
f 832/641/655 833/640/654 803/603/617
f 832/641/655 803/603/617 802/600/614
f 802/600/614 801/599/613 832/641/655
f 444/760/774 926/762/776 442/935/949
f 928/764/778 442/935/949 926/762/776
f 928/764/778 443/767/781 442/935/949
f 445/761/775 446/936/950 927/793/807
f 933/768/782 934/769/783 450/937/951
f 449/938/952 933/768/782 450/937/951
f 934/769/783 935/777/791 450/937/951
f 451/939/953 935/777/791 936/770/784
f 936/770/784 452/772/786 451/939/953
f 1023/863/877 1077/940/954 1019/860/874
f 489/941/955 492/942/956 490/943/957
f 493/944/958 490/943/957 492/942/956
f 1080/945/959 1079/946/960 1081/947/961
f 1082/948/962 1081/947/961 1079/946/960
f 1081/947/961 1082/948/962 1125/949/963
f 1082/948/962 1083/950/964 1125/949/963
f 1086/951/965 1127/952/966 1085/953/967
f 1087/954/968 1086/951/965 1085/953/967
f 1087/954/968 1085/953/967 1083/950/964
f 1089/955/969 1087/954/968 1088/956/970
f 1091/957/971 1089/955/969 1090/958/972
f 1092/959/973 1086/951/965 1087/954/968
f 1088/956/970 1090/958/972 1089/955/969
f 1090/958/972 1088/956/970 1084/960/974
f 1088/956/970 1083/950/964 1084/960/974
f 1088/956/970 1087/954/968 1083/950/964
f 1093/961/975 1087/954/968 1089/955/969
f 1094/962/976 1093/961/975 1091/957/971
f 1093/961/975 1094/962/976 1095/963/977
f 1093/961/975 1095/963/977 1087/954/968
f 1095/963/977 1092/959/973 1087/954/968
f 1093/961/975 1089/955/969 1091/957/971
f 1098/964/978 1097/965/979 1096/966/980
f 1080/945/959 1081/947/961 1099/967/981
f 1098/964/978 1096/966/980 1100/968/982
f 1096/966/980 1101/969/983 1100/968/982
f 1098/964/978 1100/968/982 1102/970/984
f 1104/971/985 1102/970/984 1103/972/986
f 1104/971/985 1098/964/978 1102/970/984
f 1104/971/985 1103/972/986 1105/973/987
f 1104/971/985 1097/965/979 1098/964/978
f 1106/974/988 1104/971/985 1105/973/987
f 1104/971/985 1106/974/988 1109/975/989
f 1107/976/990 1105/973/987 1103/972/986
f 1108/977/991 1109/975/989 1106/974/988
f 513/978/992 1109/975/989 1108/977/991
f 1110/979/993 1097/965/979 1109/975/989
f 1110/979/993 1111/980/994 1112/981/995
f 1112/981/995 1111/980/994 1122/982/996
f 1114/983/997 1110/979/993 1115/984/998
f 1117/985/999 1115/984/998 1116/986/1000
f 1110/979/993 1114/983/997 1111/980/994
f 1114/983/997 1122/982/996 1111/980/994
f 1112/981/995 1122/982/996 1119/987/1001
f 1118/988/1002 1112/981/995 1119/987/1001
f 1120/989/1003 1115/984/998 1117/985/999
f 1120/989/1003 1114/983/997 1115/984/998
f 1121/990/1004 1122/982/996 1114/983/997
f 1121/990/1004 1119/987/1001 1122/982/996
f 1124/991/1005 628/992/1006 1123/993/1007
f 628/992/1006 1124/991/1005 627/994/1008
f 627/994/1008 1124/991/1005 626/432/1009
f 1083/950/964 630/995/1010 1125/949/963
f 630/995/1010 626/432/1009 1124/991/1005
f 1124/991/1005 1125/949/963 630/995/1010
f 1083/950/964 1085/953/967 630/995/1010
f 1128/996/1011 1206/997/1012 1126/998/1013
f 1129/999/1014 1128/996/1011 1126/998/1013
f 1130/1000/1015 1129/999/1014 1126/998/1013
f 1130/1000/1015 1126/998/1013 1085/953/967
f 1130/1000/1015 1085/953/967 1127/952/966
f 1131/1001/1016 1130/1000/1015 1127/952/966
f 1130/1000/1015 1131/1001/1016 1132/1002/1017
f 1132/1002/1017 1129/999/1014 1130/1000/1015
f 1133/1003/1018 1132/1002/1017 1131/1001/1016
f 1134/1004/1019 1128/996/1011 1129/999/1014
f 1136/1005/1020 1129/999/1014 1132/1002/1017
f 1135/1006/1021 1136/1005/1020 1132/1002/1017
f 1136/1005/1020 1134/1004/1019 1129/999/1014
f 1135/1006/1021 1132/1002/1017 1133/1003/1018
f 1097/965/979 1138/1007/1022 1137/1008/1023
f 1096/966/980 1097/965/979 1137/1008/1023
f 1096/966/980 1137/1008/1023 1139/1009/1024
f 1137/1008/1023 1140/1010/1025 1139/1009/1024
f 1080/945/959 1096/966/980 1139/1009/1024
f 1139/1009/1024 1140/1010/1025 1169/1011/1026
f 1141/1012/1027 1169/1011/1026 1140/1010/1025
f 1144/1013/1028 1142/1014/1029 1143/1015/1030
f 1141/1012/1027 1142/1014/1029 1144/1013/1028
f 1149/1016/1031 1141/1012/1027 1144/1013/1028
f 1145/1017/1032 1144/1013/1028 1143/1015/1030
f 1149/1016/1031 1146/1018/1033 1141/1012/1027
f 1149/1016/1031 1144/1013/1028 1147/1019/1034
f 1148/1020/1035 1146/1018/1033 1149/1016/1031
f 1147/1019/1034 1144/1013/1028 1145/1017/1032
f 1150/1021/1036 1147/1019/1034 1145/1017/1032
f 1150/1021/1036 1149/1016/1031 1147/1019/1034
f 1150/1021/1036 1148/1020/1035 1149/1016/1031
f 1137/1008/1023 1138/1007/1022 1151/1022/1037
f 1152/1023/1038 1151/1022/1037 1138/1007/1022
f 1152/1023/1038 1153/1024/1039 1154/1025/1040
f 1155/1026/1041 1152/1023/1038 1154/1025/1040
f 1156/1027/1042 1154/1025/1040 1153/1024/1039
f 1155/1026/1041 1157/1028/1043 1152/1023/1038
f 1158/1029/1044 1154/1025/1040 1156/1027/1042
f 1158/1029/1044 1155/1026/1041 1154/1025/1040
f 1159/1030/1045 1157/1028/1043 1155/1026/1041
f 1159/1030/1045 1155/1026/1041 1158/1029/1044
f 1110/979/993 1112/981/995 1161/1031/1046
f 1110/979/993 1161/1031/1046 1097/965/979
f 1153/1024/1039 1138/1007/1022 1161/1031/1046
f 1153/1024/1039 1152/1023/1038 1138/1007/1022
f 1153/1024/1039 1161/1031/1046 1160/1032/1047
f 1142/1014/1029 1137/1008/1023 1151/1022/1037
f 1142/1014/1029 1141/1012/1027 1137/1008/1023
f 1141/1012/1027 1140/1010/1025 1137/1008/1023
f 1143/1015/1030 1142/1014/1029 1151/1022/1037
f 1162/1033/1048 1082/948/962 1079/946/960
f 1165/1034/1049 1082/948/962 1162/1033/1048
f 1165/1034/1049 1083/950/964 1082/948/962
f 1165/1034/1049 1163/1035/1050 1083/950/964
f 1163/1035/1050 1164/1036/1051 1083/950/964
f 1173/1037/1052 1163/1035/1050 1165/1034/1049
f 1166/1038/1053 1165/1034/1049 1162/1033/1048
f 1166/1038/1053 1162/1033/1048 1167/1039/1054
f 1170/1040/1055 1166/1038/1053 1167/1039/1054
f 1170/1040/1055 1167/1039/1054 1168/1041/1056
f 1171/1042/1057 1170/1040/1055 1168/1041/1056
f 1168/1041/1056 1167/1039/1054 1079/946/960
f 1167/1039/1054 1162/1033/1048 1079/946/960
f 1168/1041/1056 1079/946/960 1169/1011/1026
f 1079/946/960 1139/1009/1024 1169/1011/1026
f 1079/946/960 1080/945/959 1139/1009/1024
f 1164/1036/1051 1084/960/974 1083/950/964
f 1175/1043/1058 1170/1040/1055 1171/1042/1057
f 1175/1043/1058 1172/1044/1059 1170/1040/1055
f 1176/1045/1060 1173/1037/1052 1172/1044/1059
f 1173/1037/1052 1176/1045/1060 1174/1046/1061
f 1166/1038/1053 1170/1040/1055 1172/1044/1059
f 1173/1037/1052 1174/1046/1061 1163/1035/1050
f 1172/1044/1059 1173/1037/1052 1165/1034/1049
f 1172/1044/1059 1165/1034/1049 1166/1038/1053
f 1114/983/997 1120/989/1003 1121/990/1004
f 1116/986/1000 513/978/992 514/1047/1062
f 1116/986/1000 1113/1048/1063 513/978/992
f 1113/1048/1063 1109/975/989 513/978/992
f 1113/1048/1063 1110/979/993 1109/975/989
f 1115/984/998 1113/1048/1063 1116/986/1000
f 1115/984/998 1110/979/993 1113/1048/1063
f 1181/1049/1064 1182/1050/1065 1180/1051/1066
f 1181/1049/1064 1183/1052/1067 1182/1050/1065
f 1177/1053/1068 1184/1054/1069 1178/1055/1070
f 1185/1056/1071 1184/1054/1069 1177/1053/1068
f 1186/1057/1072 1183/1052/1067 1181/1049/1064
f 1178/1055/1070 1184/1054/1069 1187/1058/1073
f 1180/1051/1066 1178/1055/1070 1187/1058/1073
f 1188/1059/1074 1180/1051/1066 1187/1058/1073
f 1188/1059/1074 1181/1049/1064 1180/1051/1066
f 1189/1060/1075 1186/1057/1072 1181/1049/1064
f 1189/1060/1075 1181/1049/1064 1188/1059/1074
f 1190/1061/1076 1189/1060/1075 1188/1059/1074
f 1191/1062/1077 1190/1061/1076 1188/1059/1074
f 1191/1062/1077 1188/1059/1074 1187/1058/1073
f 1193/1063/1078 1191/1062/1077 1192/1064/1079
f 1191/1062/1077 1187/1058/1073 1184/1054/1069
f 1192/1064/1079 1191/1062/1077 1184/1054/1069
f 1192/1064/1079 1184/1054/1069 1185/1056/1071
f 1193/1063/1078 1192/1064/1079 1185/1056/1071
f 1179/1065/1080 1178/1055/1070 1194/1066/1081
f 1195/498/1082 1179/1065/1080 1194/1066/1081
f 1177/1053/1068 1178/1055/1070 1179/1065/1080
f 1196/1067/1083 1194/1066/1081 1178/1055/1070
f 1196/1067/1083 1178/1055/1070 1180/1051/1066
f 1197/1068/1084 1196/1067/1083 1180/1051/1066
f 1180/1051/1066 1182/1050/1065 1198/501/1085
f 1180/1051/1066 1198/501/1085 1197/1068/1084
f 1182/1050/1065 1199/502/1086 1198/501/1085
f 1183/1052/1067 1200/1069/1087 1182/1050/1065
f 1202/1070/1088 1201/1071/1089 622/1072/1090
f 1080/945/959 1099/967/981 1202/1070/1088
f 1203/1073/1091 1202/1070/1088 622/1072/1090
f 1096/966/980 1080/945/959 1203/1073/1091
f 1203/1073/1091 1080/945/959 1202/1070/1088
f 1203/1073/1091 1101/969/983 1096/966/980
f 1203/1073/1091 622/1072/1090 1205/1074/1092
f 1123/993/1007 624/1075/1093 622/1072/1090
f 1101/969/983 1203/1073/1091 1204/1076/1094
f 1204/1076/1094 1203/1073/1091 1205/1074/1092
f 624/1075/1093 1123/993/1007 628/992/1006
f 1123/993/1007 622/1072/1090 1201/1071/1089
f 1085/953/967 1126/998/1013 631/1077/1095
f 1085/953/967 631/1077/1095 630/995/1010
f 631/1077/1095 1126/998/1013 632/512/1096
f 1126/998/1013 629/513/1097 632/512/1096
f 1207/1078/1098 629/513/1097 1126/998/1013
f 1207/1078/1098 625/1079/1099 629/513/1097
f 625/1079/1099 1207/1078/1098 623/1080/1100
f 1207/1078/1098 621/1081/1101 623/1080/1100
f 1212/1082/1102 1211/1083/1103 1209/1084/1104
f 1212/1082/1102 1210/1085/1105 1211/1083/1103
f 1212/1082/1102 1209/1084/1104 594/1086/1106
f 1215/1087/1107 1214/1088/1108 1213/1089/1109
f 1217/528/1110 1215/1087/1107 1216/1090/1111
f 1215/1087/1107 1213/1089/1109 1218/1091/1112
f 1216/1090/1111 1218/1091/1112 1219/1092/1113
f 1220/1093/1114 1216/1090/1111 1219/1092/1113
f 1220/1093/1114 1219/1092/1113 1221/1094/1115
f 1220/1093/1114 1221/1094/1115 1222/1095/1116
f 1215/1087/1107 1218/1091/1112 1216/1090/1111
f 1224/536/1117 1217/528/1110 1216/1090/1111
f 1227/1096/1118 1231/1097/1119 1228/1098/1120
f 1227/1096/1118 1226/1099/1121 1231/1097/1119
f 1231/1097/1119 1229/1100/1122 1228/1098/1120
f 1222/1095/1116 1226/1099/1121 1225/1101/1123
f 1226/1099/1121 1222/1095/1116 1230/1102/1124
f 1208/1103/1125 591/1104/1126 1230/1102/1124
f 1212/1082/1102 594/1086/1106 1208/1103/1125
f 1232/1105/1127 1231/1097/1119 613/1106/1128
f 1229/1100/1122 1231/1097/1119 1232/1105/1127
f 1231/1097/1119 612/1107/1129 613/1106/1128
f 616/1108/1130 612/1107/1129 1231/1097/1119
f 1233/1109/1131 1232/1105/1127 1234/1110/1132
f 613/1106/1128 1234/1110/1132 1232/1105/1127
f 591/1104/1126 616/1108/1130 1231/1097/1119
f 1230/1102/1124 591/1104/1126 1231/1097/1119
f 615/1111/1133 612/1107/1129 616/1108/1130
f 1234/1110/1132 613/1106/1128 614/1112/1134
f 1208/1103/1125 593/1113/1135 592/1114/1136
f 592/1114/1136 591/1104/1126 1208/1103/1125
f 1208/1103/1125 594/1086/1106 593/1113/1135
f 599/1115/1137 1211/1083/1103 600/1116/1138
f 1211/1083/1103 601/1117/1139 600/1116/1138
f 599/1115/1137 595/1118/1140 1211/1083/1103
f 1211/1083/1103 595/1118/1140 1209/1084/1104
f 595/1118/1140 594/1086/1106 1209/1084/1104
f 1236/1119/1141 619/1120/1142 617/1121/1143
f 617/1121/1143 619/1120/1142 618/1122/1144
f 516/1123/1145 617/1121/1143 1235/1124/1146
f 516/1123/1145 1237/1125/1147 617/1121/1143
f 1237/1125/1147 1236/1119/1141 617/1121/1143
f 517/1126/1148 518/1127/1149 1236/1119/1141
f 517/1126/1148 1236/1119/1141 1237/1125/1147
f 518/1127/1149 620/1128/1150 1236/1119/1141
f 516/1123/1145 1238/1129/1151 515/1130/1152
f 516/1123/1145 1235/1124/1146 1238/1129/1151
f 1238/1129/1151 602/1131/1153 1239/1132/1154
f 1240/1133/1155 1239/1132/1154 602/1131/1153
f 1240/1133/1155 602/1131/1153 603/1134/1156
f 1241/1135/1157 1240/1133/1155 603/1134/1156
f 607/574/1158 610/1136/1159 606/1137/1160
f 610/1136/1159 1241/1135/1157 606/1137/1160
f 1241/1135/1157 603/1134/1156 606/1137/1160
f 1241/1135/1157 610/1136/1159 611/1138/1161
f 1240/1133/1155 1241/1135/1157 611/1138/1161
f 1240/1133/1155 611/1138/1161 515/1130/1152
f 515/1130/1152 1239/1132/1154 1240/1133/1155
f 515/1130/1152 1238/1129/1151 1239/1132/1154
f 1244/1139/1162 1243/1140/1163 1242/1141/1164
f 1245/1142/1165 1243/1140/1163 1244/1139/1162
f 1228/1098/1120 1246/1143/1166 1245/1142/1165
f 1244/1139/1162 1228/1098/1120 1245/1142/1165
f 1246/1143/1166 1229/1100/1122 1245/1142/1165
f 1245/1142/1165 1229/1100/1122 1232/1105/1127
f 1226/1099/1121 1230/1102/1124 1231/1097/1119
f 1243/1140/1163 1245/1142/1165 1232/1105/1127
f 1243/1140/1163 1232/1105/1127 1233/1109/1131
f 1229/1100/1122 1246/1143/1166 1228/1098/1120
f 1248/1144/1167 1247/1145/1168 1244/1139/1162
f 1248/1144/1167 1244/1139/1162 1249/1146/1169
f 1244/1139/1162 1242/1141/1164 1249/1146/1169
f 542/1147/1170 1251/1148/1171 1250/1149/1172
f 1251/1148/1171 1252/1150/1173 1250/1149/1172
f 1252/1150/1173 1253/1151/1174 1250/1149/1172
f 1252/1150/1173 1254/1152/1175 1255/1153/1176
f 1253/1151/1174 1252/1150/1173 1255/1153/1176
f 1255/1153/1176 1285/1154/1177 1256/1155/1178
f 1253/1151/1174 1255/1153/1176 1256/1155/1178
f 547/1156/1179 1253/1151/1174 1256/1155/1178
f 1256/1155/1178 574/1157/1180 547/1156/1179
f 545/1158/1181 1250/1149/1172 1253/1151/1174
f 545/1158/1181 544/1159/1182 1250/1149/1172
f 544/1159/1182 543/1160/1183 1250/1149/1172
f 543/1160/1183 542/1147/1170 1250/1149/1172
f 1252/1150/1173 1251/1148/1171 541/1161/1184
f 541/1161/1184 1257/1162/1185 1252/1150/1173
f 541/1161/1184 1258/1163/1186 1257/1162/1185
f 541/1161/1184 539/1164/1187 1258/1163/1186
f 1260/1165/1188 1258/1163/1186 539/1164/1187
f 1259/1166/1189 1258/1163/1186 1260/1165/1188
f 531/1167/1190 529/1168/1191 1262/1169/1192
f 529/1168/1191 528/1170/1193 1262/1169/1192
f 1264/1171/1194 1262/1169/1192 1263/1172/1195
f 1265/1173/1196 1263/1172/1195 1262/1169/1192
f 1265/1173/1196 1262/1169/1192 528/1170/1193
f 1511/1174/1197 1262/1169/1192 1264/1171/1194
f 531/1167/1190 1262/1169/1192 1511/1174/1197
f 1265/1173/1196 528/1170/1193 527/1175/1198
f 1265/1173/1196 527/1175/1198 524/1176/1199
f 1266/1177/1200 1265/1173/1196 524/1176/1199
f 524/1176/1199 525/1178/1201 1266/1177/1200
f 525/1178/1201 1267/617/1202 1266/1177/1200
f 1267/617/1202 1268/1179/1203 1266/1177/1200
f 1268/1179/1203 1269/1180/1204 1266/1177/1200
f 1268/1179/1203 1270/620/1205 1269/1180/1204
f 1269/1180/1204 1265/1173/1196 1266/1177/1200
f 1265/1173/1196 1269/1180/1204 1271/1181/1206
f 1265/1173/1196 1271/1181/1206 1272/1182/1207
f 1273/1183/1208 1272/1182/1207 1271/1181/1206
f 1275/1184/1209 1274/1185/1210 1273/1183/1208
f 1273/1183/1208 1271/1181/1206 1275/1184/1209
f 1272/1182/1207 1263/1172/1195 1265/1173/1196
f 1278/1186/1211 1276/1187/1212 1277/628/1213
f 1278/1186/1211 1274/1185/1210 1276/1187/1212
f 1276/1187/1212 1274/1185/1210 1275/1184/1209
f 1280/1188/1214 1279/1189/1215 1281/1190/1216
f 1279/1189/1215 1282/1191/1217 1281/1190/1216
f 573/1192/1218 1282/1191/1217 572/633/1219
f 1281/1190/1216 1282/1191/1217 573/1192/1218
f 1281/1190/1216 1283/1193/1220 1280/1188/1214
f 1283/1193/1220 1284/1194/1221 1280/1188/1214
f 1286/1195/1222 1283/1193/1220 1285/1154/1177
f 1255/1153/1176 1286/1195/1222 1285/1154/1177
f 1281/1190/1216 1285/1154/1177 1283/1193/1220
f 1254/1152/1175 1287/1196/1223 1255/1153/1176
f 1288/1197/1224 1255/1153/1176 1287/1196/1223
f 1286/1195/1222 1255/1153/1176 1288/1197/1224
f 1252/1150/1173 1257/1162/1185 1254/1152/1175
f 1289/1198/1225 1291/1199/1226 1257/1162/1185
f 1291/1199/1226 1290/1200/1227 1257/1162/1185
f 1289/1198/1225 1257/1162/1185 1259/1166/1189
f 1292/1201/1228 1290/1200/1227 1291/1199/1226
f 1292/1201/1228 1291/1199/1226 1293/1202/1229
f 1291/1199/1226 1294/1203/1230 1293/1202/1229
f 1296/1204/1231 1294/1203/1230 1295/1205/1232
f 1257/1162/1185 1290/1200/1227 1254/1152/1175
f 1290/1200/1227 1287/1196/1223 1254/1152/1175
f 1286/1195/1222 1284/1194/1221 1283/1193/1220
f 1297/1206/1233 1284/1194/1221 1286/1195/1222
f 1286/1195/1222 1288/1197/1224 1298/1207/1234
f 1287/1196/1223 1292/1201/1228 1288/1197/1224
f 1292/1201/1228 1287/1196/1223 1290/1200/1227
f 1292/1201/1228 1293/1202/1229 1288/1197/1224
f 1293/1202/1229 1298/1207/1234 1288/1197/1224
f 1298/1207/1234 1297/1206/1233 1286/1195/1222
f 1294/1203/1230 1296/1204/1231 1293/1202/1229
f 1293/1202/1229 1296/1204/1231 1298/1207/1234
f 1297/1206/1233 1298/1207/1234 1296/1204/1231
f 1299/1208/1235 1303/1209/1236 1300/1210/1237
f 1303/1209/1236 1304/1211/1238 1527/1212/1239
f 1305/1213/1240 1303/1209/1236 1527/1212/1239
f 1302/1214/1241 1304/1211/1238 1303/1209/1236
f 1308/1215/1242 1307/1216/1243 1309/1217/1244
f 1310/1218/1245 1308/1215/1242 1309/1217/1244
f 1309/1217/1244 1307/1216/1243 1306/1219/1246
f 1304/1211/1238 1309/1217/1244 1306/1219/1246
f 1304/1211/1238 1302/1214/1241 1309/1217/1244
f 1301/1220/1247 1302/1214/1241 1303/1209/1236
f 1309/1217/1244 1311/1221/1248 1310/1218/1245
f 1309/1217/1244 1312/1222/1249 1311/1221/1248
f 1309/1217/1244 1313/1223/1250 1312/1222/1249
f 1313/1223/1250 1314/1224/1251 1312/1222/1249
f 1314/1224/1251 1313/1223/1250 522/1225/1252
f 1315/1226/1253 1316/1227/1254 1313/1223/1250
f 1316/1227/1254 520/1228/1255 1313/1223/1250
f 1318/1229/1256 1317/1230/1257 1316/1227/1254
f 1315/1226/1253 1318/1229/1256 1316/1227/1254
f 1319/1231/1258 1317/1230/1257 1318/1229/1256
f 1530/1232/1259 1319/1231/1258 1318/1229/1256
f 520/1228/1255 1316/1227/1254 1320/1233/1260
f 1316/1227/1254 1321/1234/1261 1320/1233/1260
f 1322/1235/1262 1323/1236/1263 1321/1234/1261
f 1322/1235/1262 1324/1237/1264 1325/1238/1265
f 1326/1239/1266 1322/1235/1262 1325/1238/1265
f 1326/1239/1266 1323/1236/1263 1322/1235/1262
f 1316/1227/1254 1322/1235/1262 1321/1234/1261
f 1319/1231/1258 1324/1237/1264 1322/1235/1262
f 1326/1239/1266 1325/1238/1265 1327/1240/1267
f 1325/1238/1265 1328/1241/1268 1327/1240/1267
f 1316/1227/1254 1317/1230/1257 1322/1235/1262
f 1317/1230/1257 1319/1231/1258 1322/1235/1262
f 1320/1233/1260 1330/684/1269 1329/1242/1270
f 520/1228/1255 1320/1233/1260 1329/1242/1270
f 520/1228/1255 1331/1243/1271 519/1244/1272
f 1331/1243/1271 520/1228/1255 1329/1242/1270
f 521/1245/1273 1313/1223/1250 520/1228/1255
f 1313/1223/1250 521/1245/1273 522/1225/1252
f 1334/1246/1274 1333/1247/1275 1336/1248/1276
f 1336/1248/1276 1333/1247/1275 1332/1249/1277
f 1337/1250/1278 1336/1248/1276 1332/1249/1277
f 540/1251/1279 1333/1247/1275 1334/1246/1274
f 1334/1246/1274 1336/1248/1276 1335/1252/1280
f 535/1253/1281 1335/1252/1280 536/1254/1282
f 536/1254/1282 1335/1252/1280 537/1255/1283
f 1335/1252/1280 1338/1256/1284 537/1255/1283
f 1335/1252/1280 1339/1257/1285 1338/1256/1284
f 1339/1257/1285 523/1258/1286 1338/1256/1284
f 1340/1259/1287 1339/1257/1285 1335/1252/1280
f 1340/1259/1287 1335/1252/1280 1336/1248/1276
f 537/1255/1283 1338/1256/1284 526/1260/1288
f 530/1261/1289 537/1255/1283 526/1260/1288
f 535/1253/1281 538/1262/1290 1335/1252/1280
f 1334/1246/1274 1335/1252/1280 538/1262/1290
f 549/1263/1291 1341/1264/1292 540/1251/1279
f 1333/1247/1275 540/1251/1279 1341/1264/1292
f 1332/1249/1277 1333/1247/1275 1342/1265/1293
f 1343/1266/1294 1332/1249/1277 1342/1265/1293
f 549/1263/1291 1344/1267/1295 1341/1264/1292
f 1344/1267/1295 549/1263/1291 548/1268/1296
f 549/1263/1291 540/1251/1279 550/1269/1297
f 1366/1270/1298 1346/1271/1299 1345/1272/1300
f 1350/1273/1301 1348/1274/1302 1349/1275/1303
f 1350/1273/1301 1349/1275/1303 1351/1276/1304
f 1352/1277/1305 1351/1276/1304 1349/1275/1303
f 1353/1278/1306 581/1279/1307 582/1280/1308
f 1352/1277/1305 1353/1278/1306 582/1280/1308
f 582/1280/1308 1355/1281/1309 1352/1277/1305
f 1350/1273/1301 1351/1276/1304 1355/1281/1309
f 1358/1282/1310 1359/1283/1311 1357/1284/1312
f 1360/1285/1313 1357/1284/1312 1359/1283/1311
f 1357/1284/1312 1360/1285/1313 1356/1286/1314
f 1360/1285/1313 1359/1283/1311 1361/1287/1315
f 1360/1285/1313 1361/1287/1315 1362/1288/1316
f 1360/1285/1313 1362/1288/1316 1363/1289/1317
f 1363/1289/1317 1362/1288/1316 1350/1273/1301
f 1361/1287/1315 1359/1283/1311 1364/729/1318
f 1365/1290/1319 1361/1287/1315 1364/729/1318
f 1366/1270/1298 1361/1287/1315 1365/1290/1319
f 1362/1288/1316 1361/1287/1315 1366/1270/1298
f 1359/1283/1311 1358/1282/1310 1367/1291/1320
f 1364/729/1318 1359/1283/1311 1367/1291/1320
f 1356/1286/1314 1360/1285/1313 1363/1289/1317
f 1355/1281/1309 1363/1289/1317 1350/1273/1301
f 1363/1289/1317 1355/1281/1309 1356/1286/1314
f 1348/1274/1302 1350/1273/1301 1362/1288/1316
f 1347/1292/1321 1348/1274/1302 1362/1288/1316
f 1362/1288/1316 1345/1272/1300 1347/1292/1321
f 1345/1272/1300 1362/1288/1316 1366/1270/1298
f 1371/1293/1322 1369/1294/1323 1370/1295/1324
f 1372/1296/1325 1370/1295/1324 1369/1294/1323
f 1369/1294/1323 1368/1297/1326 1372/1296/1325
f 1368/1297/1326 1421/1298/1327 1372/1296/1325
f 1421/1298/1327 1368/1297/1326 1382/1299/1328
f 1375/1300/1329 1374/1301/1330 1376/1302/1331
f 1376/1302/1331 1377/1303/1332 1375/1300/1329
f 1374/1301/1330 1378/1304/1333 1376/1302/1331
f 1376/1302/1331 552/1305/1334 1377/1303/1332
f 552/1305/1334 554/1306/1335 1377/1303/1332
f 551/1307/1336 552/1305/1334 1376/1302/1331
f 1380/1308/1337 1381/1309/1338 1377/1303/1332
f 1373/1310/1339 1378/1304/1333 1374/1301/1330
f 1378/1304/1333 1373/1310/1339 1379/1311/1340
f 553/1312/1341 1379/1311/1340 1382/1299/1328
f 1373/1310/1339 1382/1299/1328 1379/1311/1340
f 1383/1313/1342 1382/1299/1328 1384/1314/1343
f 1384/1314/1343 1385/1315/1344 571/1316/1345
f 561/1317/1346 1384/1314/1343 571/1316/1345
f 571/1316/1345 1385/1315/1344 568/1318/1347
f 1369/1294/1323 1384/1314/1343 1368/1297/1326
f 1369/1294/1323 1385/1315/1344 1384/1314/1343
f 1369/1294/1323 1371/1293/1322 567/1319/1348
f 568/1318/1347 1385/1315/1344 567/1319/1348
f 567/1319/1348 1385/1315/1344 1369/1294/1323
f 1386/1320/1349 567/1319/1348 1371/1293/1322
f 1386/1320/1349 566/1321/1350 567/1319/1348
f 561/1317/1346 560/1322/1351 1384/1314/1343
f 1383/1313/1342 1384/1314/1343 560/1322/1351
f 553/1312/1341 1382/1299/1328 1383/1313/1342
f 1378/1304/1333 1379/1311/1340 551/1307/1336
f 1378/1304/1333 551/1307/1336 1376/1302/1331
f 554/1306/1335 1387/1323/1352 1377/1303/1332
f 1380/1308/1337 1377/1303/1332 1387/1323/1352
f 558/1324/1353 557/1325/1354 1388/1326/1355
f 1390/1327/1356 1391/1328/1357 1392/1329/1358
f 1392/1329/1358 1391/1328/1357 1408/1330/1359
f 1390/1327/1356 556/1331/1360 1391/1328/1357
f 1394/1332/1361 1391/1328/1357 556/1331/1360
f 1394/1332/1361 1395/1333/1362 1391/1328/1357
f 1398/1334/1363 1397/1335/1364 565/1336/1365
f 569/1337/1366 1398/1334/1363 565/1336/1365
f 570/1338/1367 1399/1339/1368 569/1337/1366
f 1398/1334/1363 569/1337/1366 1399/1339/1368
f 1397/1335/1364 1400/1340/1369 1396/1341/1370
f 1395/1333/1362 1396/1341/1370 1400/1340/1369
f 1398/1334/1363 1400/1340/1369 1397/1335/1364
f 1402/1342/1371 1401/1343/1372 1398/1334/1363
f 1398/1334/1363 1403/1344/1373 1400/1340/1369
f 1403/1344/1373 1398/1334/1363 1401/1343/1372
f 1404/1345/1374 1403/1344/1373 1401/1343/1372
f 1404/1345/1374 1405/1346/1375 1403/1344/1373
f 1400/1340/1369 1407/1347/1376 1408/1330/1359
f 1408/1330/1359 1395/1333/1362 1400/1340/1369
f 1395/1333/1362 1408/1330/1359 1391/1328/1357
f 1400/1340/1369 1406/1348/1377 1407/1347/1376
f 1409/1349/1378 1408/1330/1359 1407/1347/1376
f 1409/1349/1378 1392/1329/1358 1408/1330/1359
f 1409/1349/1378 1393/1350/1379 1392/1329/1358
f 1393/1350/1379 1410/1351/1380 1392/1329/1358
f 1390/1327/1356 1392/1329/1358 1410/1351/1380
f 1388/1326/1355 1390/1327/1356 1410/1351/1380
f 1413/1352/1381 1412/1353/1382 1411/1354/1383
f 1412/1353/1382 1414/1355/1384 1388/1326/1355
f 1388/1326/1355 1414/1355/1384 558/1324/1353
f 1414/1355/1384 1389/1356/1385 558/1324/1353
f 1411/1354/1383 1412/1353/1382 1388/1326/1355
f 1411/1354/1383 1388/1326/1355 1410/1351/1380
f 1411/1354/1383 1410/1351/1380 1415/1357/1386
f 1393/1350/1379 1415/1357/1386 1410/1351/1380
f 1411/1354/1383 1415/1357/1386 1417/794/1387
f 1413/1352/1381 1411/1354/1383 1417/794/1387
f 1409/1349/1378 1407/1347/1376 1418/1358/1388
f 1406/1348/1377 1418/1358/1388 1407/1347/1376
f 1416/796/1389 1409/1349/1378 1418/1358/1388
f 1406/1348/1377 1400/1340/1369 1403/1344/1373
f 1420/1359/1390 1419/1360/1391 1372/1296/1325
f 1422/1361/1392 1421/1298/1327 1382/1299/1328
f 1373/1310/1339 1374/1301/1330 1423/1362/1393
f 1373/1310/1339 1423/1362/1393 1424/1363/1394
f 1423/1362/1393 1374/1301/1330 1425/1364/1395
f 1370/1295/1324 1372/1296/1325 1419/1360/1391
f 1426/1365/1396 1425/1364/1395 1374/1301/1330
f 1375/1300/1329 1426/1365/1396 1374/1301/1330
f 1375/1300/1329 1377/1303/1332 1426/1365/1396
f 1425/1364/1395 1426/1365/1396 1427/1366/1397
f 1428/1367/1398 1430/1368/1399 1429/1369/1400
f 1429/1369/1400 1435/1370/1401 1428/1367/1398
f 1435/1370/1401 1429/1369/1400 1431/1371/1402
f 1432/1372/1403 1431/1371/1402 1429/1369/1400
f 1433/1373/1404 1431/1371/1402 1432/1372/1403
f 1433/1373/1404 1434/1374/1405 1431/1371/1402
f 1434/1374/1405 1435/1370/1401 1431/1371/1402
f 1432/1372/1403 1429/1369/1400 1436/1375/1406
f 1436/1375/1406 1429/1369/1400 1437/1376/1407
f 1438/1377/1408 1436/1375/1406 1437/1376/1407
f 1450/1378/1409 1434/1374/1405 1433/1373/1404
f 1439/1379/1410 1450/1378/1409 1433/1373/1404
f 1437/1376/1407 1429/1369/1400 1440/1380/1411
f 1429/1369/1400 1430/1368/1399 1440/1380/1411
f 1441/1381/1412 1442/1382/1413 1430/1368/1399
f 1427/1366/1397 1426/1365/1396 1441/1381/1412
f 1377/1303/1332 1381/1309/1338 1442/1382/1413
f 1377/1303/1332 1442/1382/1413 1426/1365/1396
f 1426/1365/1396 1442/1382/1413 1441/1381/1412
f 1441/1381/1412 1430/1368/1399 1427/1366/1397
f 1430/1368/1399 1428/1367/1398 1427/1366/1397
f 1444/1383/1414 1457/1384/1415 1446/1385/1416
f 1445/1386/1417 1448/1387/1418 1447/1388/1419
f 1445/1386/1417 1446/1385/1416 1448/1387/1418
f 1445/1386/1417 1444/1383/1414 1446/1385/1416
f 1447/1388/1419 1448/1387/1418 1449/1389/1420
f 1451/1390/1421 1449/1389/1420 1434/1374/1405
f 1450/1378/1409 1451/1390/1421 1434/1374/1405
f 1447/1388/1419 1449/1389/1420 1451/1390/1421
f 1447/1388/1419 1451/1390/1421 1452/1391/1422
f 1452/1391/1422 1445/1386/1417 1447/1388/1419
f 1452/1391/1422 1453/1392/1423 1445/1386/1417
f 1453/1392/1423 1444/1383/1414 1445/1386/1417
f 1434/1374/1405 1449/1389/1420 1454/1393/1424
f 1448/1387/1418 1455/1394/1425 1449/1389/1420
f 1448/1387/1418 1446/1385/1416 1455/1394/1425
f 1446/1385/1416 1456/1395/1426 1455/1394/1425
f 1457/1384/1415 1456/1395/1426 1446/1385/1416
f 1449/1389/1420 1455/1394/1425 1458/1396/1427
f 1458/1396/1427 1422/1361/1392 1459/1397/1428
f 1382/1299/1328 1373/1310/1339 1422/1361/1392
f 1424/1363/1394 1459/1397/1428 1422/1361/1392
f 1422/1361/1392 1373/1310/1339 1424/1363/1394
f 1372/1296/1325 1421/1298/1327 1460/1398/1429
f 1420/1359/1390 1372/1296/1325 1460/1398/1429
f 1461/1399/1430 1419/1360/1391 1420/1359/1390
f 1460/1398/1429 1421/1298/1327 1422/1361/1392
f 1458/1396/1427 1460/1398/1429 1422/1361/1392
f 1460/1398/1429 1458/1396/1427 1455/1394/1425
f 1456/1395/1426 1460/1398/1429 1455/1394/1425
f 1457/1384/1415 1420/1359/1390 1456/1395/1426
f 1420/1359/1390 1457/1384/1415 1462/1400/1431
f 1456/1395/1426 1420/1359/1390 1460/1398/1429
f 1420/1359/1390 1462/1400/1431 1461/1399/1430
f 1465/1401/1432 1464/1402/1433 1463/1403/1434
f 1464/1402/1433 1465/1401/1432 1477/1404/1435
f 1463/1403/1434 1467/1405/1436 1465/1401/1432
f 1466/1406/1437 1467/1405/1436 1463/1403/1434
f 1470/1407/1438 1468/1408/1439 1466/1406/1437
f 1468/1408/1439 1467/1405/1436 1466/1406/1437
f 1466/1406/1437 1469/1409/1440 1470/1407/1438
f 1471/1410/1441 1470/1407/1438 1469/1409/1440
f 1469/1409/1440 1472/1411/1442 1471/1410/1441
f 1470/1407/1438 1473/1412/1443 1468/1408/1439
f 1471/1410/1441 1474/855/1444 1470/1407/1438
f 1478/1413/1445 1476/1414/1446 1477/1404/1435
f 1478/1413/1445 1479/1415/1447 1480/1416/1448
f 1478/1413/1445 1480/1416/1448 1476/1414/1446
f 1481/861/1449 1480/1416/1448 1479/1415/1447
f 1480/1416/1448 1481/861/1449 1482/1417/1450
f 1483/1418/1451 1481/861/1449 1479/1415/1447
f 1480/1416/1448 1482/1417/1450 1484/1419/1452
f 1484/1419/1452 1472/1411/1442 1469/1409/1440
f 1475/1420/1453 1484/1419/1452 1469/1409/1440
f 1480/1416/1448 1475/1420/1453 1476/1414/1446
f 1480/1416/1448 1484/1419/1452 1475/1420/1453
f 1487/864/1454 1486/867/1455 1485/1421/1456
f 1488/865/1457 1487/864/1454 1485/1421/1456
f 1485/1421/1456 1489/868/1458 1488/865/1457
f 1490/1422/1459 1489/868/1458 1485/1421/1456
f 1485/1421/1456 1492/870/1460 1491/1423/1461
f 1493/1424/1462 1490/1422/1459 1485/1421/1456
f 1491/1423/1461 1494/1425/1463 1485/1421/1456
f 1494/1425/1463 1495/1426/1464 1485/1421/1456
f 1485/1421/1456 1495/1426/1464 1493/1424/1462
f 1496/875/1465 1493/1424/1462 1495/1426/1464
f 1498/877/1466 1497/876/1467 1495/1426/1464
f 1497/876/1467 1499/878/1468 1495/1426/1464
f 1499/878/1468 1500/879/1469 1495/1426/1464
f 1500/879/1469 1501/880/1470 1495/1426/1464
f 1501/880/1470 1496/875/1465 1495/1426/1464
f 1503/1427/1471 1502/1428/1472 1504/1429/1473
f 1502/1428/1472 1503/1427/1471 576/1430/1474
f 575/1431/1475 576/1430/1474 1503/1427/1471
f 1503/1427/1471 1504/1429/1473 1358/1282/1310
f 1503/1427/1471 1358/1282/1310 584/1432/1476
f 1358/1282/1310 1357/1284/1312 584/1432/1476
f 584/1432/1476 1357/1284/1312 1356/1286/1314
f 1503/1427/1471 584/1432/1476 575/1431/1475
f 584/1432/1476 1356/1286/1314 583/1433/1477
f 1355/1281/1309 583/1433/1477 1356/1286/1314
f 1355/1281/1309 582/1280/1308 583/1433/1477
f 1358/1282/1310 1504/1429/1473 1367/1291/1320
f 1505/1434/1478 1506/1435/1479 577/1436/1480
f 577/1436/1480 578/1437/1481 1505/1434/1478
f 1353/1278/1306 1505/1434/1478 579/1438/1482
f 1506/1435/1479 1502/1428/1472 576/1430/1474
f 1506/1435/1479 576/1430/1474 577/1436/1480
f 1355/1281/1309 1351/1276/1304 1352/1277/1305
f 1508/1439/1483 1353/1278/1306 1352/1277/1305
f 1349/1275/1303 1508/1439/1483 1352/1277/1305
f 1349/1275/1303 1507/1440/1484 1508/1439/1483
f 1348/1274/1302 1507/1440/1484 1349/1275/1303
f 1509/1441/1485 1354/1442/1486 1508/1439/1483
f 1510/1443/1487 1508/1439/1483 1507/1440/1484
f 1508/1439/1483 1510/1443/1487 1509/1441/1485
f 1508/1439/1483 1354/1442/1486 1353/1278/1306
f 1505/1434/1478 1353/1278/1306 1354/1442/1486
f 1505/1434/1478 578/1437/1481 579/1438/1482
f 580/893/1488 581/1279/1307 1353/1278/1306
f 579/1438/1482 580/893/1488 1353/1278/1306
f 532/1444/1489 531/1167/1190 1261/1445/1490
f 534/1446/1491 532/1444/1489 1261/1445/1490
f 532/1444/1489 534/1446/1491 533/902/1492
f 1260/1165/1188 534/1446/1491 1261/1445/1490
f 534/1446/1491 1260/1165/1188 539/1164/1187
f 1097/965/979 1104/971/985 1109/975/989
f 1161/1031/1046 1138/1007/1022 1097/965/979
f 1259/1166/1189 587/1447/1493 1289/1198/1225
f 1259/1166/1189 586/1448/1494 587/1447/1493
f 1259/1166/1189 1260/1165/1188 586/1448/1494
f 1260/1165/1188 585/1449/1495 586/1448/1494
f 1260/1165/1188 1261/1445/1490 585/1449/1495
f 1511/1174/1197 585/1449/1495 1261/1445/1490
f 1511/1174/1197 1261/1445/1490 531/1167/1190
f 588/908/1496 589/1450/1497 587/1447/1493
f 589/1450/1497 1289/1198/1225 587/1447/1493
f 589/1450/1497 590/909/1498 1289/1198/1225
f 1516/911/1499 1514/1451/1500 1515/1452/1501
f 1512/1453/1502 1513/1454/1503 1517/1455/1504
f 1513/1454/1503 1518/916/1505 1517/1455/1504
f 1512/1453/1502 1517/1455/1504 1514/1451/1500
f 1514/1451/1500 1517/1455/1504 1515/1452/1501
f 1517/1455/1504 1519/917/1506 1515/1452/1501
f 1513/1454/1503 1473/1412/1443 1518/916/1505
f 1473/1412/1443 1520/918/1507 1518/916/1505
f 1520/918/1507 1473/1412/1443 1470/1407/1438
f 1470/1407/1438 1474/855/1444 1520/918/1507
f 1521/1456/1508 1216/1090/1111 1220/1093/1114
f 1521/1456/1508 1223/1457/1509 1216/1090/1111
f 1521/1456/1508 1522/1458/1510 1223/1457/1509
f 1521/1456/1508 1220/1093/1114 1523/1459/1511
f 1523/1459/1511 1220/1093/1114 1524/922/1512
f 1220/1093/1114 1222/1095/1116 1524/922/1512
f 1524/922/1512 1222/1095/1116 1225/1101/1123
f 1306/1219/1246 1525/1460/1513 1526/1461/1514
f 1304/1211/1238 1526/1461/1514 1527/1212/1239
f 1306/1219/1246 1526/1461/1514 1304/1211/1238
f 1303/1209/1236 1305/1213/1240 1528/1462/1515
f 1300/1210/1237 1303/1209/1236 1528/1462/1515
f 1529/1463/1516 1300/1210/1237 1528/1462/1515
f 1463/1403/1434 1469/1409/1440 1466/1406/1437
f 1463/1403/1434 1464/1402/1433 1469/1409/1440
f 1464/1402/1433 1475/1420/1453 1469/1409/1440
f 1476/1414/1446 1475/1420/1453 1464/1402/1433
f 1464/1402/1433 1477/1404/1435 1476/1414/1446
f 1531/1464/1517 1530/1232/1259 1318/1229/1256
f 1531/1464/1517 1301/1220/1247 1299/1208/1235
f 1301/1220/1247 1531/1464/1517 1318/1229/1256
f 1303/1209/1236 1299/1208/1235 1301/1220/1247
f 1313/1223/1250 1309/1217/1244 1315/1226/1253
f 1315/1226/1253 1309/1217/1244 1302/1214/1241
f 1318/1229/1256 1302/1214/1241 1301/1220/1247
f 1302/1214/1241 1318/1229/1256 1315/1226/1253
f 574/1157/1180 1285/1154/1177 1281/1190/1216
f 574/1157/1180 1256/1155/1178 1285/1154/1177
f 573/1192/1218 574/1157/1180 1281/1190/1216
f 1253/1151/1174 546/1465/1518 545/1158/1181
f 546/1465/1518 1253/1151/1174 547/1156/1179
f 602/1131/1153 1238/1129/1151 597/1466/1519
f 598/1467/1520 602/1131/1153 597/1466/1519
f 1235/1124/1146 597/1466/1519 1238/1129/1151
f 617/1121/1143 597/1466/1519 1235/1124/1146
f 597/1466/1519 617/1121/1143 596/1468/1521
f 620/1128/1150 619/1120/1142 1236/1119/1141
f 1382/1299/1328 1368/1297/1326 1384/1314/1343
f 1459/1397/1428 1449/1389/1420 1458/1396/1427
f 1459/1397/1428 1424/1363/1394 1532/1469/1522
f 1424/1363/1394 1423/1362/1393 1425/1364/1395
f 1425/1364/1395 1427/1366/1397 1532/1469/1522
f 1532/1469/1522 1424/1363/1394 1425/1364/1395
f 1428/1367/1398 1532/1469/1522 1427/1366/1397
f 1532/1469/1522 1428/1367/1398 1435/1370/1401
f 1532/1469/1522 1435/1370/1401 1454/1393/1424
f 1459/1397/1428 1532/1469/1522 1454/1393/1424
f 1454/1393/1424 1449/1389/1420 1459/1397/1428
f 1434/1374/1405 1454/1393/1424 1435/1370/1401
f 1430/1368/1399 1442/1382/1413 1443/1470/1523
f 1443/1470/1523 1440/1380/1411 1430/1368/1399
f 1212/1082/1102 1219/1092/1113 1218/1091/1112
f 1212/1082/1102 1221/1094/1115 1219/1092/1113
f 1218/1091/1112 1213/1089/1109 1210/1085/1105
f 1218/1091/1112 1210/1085/1105 1212/1082/1102
f 1212/1082/1102 1208/1103/1125 1221/1094/1115
f 1222/1095/1116 1221/1094/1115 1208/1103/1125
f 1208/1103/1125 1230/1102/1124 1222/1095/1116
f 1259/1166/1189 1257/1162/1185 1258/1163/1186
f 1388/1326/1355 557/1325/1354 555/1471/1524
f 555/1471/1524 1390/1327/1356 1388/1326/1355
f 556/1331/1360 1390/1327/1356 555/1471/1524
f 559/936/1525 558/1324/1353 1389/1356/1385
f 1395/1333/1362 1394/1332/1361 563/1472/1526
f 1394/1332/1361 562/938/1527 563/1472/1526
f 1396/1341/1370 1395/1333/1362 563/1472/1526
f 1396/1341/1370 564/1473/1528 1397/1335/1364
f 565/1336/1365 1397/1335/1364 564/1473/1528
f 1533/1474/1529 1483/1418/1451 1479/1415/1447
f 605/1475/1530 609/944/1531 604/1476/1532
f 609/944/1531 608/1477/1533 604/1476/1532
f 1398/1334/1363 1399/1339/1368 1402/1342/1371
f 938/774/788 937/771/785 942/780/794
f 1537/1478/1534 1534/1479/1535 1535/1480/1536
f 1534/1479/1535 1537/1478/1534 1538/1481/1537
f 1536/1482/1538 1537/1478/1534 1535/1480/1536
f 1534/1479/1535 1538/1481/1537 1539/154/1539
f 1540/1483/1540 1543/1484/1541 1541/1485/1542
f 1543/1484/1541 1540/1483/1540 1544/1486/1543
f 1543/1484/1541 1542/1487/1544 1541/1485/1542
f 1544/1486/1543 1540/1483/1540 1545/154/1545
l 45 46
l 224 225
l 198 199
l 910 912
