# Blender 5.0.1
# www.blender.org
mtllib sm_final.mtl
o sm(posed)
v 1.903274 1.595239 3.990083
v 1.901291 1.579019 4.002043
v 1.894032 1.581446 4.015031
v 1.896039 1.596920 4.002119
v 1.894415 1.598298 3.999480
v 1.901650 1.596720 3.987558
v 1.894415 1.598298 3.999480
v 1.901650 1.596720 3.987558
v 1.890956 1.596045 3.999169
v 1.898191 1.594375 3.987131
v 1.899161 1.563188 4.017805
v 1.896930 1.561220 4.017897
v 1.891877 1.565475 4.030231
v 1.896930 1.561220 4.017897
v 1.889646 1.563424 4.030158
v 1.894076 1.562128 4.014910
v 1.886792 1.564404 4.027336
v 1.888948 1.580471 4.012099
v 1.890956 1.596045 3.999169
v 1.896207 1.578081 3.999118
v 1.898191 1.594375 3.987131
v 1.894076 1.562128 4.014910
v 1.889646 1.563424 4.030158
v 1.886792 1.564404 4.027336
v 1.906891 1.573833 3.968041
v 1.905224 1.576318 3.983665
v 1.906702 1.591462 3.970941
v 1.908213 1.589683 3.956275
v 1.904219 1.593320 3.969107
v 1.905729 1.591619 3.954568
v 1.904219 1.593320 3.969107
v 1.900788 1.591589 3.970238
v 1.902299 1.589813 3.955571
v 1.905376 1.557370 3.985596
v 1.902663 1.555987 3.986501
v 1.903530 1.559951 4.000125
v 1.902663 1.555987 3.986501
v 1.900817 1.558524 4.000859
v 1.899463 1.557440 3.984868
v 1.897617 1.560019 3.999400
v 1.899310 1.576417 3.982947
v 1.900788 1.591589 3.970238
v 1.900817 1.558524 4.000859
v 1.897617 1.560019 3.999400
v 1.900977 1.573939 3.967322
v 1.899463 1.557440 3.984868
v 1.905729 1.591619 3.954568
v 1.902299 1.589813 3.955571
v 1.874942 1.585416 4.040137
v 1.884878 1.582689 4.028009
v 1.881488 1.569013 4.045185
v 1.871601 1.571279 4.056081
v 1.879206 1.566958 4.045388
v 1.869319 1.569056 4.056043
v 1.879206 1.566958 4.045388
v 1.877227 1.567569 4.041305
v 1.867339 1.569814 4.052208
v 1.878322 1.599341 4.024462
v 1.888305 1.598116 4.013429
v 1.877074 1.600469 4.021335
v 1.887056 1.599457 4.010497
v 1.874058 1.598248 4.020494
v 1.884041 1.597046 4.009455
v 1.887056 1.599457 4.010497
v 1.877074 1.600469 4.021335
v 1.880615 1.581447 4.024081
v 1.877227 1.567569 4.041305
v 1.884041 1.597046 4.009455
v 1.870678 1.584110 4.036217
v 1.874058 1.598248 4.020494
v 1.869319 1.569056 4.056043
v 1.867339 1.569814 4.052208
v 1.622960 1.594381 3.988536
v 1.630195 1.595950 4.000653
v 1.632201 1.580720 4.013906
v 1.624941 1.578284 4.000699
v 1.631819 1.597336 3.998000
v 1.624584 1.595884 3.986015
v 1.631819 1.597336 3.998000
v 1.624584 1.595884 3.986015
v 1.635278 1.595114 3.997694
v 1.628043 1.593557 3.985574
v 1.627071 1.562776 4.017082
v 1.629302 1.560835 4.017214
v 1.634355 1.565082 4.029632
v 1.629302 1.560835 4.017214
v 1.636586 1.563048 4.029577
v 1.632156 1.561730 4.014186
v 1.639440 1.564024 4.026736
v 1.637285 1.579771 4.010969
v 1.635278 1.595114 3.997694
v 1.630025 1.577376 3.997768
v 1.628043 1.593557 3.985574
v 1.632156 1.561730 4.014186
v 1.636586 1.563048 4.029577
v 1.639440 1.564024 4.026736
v 1.619343 1.573820 3.968061
v 1.618021 1.589669 3.956297
v 1.619532 1.591454 3.970982
v 1.621010 1.576319 3.983710
v 1.622015 1.593311 3.969148
v 1.620505 1.591605 3.954591
v 1.622015 1.593311 3.969148
v 1.625446 1.591581 3.970279
v 1.623935 1.589799 3.955594
v 1.620857 1.557370 3.985630
v 1.623570 1.555988 3.986536
v 1.622703 1.559970 4.000184
v 1.623570 1.555988 3.986536
v 1.625416 1.558543 4.000919
v 1.626770 1.557440 3.984902
v 1.628616 1.560036 3.999458
v 1.626924 1.576418 3.982992
v 1.625446 1.591581 3.970279
v 1.625416 1.558543 4.000919
v 1.628616 1.560036 3.999458
v 1.626770 1.557440 3.984902
v 1.625257 1.573926 3.967343
v 1.620505 1.591605 3.954591
v 1.623935 1.589799 3.955594
v 1.651289 1.584728 4.039317
v 1.654628 1.570065 4.054547
v 1.644740 1.568014 4.043816
v 1.641353 1.582271 4.027467
v 1.647022 1.565921 4.043941
v 1.656910 1.567822 4.054455
v 1.647022 1.565921 4.043941
v 1.649002 1.566599 4.039926
v 1.658890 1.568633 4.050663
v 1.647912 1.599219 4.024342
v 1.637929 1.598118 4.013445
v 1.649160 1.600389 4.021261
v 1.639178 1.599477 4.010537
v 1.652176 1.598130 4.020373
v 1.642193 1.597048 4.009472
v 1.639178 1.599477 4.010537
v 1.649160 1.600389 4.021261
v 1.655553 1.583443 4.035390
v 1.656910 1.567822 4.054455
v 1.658890 1.568633 4.050663
v 1.652176 1.598130 4.020373
v 1.645616 1.581043 4.023537
v 1.642193 1.597048 4.009472
v 1.649002 1.566599 4.039926
v 2.115246 2.006675 4.363326
v 2.116194 2.008452 4.355317
v 2.120217 2.013179 4.357064
v 2.120011 2.009610 4.364671
v 2.098512 1.955383 4.247766
v 2.101028 1.956765 4.275784
v 2.080215 1.974289 4.275792
v 2.077869 1.973150 4.251566
v 2.055658 1.984107 4.280760
v 2.051407 1.982861 4.254630
v 2.097681 1.929539 4.241852
v 2.100099 1.928959 4.266639
v 2.092593 1.911316 4.237850
v 2.089260 1.907279 4.263186
v 2.082643 1.899210 4.238175
v 2.071323 1.898762 4.272573
v 2.065289 1.891520 4.238841
v 2.059586 1.885088 4.213909
v 2.044730 1.894071 4.241375
v 2.039054 1.888286 4.214359
v 2.078502 1.893115 4.215437
v 2.090829 1.909255 4.215009
v 2.075895 1.971854 4.230066
v 2.048773 1.981160 4.230582
v 2.074301 1.968280 4.228071
v 2.050223 1.976047 4.228976
v 2.026167 1.974387 4.226729
v 2.028904 1.970191 4.224771
v 2.006673 1.956891 4.221368
v 2.010961 1.954401 4.219212
v 1.997030 1.933202 4.210631
v 2.001983 1.931655 4.206624
v 2.026135 1.974417 4.226796
v 2.028497 1.973230 4.250036
v 2.010965 1.958287 4.246933
v 1.999215 1.934514 4.221559
v 2.004619 1.940032 4.245367
v 2.006719 1.911948 4.218772
v 2.012302 1.918090 4.244143
v 1.997913 1.915118 4.197642
v 2.000806 1.916027 4.195320
v 2.003004 1.899361 4.182893
v 2.005051 1.901445 4.181576
v 2.030380 1.973557 4.273703
v 2.054954 1.981434 4.282036
v 2.078535 1.970888 4.276621
v 2.098472 1.954936 4.277051
v 2.054726 1.977059 4.294113
v 2.076901 1.968124 4.289128
v 2.054321 1.970803 4.293489
v 2.075343 1.965192 4.289635
v 2.096580 1.952231 4.288729
v 2.091189 1.949979 4.289146
v 2.035153 1.971944 4.291116
v 2.038148 1.967453 4.289425
v 2.031900 1.971701 4.275548
v 2.021690 1.961023 4.286172
v 2.024617 1.957731 4.284783
v 2.021589 1.945706 4.282454
v 2.017315 1.945237 4.283500
v 2.030277 1.935527 4.289335
v 2.024767 1.931680 4.291699
v 2.019027 1.959265 4.271439
v 2.014078 1.943867 4.269733
v 2.022461 1.928949 4.277702
v 2.016475 1.960750 4.269914
v 2.010690 1.943511 4.268637
v 2.019000 1.925313 4.277670
v 1.899544 1.560204 3.989135
v 1.902361 1.561866 3.990022
v 1.901806 1.559153 3.974451
v 1.898560 1.558243 3.974207
v 1.903828 1.571472 3.958776
v 1.900403 1.570787 3.959029
v 1.904178 1.584888 3.947463
v 1.901119 1.585300 3.946764
v 1.904245 1.586310 3.965641
v 1.903305 1.587667 3.963668
v 1.902941 1.574848 3.976366
v 1.895423 1.590461 3.998306
v 1.893316 1.590565 3.996905
v 1.903305 1.587667 3.963668
v 1.904245 1.586310 3.965641
v 1.894431 1.580026 4.009984
v 1.902941 1.574848 3.976366
v 1.893846 1.568552 4.025803
v 1.902361 1.561866 3.990022
v 1.891087 1.567835 4.024929
v 1.899544 1.560204 3.989135
v 1.872097 1.572837 4.051104
v 1.874026 1.573791 4.052674
v 1.876307 1.583388 4.032806
v 1.879258 1.591751 4.017921
v 1.877265 1.591851 4.015751
v 1.855315 1.574104 4.062549
v 1.856648 1.575387 4.064808
v 1.849981 1.580816 4.062656
v 1.852418 1.581269 4.064385
v 1.851910 1.592285 4.041150
v 1.854731 1.592800 4.043026
v 1.854820 1.603893 4.025721
v 1.857452 1.604357 4.027453
v 1.856844 1.617363 4.017734
v 1.859452 1.617759 4.019355
v 1.864875 1.604413 4.021097
v 1.866380 1.615522 4.013978
v 1.863379 1.603341 4.018987
v 1.861029 1.631983 4.002047
v 1.863421 1.632484 4.003528
v 1.864339 1.648027 3.985216
v 1.867600 1.648300 3.985963
v 1.872575 1.660480 3.969320
v 1.875367 1.659578 3.970433
v 1.878191 1.672206 3.961096
v 1.880562 1.671351 3.962939
v 1.882361 1.683459 3.955168
v 1.885070 1.683042 3.956596
v 1.887959 1.699191 3.948972
v 1.890345 1.698428 3.950632
v 1.869915 1.630651 3.997168
v 1.873779 1.646690 3.978726
v 1.881110 1.658840 3.963494
v 1.886224 1.670034 3.955092
v 1.891399 1.682765 3.947842
v 1.896994 1.698417 3.942341
v 1.881396 1.708732 3.957268
v 1.884378 1.708282 3.958388
v 1.894970 1.730339 3.950373
v 1.897355 1.728714 3.951234
v 1.900722 1.712822 3.941776
v 1.906745 1.728363 3.938242
v 1.914504 1.743283 3.934162
v 1.879832 1.659433 3.961671
v 1.884865 1.670619 3.953220
v 1.872169 1.647227 3.976192
v 1.868130 1.630625 3.994843
v 1.865115 1.615050 4.011806
v 1.894676 1.698619 3.940606
v 1.889108 1.683262 3.946138
v 1.899034 1.713481 3.939632
v 1.904771 1.728938 3.936125
v 1.912094 1.744430 3.932428
v 1.932342 1.767382 3.929162
v 1.934312 1.766070 3.930515
v 1.920420 1.752832 3.945131
v 1.918582 1.754798 3.943958
v 1.941291 1.797391 3.928526
v 1.938900 1.796687 3.927272
v 1.950749 1.835479 3.906540
v 1.952288 1.836838 3.908366
v 1.958647 1.867810 3.888567
v 1.959611 1.869519 3.890218
v 1.958313 1.878515 3.886154
v 1.958936 1.879153 3.887764
v 1.965945 1.899850 3.860979
v 1.967071 1.901150 3.862528
v 1.968659 1.925006 3.838897
v 1.968831 1.926610 3.840051
v 1.978039 1.941403 3.832562
v 1.978253 1.943800 3.833793
v 1.993890 1.944963 3.835461
v 1.994817 1.947605 3.837007
v 2.014741 1.938672 3.839088
v 2.015614 1.941621 3.840081
v 2.037052 1.922538 3.822064
v 2.035060 1.920480 3.821453
v 2.035764 1.900163 3.792991
v 2.038231 1.900766 3.794287
v 2.016964 1.890130 3.775233
v 2.019917 1.890412 3.775415
v 1.990818 1.884682 3.760495
v 1.994768 1.884490 3.760529
v 1.975521 1.881388 3.754671
v 1.976292 1.880700 3.752986
v 1.936600 1.890642 3.748068
v 1.936476 1.890924 3.745387
v 1.990568 1.944116 3.857707
v 1.971929 1.936053 3.850528
v 2.013382 1.939031 3.862353
v 2.032351 1.927694 3.850709
v 2.043124 1.905865 3.832892
v 2.043488 1.891016 3.809163
v 2.029841 1.878640 3.788661
v 2.009744 1.870594 3.772422
v 1.989814 1.864309 3.761588
v 2.022072 1.860124 3.790845
v 2.020041 1.860216 3.791958
v 1.988628 1.863783 3.763592
v 1.964128 1.869279 3.748829
v 1.963093 1.868785 3.751276
v 1.932356 1.876619 3.741930
v 1.932103 1.875785 3.744181
v 2.033040 1.869605 3.803526
v 2.035253 1.869954 3.803147
v 2.044283 1.883144 3.823849
v 2.046740 1.884072 3.823880
v 2.045010 1.905185 3.852797
v 2.047543 1.907092 3.852895
v 2.030448 1.924646 3.871687
v 2.031819 1.927350 3.871571
v 2.011875 1.935062 3.882951
v 2.012391 1.937971 3.881656
v 1.984050 1.935681 3.874525
v 1.983725 1.938289 3.875494
v 1.966643 1.920329 3.861826
v 1.966119 1.923004 3.863216
v 1.963346 1.889640 3.859116
v 1.963242 1.892014 3.860961
v 1.963946 1.857304 3.877787
v 1.964472 1.858401 3.879305
v 1.958761 1.837391 3.899238
v 1.959761 1.838297 3.900949
v 1.949442 1.807826 3.913588
v 1.951130 1.807635 3.915653
v 1.968278 1.910323 3.853937
v 1.967883 1.879719 3.872719
v 2.133352 1.578899 4.341000
v 2.133066 1.580610 4.342983
v 2.121951 1.592874 4.323522
v 2.122508 1.590403 4.322130
v 2.138548 1.563583 4.346324
v 2.138672 1.564170 4.349167
v 2.140234 1.545040 4.343441
v 2.140506 1.544113 4.346369
v 2.137883 1.524540 4.330471
v 2.138522 1.523400 4.332646
v 2.148779 1.506735 4.309520
v 2.149864 1.503968 4.310640
v 2.157817 1.495755 4.287324
v 2.158194 1.492791 4.288673
v 2.162219 1.496235 4.267201
v 2.162210 1.493053 4.267304
v 2.131610 1.606992 4.285753
v 2.132019 1.603965 4.285726
v 2.137213 1.608764 4.253958
v 2.138229 1.605678 4.253684
v 2.122668 1.606637 4.253634
v 2.123232 1.603493 4.253000
v 2.114972 1.539082 4.353535
v 2.112350 1.559202 4.356329
v 2.111126 1.558903 4.353522
v 2.113765 1.540317 4.351159
v 2.112116 1.513061 4.337744
v 2.110109 1.515142 4.336212
v 2.107446 1.573852 4.350947
v 2.106038 1.573120 4.347457
v 2.094070 1.589800 4.325286
v 2.093008 1.587155 4.323700
v 2.100489 1.602103 4.295213
v 2.099961 1.599124 4.294620
v 2.104329 1.606147 4.275729
v 2.104112 1.605011 4.260524
v 2.103238 1.603067 4.275446
v 2.103380 1.601890 4.261470
v 2.125697 1.495182 4.317977
v 2.135307 1.484238 4.298423
v 2.138478 1.481580 4.281437
v 2.149239 1.487212 4.268399
v 2.148178 1.489713 4.268165
v 2.131930 1.489056 4.253849
v 2.132560 1.486106 4.253171
v 2.113423 1.493502 4.239892
v 2.113309 1.490626 4.238758
v 2.133177 1.486341 4.297344
v 2.124261 1.496369 4.315803
v 2.136140 1.483919 4.282033
v 2.120489 1.477768 4.262954
v 2.118315 1.480153 4.263667
v 2.096340 1.480826 4.246096
v 2.095455 1.483014 4.247822
v 2.077778 1.487193 4.237006
v 2.077240 1.488578 4.239199
v 2.069792 1.503829 4.224865
v 2.065105 1.518287 4.221056
v 2.062162 1.529069 4.215752
v 2.058897 1.549592 4.219903
v 2.059366 1.550341 4.217090
v 2.073612 1.574082 4.222576
v 2.072817 1.572008 4.224833
v 2.090042 1.594292 4.238681
v 2.110729 1.597228 4.234737
v 2.122668 1.606637 4.253634
v 2.123232 1.603493 4.253000
v 2.110926 1.593850 4.234923
v 2.100281 1.584751 4.222821
v 2.101614 1.582624 4.224894
v 2.089832 1.567045 4.214342
v 2.091098 1.565603 4.216456
v 2.104112 1.605011 4.260524
v 2.089827 1.591219 4.240693
v 2.103380 1.601890 4.261470
v 2.068021 1.559081 4.216551
v 2.095281 1.538118 4.210376
v 2.096511 1.539026 4.213293
v 2.103911 1.510433 4.220474
v 2.104878 1.512092 4.223005
v 2.072561 1.531668 4.212921
v 2.080426 1.504738 4.223102
v 2.087386 1.485748 4.238154
v 1.763114 1.821181 3.749936
v 1.763116 1.821075 3.752185
v 1.783357 1.822840 3.747322
v 1.782953 1.823953 3.744520
v 1.800619 1.839941 3.745877
v 1.799800 1.840728 3.743018
v 1.823817 1.844634 3.742827
v 1.824222 1.843546 3.745806
v 1.763069 1.848430 3.755093
v 1.777612 1.848507 3.750117
v 1.763072 1.848763 3.757886
v 1.777769 1.848783 3.753347
v 1.797147 1.851240 3.745436
v 1.797001 1.851415 3.748587
v 1.822375 1.854781 3.745215
v 1.821805 1.855597 3.748551
v 1.839629 1.858931 3.744361
v 1.838815 1.859281 3.747931
v 1.856134 1.865069 3.742220
v 1.856386 1.865136 3.745502
v 1.874557 1.871757 3.741609
v 1.874465 1.871685 3.744387
v 1.892608 1.877872 3.743273
v 1.892500 1.877974 3.746418
v 1.841485 1.848384 3.741009
v 1.841655 1.847321 3.743780
v 1.859687 1.852891 3.741335
v 1.859153 1.853994 3.738565
v 1.878199 1.859386 3.740113
v 1.877703 1.860468 3.737821
v 1.895765 1.865220 3.742481
v 1.895431 1.866436 3.739486
v 1.913990 1.870613 3.743749
v 1.913186 1.871345 3.740867
v 1.913226 1.884233 3.743224
v 1.913142 1.884440 3.745915
v 1.825847 2.085768 4.036830
v 1.823656 2.073509 4.037389
v 1.815928 2.066901 4.046291
v 1.814551 2.073783 4.049309
v 1.806364 2.058835 4.052707
v 1.803410 2.063800 4.056663
v 1.795243 2.049592 4.055578
v 1.791480 2.052947 4.059529
v 1.789359 2.044465 4.055635
v 1.784346 2.045657 4.058645
v 1.786859 2.040618 4.055424
v 1.781246 2.040344 4.057090
v 1.825419 2.097710 4.035348
v 1.811977 2.080806 4.051096
v 1.799775 2.068746 4.059393
v 1.788206 2.056600 4.060911
v 1.779854 2.047044 4.059384
v 1.775386 2.040776 4.057298
v 1.791884 2.037645 4.050818
v 1.789077 2.033366 4.050985
v 1.798388 2.035823 4.046464
v 1.797595 2.029689 4.044166
v 1.809770 2.036794 4.037960
v 1.804841 2.029030 4.037980
v 1.794380 2.023933 4.042083
v 1.802042 2.022349 4.034102
v 1.810490 2.023801 4.026371
v 1.812434 2.030146 4.031875
v 1.818401 2.027786 4.019355
v 1.819370 2.033715 4.026014
v 1.824344 2.034551 4.014358
v 1.823731 2.039269 4.022886
v 1.827895 2.045985 4.020110
v 1.829281 2.044077 4.010197
v 1.818286 2.041567 4.031331
v 1.830978 2.054075 4.018666
v 1.824498 2.050759 4.027367
v 1.832507 2.061494 4.018234
v 1.827242 2.059666 4.026755
v 1.833727 2.070693 4.019318
v 1.828822 2.068468 4.027243
v 1.834003 2.080978 4.021271
v 1.829503 2.077554 4.029434
v 1.836269 2.084987 4.010617
v 1.835352 2.098071 4.013743
v 1.833097 2.092883 4.023618
v 1.833865 2.107936 4.016607
v 1.831293 2.103173 4.025607
v 1.831004 2.116989 4.020037
v 1.828818 2.106785 4.028317
v 1.836043 2.073141 4.008963
v 1.834030 2.058891 4.008228
v 1.823602 2.098706 4.034640
v 1.811474 2.081826 4.049916
v 1.798689 2.069761 4.057956
v 1.787524 2.057447 4.060205
v 1.779321 2.047712 4.058571
v 1.774566 2.041272 4.056804
v 1.780572 2.033880 4.053773
v 1.785765 2.028838 4.049610
v 1.785363 2.028769 4.048818
v 1.793670 2.023970 4.040986
v 1.779726 2.034130 4.053493
v 1.800989 2.022520 4.033551
v 1.809891 2.023617 4.025371
v 1.817635 2.028000 4.018744
v 1.823660 2.034864 4.013414
v 1.828381 2.044931 4.008951
v 1.833249 2.059605 4.007152
v 1.835370 2.073054 4.007848
v 1.835620 2.084741 4.009625
v 1.834675 2.098619 4.012567
v 1.832639 2.108897 4.015418
v 1.829827 2.117739 4.019248
v 1.779807 1.724644 3.995022
v 1.782709 1.723608 3.988397
v 1.763118 1.708778 3.990338
v 1.763118 1.711798 3.994839
v 1.763118 1.723297 3.997668
v 1.780597 1.740561 3.995352
v 1.763118 1.739706 3.998506
v 1.783117 1.740405 3.990387
v 1.782487 1.757159 3.990713
v 1.780210 1.755255 3.993948
v 1.763118 1.755057 3.997264
v 1.770759 1.764456 3.992945
v 1.763118 1.762001 3.995685
v 1.773243 1.765017 3.988319
v 1.763118 1.772900 3.990790
v 1.770100 1.773340 3.989524
v 1.763118 1.777339 3.988554
v 1.767272 1.776187 3.988605
v 1.773119 1.773679 3.986038
v 1.768953 1.777219 3.983968
v 1.763118 1.778617 3.982763
v 2.041383 1.949655 4.000438
v 2.042532 1.951987 4.000208
v 2.030264 1.957520 4.005060
v 2.029132 1.954886 4.005764
v 2.054492 1.942867 4.008914
v 2.056238 1.944991 4.007813
v 2.062633 1.928935 4.023492
v 2.064785 1.931479 4.022928
v 2.045148 1.957608 4.015336
v 2.033363 1.962967 4.017457
v 2.057238 1.951098 4.023119
v 2.064734 1.939174 4.034955
v 2.068613 1.922272 4.030627
v 2.070649 1.924675 4.030063
v 2.073702 1.916740 4.037396
v 2.076016 1.918046 4.037269
v 2.080926 1.905106 4.048602
v 2.083295 1.906119 4.048991
v 2.077584 1.892593 4.050986
v 2.080384 1.892334 4.051984
v 2.057302 1.871344 4.063774
v 2.060092 1.869802 4.064678
v 2.032518 1.961051 4.020586
v 2.044034 1.955378 4.017699
v 2.055299 1.949222 4.025141
v 2.061914 1.938363 4.036339
v 2.069114 1.930566 4.044392
v 2.071758 1.931439 4.043181
v 2.039844 1.867765 4.074415
v 2.041868 1.864986 4.074406
v 2.022598 1.866490 4.087307
v 2.022732 1.863606 4.088018
v 2.002237 1.870289 4.098462
v 2.002148 1.867409 4.099707
v 1.979793 1.883615 4.092065
v 1.977513 1.881627 4.093087
v 2.077867 1.920595 4.054150
v 2.074989 1.919945 4.054988
v 2.081129 1.905101 4.064697
v 2.077903 1.905648 4.065535
v 2.074336 1.890063 4.071992
v 2.072108 1.891958 4.073153
v 2.062961 1.872350 4.089389
v 2.060601 1.874591 4.091076
v 2.040726 1.864644 4.106140
v 2.040420 1.867020 4.107650
v 2.021917 1.864840 4.119235
v 2.010068 1.867193 4.124753
v 1.992789 1.873506 4.123598
v 1.979895 1.881274 4.117170
v 1.992688 1.875593 4.124216
v 1.983399 1.882688 4.118763
v 2.023063 1.866701 4.119555
v 1.998802 1.878379 4.136567
v 1.998231 1.875249 4.137017
v 2.024050 1.867566 4.132223
v 2.025127 1.870428 4.131758
v 2.028231 1.873534 4.151690
v 2.029813 1.876071 4.150548
v 2.031982 1.880130 4.169352
v 2.034894 1.882627 4.171198
v 2.005379 1.885665 4.154701
v 2.004866 1.882339 4.154969
v 2.010146 1.891936 4.171209
v 2.009637 1.889427 4.171373
v 2.018677 1.876379 4.153117
v 2.013145 1.869894 4.134913
v 2.022850 1.882474 4.169190
v 2.020686 1.881865 4.169826
v 2.008881 1.888085 4.172148
v 2.030688 1.877632 4.169959
v 2.003004 1.899361 4.182893
v 2.005051 1.901445 4.181576
v 2.055229 1.880696 4.189423
v 2.014746 1.888056 4.186378
v 2.028295 1.881043 4.185243
v 2.032527 1.882735 4.189681
v 2.015182 1.892079 4.191166
v 2.005096 1.902017 4.195035
v 2.077319 1.890396 4.205915
v 2.075780 1.895159 4.204319
v 2.085902 1.910506 4.212702
v 2.096379 1.927723 4.221254
v 2.095131 1.953337 4.227001
v 2.088115 1.952142 4.225829
v 2.091607 1.927765 4.219005
v 2.056740 1.884179 4.189641
v 1.982485 1.929590 4.051096
v 1.980409 1.931812 4.051170
v 1.967407 1.921736 4.066233
v 1.970294 1.920208 4.065025
v 1.964717 1.902727 4.081012
v 1.967892 1.902326 4.080012
v 1.987641 1.935062 4.043033
v 1.985430 1.936806 4.043613
v 1.992310 1.946963 4.043323
v 1.990258 1.948114 4.043862
v 2.010745 1.956838 4.017250
v 2.011674 1.954163 4.018432
v 2.011899 1.964093 4.029671
v 1.991279 1.957876 4.056271
v 2.012862 1.962308 4.032104
v 1.993856 1.956702 4.057234
v 1.982867 1.943296 4.074833
v 1.985188 1.941943 4.077207
v 1.969228 1.924157 4.093476
v 1.966173 1.925024 4.092144
v 1.969420 1.901449 4.108990
v 1.966224 1.900908 4.107452
v 1.983399 1.882688 4.118763
v 1.979895 1.881274 4.117170
v 1.968351 1.892341 4.087202
v 1.979793 1.883615 4.092065
v 1.977513 1.881627 4.093087
v 2.036361 1.927960 4.301285
v 2.033047 1.924242 4.302884
v 2.024767 1.931680 4.291699
v 2.030277 1.935527 4.289335
v 2.032765 1.918924 4.284912
v 2.022461 1.928949 4.277702
v 2.046483 1.910891 4.297782
v 2.019000 1.925313 4.277670
v 2.034676 1.913778 4.287917
v 2.033498 1.905969 4.264962
v 2.026820 1.903906 4.242905
v 2.045338 1.899115 4.263809
v 2.040433 1.903480 4.267716
v 2.037510 1.905889 4.270122
v 2.039631 1.910576 4.286754
v 2.042093 1.903033 4.286713
v 2.044269 1.901824 4.269635
v 2.049407 1.904300 4.286964
v 2.045858 1.908436 4.294601
v 2.012302 1.918090 4.244143
v 2.021182 1.898474 4.215901
v 2.006719 1.911948 4.218772
v 2.054193 1.902289 4.285606
v 2.070786 1.901934 4.274538
v 2.055628 1.903222 4.286497
v 2.087196 1.910358 4.266063
v 2.096271 1.929521 4.268922
v 2.096648 1.926799 4.281830
v 2.088720 1.912871 4.279216
v 2.074627 1.904368 4.288735
v 2.094117 1.928525 4.282981
v 2.086472 1.915567 4.280618
v 2.074591 1.906296 4.289683
v 2.066059 1.906666 4.305168
v 2.066627 1.909438 4.303905
v 2.045766 1.909343 4.297157
v 2.005096 1.902017 4.195035
v 2.065060 1.915498 4.322997
v 2.065747 1.918911 4.321852
v 2.066627 1.909438 4.303905
v 2.066059 1.906666 4.305168
v 2.053617 1.920133 4.323559
v 2.046483 1.910891 4.297782
v 2.033047 1.924242 4.302884
v 2.045245 1.925261 4.323481
v 2.046466 1.928426 4.320838
v 2.036361 1.927960 4.301285
v 2.069175 1.936811 4.342667
v 2.069760 1.937663 4.341570
v 2.062430 1.938698 4.342902
v 2.055673 1.941833 4.341562
v 2.055773 1.942901 4.338918
v 2.074652 1.957185 4.347779
v 2.074671 1.958850 4.345431
v 2.062354 1.961606 4.347706
v 2.076563 1.968399 4.350662
v 2.064325 1.971307 4.350148
v 2.072897 1.982754 4.355729
v 2.087357 1.977393 4.352050
v 2.087347 1.988819 4.357005
v 2.080373 1.996319 4.358998
v 2.058718 1.982263 4.353503
v 2.060820 1.991876 4.357706
v 2.070079 1.997883 4.359651
v 2.058626 1.994768 4.352345
v 2.056293 1.982691 4.349583
v 2.076716 1.968073 4.346182
v 2.063029 1.971084 4.345489
v 2.061986 1.962292 4.345367
v 2.089219 1.977566 4.349269
v 2.068880 1.999802 4.357385
v 2.080636 1.997765 4.357526
v 2.088112 1.989977 4.354662
v 1.496673 2.412149 3.800370
v 1.494114 2.416428 3.799431
v 1.496716 2.419895 3.791967
v 1.497827 2.414776 3.792510
v 1.439800 2.292254 3.863501
v 1.445015 2.280425 3.839156
v 1.450515 2.301178 3.827327
v 1.446209 2.315992 3.848905
v 1.463763 2.289871 3.807097
v 1.459131 2.266559 3.818919
v 1.454346 2.292407 3.885682
v 1.460751 2.313841 3.874725
v 1.467884 2.290213 3.899334
v 1.480902 2.309845 3.888629
v 1.482571 2.287625 3.904140
v 1.501928 2.309462 3.882803
v 1.500000 2.280385 3.902222
v 1.499766 2.258347 3.917257
v 1.514090 2.270784 3.890156
v 1.512596 2.247063 3.906127
v 1.481802 2.268125 3.918336
v 1.462992 2.271087 3.911335
v 1.466325 2.291089 3.808209
v 1.449735 2.275317 3.896524
v 1.436808 2.273950 3.873635
v 1.440315 2.262139 3.849740
v 1.454329 2.245919 3.830707
v 1.443013 2.260403 3.852740
v 1.455901 2.246469 3.836003
v 1.473532 2.231980 3.828008
v 1.473499 2.232750 3.833337
v 1.496542 2.220837 3.835674
v 1.494276 2.221926 3.840475
v 1.514448 2.212058 3.855088
v 1.510496 2.211843 3.860434
v 1.473558 2.232011 3.827940
v 1.480079 2.252430 3.818589
v 1.500886 2.243545 3.823911
v 1.515621 2.221771 3.849640
v 1.516145 2.242672 3.835854
v 1.523025 2.228356 3.871688
v 1.523646 2.250455 3.856524
v 1.520424 2.206162 3.876281
v 1.517009 2.205662 3.878013
v 1.521337 2.200411 3.898349
v 1.518166 2.199994 3.898258
v 1.502791 2.264694 3.813303
v 1.486161 2.272635 3.807684
v 1.486799 2.275349 3.808859
v 1.478329 2.304118 3.802727
v 1.454075 2.301649 3.828768
v 1.449573 2.315996 3.848438
v 1.465096 2.312743 3.817319
v 1.481804 2.304469 3.807688
v 1.468032 2.312854 3.818689
v 1.459692 2.324979 3.831282
v 1.464870 2.322765 3.830590
v 1.489956 2.290098 3.802736
v 1.489719 2.291116 3.808154
v 1.504125 2.280697 3.807457
v 1.503583 2.281841 3.811898
v 1.512349 2.280816 3.820937
v 1.516053 2.279452 3.818962
v 1.514030 2.293103 3.829951
v 1.520907 2.292818 3.829943
v 1.514689 2.266740 3.825336
v 1.502353 2.267627 3.814794
v 1.520223 2.280834 3.836554
v 1.516996 2.264090 3.824686
v 1.524886 2.279679 3.837912
v 1.626683 1.560144 3.989046
v 1.627669 1.558160 3.973983
v 1.624423 1.559068 3.974226
v 1.623865 1.561799 3.989920
v 1.622405 1.571285 3.958191
v 1.625830 1.570605 3.958453
v 1.622056 1.584692 3.946803
v 1.625115 1.585106 3.946100
v 1.621989 1.585985 3.965004
v 1.622929 1.587354 3.963044
v 1.623291 1.574611 3.975879
v 1.630811 1.589405 3.996909
v 1.621989 1.585985 3.965004
v 1.622929 1.587354 3.963044
v 1.632918 1.589532 3.995522
v 1.631798 1.579037 4.008569
v 1.623291 1.574611 3.975879
v 1.632365 1.568035 4.025044
v 1.623865 1.561799 3.989920
v 1.635124 1.567336 4.024186
v 1.626683 1.560144 3.989046
v 1.654113 1.571634 4.049587
v 1.652185 1.572568 4.051163
v 1.649921 1.582112 4.031352
v 1.646977 1.590650 4.016796
v 1.648970 1.590803 4.014666
v 1.670906 1.572684 4.060886
v 1.669573 1.573943 4.063155
v 1.676243 1.579391 4.061065
v 1.673806 1.579826 4.062796
v 1.674324 1.591949 4.040816
v 1.671503 1.592461 4.042696
v 1.671414 1.603677 4.025615
v 1.668782 1.604128 4.027348
v 1.669390 1.617204 4.017715
v 1.666782 1.617589 4.019340
v 1.661359 1.604081 4.020924
v 1.659854 1.615312 4.013981
v 1.662855 1.602999 4.018794
v 1.665205 1.632027 4.002277
v 1.662813 1.632534 4.003769
v 1.661897 1.647708 3.984506
v 1.658636 1.647943 3.985179
v 1.653661 1.659296 3.967103
v 1.650869 1.658381 3.968211
v 1.648045 1.670888 3.958896
v 1.645674 1.670013 3.960734
v 1.643876 1.682373 3.953523
v 1.641167 1.681957 3.954975
v 1.638288 1.698872 3.948484
v 1.635902 1.698108 3.950148
v 1.656319 1.630752 3.997554
v 1.652457 1.646443 3.978103
v 1.645126 1.657828 3.961468
v 1.640012 1.668905 3.953068
v 1.634839 1.681882 3.946408
v 1.629256 1.698137 3.941858
v 1.644853 1.708562 3.957024
v 1.641872 1.708110 3.958140
v 1.631421 1.730677 3.950575
v 1.629033 1.729048 3.951423
v 1.625582 1.712856 3.941654
v 1.619717 1.728846 3.938587
v 1.612333 1.744538 3.935323
v 1.646404 1.658455 3.959677
v 1.641371 1.669521 3.951220
v 1.654067 1.646987 3.975571
v 1.658104 1.630727 3.995232
v 1.637130 1.682381 3.944681
v 1.631574 1.698328 3.940103
v 1.627273 1.713522 3.939517
v 1.621692 1.729419 3.936479
v 1.614742 1.745660 3.933596
v 1.606743 1.754847 3.946749
v 1.608582 1.756785 3.945590
v 1.593304 1.769716 3.933298
v 1.595280 1.770970 3.932000
v 1.587008 1.804463 3.932708
v 1.589416 1.803470 3.931581
v 1.576382 1.843250 3.911169
v 1.574731 1.844743 3.912493
v 1.567890 1.873557 3.895610
v 1.566814 1.875224 3.896617
v 1.567960 1.881495 3.892940
v 1.567280 1.882230 3.894031
v 1.550759 1.895809 3.858472
v 1.549121 1.897128 3.858712
v 1.534189 1.910755 3.819500
v 1.533176 1.912194 3.818751
v 1.516285 1.920619 3.801384
v 1.514836 1.922473 3.800036
v 1.499509 1.923285 3.804978
v 1.497217 1.925343 3.803819
v 1.483789 1.919243 3.820585
v 1.481468 1.920814 3.819005
v 1.475061 1.896930 3.835770
v 1.477810 1.896025 3.836304
v 1.491014 1.878525 3.836438
v 1.488402 1.879092 3.837368
v 1.511764 1.873068 3.823528
v 1.509060 1.873120 3.824433
v 1.535754 1.869356 3.804451
v 1.532257 1.869190 3.805798
v 1.549789 1.866724 3.795059
v 1.549040 1.866119 3.793814
v 1.583130 1.875090 3.771634
v 1.583044 1.875130 3.768882
v 1.499966 1.944080 3.811957
v 1.520659 1.935980 3.805961
v 1.482412 1.940228 3.828941
v 1.472892 1.921180 3.841480
v 1.484561 1.882630 3.850423
v 1.501455 1.871778 3.839304
v 1.520709 1.863991 3.822556
v 1.538364 1.857546 3.806840
v 1.512476 1.865587 3.844709
v 1.514135 1.865888 3.844664
v 1.539547 1.857422 3.808168
v 1.560622 1.857847 3.786236
v 1.561779 1.857712 3.788220
v 1.587734 1.863355 3.764831
v 1.588190 1.862876 3.766986
v 1.499733 1.875135 3.852055
v 1.497810 1.875080 3.852544
v 1.484719 1.889260 3.861374
v 1.482333 1.889244 3.861847
v 1.472813 1.913512 3.863577
v 1.469737 1.913585 3.863252
v 1.474073 1.939318 3.851614
v 1.471542 1.939700 3.849996
v 1.483820 1.957976 3.839837
v 1.482025 1.957559 3.837198
v 1.508027 1.958540 3.822275
v 1.506914 1.960319 3.820407
v 1.530434 1.941966 3.817664
v 1.529524 1.944171 3.815883
v 1.545380 1.905910 3.836295
v 1.544316 1.908020 3.835710
v 1.555892 1.868521 3.874850
v 1.554911 1.869702 3.875376
v 1.567034 1.846066 3.903022
v 1.565907 1.847091 3.904210
v 1.578230 1.816034 3.918447
v 1.576523 1.816048 3.920256
v 1.535563 1.912838 3.827531
v 1.549636 1.885113 3.867536
v 1.476351 1.898214 3.854175
v 1.461923 1.873951 4.121326
v 1.485039 1.866782 4.125209
v 1.486129 1.869408 4.125733
v 1.462014 1.876539 4.121826
v 1.445979 1.868148 4.119928
v 1.444600 1.870659 4.120410
v 1.433746 1.853832 4.120398
v 1.431166 1.855413 4.120984
v 1.427465 1.830423 4.122576
v 1.425098 1.831334 4.122662
v 1.424578 1.803853 4.109805
v 1.421557 1.802936 4.109456
v 1.427931 1.780814 4.097397
v 1.424816 1.779877 4.097813
v 1.439637 1.766558 4.088209
v 1.437246 1.764519 4.088725
v 1.517478 1.851400 4.105294
v 1.515168 1.849402 4.105354
v 1.537094 1.829419 4.091942
v 1.534728 1.827250 4.091368
v 1.539723 1.826551 4.106125
v 1.537663 1.824037 4.105905
v 1.430047 1.855189 4.147997
v 1.443757 1.870419 4.148152
v 1.445626 1.868032 4.148688
v 1.432764 1.854144 4.148389
v 1.421637 1.825933 4.150825
v 1.424666 1.826009 4.152060
v 1.459188 1.875744 4.149332
v 1.461216 1.872547 4.149942
v 1.490535 1.866154 4.153507
v 1.489880 1.863129 4.154538
v 1.516521 1.852564 4.138188
v 1.514856 1.850100 4.139000
v 1.530581 1.841130 4.129155
v 1.539309 1.829049 4.125835
v 1.528803 1.838781 4.130598
v 1.536634 1.827617 4.127239
v 1.417165 1.800527 4.135737
v 1.419784 1.799581 4.136405
v 1.421526 1.779965 4.124900
v 1.418729 1.779547 4.123441
v 1.426526 1.765416 4.116653
v 1.435840 1.760369 4.102306
v 1.438107 1.761768 4.102888
v 1.451007 1.749360 4.115084
v 1.449100 1.746949 4.114761
v 1.468027 1.740463 4.128773
v 1.466662 1.737698 4.129042
v 1.428505 1.767218 4.118686
v 1.440193 1.747679 4.129982
v 1.442088 1.749612 4.131877
v 1.459580 1.735149 4.148533
v 1.460346 1.737810 4.149469
v 1.475004 1.731066 4.163136
v 1.474796 1.733569 4.163977
v 1.496941 1.732440 4.165320
v 1.511173 1.738827 4.166699
v 1.523171 1.741803 4.166600
v 1.536480 1.758234 4.167639
v 1.538655 1.756683 4.166393
v 1.548716 1.777748 4.150527
v 1.546008 1.777975 4.152151
v 1.548966 1.804511 4.135676
v 1.547904 1.805264 4.114399
v 1.539723 1.826551 4.106125
v 1.537663 1.824037 4.105905
v 1.545262 1.803175 4.114767
v 1.549068 1.787263 4.123399
v 1.545853 1.787500 4.122947
v 1.544238 1.768397 4.134005
v 1.541519 1.769108 4.133525
v 1.539309 1.829049 4.125835
v 1.545521 1.803946 4.136850
v 1.536634 1.827617 4.127239
v 1.543024 1.762820 4.156666
v 1.524075 1.746643 4.132218
v 1.522581 1.749516 4.131613
v 1.495149 1.736472 4.130590
v 1.494519 1.739532 4.130026
v 1.523992 1.742304 4.155557
v 1.495794 1.732629 4.154566
v 1.470597 1.731763 4.154430
v 1.661119 1.614845 4.011810
v 1.763114 1.821181 3.749936
v 1.743241 1.823875 3.744567
v 1.742845 1.822769 3.747366
v 1.763116 1.821075 3.752185
v 1.725326 1.839545 3.746060
v 1.726136 1.840335 3.743190
v 1.701245 1.842952 3.743723
v 1.700894 1.841905 3.746721
v 1.763069 1.848430 3.755093
v 1.748470 1.848396 3.750142
v 1.763072 1.848763 3.757886
v 1.748326 1.848680 3.753371
v 1.728745 1.850870 3.745547
v 1.728908 1.851061 3.748695
v 1.702540 1.853038 3.745965
v 1.703158 1.853921 3.749269
v 1.684319 1.855762 3.745953
v 1.685286 1.856319 3.749417
v 1.666250 1.859591 3.745442
v 1.666085 1.859757 3.748732
v 1.645998 1.863243 3.748050
v 1.646217 1.863327 3.750824
v 1.626732 1.866696 3.754110
v 1.626979 1.866953 3.757290
v 1.682616 1.845273 3.742886
v 1.682549 1.844318 3.745654
v 1.662917 1.847546 3.745272
v 1.663345 1.848539 3.742431
v 1.642636 1.851278 3.747603
v 1.643026 1.852236 3.745153
v 1.624138 1.855170 3.754207
v 1.624268 1.856102 3.751068
v 1.605773 1.859026 3.760838
v 1.606340 1.859441 3.757774
v 1.605745 1.870574 3.760077
v 1.605969 1.870951 3.762717
v 1.700393 2.085768 4.036829
v 1.711689 2.073783 4.049309
v 1.710312 2.066901 4.046290
v 1.702584 2.073509 4.037388
v 1.719876 2.058836 4.052707
v 1.722830 2.063801 4.056662
v 1.730997 2.049593 4.055578
v 1.734760 2.052947 4.059529
v 1.736881 2.044464 4.055635
v 1.741894 2.045657 4.058645
v 1.739381 2.040619 4.055424
v 1.744994 2.040345 4.057090
v 1.700821 2.097711 4.035348
v 1.714263 2.080806 4.051095
v 1.726465 2.068746 4.059393
v 1.738034 2.056600 4.060911
v 1.746386 2.047044 4.059383
v 1.750854 2.040776 4.057298
v 1.734356 2.037645 4.050818
v 1.737163 2.033366 4.050985
v 1.727852 2.035823 4.046464
v 1.728645 2.029689 4.044166
v 1.716470 2.036794 4.037960
v 1.721399 2.029030 4.037980
v 1.731860 2.023933 4.042083
v 1.724198 2.022349 4.034101
v 1.715750 2.023802 4.026371
v 1.713806 2.030146 4.031874
v 1.707839 2.027786 4.019354
v 1.706870 2.033716 4.026014
v 1.701896 2.034552 4.014358
v 1.702509 2.039270 4.022886
v 1.698345 2.045986 4.020109
v 1.696959 2.044078 4.010196
v 1.707954 2.041567 4.031331
v 1.695262 2.054076 4.018665
v 1.701742 2.050760 4.027366
v 1.693733 2.061494 4.018234
v 1.698998 2.059667 4.026754
v 1.692513 2.070693 4.019318
v 1.697418 2.068470 4.027242
v 1.692237 2.080979 4.021271
v 1.696737 2.077555 4.029434
v 1.689971 2.084987 4.010617
v 1.690888 2.098072 4.013742
v 1.693143 2.092883 4.023617
v 1.692375 2.107936 4.016607
v 1.694947 2.103174 4.025607
v 1.695236 2.116990 4.020037
v 1.697422 2.106785 4.028317
v 1.690197 2.073142 4.008963
v 1.692210 2.058892 4.008227
v 1.702638 2.098707 4.034639
v 1.714766 2.081826 4.049915
v 1.727551 2.069762 4.057956
v 1.738716 2.057447 4.060204
v 1.746919 2.047712 4.058571
v 1.751674 2.041272 4.056804
v 1.745668 2.033880 4.053773
v 1.740475 2.028838 4.049610
v 1.740877 2.028769 4.048817
v 1.732570 2.023970 4.040985
v 1.746514 2.034131 4.053493
v 1.725251 2.022521 4.033551
v 1.716349 2.023618 4.025370
v 1.708605 2.028000 4.018744
v 1.702580 2.034865 4.013413
v 1.697859 2.044932 4.008951
v 1.692991 2.059606 4.007151
v 1.690870 2.073055 4.007848
v 1.690620 2.084742 4.009625
v 1.691565 2.098619 4.012566
v 1.693601 2.108898 4.015418
v 1.696413 2.117740 4.019248
v 1.746429 1.724636 3.995016
v 1.763118 1.711798 3.994839
v 1.763118 1.708778 3.990338
v 1.743527 1.723597 3.988389
v 1.763118 1.723297 3.997668
v 1.745639 1.740562 3.995352
v 1.763118 1.739706 3.998506
v 1.743119 1.740405 3.990387
v 1.743749 1.757160 3.990714
v 1.746026 1.755257 3.993948
v 1.763118 1.755057 3.997264
v 1.755477 1.764456 3.992945
v 1.763118 1.762001 3.995685
v 1.752993 1.765017 3.988319
v 1.763118 1.772900 3.990790
v 1.756136 1.773340 3.989524
v 1.763118 1.777339 3.988554
v 1.758964 1.776187 3.988605
v 1.753117 1.773680 3.986039
v 1.757283 1.777218 3.983968
v 1.763118 1.778617 3.982763
v 1.440400 2.060635 3.888956
v 1.447412 2.070228 3.882138
v 1.445134 2.070053 3.880287
v 1.438238 2.060814 3.887511
v 1.431662 2.062703 3.904014
v 1.429183 2.061868 3.902631
v 1.430139 2.069868 3.925504
v 1.426972 2.069597 3.924358
v 1.430829 2.075193 3.892047
v 1.436906 2.080746 3.885265
v 1.421788 2.077504 3.908610
v 1.420255 2.084281 3.927087
v 1.427676 2.073139 3.936714
v 1.424669 2.072913 3.935670
v 1.425185 2.077383 3.947227
v 1.422457 2.077300 3.947420
v 1.423781 2.085110 3.965579
v 1.421127 2.085802 3.966342
v 1.433633 2.081237 3.972372
v 1.431215 2.081916 3.974549
v 1.458940 2.114133 3.994049
v 1.457660 2.115279 3.996523
v 1.437216 2.082309 3.889679
v 1.432353 2.076819 3.894988
v 1.423884 2.079288 3.910776
v 1.422892 2.085931 3.927150
v 1.420421 2.090509 3.939440
v 1.417825 2.089076 3.939445
v 1.477570 2.129736 3.988727
v 1.477355 2.129919 3.991823
v 1.497215 2.138860 3.976177
v 1.499134 2.140146 3.978072
v 1.513351 2.136415 3.958909
v 1.515583 2.137984 3.960461
v 1.519302 2.116251 3.942168
v 1.522495 2.116264 3.942204
v 1.417478 2.097604 3.955732
v 1.420198 2.098739 3.955257
v 1.422455 2.115374 3.976780
v 1.424884 2.118055 3.975504
v 1.439762 2.144496 3.987960
v 1.440641 2.144320 3.985031
v 1.465375 2.161505 3.987940
v 1.466247 2.161129 3.984399
v 1.491532 2.164705 3.976107
v 1.490781 2.165269 3.973436
v 1.509193 2.165129 3.961506
v 1.518071 2.162705 3.951931
v 1.526287 2.151077 3.940224
v 1.528750 2.137228 3.931852
v 1.525278 2.151088 3.938292
v 1.525869 2.140129 3.931518
v 1.507327 2.165619 3.960429
v 1.523090 2.163914 3.932955
v 1.525577 2.164614 3.934846
v 1.510107 2.176266 3.954184
v 1.507418 2.175869 3.952710
v 1.508974 2.193096 3.943524
v 1.505922 2.192488 3.942802
v 1.507523 2.208287 3.932447
v 1.504454 2.210837 3.930972
v 1.519105 2.181229 3.922942
v 1.521607 2.181818 3.925095
v 1.516868 2.196146 3.912883
v 1.518812 2.196506 3.914516
v 1.514602 2.188710 3.936579
v 1.517423 2.172080 3.946383
v 1.512698 2.202958 3.926726
v 1.514843 2.202474 3.925951
v 1.520420 2.197010 3.914857
v 1.510173 2.208597 3.933516
v 1.521337 2.200411 3.898349
v 1.518166 2.199994 3.898258
v 1.497157 2.236860 3.931676
v 1.494062 2.237149 3.929451
v 1.520678 2.211720 3.910745
v 1.514660 2.219251 3.922720
v 1.511998 2.224761 3.921104
v 1.519476 2.215047 3.905490
v 1.522170 2.210760 3.891196
v 1.481201 2.260280 3.924608
v 1.478886 2.257163 3.921072
v 1.465013 2.266281 3.909418
v 1.452419 2.270895 3.895535
v 1.442221 2.269446 3.872088
v 1.519794 2.236647 3.889843
v 1.523025 2.228356 3.871688
v 1.523646 2.250455 3.856524
v 1.521477 2.260273 3.874182
v 1.524886 2.279679 3.837912
v 1.522546 2.281378 3.864715
v 1.517840 2.288294 3.875603
v 1.519960 2.287899 3.868268
v 1.521365 2.287768 3.864009
v 1.521659 2.301175 3.853711
v 1.524715 2.304147 3.860353
v 1.518827 2.291887 3.870257
v 1.517623 2.307487 3.862690
v 1.517575 2.309824 3.856183
v 1.515064 2.309417 3.866730
v 1.523643 2.298790 3.848740
v 1.521412 2.294440 3.844990
v 1.520223 2.280834 3.836554
v 1.520907 2.292818 3.829943
v 1.519731 2.307023 3.839736
v 1.514855 2.306768 3.838184
v 1.514030 2.293103 3.829951
v 1.515390 2.311723 3.854129
v 1.501025 2.310117 3.879204
v 1.513189 2.310433 3.866248
v 1.481389 2.310393 3.883958
v 1.463833 2.313449 3.871401
v 1.467575 2.323039 3.862455
v 1.481367 2.320273 3.874592
v 1.497093 2.320746 3.870644
v 1.468693 2.322170 3.859062
v 1.481646 2.319524 3.870678
v 1.495844 2.320841 3.868428
v 1.500747 2.325974 3.860133
v 1.499099 2.325016 3.858032
v 1.516986 2.311296 3.855084
v 1.482354 2.084764 3.918247
v 1.495823 2.083212 3.922169
v 1.497144 2.081924 3.919487
v 1.482906 2.084405 3.915197
v 1.514891 2.095078 3.926454
v 1.512525 2.096069 3.928613
v 1.477034 2.084335 3.912686
v 1.477783 2.084211 3.910368
v 1.466412 2.085262 3.905821
v 1.467244 2.084897 3.904219
v 1.461456 2.086642 3.876535
v 1.461897 2.086619 3.879601
v 1.452498 2.094859 3.881076
v 1.457519 2.084540 3.902737
v 1.451595 2.095106 3.885122
v 1.456358 2.086269 3.904735
v 1.475194 2.092135 3.906089
v 1.474848 2.094849 3.907271
v 1.502507 2.103171 3.906055
v 1.503749 2.100250 3.904720
v 1.521294 2.120664 3.915925
v 1.523435 2.117794 3.915702
v 1.525869 2.140129 3.931518
v 1.528750 2.137228 3.931852
v 1.520635 2.104262 3.932937
v 1.519302 2.116251 3.942168
v 1.522495 2.116264 3.942204
v 1.522170 2.210760 3.891196
v 1.495129 2.335933 3.854122
v 1.500747 2.325974 3.860133
v 1.499099 2.325016 3.858032
v 1.494137 2.335515 3.851008
v 1.504393 2.332262 3.852769
v 1.515390 2.311723 3.854129
v 1.519731 2.307023 3.839736
v 1.511407 2.329473 3.849845
v 1.509880 2.328099 3.846678
v 1.514855 2.306768 3.838184
v 1.494223 2.357157 3.848984
v 1.494070 2.356799 3.847620
v 1.501270 2.355858 3.850104
v 1.508536 2.353574 3.849421
v 1.508870 2.351867 3.847096
v 1.500571 2.371917 3.837239
v 1.501387 2.370743 3.834904
v 1.512896 2.369254 3.840031
v 1.505257 2.379805 3.831535
v 1.516642 2.376268 3.835419
v 1.516845 2.389014 3.827383
v 1.502331 2.388408 3.820669
v 1.509417 2.397427 3.816260
v 1.519463 2.400397 3.816579
v 1.527666 2.381938 3.833488
v 1.531959 2.390400 3.828792
v 1.528511 2.397910 3.821118
v 1.535463 2.386724 3.824832
v 1.529818 2.378101 3.832054
v 1.504906 2.376129 3.828983
v 1.517486 2.371940 3.833395
v 1.513521 2.367528 3.838412
v 1.500998 2.386955 3.817827
v 1.530643 2.396625 3.819118
v 1.520160 2.400036 3.814609
v 1.509549 2.396472 3.813678
v 2.115246 2.006675 4.363326
v 2.120217 2.013179 4.357064
v 2.120011 2.009610 4.364671
v 2.074301 1.968280 4.228071
v 2.050223 1.976047 4.228976
v 2.028904 1.970191 4.224771
v 2.010961 1.954401 4.219212
v 2.001983 1.931655 4.206624
v 2.000806 1.916027 4.195320
v 2.005051 1.901445 4.181576
v 1.899544 1.560204 3.989135
v 1.898560 1.558243 3.974207
v 1.900403 1.570787 3.959029
v 1.901119 1.585300 3.946764
v 1.903305 1.587667 3.963668
v 1.893316 1.590565 3.996905
v 1.903305 1.587667 3.963668
v 1.891087 1.567835 4.024929
v 1.899544 1.560204 3.989135
v 1.872097 1.572837 4.051104
v 1.877265 1.591851 4.015751
v 1.855315 1.574104 4.062549
v 1.849981 1.580816 4.062656
v 1.851910 1.592285 4.041150
v 1.854820 1.603893 4.025721
v 1.856844 1.617363 4.017734
v 1.863379 1.603341 4.018987
v 1.861029 1.631983 4.002047
v 1.864339 1.648027 3.985216
v 1.872575 1.660480 3.969320
v 1.878191 1.672206 3.961096
v 1.882361 1.683459 3.955168
v 1.887959 1.699191 3.948972
v 1.881396 1.708732 3.957268
v 1.894970 1.730339 3.950373
v 1.879832 1.659433 3.961671
v 1.884865 1.670619 3.953220
v 1.872169 1.647227 3.976192
v 1.868130 1.630625 3.994843
v 1.865115 1.615050 4.011806
v 1.894676 1.698619 3.940606
v 1.889108 1.683262 3.946138
v 1.899034 1.713481 3.939632
v 1.904771 1.728938 3.936125
v 1.912094 1.744430 3.932428
v 1.932342 1.767382 3.929162
v 1.918582 1.754798 3.943958
v 1.938900 1.796687 3.927272
v 1.950749 1.835479 3.906540
v 1.958647 1.867810 3.888567
v 1.958313 1.878515 3.886154
v 1.965945 1.899850 3.860979
v 1.968659 1.925006 3.838897
v 1.978039 1.941403 3.832562
v 1.993890 1.944963 3.835461
v 2.014741 1.938672 3.839088
v 2.035060 1.920480 3.821453
v 2.035764 1.900163 3.792991
v 2.016964 1.890130 3.775233
v 1.990818 1.884682 3.760495
v 1.975521 1.881388 3.754671
v 1.936600 1.890642 3.748068
v 1.966643 1.920329 3.861826
v 1.963346 1.889640 3.859116
v 1.963946 1.857304 3.877787
v 1.958761 1.837391 3.899238
v 1.949442 1.807826 3.913588
v 2.133352 1.578899 4.341000
v 2.122508 1.590403 4.322130
v 2.138548 1.563583 4.346324
v 2.140234 1.545040 4.343441
v 2.137883 1.524540 4.330471
v 2.148779 1.506735 4.309520
v 2.157817 1.495755 4.287324
v 2.162219 1.496235 4.267201
v 2.132019 1.603965 4.285726
v 2.138229 1.605678 4.253684
v 2.111126 1.558903 4.353522
v 2.113765 1.540317 4.351159
v 2.110109 1.515142 4.336212
v 2.106038 1.573120 4.347457
v 2.093008 1.587155 4.323700
v 2.099961 1.599124 4.294620
v 2.103238 1.603067 4.275446
v 2.103380 1.601890 4.261470
v 2.148178 1.489713 4.268165
v 2.131930 1.489056 4.253849
v 2.113423 1.493502 4.239892
v 2.133177 1.486341 4.297344
v 2.124261 1.496369 4.315803
v 2.136140 1.483919 4.282033
v 2.118315 1.480153 4.263667
v 2.095455 1.483014 4.247822
v 2.077240 1.488578 4.239199
v 2.065105 1.518287 4.221056
v 2.058897 1.549592 4.219903
v 2.072817 1.572008 4.224833
v 2.123232 1.603493 4.253000
v 2.110926 1.593850 4.234923
v 2.101614 1.582624 4.224894
v 2.091098 1.565603 4.216456
v 2.089827 1.591219 4.240693
v 2.103380 1.601890 4.261470
v 2.096511 1.539026 4.213293
v 2.104878 1.512092 4.223005
v 1.763072 1.848763 3.757886
v 1.777769 1.848783 3.753347
v 1.797001 1.851415 3.748587
v 1.821805 1.855597 3.748551
v 1.838815 1.859281 3.747931
v 1.856386 1.865136 3.745502
v 1.874465 1.871685 3.744387
v 1.892500 1.877974 3.746418
v 1.913142 1.884440 3.745915
v 1.823602 2.098706 4.034640
v 1.811474 2.081826 4.049916
v 1.798689 2.069761 4.057956
v 1.787524 2.057447 4.060205
v 1.779321 2.047712 4.058571
v 1.774566 2.041272 4.056804
v 1.785363 2.028769 4.048818
v 1.793670 2.023970 4.040986
v 1.779726 2.034130 4.053493
v 1.800989 2.022520 4.033551
v 1.809891 2.023617 4.025371
v 1.817635 2.028000 4.018744
v 1.823660 2.034864 4.013414
v 1.828381 2.044931 4.008951
v 1.833249 2.059605 4.007152
v 1.835370 2.073054 4.007848
v 1.835620 2.084741 4.009625
v 1.834675 2.098619 4.012567
v 1.832639 2.108897 4.015418
v 1.829827 2.117739 4.019248
v 1.782709 1.723608 3.988397
v 1.763118 1.708778 3.990338
v 1.783117 1.740405 3.990387
v 1.782487 1.757159 3.990713
v 1.773243 1.765017 3.988319
v 1.773119 1.773679 3.986038
v 1.768953 1.777219 3.983968
v 1.763118 1.778617 3.982763
v 2.041383 1.949655 4.000438
v 2.029132 1.954886 4.005764
v 2.054492 1.942867 4.008914
v 2.062633 1.928935 4.023492
v 2.068613 1.922272 4.030627
v 2.073702 1.916740 4.037396
v 2.080926 1.905106 4.048602
v 2.077584 1.892593 4.050986
v 2.057302 1.871344 4.063774
v 2.032518 1.961051 4.020586
v 2.044034 1.955378 4.017699
v 2.055299 1.949222 4.025141
v 2.061914 1.938363 4.036339
v 2.069114 1.930566 4.044392
v 2.039844 1.867765 4.074415
v 2.022598 1.866490 4.087307
v 2.002237 1.870289 4.098462
v 1.979793 1.883615 4.092065
v 2.074989 1.919945 4.054988
v 2.077903 1.905648 4.065535
v 2.072108 1.891958 4.073153
v 2.060601 1.874591 4.091076
v 2.040420 1.867020 4.107650
v 1.992688 1.875593 4.124216
v 1.983399 1.882688 4.118763
v 2.023063 1.866701 4.119555
v 1.998802 1.878379 4.136567
v 2.025127 1.870428 4.131758
v 2.029813 1.876071 4.150548
v 2.034894 1.882627 4.171198
v 2.005379 1.885665 4.154701
v 2.010146 1.891936 4.171209
v 2.005051 1.901445 4.181576
v 2.075780 1.895159 4.204319
v 2.085902 1.910506 4.212702
v 2.088115 1.952142 4.225829
v 2.091607 1.927765 4.219005
v 2.056740 1.884179 4.189641
v 1.982485 1.929590 4.051096
v 1.970294 1.920208 4.065025
v 1.967892 1.902326 4.080012
v 1.987641 1.935062 4.043033
v 1.992310 1.946963 4.043323
v 2.011674 1.954163 4.018432
v 2.012862 1.962308 4.032104
v 1.993856 1.956702 4.057234
v 1.985188 1.941943 4.077207
v 1.969228 1.924157 4.093476
v 1.969420 1.901449 4.108990
v 1.983399 1.882688 4.118763
v 1.979793 1.883615 4.092065
v 2.065747 1.918911 4.321852
v 2.066627 1.909438 4.303905
v 2.046466 1.928426 4.320838
v 2.036361 1.927960 4.301285
v 2.069760 1.937663 4.341570
v 2.055773 1.942901 4.338918
v 2.074671 1.958850 4.345431
v 2.058626 1.994768 4.352345
v 2.056293 1.982691 4.349583
v 2.076716 1.968073 4.346182
v 2.063029 1.971084 4.345489
v 2.061986 1.962292 4.345367
v 2.089219 1.977566 4.349269
v 2.068880 1.999802 4.357385
v 2.080636 1.997765 4.357526
v 2.088112 1.989977 4.354662
v 1.496673 2.412149 3.800370
v 1.494114 2.416428 3.799431
v 1.496716 2.419895 3.791967
v 1.443013 2.260403 3.852740
v 1.455901 2.246469 3.836003
v 1.473499 2.232750 3.833337
v 1.494276 2.221926 3.840475
v 1.510496 2.211843 3.860434
v 1.517009 2.205662 3.878013
v 1.518166 2.199994 3.898258
v 1.626683 1.560144 3.989046
v 1.627669 1.558160 3.973983
v 1.625830 1.570605 3.958453
v 1.625115 1.585106 3.946100
v 1.622929 1.587354 3.963044
v 1.622929 1.587354 3.963044
v 1.632918 1.589532 3.995522
v 1.635124 1.567336 4.024186
v 1.626683 1.560144 3.989046
v 1.654113 1.571634 4.049587
v 1.648970 1.590803 4.014666
v 1.670906 1.572684 4.060886
v 1.676243 1.579391 4.061065
v 1.674324 1.591949 4.040816
v 1.671414 1.603677 4.025615
v 1.669390 1.617204 4.017715
v 1.662855 1.602999 4.018794
v 1.665205 1.632027 4.002277
v 1.661897 1.647708 3.984506
v 1.653661 1.659296 3.967103
v 1.648045 1.670888 3.958896
v 1.643876 1.682373 3.953523
v 1.638288 1.698872 3.948484
v 1.644853 1.708562 3.957024
v 1.631421 1.730677 3.950575
v 1.646404 1.658455 3.959677
v 1.641371 1.669521 3.951220
v 1.654067 1.646987 3.975571
v 1.658104 1.630727 3.995232
v 1.637130 1.682381 3.944681
v 1.631574 1.698328 3.940103
v 1.627273 1.713522 3.939517
v 1.621692 1.729419 3.936479
v 1.614742 1.745660 3.933596
v 1.608582 1.756785 3.945590
v 1.595280 1.770970 3.932000
v 1.589416 1.803470 3.931581
v 1.576382 1.843250 3.911169
v 1.567890 1.873557 3.895610
v 1.567960 1.881495 3.892940
v 1.550759 1.895809 3.858472
v 1.534189 1.910755 3.819500
v 1.516285 1.920619 3.801384
v 1.499509 1.923285 3.804978
v 1.483789 1.919243 3.820585
v 1.477810 1.896025 3.836304
v 1.491014 1.878525 3.836438
v 1.511764 1.873068 3.823528
v 1.535754 1.869356 3.804451
v 1.549789 1.866724 3.795059
v 1.583130 1.875090 3.771634
v 1.530434 1.941966 3.817664
v 1.545380 1.905910 3.836295
v 1.555892 1.868521 3.874850
v 1.567034 1.846066 3.903022
v 1.578230 1.816034 3.918447
v 1.461923 1.873951 4.121326
v 1.485039 1.866782 4.125209
v 1.445979 1.868148 4.119928
v 1.433746 1.853832 4.120398
v 1.427465 1.830423 4.122576
v 1.424578 1.803853 4.109805
v 1.427931 1.780814 4.097397
v 1.439637 1.766558 4.088209
v 1.515168 1.849402 4.105354
v 1.534728 1.827250 4.091368
v 1.445626 1.868032 4.148688
v 1.432764 1.854144 4.148389
v 1.424666 1.826009 4.152060
v 1.461216 1.872547 4.149942
v 1.489880 1.863129 4.154538
v 1.514856 1.850100 4.139000
v 1.528803 1.838781 4.130598
v 1.536634 1.827617 4.127239
v 1.419784 1.799581 4.136405
v 1.421526 1.779965 4.124900
v 1.438107 1.761768 4.102888
v 1.451007 1.749360 4.115084
v 1.468027 1.740463 4.128773
v 1.428505 1.767218 4.118686
v 1.442088 1.749612 4.131877
v 1.460346 1.737810 4.149469
v 1.474796 1.733569 4.163977
v 1.511173 1.738827 4.166699
v 1.536480 1.758234 4.167639
v 1.546008 1.777975 4.152151
v 1.537663 1.824037 4.105905
v 1.545262 1.803175 4.114767
v 1.545853 1.787500 4.122947
v 1.541519 1.769108 4.133525
v 1.545521 1.803946 4.136850
v 1.536634 1.827617 4.127239
v 1.522581 1.749516 4.131613
v 1.494519 1.739532 4.130026
v 1.661119 1.614845 4.011810
v 1.763072 1.848763 3.757886
v 1.748326 1.848680 3.753371
v 1.728908 1.851061 3.748695
v 1.703158 1.853921 3.749269
v 1.685286 1.856319 3.749417
v 1.666085 1.859757 3.748732
v 1.646217 1.863327 3.750824
v 1.626979 1.866953 3.757290
v 1.605969 1.870951 3.762717
v 1.702638 2.098707 4.034639
v 1.714766 2.081826 4.049915
v 1.727551 2.069762 4.057956
v 1.738716 2.057447 4.060204
v 1.746919 2.047712 4.058571
v 1.751674 2.041272 4.056804
v 1.740877 2.028769 4.048817
v 1.732570 2.023970 4.040985
v 1.746514 2.034131 4.053493
v 1.725251 2.022521 4.033551
v 1.716349 2.023618 4.025370
v 1.708605 2.028000 4.018744
v 1.702580 2.034865 4.013413
v 1.697859 2.044932 4.008951
v 1.692991 2.059606 4.007151
v 1.690870 2.073055 4.007848
v 1.690620 2.084742 4.009625
v 1.691565 2.098619 4.012566
v 1.693601 2.108898 4.015418
v 1.696413 2.117740 4.019248
v 1.763118 1.708778 3.990338
v 1.743527 1.723597 3.988389
v 1.743119 1.740405 3.990387
v 1.743749 1.757160 3.990714
v 1.752993 1.765017 3.988319
v 1.753117 1.773680 3.986039
v 1.757283 1.777218 3.983968
v 1.763118 1.778617 3.982763
v 1.440400 2.060635 3.888956
v 1.447412 2.070228 3.882138
v 1.431662 2.062703 3.904014
v 1.430139 2.069868 3.925504
v 1.427676 2.073139 3.936714
v 1.425185 2.077383 3.947227
v 1.423781 2.085110 3.965579
v 1.433633 2.081237 3.972372
v 1.458940 2.114133 3.994049
v 1.437216 2.082309 3.889679
v 1.432353 2.076819 3.894988
v 1.423884 2.079288 3.910776
v 1.422892 2.085931 3.927150
v 1.420421 2.090509 3.939440
v 1.477570 2.129736 3.988727
v 1.497215 2.138860 3.976177
v 1.513351 2.136415 3.958909
v 1.519302 2.116251 3.942168
v 1.420198 2.098739 3.955257
v 1.424884 2.118055 3.975504
v 1.440641 2.144320 3.985031
v 1.466247 2.161129 3.984399
v 1.490781 2.165269 3.973436
v 1.525278 2.151088 3.938292
v 1.525869 2.140129 3.931518
v 1.507327 2.165619 3.960429
v 1.523090 2.163914 3.932955
v 1.507418 2.175869 3.952710
v 1.505922 2.192488 3.942802
v 1.504454 2.210837 3.930972
v 1.519105 2.181229 3.922942
v 1.516868 2.196146 3.912883
v 1.518166 2.199994 3.898258
v 1.494062 2.237149 3.929451
v 1.478886 2.257163 3.921072
v 1.465013 2.266281 3.909418
v 1.452419 2.270895 3.895535
v 1.442221 2.269446 3.872088
v 1.482354 2.084764 3.918247
v 1.495823 2.083212 3.922169
v 1.512525 2.096069 3.928613
v 1.477034 2.084335 3.912686
v 1.466412 2.085262 3.905821
v 1.461897 2.086619 3.879601
v 1.451595 2.095106 3.885122
v 1.456358 2.086269 3.904735
v 1.474848 2.094849 3.907271
v 1.502507 2.103171 3.906055
v 1.521294 2.120664 3.915925
v 1.525869 2.140129 3.931518
v 1.519302 2.116251 3.942168
v 1.499099 2.325016 3.858032
v 1.494137 2.335515 3.851008
v 1.509880 2.328099 3.846678
v 1.514855 2.306768 3.838184
v 1.494070 2.356799 3.847620
v 1.508870 2.351867 3.847096
v 1.501387 2.370743 3.834904
v 1.535463 2.386724 3.824832
v 1.529818 2.378101 3.832054
v 1.504906 2.376129 3.828983
v 1.517486 2.371940 3.833395
v 1.513521 2.367528 3.838412
v 1.500998 2.386955 3.817827
v 1.530643 2.396625 3.819118
v 1.520160 2.400036 3.814609
v 1.509549 2.396472 3.813678
v 2.043261 2.045165 4.345744
v 2.037592 2.045373 4.347356
v 2.031929 2.024376 4.335759
v 2.045490 2.048336 4.353235
v 2.053068 2.044906 4.353201
v 2.049610 2.043611 4.346618
v 2.036058 2.047886 4.354428
v 2.027743 2.021246 4.354155
v 2.019951 2.002149 4.331085
v 2.027160 2.012587 4.348550
v 2.031323 2.042440 4.364432
v 2.036874 2.020802 4.369412
v 2.035835 2.037558 4.374092
v 2.040230 2.046371 4.378394
v 2.049873 2.040977 4.380022
v 2.046616 2.032212 4.373723
v 2.058141 2.039146 4.375445
v 2.054529 2.028561 4.368659
v 2.055218 2.014020 4.362332
v 2.056695 2.024045 4.366072
v 2.059140 2.020630 4.361179
v 2.068132 2.012729 4.357446
v 2.060464 2.031085 4.359074
v 2.059045 2.034056 4.359520
v 2.066881 2.008721 4.363062
v 2.077655 2.008992 4.362543
v 2.079461 2.009098 4.357588
v 2.059241 2.015136 4.364748
v 2.062136 2.028826 4.365968
v 2.085692 2.019545 4.365278
v 2.086938 2.020498 4.358819
v 2.087099 2.014954 4.384310
v 2.079341 2.003349 4.382501
v 2.088287 2.013151 4.393374
v 2.080429 2.003071 4.389919
v 2.086687 2.018118 4.385736
v 2.069003 2.003846 4.390174
v 2.077392 2.024107 4.382493
v 2.079639 2.005328 4.379100
v 2.071129 2.010694 4.376896
v 2.068182 2.027200 4.385712
v 2.062195 2.014251 4.378826
v 2.064116 2.023134 4.395988
v 2.057826 2.012030 4.391739
v 2.081294 1.999760 4.391552
v 2.087013 2.011558 4.396775
v 2.060255 2.009678 4.392302
v 2.078956 1.994328 4.388366
v 2.076669 1.999335 4.378776
v 2.054003 2.006747 4.388682
v 2.059249 2.008149 4.378246
v 2.061622 2.020707 4.395180
v 2.059799 2.010620 4.385615
v 2.061662 2.023387 4.386558
v 2.056277 2.003700 4.376739
v 2.066162 2.000705 4.374277
v 2.068058 2.004395 4.376293
v 2.074641 1.995083 4.377207
v 2.075241 1.985818 4.386642
v 2.049372 1.998950 4.387156
v 2.068491 2.004360 4.384170
v 2.070411 1.985676 4.374527
v 2.061757 1.990930 4.371349
v 2.065783 1.976199 4.374650
v 2.057659 1.981345 4.371437
v 2.052182 1.994090 4.373879
v 2.048794 1.984100 4.373836
v 2.046362 1.990564 4.383944
v 2.044016 1.982252 4.382022
v 2.066580 1.971014 4.382003
v 2.070926 1.978168 4.383979
v 2.053542 1.972008 4.373757
v 2.047617 1.976296 4.374636
v 2.051166 1.966927 4.378058
v 2.060093 1.964864 4.379312
v 2.060098 1.969175 4.375174
v 2.044244 1.972845 4.379057
v 2.031939 2.005786 4.321161
v 2.030368 1.987311 4.310554
v 2.050506 1.988842 4.300851
v 2.055468 2.011510 4.315710
v 2.074580 1.987298 4.297767
v 2.083119 2.011050 4.312357
v 2.096752 1.977268 4.299473
v 2.105149 1.999403 4.312773
v 2.090012 1.959258 4.289439
v 2.069499 1.968897 4.283543
v 2.015979 1.987754 4.321969
v 2.089489 1.951205 4.289266
v 2.071437 1.962506 4.287295
v 2.075343 1.965192 4.289635
v 2.091189 1.949979 4.289146
v 2.095681 1.932338 4.296837
v 2.098769 1.952775 4.293719
v 2.094091 1.930424 4.290394
v 2.091825 1.919333 4.304190
v 2.103714 1.941496 4.309698
v 2.108552 1.966853 4.308092
v 2.086766 1.916870 4.295014
v 2.081818 1.912886 4.312599
v 2.104445 1.934671 4.320808
v 2.115139 1.957978 4.318406
v 2.122800 1.974002 4.326796
v 2.118002 1.984097 4.318489
v 2.123425 1.964110 4.339753
v 2.115672 1.950439 4.332984
v 2.107792 1.947637 4.343690
v 2.097149 1.931134 4.333981
v 2.083623 1.932478 4.340932
v 2.092057 1.950587 4.349324
v 2.115606 1.963738 4.350642
v 2.071425 1.915404 4.318316
v 2.077298 1.908240 4.299555
v 2.066627 1.909438 4.303905
v 2.099449 1.972571 4.351453
v 2.129717 1.986467 4.334290
v 2.126374 1.994966 4.327994
v 2.113677 2.014648 4.326868
v 2.130679 2.007028 4.335675
v 2.126532 2.011222 4.337018
v 2.133631 2.000838 4.336429
v 2.122635 1.974159 4.356779
v 2.104075 1.983233 4.357014
v 2.131572 1.978417 4.347966
v 2.139624 1.997049 4.355531
v 2.135518 1.996436 4.363671
v 2.126664 1.985032 4.361544
v 2.137913 2.001425 4.343227
v 2.142491 2.004001 4.358428
v 2.138474 2.002451 4.365966
v 2.126043 2.000163 4.363946
v 2.131424 2.006493 4.369602
v 2.108826 1.995429 4.359392
v 2.125421 2.013425 4.367742
v 2.122776 2.017351 4.358422
v 2.141643 2.007430 4.350493
v 2.149353 2.018868 4.356803
v 2.143460 2.024731 4.353566
v 2.155222 2.025708 4.360732
v 2.148963 2.031410 4.357213
v 2.140695 2.035462 4.359317
v 2.135821 2.029208 4.356649
v 2.154685 2.022340 4.369729
v 2.150240 2.015951 4.364507
v 2.147861 2.015947 4.373645
v 2.151227 2.021950 4.377468
v 2.130857 2.029591 4.364289
v 2.135171 2.034673 4.368089
v 2.158054 2.031645 4.364812
v 2.152329 2.037374 4.361831
v 2.157051 2.045022 4.367018
v 2.163176 2.038920 4.369826
v 2.148660 2.049522 4.368149
v 2.144113 2.041190 4.363082
v 2.157685 2.027720 4.371985
v 2.162753 2.034915 4.377362
v 2.153327 2.024929 4.378913
v 2.158656 2.034035 4.385972
v 2.144462 2.028375 4.381521
v 2.150840 2.038014 4.388817
v 2.137917 2.034319 4.378135
v 2.145198 2.043736 4.385766
v 2.139058 2.039556 4.370377
v 2.143942 2.048582 4.375859
v 2.143942 2.048582 4.375859
v 2.139058 2.039556 4.370377
v 2.135839 2.031173 4.377011
v 2.142915 2.025619 4.379658
v 2.166968 2.039827 4.381504
v 2.168720 2.045814 4.373437
v 2.161632 2.051953 4.370588
v 2.152078 2.055363 4.370759
v 2.145592 2.052531 4.378496
v 2.146368 2.047720 4.385469
v 2.145592 2.052531 4.378496
v 2.170847 2.051120 4.377569
v 2.163920 2.057395 4.374484
v 2.169284 2.045600 4.383487
v 2.154618 2.060442 4.374510
v 2.148065 2.057734 4.380099
v 2.163951 2.042864 4.389232
v 2.147845 2.051429 4.387389
v 2.155105 2.045849 4.392160
v 2.153559 2.042152 4.389821
v 2.162079 2.039010 4.387518
v 2.148065 2.057734 4.380099
v 2.167396 2.052318 4.393297
v 2.159582 2.055141 4.395754
v 2.169686 2.058256 4.394548
v 2.162710 2.060510 4.396633
v 2.152637 2.060435 4.390919
v 2.156336 2.065455 4.392623
v 2.151780 2.063679 4.383181
v 2.155947 2.069008 4.385955
v 2.173389 2.059753 4.389718
v 2.171666 2.053609 4.387319
v 2.174216 2.063362 4.382973
v 2.172305 2.056556 4.380152
v 2.168190 2.067829 4.380900
v 2.165803 2.061952 4.377028
v 2.161094 2.070861 4.381094
v 2.157775 2.065507 4.377537
v 2.155947 2.069008 4.385955
v 2.151780 2.063679 4.383181
v 2.170795 2.073602 4.385448
v 2.175457 2.069294 4.386404
v 2.164487 2.075914 4.385136
v 2.169283 2.071826 4.392060
v 2.173977 2.067078 4.391243
v 2.162109 2.074009 4.390191
v 2.033390 1.968607 4.356137
v 2.041201 1.982687 4.355621
v 2.046746 1.973318 4.352414
v 2.039477 1.958204 4.349693
v 2.053447 1.965478 4.348587
v 2.047494 1.995519 4.353578
v 2.037560 2.001545 4.352092
v 2.039164 2.010571 4.357180
v 2.056814 2.005920 4.359551
v 2.081421 2.005399 4.353134
v 2.082422 2.007259 4.356212
v 2.086514 2.005494 4.358001
v 2.096773 2.001138 4.356408
v 2.090798 2.018026 4.361238
v 2.089175 2.020258 4.358362
v 2.095981 1.997552 4.361660
v 2.106227 1.995412 4.360389
v 2.109456 2.001216 4.358269
v 2.089315 2.004188 4.364871
v 2.091920 2.015932 4.366890
v 2.113501 2.004058 4.362231
v 2.114036 2.006454 4.355602
v 2.114866 2.000667 4.378463
v 2.108100 1.991587 4.379237
v 2.116601 1.999215 4.387727
v 2.108615 1.990442 4.385039
v 2.097565 1.992730 4.380356
v 2.098658 1.992900 4.386082
v 2.090700 1.999912 4.383234
v 2.091674 1.999240 4.388795
v 2.094359 2.010194 4.392518
v 2.093397 2.011485 4.384559
v 2.097559 2.012733 4.385053
v 2.094783 2.008554 4.395319
v 2.089306 1.998132 4.378896
v 2.097358 1.994930 4.374884
v 2.105819 2.009410 4.380154
v 2.105275 1.990216 4.375452
v 2.114736 2.004761 4.381310
v 2.088230 1.997624 4.391219
v 2.110610 1.987520 4.387069
v 2.116177 1.998255 4.390907
v 2.107982 1.980508 4.384144
v 2.102924 1.984547 4.375840
v 2.083714 1.991917 4.388962
v 2.086182 1.992476 4.379611
v 2.084764 1.989777 4.379302
v 2.093095 1.986301 4.374122
v 2.094454 1.989259 4.375394
v 2.100835 1.981475 4.374204
v 2.103803 1.971806 4.382836
v 2.095353 1.971667 4.371954
v 2.088311 1.976328 4.371685
v 2.091849 1.963480 4.373075
v 2.084598 1.968086 4.371705
v 2.080580 1.979804 4.375791
v 2.077366 1.971620 4.375406
v 2.076026 1.976930 4.384982
v 2.074099 1.969030 4.382521
v 2.093046 1.958202 4.378534
v 2.098544 1.964598 4.379766
v 2.081113 1.960425 4.373505
v 2.075422 1.963990 4.376798
v 2.079001 1.955425 4.377565
v 2.086731 1.953121 4.377459
v 2.087308 1.957374 4.374475
v 2.073966 1.960362 4.380061
v 2.079895 1.985363 4.388330
v 2.092493 2.035392 4.332343
v 2.111177 2.030574 4.350697
v 2.115681 2.025770 4.349035
v 2.104996 2.032902 4.351903
v 2.059571 2.034772 4.332708
v 2.080630 2.045639 4.353144
v 2.087555 2.041405 4.353662
v 2.072395 2.045013 4.351279
v 2.058544 2.038337 4.347527
v 2.069993 2.040185 4.357342
v 2.059045 2.034056 4.359520
v 2.060464 2.031085 4.359074
v 2.062136 2.028826 4.365968
v 2.068712 2.036771 4.368158
v 2.061662 2.023387 4.386558
v 2.068347 2.031882 4.387111
v 2.068801 2.030691 4.398806
v 2.079230 2.031413 4.386653
v 2.080298 2.028778 4.400069
v 2.088849 2.022443 4.398025
v 2.087021 2.025508 4.384987
v 2.088287 2.013151 4.393374
v 2.087099 2.014954 4.384310
v 2.061622 2.020707 4.395180
v 2.083434 2.010991 4.404688
v 2.074762 2.014292 4.407616
v 2.068608 2.002645 4.403798
v 2.077686 1.999152 4.400695
v 2.059699 2.008557 4.401150
v 2.065814 2.020111 4.405690
v 2.087013 2.011558 4.396775
v 2.081294 1.999760 4.391552
v 2.057826 2.012030 4.391739
v 2.064116 2.023134 4.395988
v 2.074035 1.990886 4.398271
v 2.064446 1.995199 4.401302
v 2.055051 2.000867 4.399101
v 2.078956 1.994328 4.388366
v 2.054003 2.006747 4.388682
v 2.069343 1.982751 4.394471
v 2.060027 1.985895 4.397030
v 2.075241 1.985818 4.386642
v 2.051076 1.991331 4.394884
v 2.049372 1.998950 4.387156
v 2.065953 1.975989 4.392148
v 2.070926 1.978168 4.383979
v 2.062162 1.968645 4.389422
v 2.052917 1.970789 4.391345
v 2.056769 1.979178 4.394404
v 2.045296 1.976613 4.389562
v 2.048451 1.984723 4.392280
v 2.066580 1.971014 4.382003
v 2.044016 1.982252 4.382022
v 2.046362 1.990564 4.383944
v 2.049654 1.963665 4.385612
v 2.057957 1.962227 4.385475
v 2.043319 1.969453 4.385242
v 2.051166 1.966927 4.378058
v 2.060093 1.964864 4.379312
v 2.044244 1.972845 4.379057
v 2.089175 2.020258 4.358362
v 2.094209 2.034193 4.348983
v 2.101987 2.027500 4.360083
v 2.090798 2.018026 4.361238
v 2.091920 2.015932 4.366890
v 2.100893 2.022827 4.367611
v 2.093397 2.011485 4.384559
v 2.100488 2.017654 4.384641
v 2.101179 2.015649 4.397448
v 2.110345 2.016660 4.382762
v 2.111774 2.012451 4.397032
v 2.118640 2.006964 4.392755
v 2.116364 2.010073 4.380346
v 2.116601 1.999215 4.387727
v 2.114866 2.000667 4.378463
v 2.094359 2.010194 4.392518
v 2.114662 1.997892 4.398818
v 2.107717 2.001310 4.402997
v 2.101655 1.989705 4.400784
v 2.109402 1.986874 4.395974
v 2.091971 1.994906 4.399794
v 2.098396 2.006308 4.402635
v 2.116177 1.998255 4.390907
v 2.110610 1.987520 4.387069
v 2.088230 1.997624 4.391219
v 2.094783 2.008554 4.395319
v 2.106579 1.978184 4.394812
v 2.097318 1.981611 4.399773
v 2.087068 1.987140 4.399070
v 2.107982 1.980508 4.384144
v 2.083714 1.991917 4.388962
v 2.100649 1.969104 4.391478
v 2.092035 1.972921 4.395960
v 2.103803 1.971806 4.382836
v 2.083322 1.979545 4.395517
v 2.079895 1.985363 4.388330
v 2.096092 1.962626 4.388982
v 2.098544 1.964598 4.379766
v 2.089733 1.954452 4.385574
v 2.081918 1.957140 4.388950
v 2.087999 1.966304 4.392789
v 2.074793 1.962298 4.388765
v 2.079766 1.971509 4.392331
v 2.093046 1.958202 4.378534
v 2.074099 1.969030 4.382521
v 2.076026 1.976930 4.384982
v 2.078480 1.952221 4.383297
v 2.085047 1.950470 4.381854
v 2.073381 1.957153 4.384180
v 2.079001 1.955425 4.377565
v 2.086731 1.953121 4.377459
v 2.073966 1.960362 4.380061
v 2.116194 2.008452 4.355317
v 2.118507 2.014905 4.344448
v 2.125937 2.011996 4.345154
v 2.120217 2.013179 4.357064
v 2.122776 2.017351 4.358422
v 2.128556 2.016252 4.350341
v 2.135940 2.013284 4.347605
v 2.114036 2.006454 4.355602
v 2.116344 2.018389 4.355997
v 2.115727 2.013941 4.364736
v 2.113501 2.004058 4.362231
v 2.110183 2.021059 4.366596
v 2.110278 2.024627 4.359449
v 2.087040 2.034559 4.360386
v 2.086938 2.020498 4.358819
v 2.086288 2.030990 4.367107
v 2.085692 2.019545 4.365278
v 2.079101 2.036166 4.367558
v 2.079375 2.039283 4.362068
v 2.036090 2.051275 4.370265
v 2.039063 2.054547 4.361582
v 2.047522 2.060450 4.387887
v 2.056928 2.055837 4.388712
v 2.066246 2.054274 4.383743
v 2.066603 2.058565 4.372367
v 2.070429 2.064261 4.376849
v 2.068077 2.059008 4.385847
v 2.071128 2.064662 4.388501
v 2.059002 2.060249 4.390696
v 2.062628 2.065847 4.394940
v 2.077396 2.077182 4.397725
v 2.069627 2.078825 4.402873
v 2.053179 2.070498 4.394201
v 2.059714 2.083789 4.402607
v 2.049639 2.078465 4.387494
v 2.054953 2.090235 4.394708
v 2.078578 2.083024 4.386135
v 2.073167 2.071552 4.379963
v 2.051313 2.082571 4.379129
v 2.056343 2.094745 4.386681
v 2.060688 2.081442 4.374714
v 2.065934 2.092628 4.381301
v 2.069151 2.077574 4.374236
v 2.074448 2.088624 4.380050
v 2.073167 2.071552 4.379963
v 2.078578 2.083024 4.386135
v 2.079072 2.097272 4.384052
v 2.069580 2.102233 4.385133
v 2.059995 2.103845 4.390393
v 2.082634 2.089361 4.390050
v 2.057466 2.096838 4.398133
v 2.062404 2.089881 4.405408
v 2.057845 2.076175 4.369372
v 2.066940 2.071955 4.369335
v 2.053942 2.067017 4.364742
v 2.062255 2.063219 4.365337
v 2.047823 2.077384 4.373702
v 2.044942 2.068452 4.369604
v 2.070429 2.064261 4.376849
v 2.066603 2.058565 4.372367
v 2.042689 2.065163 4.378057
v 2.045940 2.071556 4.382985
v 2.049577 2.064804 4.390453
v 2.048401 2.054053 4.357512
v 2.056580 2.051111 4.358200
v 2.060012 2.044646 4.365352
v 2.058314 2.037209 4.361640
v 2.060012 2.044646 4.365352
v 2.058314 2.037209 4.361640
v 2.085418 2.109692 4.392795
v 2.088161 2.115553 4.396007
v 2.081051 2.119429 4.397114
v 2.077530 2.113831 4.393839
v 2.073569 2.120528 4.401150
v 2.069889 2.115836 4.398880
v 2.089657 2.102404 4.398392
v 2.092187 2.110151 4.401140
v 2.071110 2.116758 4.408055
v 2.066319 2.111485 4.405877
v 2.074796 2.111074 4.414026
v 2.070202 2.103406 4.413210
v 2.082457 2.106999 4.413271
v 2.078722 2.098653 4.412537
v 2.089202 2.105114 4.409348
v 2.086192 2.096760 4.407908
v 2.092187 2.110151 4.401140
v 2.089657 2.102404 4.398392
v 2.078449 2.126265 4.404771
v 2.085530 2.116666 4.412081
v 2.078774 2.118803 4.413339
v 2.086404 2.122229 4.408601
v 2.092716 2.117655 4.405137
v 2.091275 2.114375 4.408833
v 2.078195 2.123405 4.410608
v 2.078195 2.123405 4.410608
v 2.085354 2.125560 4.402079
v 2.091015 2.121285 4.400111
v 2.086404 2.122229 4.408601
v 2.092716 2.117655 4.405137
v 2.064171 2.094744 4.408362
v 2.073659 2.088800 4.407585
v 2.072076 2.085387 4.404968
v 2.081575 2.087126 4.402345
v 2.079745 2.083651 4.400518
v 2.061664 2.105032 4.402636
v 2.065025 2.110385 4.395701
v 2.073599 2.108359 4.390188
v 2.082300 2.103927 4.388980
v 2.086317 2.096838 4.393791
v 2.082634 2.089361 4.390050
v 2.086317 2.096838 4.393791
v 2.173977 2.067078 4.391243
v 2.171551 2.064489 4.394342
v 2.166432 2.067104 4.395798
v 2.169283 2.071826 4.392060
v 2.161105 2.070005 4.393631
v 2.162109 2.074009 4.390191
v 2.135171 2.034673 4.368089
v 2.132452 2.026066 4.374924
v 2.130857 2.029591 4.364289
v 2.139861 2.020162 4.377369
v 2.001490 2.002858 4.343061
v 2.000379 2.014028 4.351532
v 1.997607 2.008712 4.358936
v 1.998745 1.996653 4.349504
v 2.001043 2.001802 4.367111
v 2.002990 1.988860 4.358020
v 2.010391 2.008908 4.343434
v 2.008997 2.017545 4.348987
v 2.011766 2.001477 4.371520
v 2.014897 1.989171 4.363192
v 2.023933 2.008712 4.373072
v 2.025782 1.996333 4.362538
v 2.027530 2.016973 4.363017
v 2.026793 2.005368 4.355558
v 2.023156 2.021856 4.353760
v 2.021451 2.009534 4.348768
v 2.008997 2.017545 4.348987
v 2.010391 2.008908 4.343434
v 1.998375 2.012038 4.376905
v 1.995272 2.021388 4.367720
v 1.998646 2.026290 4.356481
v 2.010023 2.027034 4.351163
v 2.010023 2.027034 4.351163
v 2.022698 2.025752 4.354885
v 1.999914 2.033312 4.359764
v 1.996719 2.026899 4.371320
v 2.000209 2.034895 4.376791
v 2.003114 2.041046 4.365178
v 2.003470 2.026780 4.387427
v 1.999929 2.018498 4.382073
v 2.010374 2.033629 4.354241
v 2.013848 2.043021 4.360994
v 2.016423 2.034722 4.395391
v 2.011972 2.015197 4.384146
v 2.028579 2.035483 4.389635
v 2.023996 2.015918 4.378666
v 2.030517 2.031091 4.371628
v 2.027639 2.022832 4.367146
v 2.025797 2.038743 4.361423
v 2.023045 2.028699 4.355779
v 2.013848 2.043021 4.360994
v 2.010374 2.033629 4.354241
v 2.023251 2.012487 4.376356
v 2.027425 2.020573 4.365690
v 2.012071 2.009175 4.379421
v 2.011490 2.056160 4.367215
v 2.023401 2.052364 4.374227
v 2.015886 2.063812 4.374769
v 2.024811 2.055734 4.380692
v 2.017292 2.064122 4.382553
v 2.009395 2.064954 4.373093
v 2.009368 2.066736 4.383661
v 2.016972 2.060780 4.389909
v 2.010989 2.061610 4.392894
v 2.022141 2.052628 4.390615
v 2.013842 2.051095 4.395689
v 2.003479 2.051168 4.393098
v 2.002693 2.060333 4.392877
v 1.999196 2.054412 4.382760
v 1.999875 2.063593 4.384367
v 2.001967 2.055202 4.371706
v 2.001178 2.063464 4.374815
v 2.009368 2.066736 4.383661
v 2.009395 2.064954 4.373093
v 2.010989 2.061610 4.392894
v 2.011490 2.056160 4.367215
v 2.015979 1.987754 4.321969
v 2.019951 2.002149 4.331085
v 2.010491 2.001485 4.336301
v 1.999248 1.988910 4.333632
v 1.997948 1.982833 4.341279
v 2.011140 1.978079 4.320472
v 2.008348 1.968414 4.327344
v 2.008444 1.962229 4.338232
v 2.001940 1.978062 4.349407
v 2.019460 1.975361 4.358122
v 2.022222 1.958348 4.352122
v 2.033077 1.988928 4.358804
v 2.032321 2.001563 4.353146
v 2.041201 1.982687 4.355621
v 2.033390 1.968607 4.356137
v 2.037560 2.001545 4.352092
v 2.027160 2.012587 4.348550
v 2.024056 2.008911 4.347000
v 2.019951 2.002149 4.331085
v 2.010491 2.001485 4.336301
v 2.020280 1.959512 4.313799
v 2.008348 1.968414 4.327344
v 2.008444 1.962229 4.338232
v 2.014025 1.951835 4.325970
v 2.022222 1.958348 4.352122
v 2.025806 1.946185 4.340422
v 2.026292 1.969801 4.306521
v 2.011140 1.978079 4.320472
v 2.032459 1.959116 4.300682
v 2.045505 1.971593 4.289790
v 2.022045 1.949855 4.311482
v 2.049054 1.966288 4.292008
v 2.024676 1.951758 4.299132
v 2.024824 1.940053 4.301155
v 2.026092 1.938799 4.319789
v 2.039864 1.932654 4.320427
v 2.046266 1.945462 4.340772
v 2.030277 1.935527 4.289335
v 2.037154 1.963624 4.296307
v 2.054321 1.970803 4.293489
v 2.024617 1.957731 4.284783
v 2.038148 1.967453 4.289425
v 2.021589 1.945706 4.282454
v 2.115246 2.006675 4.363326
v 2.108826 1.995429 4.359392
v 2.116194 2.008452 4.355317
v 2.104075 1.983233 4.357014
v 2.099449 1.972571 4.351453
v 2.092057 1.950587 4.349324
v 2.083623 1.932478 4.340932
v 2.071425 1.915404 4.318316
v 2.066261 1.918795 4.018078
v 2.062573 1.915572 4.002376
v 2.071009 1.902902 4.006278
v 2.076894 1.904681 4.026525
v 2.064125 1.878819 4.011035
v 2.069472 1.881071 4.031317
v 2.048921 1.862647 4.014797
v 2.056712 1.864096 4.033933
v 2.060853 1.928164 4.012641
v 2.057010 1.927083 3.993950
v 2.025197 1.864048 4.034541
v 2.030157 1.860513 4.014667
v 2.015700 1.866316 4.013303
v 2.004991 1.870387 4.034532
v 2.001105 1.869498 4.015623
v 1.980604 1.883957 4.037501
v 1.982832 1.879526 4.017194
v 2.047539 1.862201 3.995932
v 2.060190 1.877239 3.990883
v 2.047195 1.861033 3.980056
v 2.056907 1.874477 3.976319
v 2.033742 1.855047 3.982413
v 2.032684 1.858101 3.997701
v 2.015776 1.862614 3.997808
v 2.014626 1.858229 3.983363
v 1.997023 1.862350 3.984934
v 1.999658 1.866156 3.999480
v 1.981226 1.871911 3.986774
v 1.982514 1.875578 4.001788
v 1.976959 1.864237 3.963720
v 1.992412 1.855668 3.962614
v 1.972040 1.855127 3.933468
v 1.986286 1.846898 3.931462
v 1.983704 1.833265 3.887583
v 2.002315 1.839377 3.927750
v 1.996743 1.825168 3.882148
v 1.981321 1.813539 3.843070
v 1.989490 1.810363 3.832237
v 1.973470 1.808577 3.825982
v 1.979810 1.808071 3.813524
v 1.970967 1.841077 3.892038
v 1.973512 1.818511 3.851352
v 1.967072 1.811632 3.839924
v 2.009680 1.820721 3.878327
v 2.015820 1.832579 3.922218
v 2.025156 1.821572 3.876113
v 2.029640 1.830493 3.915627
v 2.045264 1.836745 3.910449
v 2.040880 1.830164 3.872846
v 2.012217 1.816696 3.825260
v 2.026936 1.827837 3.826059
v 2.054398 1.851502 3.871948
v 2.045350 1.849968 3.838867
v 2.058291 1.856860 3.906821
v 1.999500 1.811725 3.825671
v 1.996188 1.818068 3.797428
v 1.987023 1.811524 3.804000
v 2.011052 1.830401 3.799394
v 2.027164 1.841164 3.946323
v 2.044755 1.843172 3.934380
v 2.057069 1.861259 3.928936
v 2.064586 1.874278 3.903583
v 2.060839 1.869555 3.872166
v 2.064986 1.890601 3.902493
v 2.061205 1.887611 3.873114
v 2.053347 1.868438 3.844335
v 2.054221 1.884863 3.846117
v 2.050960 1.909120 3.873723
v 2.055395 1.912225 3.902229
v 1.984757 1.822522 3.787814
v 1.979404 1.814437 3.795838
v 1.972311 1.808576 3.808087
v 1.966130 1.808009 3.822994
v 1.958569 1.807702 3.838741
v 2.030448 1.924646 3.871687
v 2.037386 1.926702 3.903095
v 2.015051 1.936339 3.906952
v 2.011875 1.935062 3.882951
v 1.981395 1.933392 3.884669
v 1.988665 1.937696 3.913412
v 1.960136 1.921549 3.892898
v 1.961446 1.933010 3.921731
v 1.961300 1.910581 3.869418
v 1.995603 1.942553 3.942911
v 1.967469 1.940762 3.952925
v 2.019310 1.938720 3.936924
v 2.038314 1.927592 3.932849
v 2.039729 1.931558 3.954859
v 2.024162 1.940312 3.957969
v 2.054169 1.915789 3.932369
v 2.051287 1.920322 3.956379
v 2.043373 1.935738 3.970958
v 2.051952 1.924233 3.974573
v 2.047098 1.939946 3.986655
v 2.059123 1.914692 3.980258
v 2.065367 1.902457 3.983911
v 2.029475 1.947423 3.987945
v 2.027099 1.942214 3.973453
v 2.005239 1.944956 3.980444
v 2.001676 1.944481 3.964003
v 1.979005 1.942778 3.991455
v 1.972884 1.943245 3.975674
v 1.961219 1.930864 4.000361
v 1.955953 1.928794 3.983063
v 1.953784 1.902799 4.008366
v 1.947941 1.896105 3.992559
v 1.965840 1.885815 4.006921
v 1.962852 1.878501 3.990716
v 1.984357 1.940743 4.007661
v 1.970020 1.931652 4.016924
v 1.980156 1.932538 4.035667
v 1.971607 1.913362 4.038360
v 1.962665 1.908239 4.022788
v 1.991079 1.939428 4.027135
v 2.010826 1.949356 4.010601
v 2.008754 1.946911 3.995751
v 1.982514 1.875578 4.001788
v 1.981226 1.871911 3.986774
v 1.970545 1.891911 4.020809
v 1.982832 1.879526 4.017194
v 1.980604 1.883957 4.037501
v 1.972527 1.897833 4.037702
v 1.977178 1.886478 4.056169
v 1.968953 1.901554 4.055294
v 1.977803 1.885273 4.079155
v 1.967939 1.902476 4.067373
v 1.971171 1.916577 4.053613
v 1.976742 1.922500 4.046070
v 2.080799 1.904978 4.042203
v 2.074578 1.883759 4.046010
v 2.061112 1.866471 4.048610
v 2.023235 1.866967 4.050928
v 2.001153 1.872252 4.053435
v 2.021493 1.867516 4.073419
v 1.999347 1.872653 4.075334
v 2.000221 1.871530 4.087575
v 1.977178 1.886478 4.056169
v 1.977803 1.885273 4.079155
v 2.037742 1.866669 4.063004
v 2.057197 1.868182 4.055194
v 2.013467 1.969569 4.049236
v 2.018457 1.976249 4.077257
v 1.997096 1.966025 4.089237
v 1.995085 1.960725 4.065578
v 1.983304 1.945204 4.099073
v 2.000811 1.969954 4.114272
v 2.026158 1.979434 4.103674
v 1.985141 1.950400 4.124543
v 1.972738 1.929163 4.129747
v 1.969799 1.925506 4.104312
v 2.037402 1.976928 4.069911
v 2.044466 1.979377 4.098882
v 2.006836 1.972919 4.141756
v 2.035571 1.978448 4.132154
v 2.016004 1.974296 4.171341
v 1.997216 1.955797 4.176390
v 1.989486 1.954070 4.149216
v 1.988118 1.933097 4.179610
v 1.978215 1.932154 4.155217
v 1.992051 1.913079 4.180693
v 1.979696 1.908040 4.157543
v 1.994414 1.891625 4.156011
v 2.041354 1.977470 4.166501
v 2.006218 1.954845 4.203377
v 2.024559 1.972252 4.201897
v 2.046508 1.975997 4.199684
v 1.972140 1.904234 4.134565
v 1.986260 1.884687 4.136173
v 2.071877 1.968363 4.196166
v 2.066389 1.969846 4.160924
v 2.060754 1.972853 4.125180
v 2.059986 1.973471 4.095756
v 2.051997 1.972180 4.066193
v 2.060934 1.962930 4.066971
v 2.070165 1.960514 4.095507
v 2.065820 1.954025 4.070769
v 2.079696 1.947194 4.099453
v 2.073509 1.941942 4.071513
v 2.078761 1.927364 4.074268
v 2.085721 1.932590 4.103135
v 2.080618 1.909488 4.081981
v 2.087406 1.912903 4.107351
v 2.074938 1.891619 4.087425
v 2.080785 1.893224 4.111212
v 2.091606 1.915807 4.132954
v 2.085356 1.896582 4.135866
v 2.093962 1.919788 4.161266
v 2.087256 1.900684 4.162406
v 2.093603 1.923816 4.189937
v 2.087048 1.905857 4.189946
v 2.089360 1.936303 4.130188
v 2.068761 1.935470 4.050893
v 2.074538 1.885562 4.164562
v 2.075531 1.891326 4.190139
v 2.051552 1.877954 4.167997
v 2.048057 1.872658 4.146735
v 2.071281 1.880400 4.139145
v 2.043485 1.869112 4.125073
v 2.066780 1.877356 4.115769
v 2.089342 1.947455 4.193333
v 2.090713 1.939827 4.160109
v 2.080382 1.957657 4.157722
v 2.082712 1.951297 4.128101
v 2.071998 1.964226 4.127919
v 1.970967 1.841077 3.892038
v 1.973512 1.818511 3.851352
v 1.962343 1.824303 3.862079
v 1.955965 1.847353 3.897571
v 1.972040 1.855127 3.933468
v 1.954716 1.861750 3.938265
v 1.944210 1.864017 3.900351
v 1.939582 1.879858 3.938660
v 1.942939 1.883757 3.899282
v 1.938300 1.899731 3.932970
v 1.950860 1.908470 3.896391
v 1.947317 1.920501 3.927976
v 1.955319 1.838617 3.869644
v 1.953787 1.864046 3.873153
v 1.953662 1.895858 3.872004
v 1.964583 1.876227 3.859671
v 1.959680 1.851127 3.862313
v 1.943189 1.888202 3.968799
v 1.951158 1.926051 3.958790
v 1.958301 1.870199 3.968174
v 1.976959 1.864237 3.963720
v 1.966643 1.920329 3.861826
v 1.984050 1.935681 3.874525
v 1.958797 1.852084 3.861636
v 1.953622 1.823924 3.865559
v 1.955163 1.830606 3.859991
v 1.959303 1.815944 3.851127
v 1.967072 1.811632 3.839924
v 1.958569 1.807702 3.838741
v 1.950880 1.807982 3.855171
v 1.944393 1.811712 3.865047
v 2.012065 1.944933 3.801795
v 2.014399 1.941155 3.818048
v 1.993877 1.947710 3.820656
v 1.995504 1.949044 3.811046
v 1.988801 1.948441 3.815793
v 2.001764 1.947775 3.798473
v 1.974224 1.946288 3.824428
v 1.981528 1.949880 3.806351
v 1.962085 1.936332 3.842710
v 1.972708 1.939679 3.833079
v 1.952324 1.914147 3.874031
v 1.962843 1.911737 3.865082
v 2.026327 1.929228 3.790933
v 2.006539 1.940402 3.783447
v 1.980163 1.948452 3.788742
v 1.955772 1.942123 3.836712
v 1.946837 1.931912 3.857579
v 1.938000 1.937882 3.842098
v 1.931338 1.926914 3.862598
v 1.940199 1.943904 3.820675
v 1.956441 1.947636 3.817231
v 1.937228 1.945499 3.807258
v 1.953562 1.948384 3.799312
v 1.945537 1.945341 3.782247
v 1.928549 1.943230 3.790563
v 1.917648 1.933650 3.772370
v 1.934032 1.934784 3.766591
v 1.916603 1.919362 3.757962
v 1.965861 1.944678 3.774960
v 1.953104 1.928907 3.761542
v 2.002110 1.927852 3.769994
v 1.982281 1.912841 3.760117
v 1.940645 1.908640 3.753696
v 1.919516 1.899830 3.750624
v 2.024469 1.911270 3.778786
v 2.034270 1.921760 3.809977
v 1.976403 1.941942 3.826251
v 1.976799 1.942024 3.822874
v 1.967513 1.924185 3.839128
v 1.953151 1.883436 3.886187
v 1.942897 1.890528 3.895485
v 1.935758 1.876281 3.904211
v 1.944808 1.865561 3.895746
v 1.924509 1.859741 3.918819
v 1.932579 1.839988 3.924482
v 1.936523 1.818086 3.927078
v 1.920337 1.798436 3.947645
v 1.920828 1.770669 3.949357
v 1.902262 1.786450 3.962506
v 1.904219 1.758196 3.962646
v 1.898403 1.740142 3.961248
v 1.881334 1.779173 3.973380
v 1.885369 1.751031 3.974703
v 1.858128 1.775363 3.980984
v 1.861459 1.749534 3.983653
v 1.835507 1.773351 3.985630
v 1.836726 1.750340 3.988406
v 1.817065 1.750250 3.990528
v 1.833701 1.734743 3.987904
v 1.816547 1.735904 3.989802
v 1.814868 1.721446 3.985781
v 1.830422 1.719840 3.983352
v 1.816729 1.770568 3.988189
v 1.852008 1.717282 3.977803
v 1.856614 1.732622 3.983354
v 1.844824 1.704952 3.980162
v 1.824663 1.707085 3.986012
v 1.862679 1.704204 3.971247
v 1.839286 1.688062 3.983728
v 1.820120 1.690004 3.988581
v 1.815370 1.676650 3.990156
v 1.831085 1.675253 3.987822
v 1.823701 1.662661 3.991964
v 1.839691 1.661815 3.990450
v 1.846890 1.674529 3.983521
v 1.863203 1.675235 3.976244
v 1.855970 1.662970 3.983262
v 1.849853 1.650182 3.997472
v 1.836634 1.650359 4.004630
v 1.818473 1.650146 4.010081
v 1.845849 1.634022 4.012128
v 1.842398 1.618046 4.026206
v 1.830266 1.618639 4.032558
v 1.833187 1.634266 4.019430
v 1.816706 1.634675 4.025351
v 1.813771 1.619628 4.039503
v 1.830808 1.604362 4.039400
v 1.824242 1.592788 4.054569
v 1.811695 1.605136 4.050385
v 1.797369 1.592999 4.064703
v 1.796505 1.579601 4.084351
v 1.763118 1.572653 4.083659
v 1.763117 1.588081 4.064411
v 1.822665 1.582144 4.076587
v 1.794053 1.606269 4.055026
v 1.763117 1.600496 4.049763
v 1.793988 1.621340 4.044175
v 1.763117 1.613777 4.034877
v 1.795322 1.636153 4.031371
v 1.763117 1.627597 4.017240
v 1.763131 1.559130 4.115400
v 1.794933 1.565542 4.111667
v 1.822084 1.568321 4.100837
v 1.794500 1.550079 4.126618
v 1.822149 1.551793 4.114019
v 1.763138 1.543777 4.129004
v 1.795395 1.651404 4.016196
v 1.763118 1.645481 4.006910
v 1.848872 1.566016 4.070897
v 1.846325 1.551616 4.098301
v 1.871071 1.567176 4.053741
v 1.868021 1.548365 4.077173
v 1.889672 1.561902 4.027822
v 1.888807 1.543388 4.049574
v 1.899659 1.554042 3.991367
v 1.900951 1.537063 4.019588
v 1.889852 1.525155 4.071477
v 1.902547 1.514724 4.035468
v 1.866765 1.529003 4.097177
v 1.903938 1.491282 4.057429
v 1.888476 1.501026 4.091054
v 1.901154 1.463787 4.075378
v 1.890403 1.478547 4.099111
v 1.866159 1.502733 4.109031
v 1.870547 1.483141 4.110705
v 1.842447 1.503249 4.122263
v 1.846144 1.488893 4.127340
v 1.823338 1.484891 4.129066
v 1.820978 1.508112 4.137452
v 1.821440 1.531986 4.130608
v 1.793320 1.508951 4.154453
v 1.793834 1.532152 4.143164
v 1.844232 1.529751 4.115561
v 1.763666 1.505531 4.162248
v 1.765029 1.481301 4.165839
v 1.792940 1.484791 4.156573
v 1.768515 1.456691 4.141348
v 1.787939 1.458874 4.138611
v 1.802974 1.460573 4.133077
v 1.763199 1.527600 4.148200
v 1.779709 1.438471 4.113202
v 1.788388 1.438132 4.113798
v 1.781558 1.420995 4.089356
v 1.772914 1.423275 4.087490
v 1.765795 1.423581 4.087506
v 1.768975 1.438843 4.113310
v 1.771159 1.982128 3.839915
v 1.772629 1.964640 3.826792
v 1.788005 1.966473 3.823961
v 1.783826 1.983134 3.839147
v 1.790202 1.949100 3.805298
v 1.773762 1.946532 3.808717
v 1.793392 1.926929 3.783309
v 1.776221 1.925184 3.785958
v 1.777363 1.901962 3.771562
v 1.795741 1.904036 3.768092
v 1.763123 1.963298 3.827068
v 1.763085 1.945692 3.811103
v 1.763141 1.981271 3.839853
v 1.777422 1.873754 3.760494
v 1.796848 1.876671 3.755903
v 1.763007 1.871720 3.764513
v 1.762987 1.899854 3.774347
v 1.763027 1.923493 3.787706
v 1.811112 1.948536 3.803287
v 1.814607 1.928033 3.781329
v 1.833714 1.939053 3.792732
v 1.807819 1.964900 3.825761
v 1.801668 1.982834 3.844846
v 1.828245 1.954095 3.816480
v 1.844707 1.947583 3.808824
v 1.838474 1.957205 3.835616
v 1.854493 1.951437 3.827855
v 1.872764 1.947717 3.818296
v 1.861068 1.948974 3.848409
v 1.879602 1.946342 3.839717
v 1.863019 1.942437 3.797507
v 1.881770 1.937094 3.787099
v 1.893181 1.944710 3.807992
v 1.901646 1.930344 3.778976
v 1.915269 1.941176 3.795280
v 1.851457 1.929981 3.781931
v 1.924902 1.941791 3.820049
v 1.921803 1.934808 3.843746
v 1.900124 1.943780 3.831475
v 1.901558 1.934851 3.851998
v 1.881867 1.937360 3.859629
v 1.863978 1.940457 3.865608
v 1.914963 1.921879 3.864369
v 1.922191 1.909420 3.883968
v 1.935968 1.911563 3.884568
v 1.927042 1.894533 3.898442
v 1.912471 1.893694 3.897941
v 1.923499 1.887561 3.903379
v 1.913580 1.874628 3.913192
v 1.901557 1.865108 3.925424
v 1.910771 1.846932 3.934050
v 1.886708 1.856931 3.936568
v 1.893236 1.836407 3.947195
v 1.917018 1.824314 3.942413
v 1.898269 1.812644 3.956482
v 1.868078 1.849181 3.946427
v 1.873361 1.828581 3.957543
v 1.846967 1.842954 3.953188
v 1.851230 1.822667 3.964434
v 1.828551 1.818709 3.969065
v 1.824769 1.838582 3.957706
v 1.819685 1.855901 3.945276
v 1.842291 1.860642 3.941558
v 1.804059 1.836001 3.960114
v 1.806869 1.815950 3.971525
v 1.786095 1.834052 3.961012
v 1.787612 1.814036 3.971770
v 1.772979 1.832972 3.959844
v 1.772844 1.845989 3.948364
v 1.763127 1.841807 3.948466
v 1.763125 1.832289 3.958286
v 1.772914 1.813085 3.970228
v 1.763121 1.813614 3.969144
v 1.763119 1.789837 3.979251
v 1.772937 1.789481 3.980577
v 1.784362 1.850036 3.948065
v 1.788299 1.791304 3.981937
v 1.800462 1.853492 3.947010
v 1.808834 1.793846 3.981233
v 1.831512 1.796649 3.978649
v 1.854783 1.800027 3.973935
v 1.763129 1.848874 3.939533
v 1.798202 1.858672 3.936186
v 1.815784 1.861259 3.934849
v 1.838920 1.866521 3.931026
v 1.813112 1.871570 3.927232
v 1.796899 1.868495 3.928619
v 1.783424 1.856669 3.937531
v 1.773097 1.853256 3.938120
v 1.783900 1.868066 3.932294
v 1.775129 1.867327 3.931918
v 1.763130 1.861962 3.930877
v 1.763132 1.889602 3.929366
v 1.773055 1.891951 3.928984
v 1.773960 1.908765 3.935373
v 1.763130 1.907305 3.937579
v 1.775708 1.924821 3.944871
v 1.780320 1.910936 3.931961
v 1.782436 1.928512 3.939044
v 1.763124 1.923541 3.948410
v 1.778401 1.896474 3.929455
v 1.784018 1.878192 3.930998
v 1.796941 1.880804 3.925132
v 1.816129 1.886656 3.921249
v 1.834831 1.877118 3.921923
v 1.857361 1.872877 3.923331
v 1.861903 1.867701 3.934370
v 1.877798 1.874464 3.924744
v 1.891202 1.879595 3.915190
v 1.900995 1.885716 3.905189
v 1.897427 1.892193 3.897557
v 1.906424 1.904506 3.883473
v 1.897392 1.921754 3.869652
v 1.880107 1.923531 3.875127
v 1.863057 1.924847 3.881169
v 1.890748 1.906311 3.885797
v 1.847338 1.945009 3.870836
v 1.845210 1.953237 3.855677
v 1.832295 1.959778 3.862578
v 1.824073 1.964998 3.843144
v 1.817242 1.980018 3.858535
v 1.825828 1.966063 3.868709
v 1.822762 1.976236 3.873867
v 1.833048 1.951197 3.876047
v 1.845962 1.930146 3.885676
v 1.830262 1.938007 3.890064
v 1.827248 1.924076 3.900317
v 1.840148 1.913881 3.898369
v 1.854862 1.904688 3.897328
v 1.875196 1.907976 3.888709
v 1.883826 1.893379 3.897515
v 1.886765 1.884330 3.907915
v 1.871777 1.879082 3.914933
v 1.869521 1.895647 3.898535
v 1.858755 1.883732 3.909273
v 1.844864 1.889902 3.908395
v 1.829992 1.898838 3.909745
v 1.816587 1.909879 3.912500
v 1.803149 1.901505 3.923175
v 1.788319 1.899086 3.929327
v 1.787736 1.913831 3.930646
v 1.816910 1.934613 3.906209
v 1.824347 1.953502 3.888757
v 1.821383 1.967687 3.891757
v 1.817587 1.958539 3.905552
v 1.788090 1.932826 3.934238
v 1.795742 1.916384 3.928782
v 1.796027 1.936523 3.930605
v 1.806134 1.920662 3.920237
v 1.807302 1.946038 3.922574
v 1.763125 1.798028 3.751447
v 1.783446 1.799310 3.747124
v 1.784045 1.816716 3.746715
v 1.763119 1.814810 3.751704
v 1.763124 1.778701 3.752406
v 1.783044 1.780490 3.748469
v 1.804007 1.815301 3.744316
v 1.803950 1.783484 3.747100
v 1.827767 1.786453 3.744116
v 1.826615 1.749968 3.749698
v 1.850290 1.762243 3.747218
v 1.852029 1.742033 3.751935
v 1.881380 1.747570 3.753888
v 1.877117 1.725118 3.760920
v 1.878661 1.769628 3.744668
v 1.872402 1.795836 3.738210
v 1.848311 1.789100 3.740678
v 1.866065 1.824353 3.737161
v 1.845603 1.818755 3.739068
v 1.896151 1.805126 3.738666
v 1.905902 1.779387 3.747787
v 1.885791 1.833466 3.736673
v 1.917403 1.818013 3.741524
v 1.930726 1.792945 3.754177
v 1.905020 1.842223 3.738728
v 1.909723 1.760525 3.758891
v 1.911299 1.741732 3.768912
v 1.906023 1.716637 3.779596
v 1.935610 1.777119 3.768445
v 1.940256 1.766543 3.782907
v 1.927806 1.736675 3.788469
v 1.952466 1.793405 3.773538
v 1.955777 1.787579 3.789391
v 1.968201 1.806188 3.791531
v 1.967380 1.798988 3.807051
v 1.959440 1.785416 3.806182
v 1.962058 1.796596 3.824763
v 1.972311 1.808576 3.808087
v 1.966130 1.808009 3.822994
v 1.958569 1.807702 3.838741
v 1.951748 1.791990 3.844985
v 1.956271 1.782458 3.825405
v 1.947034 1.773633 3.846146
v 1.947684 1.757319 3.824540
v 1.942481 1.751885 3.845670
v 1.966830 1.810100 3.779764
v 1.945808 1.759404 3.802286
v 1.939112 1.732614 3.825618
v 1.934736 1.734916 3.803149
v 1.936655 1.729225 3.845158
v 1.922674 1.708710 3.804764
v 1.901693 1.692159 3.794824
v 1.919469 1.690296 3.819386
v 1.871351 1.700233 3.772290
v 1.844531 1.719656 3.758928
v 1.929209 1.706294 3.829185
v 1.927335 1.702515 3.849395
v 1.919579 1.684506 3.855797
v 1.909741 1.665645 3.832662
v 1.911361 1.664940 3.868176
v 1.899475 1.644462 3.854582
v 1.904975 1.645457 3.890061
v 1.894231 1.624926 3.880896
v 1.902467 1.628255 3.911986
v 1.901380 1.610794 3.931748
v 1.894356 1.606466 3.904396
v 1.871114 1.603857 3.881852
v 1.873495 1.624133 3.860403
v 1.850521 1.624597 3.851283
v 1.846280 1.602307 3.871505
v 1.902169 1.593308 3.959502
v 1.895252 1.589005 3.923773
v 1.871702 1.589081 3.892550
v 1.872954 1.565074 3.917030
v 1.846722 1.589216 3.879295
v 1.845868 1.563368 3.902312
v 1.872818 1.543802 3.932157
v 1.846275 1.540856 3.916048
v 1.817847 1.563152 3.889513
v 1.818221 1.538708 3.905624
v 1.893586 1.547759 3.956408
v 1.894389 1.567008 3.941340
v 1.818345 1.589892 3.868994
v 1.788285 1.564039 3.892900
v 1.789547 1.538475 3.906013
v 1.763117 1.538996 3.897398
v 1.763117 1.564379 3.891990
v 1.787189 1.590306 3.876006
v 1.763118 1.591344 3.882231
v 1.878251 1.517080 3.952499
v 1.851282 1.510876 3.930709
v 1.820469 1.508078 3.919176
v 1.763117 1.507605 3.916693
v 1.791240 1.507190 3.921055
v 1.879538 1.489450 3.972741
v 1.896646 1.501220 4.001425
v 1.896846 1.469463 4.026388
v 1.878634 1.461429 3.992488
v 1.868736 1.436815 4.002717
v 1.849447 1.429754 3.990349
v 1.853230 1.452984 3.967895
v 1.813467 1.426221 3.984667
v 1.819377 1.449239 3.954110
v 1.874775 1.431101 4.019766
v 1.846867 1.417555 4.009004
v 1.790229 1.450682 3.955390
v 1.786391 1.428470 3.983371
v 1.763131 1.430192 3.984922
v 1.781031 1.417202 4.020672
v 1.763264 1.419706 4.022056
v 1.763119 1.451180 3.957915
v 1.816268 1.411150 4.028608
v 1.853639 1.480220 3.951096
v 1.821381 1.477286 3.938198
v 1.791535 1.477655 3.935241
v 1.763119 1.478491 3.942062
v 1.774925 1.417558 4.053688
v 1.763706 1.418328 4.054053
v 1.772914 1.423275 4.087490
v 1.793747 1.415365 4.059486
v 1.781558 1.420995 4.089356
v 1.765795 1.423581 4.087506
v 1.795882 1.410847 4.064393
v 1.817602 1.405762 4.037817
v 1.848674 1.411775 4.025664
v 1.877034 1.423221 4.034485
v 1.895139 1.444526 4.053523
v 1.903938 1.491282 4.057429
v 1.901154 1.463787 4.075378
v 1.902547 1.514724 4.035468
v 1.896432 1.525558 3.980400
v 1.899659 1.554042 3.991367
v 1.900951 1.537063 4.019588
v 1.951748 1.791990 3.844985
v 1.936291 1.773428 3.862779
v 1.941882 1.794752 3.860330
v 1.931866 1.774002 3.882700
v 1.937360 1.799544 3.877374
v 1.928094 1.744557 3.888619
v 1.924185 1.746205 3.909701
v 1.930042 1.775184 3.903119
v 1.916478 1.719217 3.913973
v 1.923278 1.720966 3.890119
v 1.908625 1.697008 3.916339
v 1.931988 1.746810 3.865797
v 1.947034 1.773633 3.846146
v 1.916417 1.697644 3.890982
v 1.927355 1.723022 3.868047
v 1.936655 1.729225 3.845158
v 1.942481 1.751885 3.845670
v 1.901259 1.680329 3.921692
v 1.920687 1.699489 3.869767
v 1.948788 1.798443 3.898155
v 1.920579 1.754967 3.921429
v 1.905927 1.718969 3.931594
v 1.927335 1.702515 3.849395
v 1.919579 1.684506 3.855797
v 1.909952 1.680908 3.893341
v 1.893778 1.664995 3.931353
v 1.901542 1.664111 3.905464
v 1.894326 1.649341 3.928765
v 1.877969 1.652024 3.967087
v 1.873861 1.638964 3.978710
v 1.892142 1.633332 3.948581
v 1.871524 1.625327 3.993312
v 1.891158 1.615256 3.963375
v 1.902467 1.628255 3.911986
v 1.901380 1.610794 3.931748
v 1.892229 1.597415 3.991951
v 1.902169 1.593308 3.959502
v 1.904975 1.645457 3.890061
v 1.911361 1.664940 3.868176
v 1.878651 1.597978 4.009785
v 1.868583 1.606835 4.012565
v 1.886187 1.667588 3.950041
v 1.892318 1.682011 3.940826
v 1.898816 1.698377 3.934958
v 1.940244 1.779150 3.917310
v 1.952785 1.808080 3.906856
v 1.958870 1.828200 3.898217
v 1.952604 1.818940 3.879018
v 1.944393 1.811712 3.865047
v 1.953622 1.823924 3.865559
v 1.950880 1.807982 3.855171
v 1.958569 1.807702 3.838741
v 1.961300 1.849561 3.873936
v 1.964583 1.876227 3.859671
v 1.958797 1.852084 3.861636
v 1.779924 2.000144 3.850665
v 1.779126 2.019235 3.859921
v 1.763140 2.018358 3.859567
v 1.763146 1.999137 3.850681
v 1.797174 2.001285 3.854955
v 1.795251 2.019740 3.863153
v 1.812442 1.999674 3.865639
v 1.809261 2.017737 3.872265
v 1.820721 1.994760 3.879997
v 1.819360 2.012912 3.884882
v 1.821314 1.986676 3.896250
v 1.822184 2.005802 3.900990
v 1.818066 1.976858 3.911991
v 1.819519 1.997410 3.918272
v 1.822527 2.024279 3.905561
v 1.821825 2.018302 3.923512
v 1.817123 2.014492 3.936199
v 1.823787 2.038046 3.926648
v 1.820507 2.029392 3.939049
v 1.823176 2.014599 3.940076
v 1.820388 2.000590 3.936413
v 1.815518 1.998492 3.932074
v 1.818371 1.990362 3.939397
v 1.822741 1.990960 3.944582
v 1.814801 1.981038 3.947352
v 1.820178 1.982569 3.953303
v 1.815012 1.971513 3.965030
v 1.810379 1.971736 3.956569
v 1.823348 1.989446 3.958198
v 1.826184 1.996049 3.947567
v 1.825496 1.999280 3.941523
v 1.829520 2.011441 3.953278
v 1.825768 2.004227 3.966464
v 1.812834 1.990147 3.935297
v 1.817895 1.981937 3.971853
v 1.829388 2.014270 3.944549
v 1.832757 2.027978 3.946403
v 1.807439 1.961451 3.976378
v 1.804521 1.962939 3.965558
v 1.800583 1.953341 3.983810
v 1.797499 1.955048 3.973703
v 1.791571 1.944389 3.992499
v 1.789378 1.947122 3.982247
v 1.780278 1.940867 3.988373
v 1.782176 1.938037 3.997408
v 1.791283 1.944470 3.998246
v 1.783524 1.940063 4.005282
v 1.800577 1.955486 3.990727
v 1.772797 1.934959 3.999398
v 1.773338 1.937143 4.009724
v 1.771268 1.938207 3.989947
v 1.763119 1.933915 4.000650
v 1.763119 1.936126 4.010779
v 1.763119 1.937398 3.990796
v 1.784043 1.946319 4.009913
v 1.792633 1.950097 4.001829
v 1.793459 1.963670 4.008823
v 1.783893 1.959301 4.017416
v 1.794077 1.979455 4.017807
v 1.783403 1.975238 4.026557
v 1.774070 1.957903 4.022173
v 1.773800 1.972987 4.031415
v 1.763119 1.957594 4.023848
v 1.763119 1.972752 4.033521
v 1.804129 1.984582 4.006906
v 1.801921 1.968121 3.998148
v 1.773640 1.943958 4.014830
v 1.763119 1.943176 4.016294
v 1.810369 1.974369 3.985775
v 1.813144 1.990215 3.994304
v 1.807313 2.000451 4.014633
v 1.815809 2.005123 4.002434
v 1.820456 1.997191 3.980476
v 1.823459 2.011785 3.988661
v 1.828886 2.018884 3.974662
v 1.826484 2.025723 3.997591
v 1.818041 2.018300 4.011062
v 1.833427 2.027365 3.958990
v 1.809683 2.013382 4.020469
v 1.838620 2.039981 3.954659
v 1.836053 2.035099 3.945246
v 1.842108 2.049056 3.947156
v 1.839118 2.043822 3.937217
v 1.824983 2.036409 3.937893
v 1.826545 2.047130 3.929402
v 1.842811 2.051853 3.938583
v 1.844281 2.062861 3.942164
v 1.843828 2.059989 3.950572
v 1.845142 2.076442 3.945905
v 1.845457 2.072083 3.954628
v 1.842825 2.057085 3.957250
v 1.844164 2.066306 3.959770
v 1.843149 2.077249 3.937248
v 1.841902 2.066086 3.934149
v 1.840847 2.053201 3.932959
v 1.841283 2.046491 3.953300
v 1.841765 2.055677 3.963557
v 1.843839 2.070651 3.966700
v 1.845513 2.084512 3.960225
v 1.845128 2.088691 3.948041
v 1.845069 2.108422 3.966343
v 1.844754 2.109570 3.948298
v 1.842459 2.133391 3.952172
v 1.842019 2.129312 3.972121
v 1.837239 2.157258 3.958382
v 1.836339 2.151920 3.981036
v 1.821345 2.173506 3.963449
v 1.820318 2.165380 3.987386
v 1.799088 2.176221 3.993327
v 1.802097 2.185730 3.966188
v 1.840725 2.129978 3.933867
v 1.781691 2.192311 3.966554
v 1.801866 2.186049 3.934809
v 1.782634 2.191757 3.932403
v 1.799928 2.173468 3.906264
v 1.821198 2.173221 3.936548
v 1.818816 2.165369 3.914858
v 1.836021 2.156090 3.937310
v 1.831574 2.151245 3.918322
v 1.816420 2.148913 3.895643
v 1.827337 2.140786 3.903282
v 1.835311 2.126418 3.915040
v 1.827734 2.124512 3.900112
v 1.799207 2.155039 3.887955
v 1.815191 2.127852 3.885801
v 1.812699 2.105744 3.881924
v 1.825236 2.102769 3.896312
v 1.799049 2.131100 3.875863
v 1.798164 2.107853 3.873000
v 1.795480 2.085502 3.873851
v 1.809206 2.083827 3.881290
v 1.794044 2.067811 3.875511
v 1.806343 2.065859 3.882833
v 1.820554 2.081959 3.894446
v 1.827381 2.078692 3.908024
v 1.833198 2.101519 3.910607
v 1.815022 2.063974 3.893925
v 1.820983 2.061968 3.906496
v 1.781791 2.156718 3.882760
v 1.782117 2.176527 3.901052
v 1.763121 2.157267 3.880125
v 1.763121 2.177530 3.898893
v 1.763121 2.193917 3.931855
v 1.781558 2.132418 3.870852
v 1.763121 2.132345 3.868578
v 1.780712 2.109195 3.868167
v 1.763121 2.110156 3.866212
v 1.779844 2.085994 3.869343
v 1.763122 2.086464 3.867952
v 1.779248 2.068756 3.871675
v 1.763123 2.069012 3.870421
v 1.763121 2.194849 3.966445
v 1.778951 2.053812 3.870447
v 1.763126 2.054349 3.869659
v 1.793405 2.052739 3.873604
v 1.806469 2.050541 3.880962
v 1.815895 2.047128 3.892437
v 1.822590 2.042700 3.908302
v 1.824742 2.058461 3.919109
v 1.832507 2.076228 3.921137
v 1.840793 2.101583 3.928092
v 1.827582 2.056121 3.928235
v 1.833677 2.069881 3.928041
v 1.837774 2.067298 3.930734
v 1.841002 2.085656 3.933169
v 1.817473 2.030155 3.889086
v 1.807559 2.034297 3.877023
v 1.794138 2.036347 3.868994
v 1.778776 2.036776 3.865889
v 1.763133 2.036694 3.865398
v 2.201619 1.573965 4.271234
v 2.207479 1.573300 4.254397
v 2.215837 1.549737 4.262237
v 2.209826 1.549715 4.275576
v 2.198581 1.599516 4.264935
v 2.205221 1.599674 4.251512
v 2.225798 1.533583 4.268627
v 2.222827 1.532210 4.275883
v 2.205106 1.616327 4.257034
v 2.210166 1.616513 4.256151
v 2.190284 1.613745 4.254265
v 2.179070 1.597344 4.273941
v 2.181484 1.571816 4.286071
v 2.159887 1.591409 4.273431
v 2.162663 1.566245 4.285513
v 2.192273 1.545978 4.286985
v 2.171884 1.541426 4.287493
v 2.205125 1.528948 4.278461
v 2.237115 1.527197 4.271115
v 2.215936 1.518951 4.258910
v 2.248479 1.537903 4.255793
v 2.227630 1.525749 4.228294
v 2.259909 1.547885 4.234772
v 2.238032 1.532230 4.195544
v 2.233511 1.554422 4.181371
v 2.257957 1.568609 4.225638
v 2.239292 1.576237 4.313269
v 2.235420 1.600613 4.303386
v 2.251336 1.593271 4.229078
v 2.227370 1.610606 4.280073
v 2.233279 1.606788 4.240226
v 2.243549 1.555231 4.305075
v 2.217463 1.620498 4.264700
v 2.196901 1.614003 4.272635
v 2.198766 1.607216 4.301654
v 2.167919 1.600195 4.309178
v 2.167155 1.608097 4.278995
v 2.132089 1.591696 4.320986
v 2.141358 1.604863 4.284662
v 2.141943 1.580227 4.339040
v 2.173568 1.587712 4.332785
v 2.201823 1.594507 4.331278
v 2.209038 1.570171 4.335337
v 2.179254 1.562376 4.337941
v 2.210393 1.548068 4.324666
v 2.181312 1.540974 4.324242
v 2.218005 1.617406 4.250607
v 2.210166 1.616513 4.256151
v 2.205106 1.616327 4.257034
v 2.204254 1.610771 4.236171
v 2.190284 1.613745 4.254265
v 2.240734 1.539282 4.291171
v 2.234370 1.529078 4.276767
v 2.214612 1.533219 4.299699
v 2.184838 1.524357 4.301687
v 2.157800 1.510856 4.306654
v 2.187261 1.512131 4.280929
v 2.166179 1.500059 4.285327
v 2.213772 1.523193 4.276413
v 2.186961 1.509153 4.259324
v 2.212549 1.525655 4.256544
v 2.180650 1.517309 4.236262
v 2.206176 1.542730 4.238665
v 2.174521 1.532658 4.221421
v 2.134910 1.521229 4.220858
v 2.127575 1.546586 4.212079
v 2.169121 1.556453 4.212443
v 2.140767 1.505211 4.234521
v 2.199776 1.566733 4.229760
v 2.121985 1.570523 4.214526
v 2.166713 1.578465 4.214939
v 2.197295 1.594913 4.234819
v 2.199689 1.613549 4.254278
v 2.165063 1.598305 4.228568
v 2.136037 1.594967 4.229758
v 2.165823 1.607932 4.253084
v 2.149208 1.606946 4.254913
v 2.138229 1.605678 4.253684
v 2.157493 1.499768 4.249868
v 2.170135 1.500312 4.263798
v 2.146669 1.531098 4.331128
v 2.148040 1.547021 4.341408
v 2.146266 1.564889 4.344372
v 2.149208 1.606946 4.254913
v 2.165823 1.607932 4.253084
v 2.199689 1.613549 4.254278
v 2.060083 1.575675 4.337795
v 2.071900 1.564023 4.357580
v 2.034355 1.555817 4.367282
v 2.018528 1.565552 4.340154
v 1.991395 1.546137 4.379772
v 1.980044 1.555766 4.355938
v 2.049431 1.582528 4.317191
v 2.082200 1.595199 4.301808
v 2.069859 1.597049 4.275771
v 2.038355 1.583438 4.290834
v 2.076942 1.541115 4.363327
v 2.040041 1.525129 4.371968
v 1.996525 1.519182 4.384980
v 1.952270 1.539444 4.393838
v 1.956983 1.514231 4.399704
v 1.952812 1.495462 4.387660
v 1.918240 1.491605 4.404497
v 1.921773 1.510627 4.416900
v 1.899677 1.507928 4.431492
v 1.895395 1.488361 4.421742
v 1.884147 1.505026 4.445507
v 1.877775 1.484668 4.436916
v 1.991897 1.498168 4.370891
v 1.914623 1.481376 4.392784
v 1.889723 1.476372 4.410392
v 2.035269 1.501488 4.355681
v 2.076040 1.518110 4.353907
v 2.071333 1.494326 4.335108
v 2.026983 1.480303 4.332770
v 2.065365 1.475495 4.315662
v 2.106145 1.493893 4.322340
v 2.099071 1.474941 4.301261
v 2.054335 1.470287 4.288478
v 2.085853 1.470372 4.275696
v 2.017314 1.473427 4.306163
v 2.076357 1.477264 4.254668
v 2.043724 1.479977 4.264394
v 2.004928 1.488761 4.278787
v 2.033370 1.499395 4.249193
v 1.994461 1.518293 4.267260
v 2.026231 1.525274 4.242817
v 2.024221 1.553283 4.249242
v 1.994418 1.551787 4.279304
v 2.028942 1.574608 4.268196
v 2.052978 1.569066 4.231820
v 2.058854 1.586815 4.250410
v 2.038355 1.583438 4.290834
v 2.069859 1.597049 4.275771
v 2.005544 1.567188 4.311177
v 1.957950 1.539591 4.302054
v 1.957952 1.510665 4.293494
v 1.965485 1.486394 4.303088
v 1.976575 1.476019 4.326080
v 1.986579 1.481164 4.350737
v 1.946018 1.480274 4.369245
v 1.921488 1.531393 4.325185
v 1.920515 1.504167 4.316617
v 1.927287 1.485434 4.326567
v 1.883748 1.499379 4.334902
v 1.889545 1.483519 4.346475
v 1.884976 1.524421 4.345091
v 1.893470 1.540426 4.366227
v 1.930512 1.546576 4.348005
v 1.968041 1.554435 4.329209
v 1.863510 1.529721 4.366957
v 1.859727 1.515290 4.349355
v 1.860413 1.495733 4.344367
v 1.830000 1.491728 4.353759
v 1.830016 1.512842 4.360709
v 1.811024 1.488909 4.357896
v 1.810988 1.510573 4.365990
v 1.834217 1.528128 4.379422
v 1.814919 1.521950 4.390659
v 1.866234 1.540138 4.380092
v 1.836409 1.541799 4.396242
v 1.838494 1.476920 4.364464
v 1.866616 1.480479 4.355391
v 1.818488 1.471849 4.369359
v 1.873441 1.472387 4.368910
v 1.900095 1.472464 4.366869
v 1.936770 1.475538 4.348228
v 1.909186 1.475354 4.382259
v 1.885247 1.468761 4.398658
v 1.878855 1.465998 4.381647
v 1.847440 1.467491 4.383016
v 1.857163 1.459086 4.396709
v 1.865529 1.462272 4.413768
v 1.871236 1.470547 4.426084
v 1.859920 1.479035 4.451672
v 1.870686 1.502383 4.457319
v 1.865753 1.523090 4.455893
v 1.879099 1.527044 4.443190
v 1.866840 1.539551 4.428311
v 1.847447 1.532421 4.442191
v 1.895100 1.530621 4.428233
v 1.914736 1.534652 4.411527
v 1.882451 1.542479 4.411221
v 1.874297 1.544845 4.397418
v 1.848603 1.544836 4.414961
v 1.866234 1.540138 4.380092
v 1.836409 1.541799 4.396242
v 1.893470 1.540426 4.366227
v 1.940949 1.547896 4.373205
v 1.930512 1.546576 4.348005
v 1.968041 1.554435 4.329209
v 2.005544 1.567188 4.311177
v 1.903792 1.543319 4.391231
v 1.830031 1.535512 4.429190
v 1.817334 1.531544 4.408567
v 1.824693 1.530054 4.457502
v 1.852379 1.520459 4.480154
v 1.859869 1.499458 4.479901
v 1.846728 1.470733 4.472366
v 1.823079 1.459349 4.452500
v 1.852274 1.468367 4.439502
v 1.790623 1.525033 4.419147
v 1.842194 1.462481 4.424746
v 1.835842 1.460440 4.409086
v 1.829100 1.465133 4.391988
v 1.802908 1.451799 4.420774
v 1.785275 1.460915 4.378894
v 1.777620 1.484147 4.365570
v 1.778055 1.508977 4.374043
v 1.790623 1.525033 4.419147
v 1.817334 1.531544 4.408567
v 2.119354 1.580376 4.257342
v 2.080906 1.571190 4.241164
v 2.089872 1.584398 4.209566
v 2.125526 1.591559 4.227479
v 2.125067 1.553993 4.270653
v 2.088147 1.544732 4.259288
v 2.096363 1.515594 4.257525
v 2.132821 1.528680 4.270259
v 2.143024 1.508618 4.255880
v 2.108162 1.494776 4.240064
v 2.166849 1.515906 4.268080
v 2.155713 1.535983 4.280436
v 2.147002 1.560497 4.279534
v 2.141079 1.586420 4.268168
v 2.185412 1.522156 4.276580
v 2.197692 1.513628 4.251250
v 2.206351 1.518016 4.220720
v 2.213634 1.524877 4.190550
v 2.210808 1.545542 4.173823
v 2.175760 1.505692 4.241727
v 2.181622 1.501824 4.208925
v 2.185298 1.509127 4.183384
v 2.183653 1.534526 4.165674
v 2.164400 1.494123 4.168512
v 2.163823 1.522131 4.149164
v 2.163229 1.553086 4.135509
v 2.185049 1.564815 4.154982
v 2.204309 1.578104 4.170636
v 2.226948 1.581612 4.177671
v 2.212803 1.598075 4.204729
v 2.157187 1.583988 4.143720
v 2.127710 1.572875 4.119823
v 2.132628 1.541571 4.113093
v 2.100489 1.528040 4.095083
v 2.092411 1.559120 4.099727
v 2.051907 1.544627 4.082543
v 2.065414 1.515398 4.075270
v 2.013847 1.528336 4.071285
v 2.031291 1.503769 4.061556
v 1.975599 1.482058 4.061449
v 1.960024 1.503183 4.072732
v 1.996875 1.543293 4.093267
v 1.942154 1.512110 4.092331
v 1.923650 1.517334 4.110541
v 1.982562 1.553891 4.116240
v 1.915570 1.484990 4.078855
v 1.932645 1.469708 4.065850
v 1.870003 1.469802 4.099150
v 1.886231 1.480645 4.102334
v 1.833661 1.455535 4.121966
v 1.840193 1.470364 4.117355
v 1.808756 1.453921 4.131973
v 1.823338 1.484891 4.129066
v 1.802974 1.460573 4.133077
v 1.889425 1.463179 4.086892
v 1.856089 1.473094 4.122874
v 1.880803 1.459897 4.098057
v 1.911340 1.441054 4.071001
v 1.889288 1.449436 4.094316
v 1.916168 1.427025 4.075578
v 1.815414 1.445104 4.116473
v 1.872147 1.484524 4.109785
v 1.846232 1.452521 4.117740
v 1.801796 1.416702 4.103974
v 1.791251 1.437154 4.115014
v 1.786834 1.417411 4.093877
v 1.788388 1.438132 4.113798
v 1.781558 1.420995 4.089356
v 1.846144 1.488893 4.127340
v 1.870547 1.483141 4.110705
v 1.889258 1.479607 4.130198
v 1.957987 1.535822 4.143329
v 2.021586 1.567159 4.131490
v 2.008418 1.561172 4.161212
v 2.061256 1.580892 4.153424
v 2.036397 1.561872 4.104406
v 2.077350 1.579598 4.123369
v 2.113999 1.591985 4.147816
v 2.102155 1.591110 4.178394
v 2.144612 1.598450 4.170146
v 2.134557 1.596479 4.198704
v 2.089872 1.584398 4.209566
v 2.125526 1.591559 4.227479
v 2.166910 1.599409 4.190568
v 2.158268 1.599708 4.211730
v 2.146939 1.598292 4.238930
v 2.166793 1.605839 4.247442
v 2.178950 1.601940 4.220034
v 2.178909 1.589413 4.166677
v 2.192521 1.593131 4.190838
v 1.811438 1.403794 4.089087
v 1.798297 1.405148 4.069588
v 1.786834 1.417411 4.093877
v 1.801796 1.416702 4.103974
v 1.837041 1.419720 4.111536
v 1.846232 1.452521 4.117740
v 1.827910 1.390905 4.070050
v 1.818438 1.398077 4.043882
v 1.850642 1.401610 4.033827
v 1.858727 1.394311 4.071620
v 1.889851 1.398062 4.089414
v 1.882920 1.410550 4.047993
v 1.875342 1.395553 4.108411
v 1.850880 1.409394 4.108085
v 1.906036 1.405242 4.109539
v 1.899306 1.426463 4.072644
v 1.914651 1.408537 4.107658
v 1.900144 1.433493 4.091767
v 1.915093 1.421691 4.096592
v 1.894006 1.446166 4.097723
v 1.901154 1.463787 4.075378
v 1.890403 1.478547 4.099111
v 1.895139 1.444526 4.053523
v 1.877034 1.423221 4.034485
v 1.848674 1.411775 4.025664
v 1.817602 1.405762 4.037817
v 1.795882 1.410847 4.064393
v 1.781558 1.420995 4.089356
v 1.954394 1.413341 4.089193
v 1.942924 1.401521 4.120386
v 1.929606 1.400473 4.137110
v 1.907816 1.405669 4.139429
v 1.908165 1.433402 4.163482
v 1.892519 1.455732 4.152426
v 1.887990 1.469395 4.139991
v 1.889258 1.479607 4.130198
v 1.937923 1.421840 4.177524
v 1.964043 1.413852 4.164499
v 1.992595 1.435130 4.191771
v 2.005542 1.424048 4.173780
v 2.044296 1.441757 4.187461
v 2.058973 1.433219 4.159134
v 2.095053 1.452350 4.175793
v 2.082143 1.461327 4.201856
v 2.117340 1.478784 4.213875
v 2.069822 1.477268 4.224949
v 2.151083 1.496721 4.230477
v 2.158712 1.486975 4.197573
v 2.127852 1.468427 4.179869
v 2.134857 1.478710 4.149848
v 2.030088 1.456615 4.210248
v 2.055233 1.499647 4.245138
v 2.042389 1.528591 4.246616
v 2.034233 1.555664 4.227227
v 2.045975 1.573734 4.188184
v 2.014498 1.479839 4.233620
v 1.994869 1.502275 4.229324
v 1.974625 1.457096 4.214755
v 1.947904 1.466569 4.200142
v 1.938892 1.496044 4.185666
v 1.951361 1.529051 4.166571
v 1.957987 1.535822 4.143329
v 1.989657 1.533542 4.211123
v 2.008418 1.561172 4.161212
v 2.001963 1.557320 4.187344
v 1.842223 1.496158 4.655124
v 1.829282 1.492884 4.670354
v 1.821568 1.525080 4.669862
v 1.834031 1.528859 4.654777
v 1.831591 1.465516 4.624220
v 1.823217 1.463728 4.645195
v 1.810090 1.544022 4.651877
v 1.824039 1.541715 4.641211
v 1.805562 1.520511 4.673873
v 1.796190 1.537011 4.659799
v 1.812510 1.488957 4.672151
v 1.808658 1.463140 4.649734
v 1.843273 1.497071 4.628916
v 1.835706 1.529081 4.629853
v 1.819864 1.545850 4.624906
v 1.829585 1.461605 4.593448
v 1.821249 1.449823 4.591668
v 1.816603 1.447740 4.615997
v 1.810258 1.440453 4.593718
v 1.796714 1.437073 4.598296
v 1.802449 1.445152 4.619974
v 1.816671 1.444918 4.575632
v 1.827546 1.461968 4.578321
v 1.811239 1.442185 4.559539
v 1.795962 1.432960 4.561942
v 1.804151 1.434924 4.578887
v 1.785294 1.434160 4.564531
v 1.773591 1.434631 4.532003
v 1.781537 1.432578 4.528811
v 1.807442 1.440737 4.536057
v 1.806850 1.441947 4.518167
v 1.825366 1.461602 4.565157
v 1.828110 1.462645 4.539626
v 1.834668 1.494035 4.574120
v 1.837475 1.494092 4.549055
v 1.832926 1.464878 4.513894
v 1.842109 1.494688 4.524937
v 1.764568 1.435966 4.506029
v 1.772812 1.432620 4.503002
v 1.753784 1.436256 4.477010
v 1.762166 1.434032 4.473878
v 1.794846 1.442395 4.462589
v 1.803650 1.443624 4.490925
v 1.838718 1.467647 4.495354
v 1.848016 1.496020 4.506869
v 1.846728 1.470733 4.472366
v 1.831031 1.460125 4.480149
v 1.859869 1.499458 4.479901
v 1.823079 1.459349 4.452500
v 1.825832 1.523871 4.575145
v 1.827261 1.524359 4.550150
v 1.813613 1.538227 4.572013
v 1.811951 1.532453 4.541899
v 1.827651 1.525366 4.586756
v 1.835925 1.494089 4.585750
v 1.830726 1.526835 4.601552
v 1.810327 1.548710 4.602838
v 1.804270 1.549205 4.587606
v 1.791130 1.553224 4.609810
v 1.783338 1.552168 4.592008
v 1.776318 1.547575 4.614878
v 1.770245 1.546936 4.596356
v 1.776335 1.546741 4.574984
v 1.765378 1.542201 4.579261
v 1.765888 1.528366 4.545595
v 1.758746 1.524709 4.547823
v 1.758680 1.508138 4.511062
v 1.754258 1.504521 4.513964
v 1.747288 1.502834 4.470987
v 1.783579 1.518882 4.501140
v 1.773157 1.515113 4.464700
v 1.742544 1.500626 4.471920
v 1.800464 1.545309 4.570895
v 1.791931 1.532221 4.535883
v 1.797706 1.525834 4.459848
v 1.808764 1.529522 4.494163
v 1.790623 1.525033 4.419147
v 1.824693 1.530054 4.457502
v 1.761339 1.524237 4.419879
v 1.852379 1.520459 4.480154
v 1.838738 1.520534 4.509936
v 1.833119 1.521732 4.527364
v 1.817753 1.528910 4.522253
v 1.801116 1.527749 4.512031
v 1.794507 1.496702 4.639862
v 1.796190 1.537011 4.659799
v 1.805562 1.520511 4.673873
v 1.812510 1.488957 4.672151
v 1.808658 1.463140 4.649734
v 1.785045 1.546768 4.636422
v 1.784921 1.487850 4.606944
v 1.776318 1.547575 4.614878
v 1.779689 1.482841 4.588904
v 1.796714 1.437073 4.598296
v 1.802449 1.445152 4.619974
v 1.791561 1.434528 4.582740
v 1.775340 1.478329 4.572673
v 1.765378 1.542201 4.579261
v 1.770245 1.546936 4.596356
v 1.785294 1.434160 4.564531
v 1.773591 1.434631 4.532003
v 1.765783 1.472826 4.540850
v 1.757251 1.469198 4.509940
v 1.758746 1.524709 4.547823
v 1.754258 1.504521 4.513964
v 1.745157 1.471140 4.472808
v 1.764568 1.435966 4.506029
v 1.753784 1.436256 4.477010
v 1.739101 1.436726 4.436484
v 1.730436 1.475263 4.434181
v 1.715450 1.475457 4.392705
v 1.723293 1.450203 4.403905
v 1.715116 1.504375 4.399875
v 1.726014 1.510411 4.435196
v 1.742544 1.500626 4.471920
v 1.791561 1.434528 4.582740
v 1.763120 2.074249 4.067225
v 1.763120 2.090046 4.068749
v 1.774562 2.090485 4.067518
v 1.774371 2.073938 4.066006
v 1.763120 2.112512 4.065396
v 1.775226 2.113429 4.063414
v 1.763120 2.141552 4.052324
v 1.775930 2.140954 4.050566
v 1.763121 2.166230 4.028255
v 1.791704 2.139992 4.045238
v 1.789559 2.114259 4.059286
v 1.788319 2.092100 4.064394
v 1.787393 2.074556 4.063561
v 1.800210 2.093794 4.057731
v 1.802622 2.114830 4.052121
v 1.804723 2.137545 4.038801
v 1.815973 2.115881 4.040001
v 1.817230 2.133993 4.029109
v 1.818052 2.151433 4.011265
v 1.805000 2.157120 4.018634
v 1.791740 2.161103 4.023648
v 1.777028 2.164663 4.026739
v 1.831218 2.128401 4.012591
v 1.834058 2.143506 3.996908
v 1.839457 2.122658 3.989204
v 1.835905 2.114754 4.005641
v 1.813028 2.096480 4.047453
v 1.799295 2.076718 4.058630
v 1.774049 2.056516 4.062376
v 1.763120 2.057133 4.063429
v 1.770106 2.042394 4.057939
v 1.763120 2.042367 4.058532
v 1.763120 2.035897 4.057212
v 1.770232 2.036166 4.056648
v 1.763120 2.027882 4.057320
v 1.770513 2.028200 4.056529
v 1.763120 2.017100 4.058418
v 1.771099 2.017981 4.056391
v 1.779100 2.019483 4.052112
v 1.778784 2.027669 4.053183
v 1.763120 2.010029 4.057074
v 1.771662 2.010412 4.054872
v 1.763120 1.999850 4.050860
v 1.772412 2.000317 4.048988
v 1.780892 2.001877 4.043679
v 1.779603 2.012552 4.049739
v 1.786466 2.015033 4.044339
v 1.785744 2.021599 4.047184
v 1.763119 1.989446 4.044431
v 1.772600 1.989643 4.042515
v 1.782378 1.991034 4.036621
v 1.795004 1.994863 4.026735
v 1.791815 2.005820 4.035537
v 1.801317 2.009541 4.028116
v 1.794366 2.017901 4.038380
v 1.763121 2.185137 3.997083
v 1.779815 2.182861 3.995716
v 1.833887 2.045171 3.991371
v 1.838536 2.051171 3.976002
v 1.835109 2.038115 3.969742
v 1.831844 2.031536 3.983931
v 1.836971 2.062867 3.995259
v 1.840999 2.067127 3.979703
v 1.842790 2.084439 3.980493
v 1.839172 2.083052 3.996977
v 1.838835 2.100988 4.000786
v 1.842187 2.104585 3.984704
v 1.776519 1.947464 3.972558
v 1.784991 1.951860 3.968483
v 1.793199 1.958816 3.961858
v 1.799905 1.966276 3.954906
v 1.805620 1.973023 3.949251
v 1.809100 1.979958 3.943015
v 1.803998 1.976689 3.942329
v 1.802025 1.973843 3.937122
v 1.811920 1.985998 3.929068
v 1.795957 1.967988 3.947417
v 1.809332 1.965701 3.925727
v 1.797847 1.955975 3.933250
v 1.793407 1.963411 3.943073
v 1.817587 1.958539 3.905552
v 1.807302 1.946038 3.922574
v 1.821383 1.967687 3.891757
v 1.822762 1.976236 3.873867
v 1.817242 1.980018 3.858535
v 1.801668 1.982834 3.844846
v 1.783826 1.983134 3.839147
v 1.771159 1.982128 3.839915
v 1.763141 1.981271 3.839853
v 1.788472 1.960725 3.952581
v 1.777663 1.953044 3.959711
v 1.763120 1.949765 3.962633
v 1.763120 1.943291 3.977658
v 1.787024 1.957910 3.948876
v 1.777032 1.951437 3.955454
v 1.784708 1.943543 3.944322
v 1.790849 1.949042 3.938802
v 1.796027 1.936523 3.930605
v 1.788090 1.932826 3.934238
v 1.782436 1.928512 3.939044
v 1.776826 1.939249 3.950684
v 1.775708 1.924821 3.944871
v 1.763121 1.937998 3.953806
v 1.763124 1.923541 3.948410
v 1.763120 1.948527 3.957775
v 1.871728 1.689095 3.965083
v 1.855483 1.687804 3.975847
v 1.876724 1.720344 3.965635
v 1.880499 1.733522 3.973784
v 2.132853 2.008053 4.342725
v 1.790035 1.723410 3.988181
v 1.790084 1.737178 3.990395
v 1.799200 1.736766 3.989348
v 1.799454 1.722783 3.987496
v 1.789871 1.749541 3.991676
v 1.798922 1.750162 3.991558
v 1.798089 1.767957 3.989259
v 1.789138 1.767186 3.990626
v 1.800243 1.709224 3.989298
v 1.799803 1.691726 3.990844
v 1.783998 1.709447 3.990162
v 1.780094 1.692883 3.991436
v 1.763118 1.692244 3.991549
v 1.763118 1.677321 3.990089
v 1.792994 1.676929 3.990663
v 1.807146 1.662503 3.995300
v 1.781434 1.663658 3.998043
v 1.763118 1.663576 3.997188
v 1.730590 1.476935 4.380076
v 1.715450 1.475457 4.392705
v 1.723293 1.450203 4.403905
v 1.739863 1.448831 4.394197
v 1.730168 1.508300 4.389603
v 1.715116 1.504375 4.399875
v 1.741747 1.521583 4.423205
v 1.726014 1.510411 4.435196
v 1.750430 1.480695 4.373532
v 1.758296 1.452381 4.387645
v 1.777620 1.484147 4.365570
v 1.785275 1.460915 4.378894
v 1.749513 1.509837 4.382298
v 1.761339 1.524237 4.419879
v 1.778055 1.508977 4.374043
v 1.790623 1.525033 4.419147
v 1.774045 1.440079 4.428050
v 1.802908 1.451799 4.420774
v 1.751478 1.435105 4.440180
v 1.754700 1.436775 4.420689
v 1.739101 1.436726 4.436484
v 1.838608 1.494559 4.599134
v 1.799458 1.551791 4.631402
v 1.785045 1.546768 4.636422
v 2.029279 1.853187 3.805427
v 2.019283 1.856128 3.794698
v 1.987298 1.838403 3.776605
v 1.986353 1.857641 3.764916
v 2.040281 1.869005 3.816215
v 2.044283 1.883144 3.823849
v 2.033040 1.869605 3.803526
v 2.045010 1.905185 3.852797
v 2.020041 1.860216 3.791958
v 1.988628 1.863783 3.763592
v 1.979404 1.814437 3.795838
v 1.976999 1.822240 3.782258
v 1.984757 1.822522 3.787814
v 1.987298 1.838403 3.776605
v 1.974239 1.836514 3.767444
v 1.986353 1.857641 3.764916
v 1.965238 1.848956 3.756711
v 1.964242 1.817580 3.767250
v 1.950728 1.840630 3.752857
v 1.949398 1.805135 3.760641
v 1.935048 1.829577 3.747137
v 1.922068 1.852920 3.743147
v 1.934029 1.869552 3.744276
v 1.960884 1.863290 3.751221
v 1.897261 1.859413 3.740854
v 1.879262 1.854729 3.739297
v 1.860402 1.848071 3.740204
v 1.842358 1.842248 3.742498
v 1.825137 1.838560 3.744918
v 1.825529 1.816820 3.742379
v 1.803205 1.836200 3.745282
v 1.915514 1.864526 3.743097
v 1.783357 1.822840 3.747322
v 1.763116 1.821075 3.752185
v 1.800619 1.839941 3.745877
v 1.824222 1.843546 3.745806
v 1.913990 1.870613 3.743749
v 1.932103 1.875785 3.744181
v 1.963093 1.868785 3.751276
v 1.988628 1.863783 3.763592
v 1.895765 1.865220 3.742481
v 1.878199 1.859386 3.740113
v 1.859687 1.852891 3.741335
v 1.841655 1.847321 3.743780
v 1.817798 1.602450 3.862249
v 1.819882 1.623594 3.846267
v 1.790913 1.623639 3.852495
v 1.788461 1.602575 3.868898
v 1.763118 1.624969 3.864411
v 1.763118 1.646718 3.845661
v 1.786514 1.647356 3.833702
v 1.763118 1.670252 3.822103
v 1.786912 1.669404 3.813436
v 1.763118 1.604329 3.877604
v 1.807288 1.645193 3.828798
v 1.763119 1.694333 3.795011
v 1.786989 1.694666 3.785366
v 1.809567 1.667269 3.807322
v 1.810723 1.693651 3.778989
v 1.763119 1.721501 3.772173
v 1.786718 1.723294 3.764445
v 1.763120 1.750049 3.759139
v 1.784840 1.751294 3.754523
v 1.818739 1.721208 3.758861
v 1.801636 1.750620 3.751899
v 1.828735 1.645538 3.827154
v 1.833058 1.668364 3.801071
v 1.836966 1.695840 3.772580
v 1.858064 1.647388 3.824909
v 1.881951 1.644899 3.835304
v 1.891817 1.667867 3.810638
v 1.865074 1.672277 3.793832
v 2.166793 1.605839 4.247442
v 2.146939 1.598292 4.238930
v 1.818048 1.905316 3.765138
v 1.838467 1.917873 3.771573
v 1.865866 1.920677 3.773006
v 1.876646 1.905280 3.760712
v 1.895297 1.913150 3.759269
v 1.864220 1.894277 3.757355
v 1.819530 1.878299 3.754669
v 1.846438 1.885438 3.755589
v 1.843374 1.899445 3.761677
v 1.896140 1.896687 3.751413
v 1.968470 1.893868 3.754218
v 2.004558 1.898385 3.766674
v 2.062028 1.946177 4.048118
v 2.055893 1.955971 4.041614
v 2.044959 1.965076 4.039005
v 2.032049 1.970542 4.041340
v 2.022191 1.419667 4.144064
v 1.985644 1.409538 4.132039
v 2.035521 1.432638 4.111622
v 2.070219 1.447136 4.125098
v 2.043691 1.451332 4.080581
v 2.075342 1.463886 4.097492
v 2.105568 1.464223 4.137470
v 2.107951 1.479717 4.117922
v 2.134946 1.509413 4.126496
v 2.108156 1.498606 4.101888
v 2.075444 1.485305 4.080123
v 2.042773 1.472661 4.063320
v 1.994965 1.454578 4.054564
v 1.954138 1.443543 4.056726
v 1.955138 1.424996 4.073105
v 1.994959 1.433963 4.068079
v 1.993290 1.419507 4.094784
v 2.045975 1.573734 4.188184
v 2.034841 1.850594 3.967048
v 2.013442 1.849524 3.960778
v 2.048192 1.859362 3.963328
v 2.055185 1.870965 3.959206
v 2.061687 1.886819 3.953144
v 2.064048 1.878635 3.930018
v 2.064959 1.893689 3.931449
v 2.062878 1.903841 3.957525
v 2.062777 1.897272 3.970422
v 1.877355 1.804970 3.966761
v 2.120510 1.478426 4.291279
v 2.108649 1.476182 4.267011
v 2.066411 1.491936 4.237594
v 2.057093 1.516881 4.224020
v 2.051801 1.546576 4.222364
v 1.726014 1.510411 4.435196
v 1.737134 1.513028 4.447559
v 1.741747 1.521583 4.423205
v 1.986260 1.884687 4.136173
v 1.994414 1.891625 4.156011
v 2.094117 1.928525 4.282981
v 2.086472 1.915567 4.280618
v 2.074591 1.906296 4.289683
v 1.579068 2.413763 3.799180
v 1.578331 2.384920 3.797389
v 1.583763 2.412193 3.802163
v 1.576846 2.417814 3.808940
v 1.568849 2.418000 3.806756
v 1.572901 2.416490 3.798508
v 1.584968 2.410226 3.809408
v 1.577967 2.384864 3.816090
v 1.572060 2.360116 3.821673
v 1.572405 2.379244 3.822452
v 1.585594 2.401442 3.816792
v 1.569882 2.391237 3.821188
v 1.578283 2.397365 3.823409
v 1.576952 2.403571 3.830425
v 1.565866 2.402889 3.829888
v 1.566224 2.398928 3.822417
v 1.558322 2.407367 3.825461
v 1.557927 2.401364 3.818469
v 1.550764 2.394227 3.815442
v 1.554119 2.399341 3.816365
v 1.550469 2.400634 3.814454
v 1.539079 2.400411 3.811442
v 1.555703 2.408613 3.807842
v 1.558167 2.409369 3.808713
v 1.537509 2.403173 3.818419
v 1.529160 2.406868 3.812833
v 1.527958 2.402669 3.808146
v 1.547454 2.404807 3.819314
v 1.552937 2.413538 3.812826
v 1.529210 2.417690 3.804691
v 1.528862 2.413528 3.799428
v 1.525063 2.430445 3.819049
v 1.524107 2.419981 3.828414
v 1.522872 2.437099 3.825630
v 1.522976 2.425882 3.832904
v 1.528013 2.436576 3.816598
v 1.532476 2.422006 3.837998
v 1.539275 2.434841 3.814879
v 1.526862 2.420751 3.818952
v 1.537045 2.419500 3.818064
v 1.548300 2.434649 3.819702
v 1.546213 2.419052 3.821520
v 1.548470 2.435595 3.831438
v 1.547494 2.422609 3.834804
v 1.521348 2.424403 3.830996
v 1.523106 2.438323 3.828449
v 1.542933 2.423237 3.840048
v 1.520355 2.417774 3.831447
v 1.525838 2.415014 3.822251
v 1.547783 2.415490 3.835852
v 1.545128 2.413109 3.824642
v 1.548571 2.431709 3.834735
v 1.543961 2.418482 3.835343
v 1.550299 2.426589 3.827502
v 1.545089 2.407810 3.826321
v 1.535513 2.408790 3.821839
v 1.535949 2.413349 3.821295
v 1.525150 2.410245 3.823447
v 1.518590 2.409160 3.834893
v 1.547161 2.407076 3.839508
v 1.533277 2.417523 3.834017
v 1.523360 2.400242 3.826658
v 1.533671 2.398313 3.825059
v 1.521638 2.391549 3.832378
v 1.531459 2.389763 3.830597
v 1.543085 2.397627 3.829415
v 1.540071 2.389038 3.834748
v 1.545009 2.398049 3.841404
v 1.542262 2.390081 3.844095
v 1.517433 2.392287 3.840337
v 1.517882 2.400368 3.837426
v 1.529234 2.382604 3.837900
v 1.536460 2.383447 3.839063
v 1.527901 2.380315 3.844452
v 1.519360 2.383561 3.843035
v 1.522161 2.384331 3.837814
v 1.536869 2.381925 3.845415
v 1.564999 2.360180 3.806081
v 1.549842 2.368698 3.788562
v 1.538064 2.340484 3.800129
v 1.553056 2.339742 3.816289
v 1.518188 2.346027 3.788790
v 1.526807 2.374325 3.776745
v 1.494480 2.350739 3.785600
v 1.501977 2.376477 3.774385
v 1.487085 2.331001 3.796101
v 1.510580 2.323683 3.794865
v 1.565834 2.344325 3.829042
v 1.475356 2.324669 3.812554
v 1.489921 2.316906 3.804717
v 1.468032 2.312854 3.818689
v 1.464870 2.322765 3.830590
v 1.470626 2.331444 3.832552
v 1.477688 2.335263 3.797238
v 1.469773 2.326960 3.848896
v 1.475691 2.334963 3.845657
v 1.467527 2.344951 3.811615
v 1.478930 2.357095 3.790954
v 1.481078 2.328050 3.857170
v 1.484169 2.336283 3.852129
v 1.462791 2.350837 3.821844
v 1.468520 2.363391 3.798795
v 1.473314 2.380565 3.786366
v 1.482919 2.378070 3.779092
v 1.466744 2.384166 3.799779
v 1.463647 2.371266 3.811906
v 1.467874 2.375630 3.824651
v 1.465691 2.356602 3.835270
v 1.478360 2.358363 3.845084
v 1.482180 2.376099 3.834339
v 1.472510 2.388164 3.810640
v 1.491008 2.335537 3.851727
v 1.491722 2.327459 3.861665
v 1.499099 2.325016 3.858032
v 1.490107 2.389022 3.815994
v 1.475840 2.395752 3.778822
v 1.483497 2.395297 3.772539
v 1.504884 2.399544 3.768765
v 1.487300 2.411957 3.769272
v 1.492996 2.413404 3.770091
v 1.481381 2.409547 3.771035
v 1.473890 2.395911 3.801396
v 1.493420 2.397559 3.808446
v 1.469788 2.397788 3.788590
v 1.472624 2.415702 3.786653
v 1.474777 2.412523 3.795020
v 1.476749 2.401939 3.797223
v 1.477693 2.415998 3.775177
v 1.472772 2.421626 3.789818
v 1.474486 2.418003 3.797645
v 1.484393 2.411167 3.798086
v 1.482028 2.417909 3.802229
v 1.496885 2.399691 3.799640
v 1.490685 2.421445 3.801902
v 1.496163 2.424852 3.793455
v 1.476280 2.424855 3.782232
v 1.473545 2.438060 3.789567
v 1.481830 2.440806 3.787727
v 1.469435 2.442052 3.799984
v 1.475717 2.443891 3.806471
v 1.485100 2.443171 3.807538
v 1.490121 2.441038 3.792099
v 1.471255 2.436322 3.792630
v 1.470339 2.435290 3.796687
v 1.471105 2.433495 3.805925
v 1.476237 2.431222 3.788029
v 1.493563 2.438518 3.800159
v 1.491884 2.438586 3.803094
v 1.468800 2.434762 3.803291
v 1.474728 2.436104 3.809418
v 1.472956 2.426689 3.813408
v 1.466533 2.425553 3.807077
v 1.482114 2.426072 3.816181
v 1.483608 2.435672 3.811557
v 1.469998 2.430934 3.796155
v 1.467849 2.421484 3.799679
v 1.475168 2.427947 3.789901
v 1.473539 2.416103 3.794169
v 1.484901 2.426781 3.790975
v 1.482435 2.414167 3.795625
v 1.491560 2.428594 3.797455
v 1.488267 2.415544 3.801788
v 1.489760 2.432024 3.806052
v 1.488179 2.421643 3.811062
v 1.488179 2.421643 3.811062
v 1.489760 2.432024 3.806052
v 1.492650 2.431682 3.795273
v 1.485394 2.430122 3.789541
v 1.465770 2.414419 3.801875
v 1.463467 2.417551 3.811304
v 1.470806 2.418991 3.817636
v 1.480633 2.420043 3.819931
v 1.488006 2.417052 3.813102
v 1.487888 2.413480 3.805382
v 1.488006 2.417052 3.813102
v 1.463454 2.410928 3.813728
v 1.470614 2.412447 3.820310
v 1.465181 2.409268 3.805842
v 1.480094 2.413719 3.822387
v 1.487065 2.412444 3.816794
v 1.471020 2.407513 3.800206
v 1.471635 2.411369 3.797747
v 1.480910 2.410499 3.798743
v 1.480716 2.406306 3.800722
v 1.487668 2.409645 3.807588
v 1.487065 2.412444 3.816794
v 1.470573 2.398512 3.806253
v 1.479146 2.397460 3.806935
v 1.469875 2.393885 3.810744
v 1.477450 2.393166 3.811185
v 1.485725 2.400897 3.813608
v 1.483603 2.395929 3.817158
v 1.485429 2.405890 3.820400
v 1.483168 2.399753 3.823670
v 1.465548 2.395990 3.814760
v 1.465402 2.401486 3.810730
v 1.463948 2.399485 3.821426
v 1.463752 2.405708 3.817048
v 1.470115 2.400794 3.825988
v 1.470319 2.407562 3.822927
v 1.477530 2.401274 3.828080
v 1.478799 2.407809 3.825247
v 1.483168 2.399753 3.823670
v 1.485429 2.405890 3.820400
v 1.469836 2.393457 3.828615
v 1.464745 2.393394 3.824705
v 1.476239 2.394469 3.830405
v 1.472427 2.389376 3.823537
v 1.466812 2.390969 3.820193
v 1.479274 2.391985 3.825995
v 1.539303 2.368120 3.855775
v 1.528898 2.360604 3.853482
v 1.531666 2.372417 3.844117
v 1.541870 2.377047 3.842974
v 1.522056 2.368328 3.842512
v 1.544833 2.383652 3.830004
v 1.557147 2.380329 3.827795
v 1.561576 2.386970 3.822421
v 1.544145 2.395874 3.821375
v 1.524531 2.399110 3.805431
v 1.524682 2.401306 3.806205
v 1.520303 2.402946 3.806585
v 1.509453 2.402821 3.803504
v 1.524144 2.414521 3.800972
v 1.526902 2.413520 3.798367
v 1.507789 2.404236 3.809514
v 1.498347 2.406437 3.805369
v 1.498792 2.407209 3.800792
v 1.516946 2.407635 3.811349
v 1.521751 2.417395 3.805830
v 1.497569 2.416139 3.799344
v 1.498675 2.413526 3.793594
v 1.493747 2.425238 3.812740
v 1.493745 2.417194 3.820748
v 1.491042 2.431590 3.819983
v 1.492397 2.420501 3.825491
v 1.502833 2.414148 3.825403
v 1.501807 2.418470 3.829181
v 1.512489 2.417585 3.826794
v 1.511065 2.421224 3.830924
v 1.515200 2.431986 3.827346
v 1.517149 2.426824 3.820799
v 1.515027 2.434219 3.817659
v 1.514027 2.433236 3.829151
v 1.514846 2.416354 3.817542
v 1.506798 2.416190 3.812406
v 1.506833 2.433753 3.811667
v 1.497578 2.416286 3.811943
v 1.496746 2.434575 3.811472
v 1.514187 2.419618 3.829466
v 1.490442 2.420558 3.822019
v 1.491008 2.433368 3.821850
v 1.489229 2.412620 3.821637
v 1.496499 2.410696 3.814268
v 1.515184 2.412076 3.829903
v 1.514389 2.410520 3.820375
v 1.514178 2.407548 3.821099
v 1.505872 2.406896 3.814862
v 1.506169 2.410379 3.814992
v 1.496793 2.406654 3.814019
v 1.488251 2.403123 3.823578
v 1.496420 2.395324 3.815687
v 1.504844 2.395697 3.816209
v 1.494893 2.387390 3.819598
v 1.503580 2.387247 3.819158
v 1.512759 2.396268 3.821283
v 1.511148 2.387962 3.823708
v 1.514093 2.394901 3.831762
v 1.511770 2.386729 3.831838
v 1.490508 2.385516 3.825627
v 1.489159 2.393734 3.823807
v 1.502245 2.379981 3.823575
v 1.508578 2.381311 3.827326
v 1.500935 2.376295 3.829111
v 1.493225 2.378036 3.827499
v 1.495315 2.380754 3.823553
v 1.507530 2.378781 3.831619
v 1.514975 2.404725 3.831874
v 1.534056 2.405781 3.770734
v 1.515703 2.423892 3.778147
v 1.509295 2.421845 3.777499
v 1.522026 2.423361 3.780316
v 1.561581 2.399103 3.781379
v 1.549391 2.421481 3.783901
v 1.541220 2.421554 3.783631
v 1.555667 2.419809 3.787363
v 1.563140 2.412714 3.794476
v 1.553913 2.421173 3.797756
v 1.558167 2.409369 3.808713
v 1.555703 2.408613 3.807842
v 1.552937 2.413538 3.812826
v 1.553179 2.422390 3.804232
v 1.550299 2.426589 3.827502
v 1.550214 2.434059 3.819670
v 1.548967 2.442478 3.827791
v 1.541334 2.437728 3.814518
v 1.538598 2.446706 3.824621
v 1.527989 2.445241 3.823022
v 1.531581 2.436435 3.813263
v 1.522872 2.437099 3.825630
v 1.525063 2.430445 3.819049
v 1.548571 2.431709 3.834735
v 1.525153 2.440499 3.836285
v 1.533894 2.440520 3.840538
v 1.532389 2.427456 3.844708
v 1.523230 2.427371 3.840196
v 1.543247 2.426167 3.843374
v 1.544679 2.439593 3.839855
v 1.523106 2.438323 3.828449
v 1.521348 2.424403 3.830996
v 1.547494 2.422609 3.834804
v 1.548470 2.435595 3.831438
v 1.521609 2.418572 3.842935
v 1.531661 2.418968 3.847239
v 1.542739 2.417534 3.846557
v 1.520355 2.417774 3.831447
v 1.547783 2.415490 3.835852
v 1.521014 2.408646 3.844860
v 1.530205 2.408079 3.849151
v 1.518590 2.409160 3.834893
v 1.540785 2.406712 3.848447
v 1.547161 2.407076 3.839508
v 1.520041 2.401080 3.846967
v 1.517882 2.400368 3.837426
v 1.519088 2.392704 3.849127
v 1.527693 2.391116 3.853274
v 1.529175 2.400439 3.850939
v 1.537388 2.390819 3.852218
v 1.539300 2.399445 3.849973
v 1.517433 2.392287 3.840337
v 1.542262 2.390081 3.844095
v 1.545009 2.398049 3.841404
v 1.526670 2.381482 3.852644
v 1.519101 2.384124 3.850043
v 1.535190 2.382512 3.852303
v 1.527901 2.380315 3.844452
v 1.519360 2.383561 3.843035
v 1.536869 2.381925 3.845415
v 1.526902 2.413520 3.798367
v 1.524144 2.414521 3.800972
v 1.520861 2.424415 3.790571
v 1.531576 2.417255 3.781900
v 1.521751 2.417395 3.805830
v 1.518617 2.425995 3.799138
v 1.517149 2.426824 3.820799
v 1.515121 2.433749 3.814777
v 1.512658 2.440763 3.825691
v 1.506699 2.436101 3.809756
v 1.502263 2.442844 3.822578
v 1.493723 2.439891 3.819148
v 1.498056 2.432977 3.808766
v 1.491042 2.431590 3.819983
v 1.493747 2.425238 3.812740
v 1.515200 2.431986 3.827346
v 1.491392 2.434954 3.829206
v 1.498695 2.435895 3.833822
v 1.497690 2.422764 3.836704
v 1.490179 2.422486 3.830815
v 1.508698 2.422085 3.837128
v 1.509197 2.435481 3.834896
v 1.491008 2.433368 3.821850
v 1.490442 2.420558 3.822019
v 1.514187 2.419618 3.829466
v 1.514027 2.433236 3.829151
v 1.488053 2.413689 3.832530
v 1.497137 2.413789 3.838821
v 1.508765 2.413207 3.839586
v 1.489229 2.412620 3.821637
v 1.515184 2.412076 3.829903
v 1.488557 2.402371 3.833131
v 1.497356 2.402929 3.838711
v 1.488251 2.403123 3.823578
v 1.508247 2.404052 3.839053
v 1.514975 2.404725 3.831874
v 1.489204 2.394103 3.833539
v 1.489159 2.393734 3.823807
v 1.490559 2.383292 3.833972
v 1.498202 2.382934 3.838572
v 1.497562 2.394564 3.838381
v 1.506951 2.383702 3.839077
v 1.507297 2.394754 3.838915
v 1.490508 2.385516 3.825627
v 1.511770 2.386729 3.831838
v 1.514093 2.394901 3.831762
v 1.499068 2.375390 3.835363
v 1.492770 2.376577 3.832681
v 1.505883 2.377293 3.836380
v 1.500935 2.376295 3.829111
v 1.493225 2.378036 3.827499
v 1.507530 2.378781 3.831619
v 1.497827 2.414776 3.792510
v 1.496716 2.419895 3.791967
v 1.493202 2.419347 3.777596
v 1.501066 2.415471 3.777691
v 1.496163 2.424852 3.793455
v 1.491903 2.426779 3.784101
v 1.484471 2.427346 3.780160
v 1.498675 2.413526 3.793594
v 1.504082 2.422209 3.786188
v 1.501550 2.424894 3.795293
v 1.497569 2.416139 3.799344
v 1.510152 2.428189 3.795397
v 1.512510 2.425775 3.788156
v 1.537392 2.422513 3.792051
v 1.528862 2.413528 3.799428
v 1.535763 2.425459 3.798692
v 1.529210 2.417690 3.804691
v 1.544607 2.425688 3.799302
v 1.546375 2.423261 3.793742
v 1.583834 2.409332 3.825257
v 1.583684 2.416825 3.819030
v 1.573906 2.413983 3.845386
v 1.563462 2.413618 3.844280
v 1.555135 2.418135 3.839359
v 1.558185 2.426547 3.831119
v 1.556247 2.432272 3.837454
v 1.554852 2.421845 3.843403
v 1.557861 2.427798 3.832794
v 1.562858 2.417212 3.848078
v 1.567199 2.422920 3.830764
v 1.554721 2.413849 3.841552
v 1.563243 2.409873 3.840485
v 1.577050 2.423605 3.834498
v 1.573655 2.410094 3.844293
v 1.580822 2.427611 3.844023
v 1.578251 2.415939 3.852739
v 1.552924 2.422279 3.851326
v 1.555687 2.433511 3.842996
v 1.578904 2.434293 3.850502
v 1.576512 2.421517 3.859990
v 1.569165 2.437440 3.851283
v 1.566105 2.425557 3.860865
v 1.560215 2.437793 3.848731
v 1.557009 2.426640 3.858379
v 1.555687 2.433511 3.842996
v 1.552924 2.422279 3.851326
v 1.554246 2.419136 3.865325
v 1.564419 2.418045 3.868672
v 1.574733 2.414290 3.867374
v 1.550371 2.415761 3.856114
v 1.577187 2.410045 3.857817
v 1.572264 2.404923 3.849141
v 1.572747 2.439780 3.837949
v 1.562837 2.439992 3.836371
v 1.574099 2.431599 3.827789
v 1.564992 2.431561 3.826817
v 1.582078 2.433866 3.840294
v 1.582105 2.427149 3.832564
v 1.556247 2.432272 3.837454
v 1.558185 2.426547 3.831119
v 1.581624 2.420025 3.838595
v 1.580198 2.424470 3.845939
v 1.573206 2.417278 3.849678
v 1.575587 2.421846 3.815391
v 1.566902 2.422413 3.814882
v 1.560335 2.416092 3.818306
v 1.559705 2.410725 3.811790
v 1.559705 2.410725 3.811790
v 1.560335 2.416092 3.818306
v 1.551741 2.405410 3.874752
v 1.560338 2.403547 3.876505
v 1.558127 2.397777 3.880539
v 1.550344 2.399667 3.878907
v 1.565754 2.394535 3.878353
v 1.568330 2.399029 3.874628
v 1.546193 2.403141 3.866598
v 1.545389 2.397010 3.872574
v 1.567516 2.390307 3.871500
v 1.571059 2.395100 3.867030
v 1.562851 2.387064 3.864481
v 1.565731 2.391671 3.857336
v 1.554495 2.388667 3.862613
v 1.556396 2.393401 3.854989
v 1.547427 2.392235 3.863931
v 1.548602 2.397521 3.856748
v 1.545389 2.397010 3.872574
v 1.546193 2.403141 3.866598
v 1.555297 2.390178 3.884413
v 1.548830 2.393173 3.882566
v 1.553710 2.385707 3.878736
v 1.546514 2.390094 3.877419
v 1.562024 2.384321 3.877407
v 1.562251 2.388242 3.882593
v 1.553479 2.385142 3.872144
v 1.547318 2.388399 3.872626
v 1.546514 2.390094 3.877419
v 1.553710 2.385707 3.878736
v 1.560555 2.383840 3.872251
v 1.562024 2.384321 3.877407
v 1.562065 2.405230 3.846007
v 1.559194 2.402706 3.847722
v 1.569725 2.400469 3.850891
v 1.550997 2.407225 3.850026
v 1.553717 2.408612 3.846722
v 1.574201 2.401342 3.862032
v 1.571887 2.404801 3.870442
v 1.562967 2.409644 3.872679
v 1.553511 2.411690 3.870887
v 1.548206 2.410060 3.863223
v 1.548206 2.410060 3.863223
v 1.550371 2.415761 3.856114
v 1.466812 2.390969 3.820193
v 1.472427 2.389376 3.823537
v 1.475044 2.389494 3.817410
v 1.469308 2.390433 3.816234
v 1.480208 2.391439 3.820733
v 1.479274 2.391985 3.825995
v 1.491884 2.438586 3.803094
v 1.493563 2.438518 3.800159
v 1.489033 2.435307 3.810020
v 1.479505 2.433280 3.810929
v 1.591258 2.369284 3.835200
v 1.589780 2.365012 3.844380
v 1.595332 2.376081 3.846479
v 1.594024 2.382354 3.839779
v 1.589231 2.371636 3.853408
v 1.580261 2.364867 3.854200
v 1.585215 2.375831 3.830449
v 1.586519 2.385097 3.835207
v 1.578778 2.375550 3.853145
v 1.569359 2.372372 3.853363
v 1.570075 2.382777 3.847259
v 1.564068 2.379399 3.844395
v 1.569586 2.386033 3.837816
v 1.568425 2.379947 3.834357
v 1.574133 2.388298 3.833462
v 1.575120 2.378835 3.830079
v 1.586519 2.385097 3.835207
v 1.585215 2.375831 3.830449
v 1.592904 2.393131 3.847895
v 1.583303 2.394211 3.839906
v 1.583303 2.394211 3.839906
v 1.572863 2.390982 3.836681
v 1.578783 2.376757 3.857631
v 1.570414 2.383098 3.849774
v 1.589599 2.398260 3.852842
v 1.594765 2.384847 3.857363
v 1.591303 2.375391 3.862007
v 1.591525 2.388444 3.862052
v 1.585442 2.393416 3.868709
v 1.583858 2.403043 3.859438
v 1.581720 2.381643 3.874804
v 1.587886 2.376369 3.868173
v 1.580678 2.399410 3.845155
v 1.574062 2.405200 3.853437
v 1.565179 2.377022 3.868973
v 1.576585 2.371205 3.865754
v 1.554807 2.379647 3.860788
v 1.569300 2.383887 3.851398
v 1.558270 2.388399 3.854701
v 1.568198 2.388724 3.842269
v 1.563390 2.399750 3.849232
v 1.570632 2.393078 3.839728
v 1.574062 2.405200 3.853437
v 1.580678 2.399410 3.845155
v 1.569000 2.387673 3.840560
v 1.565038 2.412652 3.866094
v 1.560282 2.407873 3.865953
v 1.556800 2.411294 3.874170
v 1.551209 2.400101 3.869329
v 1.554236 2.405504 3.878921
v 1.562417 2.414408 3.876405
v 1.560117 2.407772 3.884499
v 1.554790 2.397952 3.881756
v 1.559377 2.397333 3.886651
v 1.553392 2.391217 3.874946
v 1.560718 2.387921 3.880641
v 1.570393 2.391689 3.883149
v 1.567363 2.397961 3.889161
v 1.574466 2.402182 3.880141
v 1.569837 2.406860 3.886776
v 1.573315 2.410375 3.872263
v 1.570157 2.413599 3.879890
v 1.560117 2.407772 3.884499
v 1.562417 2.414408 3.876405
v 1.559377 2.397333 3.886651
v 1.565038 2.412652 3.866094
v 1.565834 2.344325 3.829042
v 1.582659 2.350098 3.841441
v 1.581814 2.364883 3.828723
v 1.572060 2.360116 3.821673
v 1.579300 2.350594 3.851373
v 1.563008 2.336053 3.837199
v 1.558744 2.335236 3.848170
v 1.554733 2.341007 3.859107
v 1.572108 2.354837 3.858725
v 1.555078 2.366934 3.858996
v 1.541923 2.355870 3.864118
v 1.552625 2.378692 3.844492
v 1.561355 2.379810 3.832458
v 1.541870 2.377047 3.842974
v 1.539303 2.368120 3.855775
v 1.557147 2.380329 3.827795
v 1.572405 2.379244 3.822452
v 1.572770 2.377205 3.826769
v 1.572060 2.360116 3.821673
v 1.581814 2.364883 3.828723
v 1.542051 2.323761 3.839449
v 1.542321 2.327169 3.851812
v 1.554733 2.341007 3.859107
v 1.558744 2.335236 3.848170
v 1.541923 2.355870 3.864118
v 1.532264 2.341993 3.858884
v 1.543861 2.325318 3.826592
v 1.563008 2.336053 3.837199
v 1.523120 2.311944 3.820175
v 1.530452 2.320607 3.808092
v 1.529161 2.313753 3.834199
v 1.507985 2.311707 3.806605
v 1.512348 2.295869 3.814943
v 1.518098 2.299135 3.823932
v 1.524899 2.319009 3.838824
v 1.515351 2.325468 3.843038
v 1.517728 2.350681 3.849772
v 1.514030 2.293103 3.829951
v 1.498317 2.298962 3.808702
v 1.481804 2.304469 3.807688
v 1.503583 2.281841 3.811898
v 1.489719 2.291116 3.808154
v 1.512349 2.280816 3.820937
v 1.496885 2.399691 3.799640
v 1.496673 2.412149 3.800370
v 1.497827 2.414776 3.792510
v 1.493420 2.397559 3.808446
v 1.490107 2.389022 3.815994
v 1.482180 2.376099 3.834339
v 1.478360 2.358363 3.845084
v 1.491008 2.335537 3.851727
v 1.433274 2.060485 3.931738
v 1.430400 2.061352 3.951716
v 1.438185 2.043791 3.942318
v 1.439332 2.046295 3.926735
v 1.455801 2.042990 3.960999
v 1.448620 2.060094 3.968690
v 1.476506 2.045758 3.969215
v 1.467926 2.060870 3.977880
v 1.433665 2.059851 3.919530
v 1.438922 2.043609 3.911747
v 1.491004 2.072291 3.972036
v 1.493101 2.050058 3.963672
v 1.502376 2.054101 3.952613
v 1.504554 2.076574 3.958916
v 1.512317 2.060365 3.945873
v 1.513542 2.079764 3.945089
v 1.520350 2.066455 3.934221
v 1.479647 2.028697 3.961330
v 1.461618 2.025215 3.952758
v 1.482038 2.013785 3.955387
v 1.467184 2.011792 3.947383
v 1.496366 2.017771 3.955296
v 1.494173 2.033027 3.959003
v 1.506105 2.038867 3.948377
v 1.510882 2.024692 3.945006
v 1.523540 2.031933 3.934825
v 1.517629 2.045464 3.939655
v 1.531597 2.040275 3.921647
v 1.526291 2.053795 3.927126
v 1.541865 2.018345 3.914512
v 1.533205 2.010761 3.927738
v 1.551571 1.986349 3.903820
v 1.544047 1.979647 3.915688
v 1.548913 1.926400 3.892318
v 1.534546 1.971427 3.927071
v 1.542282 1.919251 3.900908
v 1.550452 1.857675 3.859894
v 1.545844 1.852642 3.857044
v 1.557651 1.831196 3.844507
v 1.553926 1.830877 3.838176
v 1.555372 1.933165 3.883973
v 1.553944 1.861073 3.860240
v 1.560848 1.835792 3.852420
v 1.534842 1.915264 3.910100
v 1.526795 1.961757 3.936075
v 1.523090 1.912741 3.918365
v 1.516494 1.951686 3.940933
v 1.500513 1.944282 3.940313
v 1.506608 1.909674 3.917627
v 1.530433 1.863548 3.868103
v 1.516367 1.871477 3.873987
v 1.486709 1.912061 3.909242
v 1.495388 1.888657 3.886063
v 1.480213 1.942169 3.928635
v 1.539489 1.855511 3.859293
v 1.541034 1.841090 3.836007
v 1.548602 1.834685 3.835325
v 1.527809 1.853828 3.846091
v 1.511953 1.982548 3.946740
v 1.496608 1.967379 3.946895
v 1.477656 1.963802 3.935739
v 1.466756 1.942984 3.917160
v 1.473737 1.916209 3.901644
v 1.458574 1.946950 3.904930
v 1.465302 1.921920 3.890871
v 1.481743 1.896952 3.883804
v 1.474097 1.902709 3.875604
v 1.463817 1.931001 3.872202
v 1.456306 1.955958 3.884968
v 1.549745 1.835989 3.823652
v 1.555117 1.830729 3.827192
v 1.561129 1.825664 3.832589
v 1.564854 1.824874 3.841367
v 1.569537 1.824914 3.851603
v 1.474073 1.939318 3.851614
v 1.464345 1.966216 3.866165
v 1.478213 1.979159 3.850012
v 1.483820 1.957976 3.839837
v 1.510465 1.967867 3.826924
v 1.499292 1.993024 3.838956
v 1.533000 1.976304 3.827214
v 1.524191 2.006432 3.834036
v 1.538098 1.945849 3.824342
v 1.488190 2.018795 3.851573
v 1.512202 2.034968 3.844710
v 1.470393 2.005538 3.862845
v 1.460129 1.993201 3.878543
v 1.454707 2.013999 3.885292
v 1.463358 2.023704 3.872525
v 1.452640 1.984825 3.894718
v 1.450345 2.008890 3.900164
v 1.448045 2.028931 3.889940
v 1.446179 2.026469 3.904571
v 1.441511 2.043516 3.894076
v 1.444363 2.026904 3.917792
v 1.444917 2.024953 3.931934
v 1.452760 2.051799 3.880696
v 1.458528 2.037571 3.878435
v 1.475191 2.050620 3.869502
v 1.479926 2.036544 3.861726
v 1.495562 2.063890 3.867594
v 1.503437 2.053612 3.855844
v 1.514463 2.069690 3.875035
v 1.523987 2.059340 3.863898
v 1.533967 2.069681 3.898209
v 1.546251 2.059605 3.891076
v 1.533329 2.063038 3.915821
v 1.543130 2.049907 3.910523
v 1.488546 2.073255 3.881186
v 1.500698 2.074346 3.891206
v 1.483980 2.077150 3.910802
v 1.500206 2.074907 3.924455
v 1.518456 2.074537 3.909042
v 1.476533 2.079996 3.900828
v 1.465891 2.078378 3.879764
v 1.470114 2.064455 3.875101
v 1.526291 2.053795 3.927126
v 1.531597 2.040275 3.921647
v 1.522934 2.072767 3.921611
v 1.520350 2.066455 3.934221
v 1.513542 2.079764 3.945089
v 1.512615 2.080583 3.930047
v 1.510024 2.087237 3.952520
v 1.507717 2.082021 3.936263
v 1.515562 2.104319 3.946290
v 1.508429 2.085988 3.934495
v 1.496099 2.078556 3.927080
v 1.488556 2.076930 3.924278
v 1.424848 2.077047 3.961645
v 1.441515 2.073028 3.974803
v 1.459621 2.080691 3.989345
v 1.488298 2.092573 3.978951
v 1.503499 2.094956 3.966665
v 1.492620 2.125503 3.981410
v 1.506572 2.115442 3.966939
v 1.510537 2.126202 3.962359
v 1.510024 2.087237 3.952520
v 1.515562 2.104319 3.946290
v 1.476778 2.115512 3.990863
v 1.460186 2.098041 3.993675
v 1.437816 2.095336 3.897248
v 1.453438 2.089041 3.901554
v 1.455364 2.106042 3.888256
v 1.429830 2.105723 3.895486
v 1.481249 2.110940 3.893399
v 1.458338 2.127605 3.874760
v 1.430832 2.130727 3.883609
v 1.484940 2.131574 3.877917
v 1.508587 2.133542 3.886217
v 1.504758 2.112017 3.900034
v 1.413386 2.109868 3.906699
v 1.416121 2.136761 3.893872
v 1.460845 2.154251 3.862816
v 1.433669 2.159921 3.875196
v 1.462680 2.182815 3.851815
v 1.489017 2.181319 3.856051
v 1.487244 2.155175 3.866375
v 1.510643 2.183074 3.867385
v 1.510625 2.158629 3.875599
v 1.520379 2.189908 3.883742
v 1.525002 2.165787 3.893413
v 1.523853 2.175391 3.912994
v 1.441127 2.190915 3.861801
v 1.492280 2.206510 3.845897
v 1.467940 2.211489 3.841132
v 1.449147 2.220678 3.848686
v 1.525861 2.142368 3.902610
v 1.528176 2.155450 3.922842
v 1.434331 2.233189 3.867303
v 1.425878 2.201392 3.881212
v 1.416706 2.168588 3.893515
v 1.407545 2.143865 3.906580
v 1.404576 2.115746 3.918413
v 1.404056 2.123163 3.928937
v 1.408072 2.151896 3.920961
v 1.407218 2.130770 3.935990
v 1.410640 2.163067 3.933308
v 1.409325 2.138077 3.948150
v 1.415367 2.146222 3.960184
v 1.416440 2.172391 3.945248
v 1.427186 2.156183 3.971111
v 1.428657 2.180864 3.958926
v 1.444287 2.162355 3.979387
v 1.446747 2.184546 3.969185
v 1.431799 2.203071 3.946639
v 1.449282 2.206331 3.956760
v 1.436546 2.226565 3.931421
v 1.453443 2.227811 3.942559
v 1.443880 2.249101 3.913780
v 1.459549 2.249283 3.924767
v 1.419938 2.195371 3.931466
v 1.417268 2.099149 3.939103
v 1.472490 2.225820 3.947729
v 1.476709 2.246216 3.931004
v 1.494294 2.217784 3.943066
v 1.493614 2.199613 3.955017
v 1.470463 2.204818 3.961337
v 1.492871 2.180647 3.964789
v 1.468047 2.183993 3.973018
v 1.433668 2.244653 3.892067
v 1.426336 2.219838 3.915155
v 1.422215 2.208742 3.898063
v 1.414930 2.187085 3.918113
v 1.414725 2.178589 3.903675
v 1.555372 1.933165 3.883973
v 1.564781 1.942390 3.877037
v 1.560907 1.870824 3.862085
v 1.553944 1.861073 3.860240
v 1.551571 1.986349 3.903820
v 1.562403 1.996493 3.893461
v 1.568091 1.956148 3.862487
v 1.566764 2.008234 3.873182
v 1.561737 1.965988 3.848031
v 1.558640 2.010403 3.854489
v 1.546704 1.977029 3.834129
v 1.541899 2.011844 3.840208
v 1.563126 1.888197 3.858762
v 1.558363 1.914573 3.847729
v 1.549692 1.940469 3.831028
v 1.547565 1.898971 3.842359
v 1.557669 1.878949 3.853300
v 1.558007 2.039432 3.882666
v 1.533006 2.040113 3.851785
v 1.554292 2.029094 3.903513
v 1.541865 2.018345 3.914512
v 1.530434 1.941966 3.817664
v 1.508027 1.958540 3.822275
v 1.559402 1.871958 3.855810
v 1.569835 1.836761 3.869435
v 1.566120 1.859893 3.859278
v 1.565658 1.841648 3.858373
v 1.560848 1.835792 3.852420
v 1.569537 1.824914 3.851603
v 1.575009 1.819324 3.863339
v 1.580998 1.821320 3.871880
v 1.493761 1.895125 3.809430
v 1.506436 1.903168 3.805876
v 1.500502 1.910543 3.798470
v 1.485766 1.902164 3.811254
v 1.522910 1.909483 3.823317
v 1.509882 1.899669 3.813903
v 1.544516 1.917430 3.837250
v 1.536407 1.914605 3.823830
v 1.558296 1.914916 3.853715
v 1.539879 1.910300 3.837029
v 1.574266 1.908953 3.885236
v 1.558671 1.903033 3.871469
v 1.489588 1.884173 3.820387
v 1.510923 1.896041 3.813394
v 1.538951 1.913401 3.812891
v 1.568129 1.925647 3.850157
v 1.579721 1.922877 3.870003
v 1.587929 1.928518 3.853671
v 1.596968 1.923334 3.873279
v 1.583258 1.928667 3.833693
v 1.565822 1.927761 3.832065
v 1.584922 1.927584 3.821297
v 1.567379 1.925221 3.816716
v 1.574228 1.920579 3.801784
v 1.591810 1.923374 3.805352
v 1.600781 1.913430 3.787737
v 1.584350 1.911218 3.787049
v 1.600695 1.899959 3.775163
v 1.553508 1.915136 3.799953
v 1.566174 1.903185 3.788831
v 1.520185 1.890746 3.809360
v 1.541298 1.886184 3.799766
v 1.578526 1.889173 3.778420
v 1.598969 1.883357 3.769496
v 1.501008 1.878887 3.823340
v 1.479792 1.887708 3.831418
v 1.519357 1.914000 3.800466
v 1.525373 1.907083 3.812113
v 1.540505 1.904687 3.829966
v 1.573701 1.884860 3.893547
v 1.587327 1.893204 3.906298
v 1.595525 1.881323 3.915162
v 1.583826 1.870857 3.904141
v 1.607160 1.866123 3.928111
v 1.597854 1.846571 3.932111
v 1.592128 1.824485 3.931735
v 1.608047 1.802734 3.950979
v 1.606509 1.772977 3.951165
v 1.625290 1.788593 3.964278
v 1.622552 1.759282 3.963451
v 1.628037 1.740591 3.961534
v 1.645477 1.779848 3.974010
v 1.641003 1.751272 3.974836
v 1.668269 1.775485 3.981121
v 1.664795 1.749508 3.983632
v 1.690774 1.773378 3.985660
v 1.689516 1.750327 3.988399
v 1.709175 1.750250 3.990528
v 1.692537 1.734705 3.987877
v 1.709690 1.735889 3.989792
v 1.711368 1.721393 3.985739
v 1.695815 1.719733 3.983264
v 1.709522 1.770579 3.988198
v 1.674231 1.717047 3.977593
v 1.669630 1.732543 3.983289
v 1.681413 1.704548 3.979781
v 1.701573 1.706881 3.985834
v 1.663561 1.703717 3.970740
v 1.686950 1.686872 3.982475
v 1.706116 1.689374 3.987964
v 1.710866 1.675012 3.988264
v 1.695151 1.673140 3.985249
v 1.702535 1.660398 3.988885
v 1.686545 1.659451 3.986932
v 1.679346 1.672028 3.980239
v 1.663033 1.672877 3.972861
v 1.670266 1.660902 3.979931
v 1.676383 1.649235 3.995779
v 1.689602 1.648867 4.002096
v 1.707763 1.648340 4.007154
v 1.680385 1.633676 4.011193
v 1.683836 1.618076 4.025770
v 1.695968 1.618466 4.031398
v 1.693047 1.633443 4.017410
v 1.709528 1.633384 4.022675
v 1.712463 1.618918 4.037832
v 1.695426 1.604488 4.038835
v 1.701994 1.592745 4.054234
v 1.714539 1.604559 4.049359
v 1.728866 1.591922 4.063508
v 1.729737 1.578660 4.083322
v 1.763118 1.572653 4.083659
v 1.763117 1.588081 4.064411
v 1.703575 1.580617 4.074907
v 1.732181 1.605225 4.053790
v 1.763117 1.600496 4.049763
v 1.732246 1.620372 4.042730
v 1.763117 1.613777 4.034877
v 1.730912 1.634812 4.029134
v 1.763117 1.627597 4.017240
v 1.763131 1.559130 4.115400
v 1.731342 1.563595 4.109556
v 1.704172 1.565407 4.097709
v 1.731816 1.547900 4.124209
v 1.704159 1.548580 4.110736
v 1.763138 1.543777 4.129004
v 1.730841 1.649755 4.013729
v 1.763118 1.645481 4.006910
v 1.677348 1.564422 4.069023
v 1.679775 1.548897 4.096181
v 1.655135 1.565967 4.052175
v 1.657881 1.547295 4.076601
v 1.636532 1.561473 4.027180
v 1.637191 1.543271 4.050131
v 1.626565 1.554005 3.991336
v 1.624997 1.537150 4.020866
v 1.635340 1.524431 4.072568
v 1.623043 1.514793 4.037233
v 1.658755 1.526593 4.097083
v 1.619349 1.491088 4.059727
v 1.634252 1.499205 4.093986
v 1.617239 1.465391 4.078307
v 1.631122 1.477734 4.102198
v 1.658934 1.498549 4.112434
v 1.656257 1.478285 4.114551
v 1.686067 1.496744 4.123433
v 1.685290 1.481775 4.127462
v 1.711024 1.477376 4.128066
v 1.707891 1.502691 4.136552
v 1.705426 1.528259 4.128972
v 1.734825 1.506358 4.153265
v 1.732780 1.530424 4.141901
v 1.682130 1.525789 4.114753
v 1.763666 1.505531 4.162248
v 1.765029 1.481301 4.165839
v 1.738319 1.482705 4.155293
v 1.768515 1.456691 4.141348
v 1.750038 1.456020 4.136814
v 1.735819 1.456340 4.130374
v 1.763199 1.527600 4.148200
v 1.758121 1.437366 4.112202
v 1.749559 1.436665 4.112119
v 1.750258 1.420190 4.088804
v 1.758663 1.422840 4.087269
v 1.765795 1.423581 4.087506
v 1.768975 1.438843 4.113310
v 1.755125 1.982116 3.839867
v 1.742467 1.983093 3.838968
v 1.738235 1.966318 3.823540
v 1.753618 1.964608 3.826703
v 1.735836 1.948747 3.804713
v 1.752384 1.946450 3.808565
v 1.732274 1.926255 3.782725
v 1.749753 1.924992 3.785751
v 1.748481 1.901664 3.771408
v 1.729625 1.903093 3.767720
v 1.763123 1.963298 3.827068
v 1.763085 1.945692 3.811103
v 1.763141 1.981271 3.839853
v 1.748479 1.873540 3.760470
v 1.728511 1.875795 3.755898
v 1.763007 1.871720 3.764513
v 1.762987 1.899854 3.774347
v 1.763027 1.923493 3.787706
v 1.714517 1.947327 3.801591
v 1.710242 1.925953 3.779951
v 1.689966 1.935251 3.790017
v 1.718393 1.964487 3.824564
v 1.724656 1.982760 3.844325
v 1.696924 1.952256 3.813369
v 1.679137 1.944105 3.805483
v 1.687117 1.956113 3.832400
v 1.669969 1.948766 3.824228
v 1.649966 1.941376 3.816678
v 1.664515 1.947703 3.845019
v 1.645338 1.942847 3.838550
v 1.657862 1.934237 3.795889
v 1.637739 1.924639 3.790508
v 1.628507 1.933952 3.811580
v 1.617293 1.913769 3.789716
v 1.605519 1.924195 3.806926
v 1.669903 1.923010 3.780643
v 1.598879 1.928481 3.831293
v 1.604575 1.928540 3.852721
v 1.624352 1.937186 3.835005
v 1.625273 1.932170 3.855971
v 1.645061 1.936781 3.859384
v 1.662874 1.940770 3.863178
v 1.613563 1.920948 3.872275
v 1.608027 1.911265 3.893044
v 1.594086 1.912388 3.895324
v 1.604285 1.898509 3.908426
v 1.618554 1.897754 3.905942
v 1.608146 1.892351 3.913102
v 1.618211 1.880341 3.921753
v 1.629747 1.870645 3.931764
v 1.620417 1.852939 3.940929
v 1.643597 1.861267 3.940731
v 1.636715 1.840540 3.951430
v 1.612947 1.829861 3.947996
v 1.630468 1.815902 3.959649
v 1.660856 1.851628 3.948622
v 1.655218 1.830649 3.959673
v 1.680754 1.844013 3.954105
v 1.676169 1.823386 3.965230
v 1.698162 1.818929 3.969294
v 1.702077 1.838950 3.957972
v 1.707098 1.856354 3.945471
v 1.685399 1.862061 3.942335
v 1.722375 1.836128 3.960178
v 1.719504 1.816024 3.971577
v 1.740188 1.834084 3.961022
v 1.738652 1.814056 3.971779
v 1.753273 1.832980 3.959846
v 1.753415 1.846001 3.948365
v 1.763127 1.841807 3.948466
v 1.763125 1.832289 3.958286
v 1.753329 1.813089 3.970230
v 1.763121 1.813614 3.969144
v 1.763119 1.789837 3.979251
v 1.753300 1.789481 3.980577
v 1.741934 1.850081 3.948072
v 1.737945 1.791309 3.981940
v 1.725985 1.853667 3.947059
v 1.717456 1.793875 3.981258
v 1.694981 1.796758 3.978788
v 1.672102 1.800412 3.974424
v 1.728204 1.858823 3.936216
v 1.710859 1.861632 3.934979
v 1.688654 1.867974 3.931710
v 1.713479 1.871940 3.927299
v 1.729477 1.868632 3.928629
v 1.742872 1.856718 3.937535
v 1.753166 1.853272 3.938121
v 1.763129 1.848874 3.939533
v 1.742401 1.868127 3.932292
v 1.751146 1.867359 3.931915
v 1.763130 1.861962 3.930877
v 1.763132 1.889602 3.929366
v 1.753214 1.891981 3.928973
v 1.752305 1.908805 3.935355
v 1.763130 1.907305 3.937579
v 1.750544 1.924853 3.944854
v 1.745951 1.910994 3.931932
v 1.743821 1.928567 3.939011
v 1.763124 1.923541 3.948410
v 1.747872 1.896517 3.929439
v 1.742282 1.878257 3.930988
v 1.729449 1.880972 3.925117
v 1.710597 1.887213 3.921226
v 1.692518 1.878425 3.922301
v 1.671267 1.875676 3.924932
v 1.666926 1.870616 3.936145
v 1.652183 1.878716 3.927934
v 1.639531 1.884429 3.920096
v 1.629857 1.890265 3.911493
v 1.632851 1.895998 3.903159
v 1.623338 1.906935 3.890186
v 1.631106 1.922418 3.873691
v 1.648167 1.924989 3.875985
v 1.664924 1.926551 3.880219
v 1.638611 1.909005 3.889589
v 1.679329 1.945587 3.868078
v 1.680848 1.952989 3.852489
v 1.693975 1.959897 3.860327
v 1.702034 1.964604 3.840776
v 1.709084 1.980028 3.857337
v 1.700523 1.966283 3.866931
v 1.703628 1.976448 3.872533
v 1.693452 1.951727 3.873958
v 1.681322 1.931456 3.883947
v 1.696514 1.938939 3.888439
v 1.699732 1.925159 3.899284
v 1.687341 1.915384 3.897626
v 1.673355 1.906933 3.897435
v 1.653750 1.910688 3.890270
v 1.645897 1.896950 3.901191
v 1.643538 1.888606 3.912325
v 1.657692 1.882773 3.917632
v 1.659516 1.898781 3.900329
v 1.669822 1.886546 3.910696
v 1.683025 1.891896 3.908795
v 1.697276 1.900056 3.909541
v 1.710167 1.910564 3.912142
v 1.723305 1.901784 3.923069
v 1.737984 1.899172 3.929294
v 1.738551 1.913921 3.930599
v 1.709793 1.935510 3.905166
v 1.702159 1.954139 3.887191
v 1.704985 1.968094 3.890649
v 1.708801 1.959029 3.904706
v 1.738165 1.932893 3.934192
v 1.730573 1.916525 3.928701
v 1.730238 1.936637 3.930518
v 1.720297 1.921006 3.920002
v 1.718980 1.946267 3.922336
v 1.763125 1.798028 3.751447
v 1.763119 1.814810 3.751704
v 1.742169 1.816651 3.746758
v 1.742795 1.799281 3.747150
v 1.763124 1.778701 3.752406
v 1.743207 1.780484 3.748483
v 1.722160 1.815117 3.744460
v 1.722314 1.783476 3.747142
v 1.698506 1.786220 3.744567
v 1.699662 1.750033 3.749810
v 1.675982 1.762128 3.748312
v 1.674283 1.742261 3.752442
v 1.645132 1.748623 3.756292
v 1.649331 1.726048 3.761511
v 1.647570 1.769736 3.748324
v 1.653409 1.794622 3.741672
v 1.677844 1.788482 3.741817
v 1.658201 1.820955 3.741107
v 1.679811 1.817070 3.740675
v 1.629372 1.803473 3.747492
v 1.621063 1.781184 3.757562
v 1.636746 1.827762 3.744885
v 1.607873 1.815710 3.758184
v 1.598476 1.797887 3.773856
v 1.616438 1.834709 3.752764
v 1.617716 1.763852 3.766437
v 1.616690 1.745798 3.774425
v 1.621109 1.718618 3.780465
v 1.594925 1.785668 3.786072
v 1.590751 1.776453 3.797338
v 1.600727 1.741117 3.792505
v 1.579896 1.804495 3.799195
v 1.577538 1.801395 3.811760
v 1.566093 1.820934 3.820969
v 1.565986 1.816037 3.829460
v 1.573515 1.801630 3.825277
v 1.568737 1.813735 3.840839
v 1.561129 1.825664 3.832589
v 1.564854 1.824874 3.841367
v 1.569537 1.824914 3.851603
v 1.575929 1.806006 3.854651
v 1.574247 1.798353 3.838730
v 1.580791 1.785314 3.853484
v 1.581509 1.767857 3.831996
v 1.585095 1.760168 3.850166
v 1.566930 1.822151 3.812760
v 1.584815 1.769781 3.812440
v 1.588655 1.737920 3.828741
v 1.593759 1.740124 3.807143
v 1.590479 1.734088 3.847364
v 1.604263 1.710248 3.805087
v 1.624798 1.692988 3.793473
v 1.607049 1.691047 3.819130
v 1.654955 1.701008 3.770915
v 1.681731 1.720057 3.758484
v 1.597434 1.707702 3.829602
v 1.599095 1.703557 3.849670
v 1.606742 1.685008 3.855999
v 1.616525 1.665720 3.832883
v 1.614891 1.665151 3.869077
v 1.626766 1.644500 3.856640
v 1.621262 1.645756 3.892136
v 1.632004 1.625023 3.883195
v 1.623768 1.628591 3.914341
v 1.624856 1.611014 3.933640
v 1.631880 1.606530 3.905493
v 1.655122 1.603954 3.882968
v 1.652741 1.624150 3.862254
v 1.675715 1.624729 3.850851
v 1.679956 1.602303 3.872361
v 1.624065 1.593016 3.958967
v 1.630982 1.588941 3.923236
v 1.654534 1.589172 3.893082
v 1.653279 1.565121 3.916397
v 1.679514 1.589195 3.880382
v 1.680366 1.563427 3.902723
v 1.653409 1.543837 3.931247
v 1.679959 1.540994 3.915606
v 1.708387 1.562974 3.891158
v 1.708014 1.538781 3.905267
v 1.632642 1.547649 3.955721
v 1.631846 1.566898 3.940543
v 1.707891 1.589367 3.872100
v 1.737949 1.563934 3.893791
v 1.736687 1.538471 3.905704
v 1.763117 1.538996 3.897398
v 1.763117 1.564379 3.891990
v 1.739047 1.590050 3.877705
v 1.763118 1.591344 3.882231
v 1.647905 1.517254 3.952020
v 1.674930 1.511007 3.929224
v 1.705765 1.508140 3.917827
v 1.763117 1.507605 3.916693
v 1.734996 1.507203 3.920141
v 1.646454 1.489507 3.972836
v 1.628979 1.501320 4.002584
v 1.627728 1.469665 4.027938
v 1.647217 1.461338 3.992964
v 1.656406 1.437088 4.004086
v 1.676404 1.429955 3.991824
v 1.672959 1.452841 3.967627
v 1.712672 1.426320 3.985686
v 1.706860 1.449199 3.953693
v 1.649188 1.432088 4.021190
v 1.678498 1.418503 4.011256
v 1.736008 1.450646 3.955433
v 1.739854 1.428510 3.983643
v 1.763131 1.430192 3.984922
v 1.745469 1.417198 4.020921
v 1.763264 1.419706 4.022056
v 1.763119 1.451180 3.957915
v 1.710076 1.412090 4.030153
v 1.672559 1.480163 3.950237
v 1.704853 1.477197 3.936941
v 1.734702 1.477638 3.934803
v 1.763119 1.478491 3.942062
v 1.752554 1.417402 4.053708
v 1.763706 1.418328 4.054053
v 1.758663 1.422840 4.087269
v 1.734152 1.415036 4.059403
v 1.750258 1.420190 4.088804
v 1.765795 1.423581 4.087506
v 1.732372 1.410665 4.064097
v 1.708936 1.407085 4.039070
v 1.676246 1.413593 4.027540
v 1.645732 1.425548 4.035592
v 1.624101 1.447399 4.055604
v 1.619349 1.491088 4.059727
v 1.617239 1.465391 4.078307
v 1.623043 1.514793 4.037233
v 1.629660 1.525560 3.980476
v 1.626565 1.554005 3.991336
v 1.624997 1.537150 4.020866
v 1.575929 1.806006 3.854651
v 1.584713 1.805460 3.867992
v 1.590717 1.782523 3.868531
v 1.594626 1.780911 3.886677
v 1.588511 1.807917 3.882912
v 1.598273 1.748137 3.890108
v 1.602598 1.748500 3.911365
v 1.597070 1.779700 3.906677
v 1.609817 1.719809 3.914116
v 1.603025 1.722786 3.890571
v 1.617621 1.696853 3.915842
v 1.594798 1.752432 3.868528
v 1.580791 1.785314 3.853484
v 1.609849 1.698007 3.890802
v 1.599160 1.725711 3.868982
v 1.590479 1.734088 3.847364
v 1.585095 1.760168 3.850166
v 1.624981 1.679915 3.920758
v 1.605641 1.700243 3.869817
v 1.578057 1.807158 3.903276
v 1.606516 1.757090 3.923375
v 1.620421 1.719231 3.931686
v 1.599095 1.703557 3.849670
v 1.606742 1.685008 3.855999
v 1.616301 1.680937 3.892892
v 1.632459 1.664418 3.929996
v 1.624698 1.663961 3.904821
v 1.631910 1.649363 3.928727
v 1.648267 1.651618 3.966075
v 1.652375 1.638919 3.978583
v 1.634094 1.633591 3.949405
v 1.654710 1.625413 3.993729
v 1.635076 1.615536 3.964517
v 1.623768 1.628591 3.914341
v 1.624856 1.611014 3.933640
v 1.634005 1.596471 3.990754
v 1.624065 1.593016 3.958967
v 1.621262 1.645756 3.892136
v 1.614891 1.665151 3.869077
v 1.647583 1.597065 4.008890
v 1.657651 1.606446 4.012341
v 1.640049 1.666588 3.948066
v 1.633920 1.681223 3.939439
v 1.627435 1.698128 3.934477
v 1.587491 1.784669 3.921383
v 1.574491 1.816876 3.911982
v 1.566991 1.837998 3.902313
v 1.571151 1.831184 3.881456
v 1.580998 1.821320 3.871880
v 1.569835 1.836761 3.869435
v 1.575009 1.819324 3.863339
v 1.569537 1.824914 3.851603
v 1.558678 1.863796 3.871424
v 1.547565 1.898971 3.842359
v 1.559402 1.871958 3.855810
v 1.746376 2.000126 3.850569
v 1.763146 1.999137 3.850681
v 1.763140 2.018358 3.859567
v 1.747159 2.019227 3.859884
v 1.729158 2.001260 3.854712
v 1.731048 2.019731 3.863067
v 1.713929 1.999689 3.865191
v 1.717055 2.017742 3.872102
v 1.705659 1.994860 3.879422
v 1.706964 2.012949 3.884652
v 1.705020 1.986860 3.895700
v 1.704117 2.005870 3.900769
v 1.708202 1.977066 3.911595
v 1.706718 1.997448 3.918194
v 1.703735 2.024298 3.905496
v 1.704415 2.018310 3.923493
v 1.709113 2.014500 3.936187
v 1.702454 2.038047 3.926645
v 1.705733 2.029395 3.939044
v 1.703060 2.014605 3.940066
v 1.705843 2.000605 3.936391
v 1.710711 1.998510 3.932046
v 1.707857 1.990379 3.939374
v 1.703489 1.990975 3.944564
v 1.711428 1.981058 3.947330
v 1.706054 1.982583 3.953288
v 1.711224 1.971525 3.965020
v 1.715854 1.971754 3.956552
v 1.702885 1.989456 3.958186
v 1.700048 1.996059 3.947554
v 1.700736 1.999291 3.941507
v 1.696717 2.011446 3.953271
v 1.700469 2.004231 3.966460
v 1.713393 1.990169 3.935268
v 1.708341 1.981945 3.971847
v 1.696849 2.014274 3.944541
v 1.718799 1.961457 3.976374
v 1.721716 1.962951 3.965550
v 1.725656 1.953344 3.983808
v 1.728740 1.955054 3.973699
v 1.734668 1.944391 3.992498
v 1.736862 1.947124 3.982246
v 1.745961 1.940867 3.988373
v 1.744062 1.938037 3.997408
v 1.734955 1.944471 3.998245
v 1.742714 1.940063 4.005282
v 1.725662 1.955487 3.990726
v 1.753441 1.934959 3.999398
v 1.752900 1.937143 4.009724
v 1.754970 1.938207 3.989947
v 1.763119 1.933915 4.000650
v 1.763119 1.936126 4.010779
v 1.763119 1.937398 3.990796
v 1.742195 1.946319 4.009913
v 1.733605 1.950098 4.001829
v 1.732779 1.963670 4.008823
v 1.742345 1.959301 4.017416
v 1.732163 1.979456 4.017807
v 1.742835 1.975238 4.026556
v 1.752168 1.957903 4.022173
v 1.752438 1.972988 4.031415
v 1.763119 1.957594 4.023848
v 1.763119 1.972752 4.033521
v 1.722110 1.984583 4.006906
v 1.724318 1.968123 3.998147
v 1.752598 1.943958 4.014830
v 1.763119 1.943176 4.016294
v 1.715870 1.974372 3.985772
v 1.713095 1.990216 3.994303
v 1.718927 2.000451 4.014633
v 1.710431 2.005123 4.002433
v 1.705782 1.997193 3.980474
v 1.702780 2.011786 3.988661
v 1.697354 2.018886 3.974661
v 1.699756 2.025724 3.997590
v 1.708199 2.018300 4.011062
v 1.692812 2.027367 3.958989
v 1.716557 2.013382 4.020469
v 1.693483 2.027980 3.946400
v 1.687621 2.039983 3.954658
v 1.690187 2.035100 3.945244
v 1.684132 2.049057 3.947156
v 1.687123 2.043823 3.937216
v 1.701258 2.036411 3.937890
v 1.699696 2.047132 3.929401
v 1.683429 2.051854 3.938583
v 1.681959 2.062862 3.942163
v 1.682412 2.059990 3.950571
v 1.681098 2.076443 3.945904
v 1.680783 2.072083 3.954627
v 1.683415 2.057086 3.957250
v 1.682076 2.066306 3.959769
v 1.683091 2.077250 3.937248
v 1.684338 2.066087 3.934148
v 1.685393 2.053202 3.932959
v 1.684957 2.046492 3.953300
v 1.684475 2.055678 3.963556
v 1.682401 2.070652 3.966700
v 1.680727 2.084512 3.960225
v 1.681112 2.088692 3.948040
v 1.681171 2.108423 3.966342
v 1.681488 2.109571 3.948297
v 1.683783 2.133391 3.952171
v 1.684223 2.129313 3.972121
v 1.689003 2.157259 3.958381
v 1.689903 2.151921 3.981036
v 1.704897 2.173507 3.963449
v 1.705924 2.165380 3.987386
v 1.727154 2.176221 3.993326
v 1.724145 2.185731 3.966188
v 1.685517 2.129979 3.933866
v 1.705044 2.173221 3.936548
v 1.724376 2.186049 3.934809
v 1.726314 2.173469 3.906263
v 1.707426 2.165369 3.914858
v 1.690221 2.156091 3.937309
v 1.694668 2.151246 3.918322
v 1.709822 2.148913 3.895642
v 1.698905 2.140787 3.903282
v 1.690931 2.126419 3.915040
v 1.698508 2.124513 3.900111
v 1.727035 2.155040 3.887955
v 1.711051 2.127852 3.885800
v 1.713543 2.105745 3.881924
v 1.701006 2.102770 3.896312
v 1.727193 2.131101 3.875863
v 1.728078 2.107853 3.872999
v 1.730763 2.085502 3.873850
v 1.717037 2.083827 3.881289
v 1.732201 2.067811 3.875508
v 1.719901 2.065860 3.882829
v 1.705688 2.081960 3.894445
v 1.698861 2.078692 3.908023
v 1.693044 2.101520 3.910607
v 1.711222 2.063975 3.893921
v 1.705259 2.061969 3.906494
v 1.744451 2.156718 3.882760
v 1.744125 2.176527 3.901052
v 1.763121 2.157267 3.880125
v 1.763121 2.177530 3.898893
v 1.763121 2.193917 3.931855
v 1.743608 2.191757 3.932403
v 1.744684 2.132418 3.870852
v 1.763121 2.132345 3.868578
v 1.745530 2.109195 3.868167
v 1.763121 2.110156 3.866212
v 1.746399 2.085994 3.869343
v 1.763122 2.086464 3.867952
v 1.746998 2.068756 3.871673
v 1.763123 2.069012 3.870421
v 1.744551 2.192312 3.966554
v 1.763121 2.194849 3.966445
v 1.747301 2.053812 3.870443
v 1.763126 2.054349 3.869659
v 1.732847 2.052738 3.873595
v 1.719782 2.050542 3.880949
v 1.710355 2.047131 3.892421
v 1.703655 2.042703 3.908290
v 1.701500 2.058462 3.919107
v 1.693733 2.076229 3.921136
v 1.685449 2.101584 3.928091
v 1.698659 2.056123 3.928234
v 1.692563 2.069882 3.928041
v 1.688466 2.067299 3.930734
v 1.685238 2.085657 3.933169
v 1.708801 2.030166 3.889012
v 1.718714 2.034299 3.876970
v 1.732133 2.036344 3.868962
v 1.747492 2.036772 3.865874
v 1.763133 2.036694 3.865398
v 1.500283 1.806158 4.042109
v 1.475887 1.796398 4.041702
v 1.476770 1.793797 4.034426
v 1.502577 1.801035 4.035194
v 1.521310 1.819595 4.033449
v 1.522058 1.817930 4.028998
v 1.453956 1.793375 4.028934
v 1.453182 1.792815 4.031729
v 1.529100 1.832510 4.016121
v 1.524493 1.838527 4.019619
v 1.536363 1.821434 4.018889
v 1.526234 1.813658 4.044942
v 1.503030 1.803517 4.057572
v 1.531744 1.800725 4.053288
v 1.508195 1.791380 4.065327
v 1.477032 1.792618 4.054935
v 1.483829 1.780807 4.065382
v 1.458350 1.784542 4.041398
v 1.439017 1.796761 4.013190
v 1.448339 1.775803 4.019876
v 1.441285 1.804853 3.988069
v 1.454431 1.772195 3.987337
v 1.445844 1.808658 3.959843
v 1.462031 1.766394 3.954482
v 1.485087 1.771761 3.942097
v 1.464331 1.817421 3.950261
v 1.441018 1.868019 4.011457
v 1.464964 1.877397 4.007194
v 1.484684 1.832557 3.952117
v 1.491454 1.863338 4.007531
v 1.504503 1.836411 3.976221
v 1.429498 1.848700 4.009806
v 1.515277 1.853008 4.012082
v 1.512617 1.852147 4.038715
v 1.488737 1.869627 4.044858
v 1.487949 1.867295 4.077248
v 1.512779 1.850071 4.069444
v 1.484103 1.867538 4.115612
v 1.513934 1.849985 4.096016
v 1.461772 1.874087 4.112405
v 1.462531 1.877002 4.079459
v 1.460554 1.882933 4.051007
v 1.437878 1.870793 4.048851
v 1.439212 1.864474 4.079114
v 1.428507 1.847705 4.048198
v 1.431540 1.840243 4.077063
v 1.520996 1.838873 3.997223
v 1.524493 1.838527 4.019619
v 1.529100 1.832510 4.016121
v 1.529640 1.818827 3.993792
v 1.536363 1.821434 4.018889
v 1.430701 1.824199 4.013626
v 1.437879 1.802379 4.020183
v 1.431753 1.820100 4.040810
v 1.432497 1.812746 4.070676
v 1.426913 1.805216 4.099841
v 1.435843 1.789410 4.065152
v 1.430036 1.782891 4.088249
v 1.439465 1.795882 4.038032
v 1.447230 1.771365 4.060634
v 1.455627 1.781483 4.036913
v 1.469320 1.759133 4.059838
v 1.482599 1.777319 4.036255
v 1.491498 1.757799 4.059793
v 1.494328 1.746480 4.099327
v 1.520371 1.756200 4.100388
v 1.515987 1.766498 4.059175
v 1.472475 1.746474 4.099463
v 1.508094 1.785320 4.036028
v 1.537886 1.773466 4.102715
v 1.531196 1.782780 4.058763
v 1.525882 1.807753 4.034253
v 1.524463 1.836971 4.032423
v 1.537659 1.805947 4.060661
v 1.542423 1.802183 4.089265
v 1.529195 1.830611 4.064442
v 1.531882 1.829923 4.080955
v 1.534728 1.827250 4.091368
v 1.454334 1.755641 4.087987
v 1.442576 1.767402 4.079179
v 1.429463 1.835968 4.113381
v 1.434332 1.854283 4.112149
v 1.446042 1.868206 4.111861
v 1.531882 1.829923 4.080955
v 1.529195 1.830611 4.064442
v 1.524463 1.836971 4.032423
v 1.481775 1.863175 4.191242
v 1.455859 1.869773 4.226064
v 1.457651 1.871166 4.186491
v 1.484248 1.854715 4.233158
v 1.452725 1.869041 4.271733
v 1.477732 1.856774 4.275352
v 1.502516 1.851518 4.195396
v 1.512374 1.851318 4.158357
v 1.533354 1.832166 4.163553
v 1.522624 1.831660 4.199456
v 1.435853 1.860631 4.186516
v 1.428840 1.853309 4.226388
v 1.428287 1.855384 4.272146
v 1.449717 1.871818 4.313679
v 1.426305 1.859711 4.314360
v 1.421235 1.837943 4.318264
v 1.417374 1.844992 4.356065
v 1.422585 1.867156 4.352829
v 1.417556 1.874331 4.377946
v 1.410495 1.853726 4.382636
v 1.410958 1.881476 4.396612
v 1.403146 1.861078 4.403777
v 1.422977 1.830550 4.276327
v 1.418196 1.829233 4.358229
v 1.410364 1.836907 4.387131
v 1.423026 1.825078 4.230571
v 1.425121 1.838234 4.188564
v 1.420752 1.808091 4.192095
v 1.424097 1.793329 4.236138
v 1.420734 1.780654 4.195928
v 1.418861 1.801259 4.155714
v 1.420086 1.772415 4.160216
v 1.436900 1.756086 4.200669
v 1.436303 1.749293 4.167348
v 1.438296 1.768206 4.239967
v 1.457096 1.737460 4.170295
v 1.461906 1.743750 4.203512
v 1.469977 1.757022 4.242857
v 1.488403 1.744479 4.206798
v 1.501604 1.767164 4.245616
v 1.513259 1.756306 4.208176
v 1.530333 1.779513 4.207435
v 1.518657 1.798354 4.243529
v 1.532853 1.808178 4.204302
v 1.544917 1.779520 4.173279
v 1.544701 1.805624 4.169472
v 1.522624 1.831660 4.199456
v 1.533354 1.832166 4.163553
v 1.507024 1.833213 4.238298
v 1.505538 1.804117 4.285848
v 1.489686 1.778541 4.288133
v 1.463897 1.770193 4.286918
v 1.438937 1.781308 4.283452
v 1.424581 1.803868 4.279089
v 1.423488 1.813664 4.322585
v 1.495096 1.812797 4.327648
v 1.480787 1.788278 4.330612
v 1.459023 1.783802 4.329372
v 1.475952 1.795622 4.371006
v 1.455546 1.794190 4.370651
v 1.487572 1.819891 4.368526
v 1.483770 1.846936 4.363105
v 1.489500 1.840607 4.322258
v 1.496705 1.835016 4.280543
v 1.483684 1.837822 4.393593
v 1.485146 1.814888 4.395137
v 1.473773 1.798291 4.396209
v 1.473306 1.800037 4.428239
v 1.484406 1.819210 4.426734
v 1.473857 1.799637 4.447850
v 1.484662 1.820038 4.446593
v 1.482771 1.843578 4.424913
v 1.476527 1.846241 4.447075
v 1.482366 1.854758 4.392609
v 1.481700 1.865317 4.424772
v 1.453473 1.798866 4.424921
v 1.454051 1.796900 4.395225
v 1.452181 1.797429 4.446048
v 1.437828 1.802145 4.393188
v 1.431847 1.802898 4.367165
v 1.435676 1.794139 4.327041
v 1.421857 1.816988 4.361779
v 1.413360 1.822793 4.389692
v 1.423721 1.807806 4.392066
v 1.432552 1.807126 4.422273
v 1.415194 1.812520 4.417551
v 1.404573 1.828004 4.413239
v 1.401363 1.843124 4.409554
v 1.394686 1.866782 4.425368
v 1.405360 1.887381 4.412739
v 1.422740 1.899675 4.414025
v 1.429865 1.894030 4.397667
v 1.451645 1.890298 4.403954
v 1.443155 1.894165 4.426764
v 1.437402 1.886793 4.378304
v 1.445426 1.878722 4.354757
v 1.460161 1.881010 4.384506
v 1.472763 1.871581 4.388514
v 1.468897 1.882273 4.417198
v 1.482366 1.854758 4.392609
v 1.481700 1.865317 4.424772
v 1.483770 1.846936 4.363105
v 1.471880 1.861183 4.318229
v 1.489500 1.840607 4.322258
v 1.496705 1.835016 4.280543
v 1.507024 1.833213 4.238298
v 1.467442 1.868498 4.358976
v 1.458324 1.885119 4.439771
v 1.471737 1.866118 4.447601
v 1.438139 1.902117 4.452581
v 1.409408 1.914854 4.432978
v 1.392134 1.901349 4.428952
v 1.379339 1.875550 4.444236
v 1.389848 1.851153 4.463825
v 1.396567 1.849991 4.431338
v 1.467669 1.867442 4.476805
v 1.404245 1.834265 4.438254
v 1.414280 1.820763 4.440809
v 1.430237 1.810642 4.442394
v 1.409671 1.820920 4.476530
v 1.447313 1.794467 4.481873
v 1.474729 1.799355 4.482441
v 1.487484 1.822181 4.480348
v 1.467669 1.867442 4.476805
v 1.471737 1.866118 4.447601
v 1.553172 1.763296 4.063802
v 1.566328 1.759042 4.034691
v 1.588374 1.726140 4.040196
v 1.575329 1.727446 4.073010
v 1.526763 1.755063 4.075397
v 1.546225 1.722369 4.087894
v 1.520428 1.706583 4.086124
v 1.503720 1.742036 4.075166
v 1.486868 1.727318 4.059820
v 1.502990 1.690654 4.068431
v 1.473511 1.751811 4.055784
v 1.491462 1.765219 4.069151
v 1.514970 1.776387 4.069607
v 1.540782 1.784886 4.059698
v 1.464473 1.770021 4.051516
v 1.457483 1.759114 4.025213
v 1.464121 1.751765 3.994746
v 1.473309 1.745488 3.964972
v 1.494938 1.749509 3.949779
v 1.468184 1.736840 4.030659
v 1.471189 1.721318 4.001087
v 1.481605 1.715616 3.977028
v 1.506244 1.722940 3.959648
v 1.488266 1.686164 3.978395
v 1.514475 1.695236 3.958853
v 1.545257 1.801539 4.025731
v 1.554241 1.781623 4.030778
v 1.541306 1.708962 3.943183
v 1.530441 1.738856 3.945674
v 1.523590 1.766160 3.945968
v 1.510019 1.784523 3.938691
v 1.522995 1.800985 3.965906
v 1.564899 1.730982 3.948846
v 1.582138 1.695231 3.947332
v 1.558272 1.673550 3.943826
v 1.573683 1.637762 3.948826
v 1.600026 1.656469 3.952431
v 1.620455 1.616903 3.961075
v 1.592336 1.599851 3.953830
v 1.637985 1.578601 3.973824
v 1.610973 1.564189 3.964231
v 1.636216 1.517365 3.988858
v 1.661802 1.526923 4.007422
v 1.655245 1.587732 4.000832
v 1.678947 1.533518 4.029721
v 1.694599 1.535266 4.052662
v 1.666510 1.598799 4.025201
v 1.680784 1.489457 4.039146
v 1.657276 1.478862 4.027916
v 1.697066 1.463186 4.079814
v 1.702951 1.482887 4.068512
v 1.723141 1.450304 4.109650
v 1.706113 1.460849 4.110930
v 1.731560 1.449947 4.128020
v 1.711024 1.477376 4.128066
v 1.735819 1.456340 4.130374
v 1.673807 1.457831 4.073693
v 1.683119 1.465350 4.120123
v 1.652519 1.455212 4.098098
v 1.639007 1.447429 4.058474
v 1.636300 1.450594 4.096125
v 1.622134 1.443174 4.062770
v 1.738054 1.442327 4.105015
v 1.716440 1.487340 4.076628
v 1.721810 1.458457 4.093498
v 1.738825 1.415667 4.098122
v 1.747543 1.435414 4.112731
v 1.746262 1.416066 4.092584
v 1.749559 1.436665 4.112119
v 1.750258 1.420190 4.088804
v 1.685290 1.481775 4.127462
v 1.656257 1.478285 4.114551
v 1.701897 1.503759 4.083257
v 1.671241 1.584994 4.059954
v 1.644739 1.639242 4.014097
v 1.642979 1.641381 4.046430
v 1.621210 1.679959 4.010089
v 1.637456 1.630817 3.984741
v 1.617818 1.673451 3.977031
v 1.596525 1.714247 3.975078
v 1.594511 1.722146 4.006841
v 1.575698 1.746534 3.975545
v 1.572345 1.753614 4.004888
v 1.588374 1.726140 4.040196
v 1.566328 1.759042 4.034691
v 1.556594 1.769575 3.979866
v 1.556092 1.775395 4.001975
v 1.554241 1.781623 4.030778
v 1.545257 1.801539 4.025731
v 1.542547 1.792334 3.996892
v 1.548756 1.757749 3.955088
v 1.536010 1.779687 3.966840
v 1.724286 1.406621 4.083950
v 1.738825 1.415667 4.098122
v 1.746262 1.416066 4.092584
v 1.730437 1.405135 4.068910
v 1.713547 1.431395 4.093860
v 1.721810 1.458457 4.093498
v 1.702309 1.398000 4.067221
v 1.708326 1.399966 4.044828
v 1.674158 1.404418 4.034409
v 1.665964 1.410084 4.069395
v 1.627891 1.418631 4.081514
v 1.638736 1.415669 4.048058
v 1.655033 1.421662 4.089523
v 1.691183 1.428497 4.090460
v 1.605151 1.434453 4.097259
v 1.617164 1.434449 4.072427
v 1.598557 1.438896 4.094341
v 1.612733 1.443402 4.091997
v 1.612007 1.441902 4.084785
v 1.625966 1.450757 4.098945
v 1.617239 1.465391 4.078307
v 1.631122 1.477734 4.102198
v 1.624101 1.447399 4.055604
v 1.645732 1.425548 4.035592
v 1.676246 1.413593 4.027540
v 1.708936 1.407085 4.039070
v 1.732372 1.410665 4.064097
v 1.750258 1.420190 4.088804
v 1.587453 1.464351 4.049560
v 1.577748 1.461954 4.083490
v 1.586899 1.456469 4.104247
v 1.611174 1.454402 4.110098
v 1.638740 1.468600 4.110600
v 1.671929 1.493979 4.106775
v 1.691169 1.500881 4.094871
v 1.701897 1.503759 4.083257
v 1.591927 1.497928 4.120846
v 1.563524 1.507179 4.101215
v 1.550573 1.553847 4.102592
v 1.537451 1.549002 4.082590
v 1.520078 1.592373 4.068902
v 1.512094 1.582625 4.038391
v 1.498659 1.623816 4.029206
v 1.505901 1.634928 4.056552
v 1.493117 1.672422 4.044198
v 1.518915 1.648288 4.080173
v 1.480515 1.711266 4.036331
v 1.478075 1.692864 4.006494
v 1.488767 1.654817 4.011919
v 1.500536 1.650803 3.981983
v 1.534502 1.601250 4.093455
v 1.538633 1.664007 4.101290
v 1.568350 1.675781 4.105120
v 1.599947 1.682699 4.089205
v 1.616471 1.683070 4.048058
v 1.554912 1.617407 4.116816
v 1.590439 1.623234 4.119647
v 1.573194 1.566170 4.125701
v 1.616508 1.543720 4.122231
v 1.648841 1.562628 4.109731
v 1.662659 1.589986 4.083958
v 1.671241 1.584994 4.059954
v 1.623127 1.634377 4.101875
v 1.642979 1.641381 4.046430
v 1.635645 1.647660 4.072759
v 1.285104 2.027746 4.489202
v 1.311493 2.048537 4.492026
v 1.302727 2.056181 4.508209
v 1.276747 2.035794 4.505802
v 1.284882 1.983546 4.496499
v 1.272777 1.997229 4.509896
v 1.330956 2.054456 4.511967
v 1.332104 2.046172 4.496355
v 1.301264 2.054782 4.525210
v 1.324688 2.054514 4.528272
v 1.277347 2.033114 4.522902
v 1.273501 1.998989 4.525039
v 1.301842 2.008983 4.481681
v 1.326752 2.030319 4.484322
v 1.346449 2.036464 4.495763
v 1.301776 1.957931 4.491524
v 1.296548 1.948081 4.500857
v 1.281112 1.964371 4.511544
v 1.291423 1.942455 4.513302
v 1.289802 1.942473 4.527903
v 1.280613 1.964418 4.526463
v 1.304221 1.932532 4.502082
v 1.312041 1.946771 4.489740
v 1.313755 1.918313 4.503782
v 1.309689 1.912686 4.520398
v 1.298307 1.927257 4.516379
v 1.311873 1.914513 4.531068
v 1.335748 1.889764 4.534267
v 1.334061 1.886694 4.526189
v 1.328397 1.899613 4.501916
v 1.340613 1.887095 4.497944
v 1.320586 1.936572 4.488681
v 1.336535 1.918545 4.479675
v 1.336177 1.965561 4.477049
v 1.351101 1.947232 4.468237
v 1.352916 1.901337 4.468453
v 1.365334 1.930123 4.457809
v 1.355446 1.870755 4.536357
v 1.352624 1.866965 4.528235
v 1.376770 1.848773 4.539586
v 1.374787 1.845625 4.531145
v 1.378924 1.845177 4.495855
v 1.359722 1.867729 4.494126
v 1.364924 1.889891 4.457978
v 1.375970 1.918087 4.447543
v 1.379339 1.875550 4.444236
v 1.371012 1.872954 4.462787
v 1.392134 1.901349 4.428952
v 1.389848 1.851153 4.463825
v 1.359789 1.985411 4.481257
v 1.328613 1.974336 4.478667
v 1.319869 1.984811 4.479282
v 1.344136 2.007397 4.482546
v 1.353138 1.995177 4.482114
v 1.364928 2.021182 4.499098
v 1.376455 2.009694 4.501121
v 1.369138 2.027751 4.518506
v 1.381610 2.013178 4.521799
v 1.365899 2.026518 4.534783
v 1.378655 2.011833 4.536192
v 1.390182 1.996345 4.525186
v 1.387192 1.995585 4.537410
v 1.397932 1.961426 4.530834
v 1.395822 1.960051 4.538772
v 1.406628 1.921682 4.532442
v 1.403380 1.921056 4.537932
v 1.430873 1.887419 4.534406
v 1.413890 1.923597 4.504502
v 1.436695 1.893102 4.506247
v 1.429974 1.886243 4.539509
v 1.385077 1.994379 4.501289
v 1.399685 1.958966 4.502931
v 1.440916 1.898785 4.479797
v 1.419161 1.927628 4.477010
v 1.467669 1.867442 4.476805
v 1.438139 1.902117 4.452581
v 1.474558 1.864840 4.505316
v 1.409408 1.914854 4.432978
v 1.394519 1.935864 4.453509
v 1.386051 1.949126 4.462966
v 1.375352 1.967295 4.473738
v 1.375595 1.991603 4.490034
v 1.390617 1.965266 4.485176
v 1.398699 1.948813 4.475367
v 1.408789 1.939060 4.488988
v 1.308097 2.012780 4.531123
v 1.277347 2.033114 4.522902
v 1.301264 2.054782 4.525210
v 1.324688 2.054514 4.528272
v 1.273501 1.998989 4.525039
v 1.349472 2.042709 4.531787
v 1.324791 1.981653 4.533635
v 1.365899 2.026518 4.534783
v 1.333818 1.964493 4.535014
v 1.289802 1.942473 4.527903
v 1.280613 1.964418 4.526463
v 1.299061 1.928801 4.529439
v 1.341838 1.949078 4.535912
v 1.387192 1.995585 4.537410
v 1.378655 2.011833 4.536192
v 1.311873 1.914513 4.531068
v 1.335748 1.889764 4.534267
v 1.360301 1.921017 4.538140
v 1.379270 1.894933 4.539350
v 1.395822 1.960051 4.538772
v 1.403380 1.921056 4.537932
v 1.407226 1.867798 4.541557
v 1.355446 1.870755 4.536357
v 1.376770 1.848773 4.539586
v 1.406342 1.817477 4.543803
v 1.438389 1.840725 4.545663
v 1.468473 1.808673 4.549959
v 1.440869 1.801157 4.549081
v 1.485210 1.832934 4.547644
v 1.464565 1.864031 4.544945
v 1.429974 1.886243 4.539509
v 1.299061 1.928801 4.529439
v 1.763120 2.074249 4.067225
v 1.751869 2.073938 4.066006
v 1.751678 2.090485 4.067518
v 1.763120 2.090046 4.068749
v 1.763120 2.112512 4.065396
v 1.751014 2.113429 4.063413
v 1.763120 2.141552 4.052324
v 1.750310 2.140954 4.050566
v 1.763121 2.166230 4.028255
v 1.734536 2.139993 4.045237
v 1.736681 2.114260 4.059286
v 1.749214 2.164663 4.026739
v 1.737921 2.092100 4.064394
v 1.738847 2.074557 4.063560
v 1.726030 2.093794 4.057731
v 1.723618 2.114830 4.052121
v 1.713212 2.096481 4.047452
v 1.726945 2.076718 4.058629
v 1.710267 2.115881 4.040001
v 1.721517 2.137546 4.038801
v 1.709010 2.133993 4.029109
v 1.708190 2.151433 4.011265
v 1.721242 2.157120 4.018633
v 1.734502 2.161103 4.023648
v 1.695022 2.128402 4.012590
v 1.692184 2.143507 3.996908
v 1.686783 2.122659 3.989203
v 1.690335 2.114755 4.005641
v 1.687405 2.100989 4.000786
v 1.687068 2.083053 3.996976
v 1.683450 2.084440 3.980492
v 1.689269 2.062868 3.995259
v 1.685241 2.067128 3.979703
v 1.684053 2.104587 3.984704
v 1.687704 2.051172 3.976002
v 1.692353 2.045172 3.991371
v 1.691131 2.038116 3.969741
v 1.694396 2.031537 3.983930
v 1.763121 2.185137 3.997083
v 1.746427 2.182861 3.995715
v 1.763120 1.999850 4.050860
v 1.753828 2.000317 4.048988
v 1.754578 2.010411 4.054872
v 1.763120 2.010029 4.057074
v 1.755141 2.017981 4.056391
v 1.763120 2.017100 4.058418
v 1.755727 2.028200 4.056529
v 1.763120 2.027882 4.057320
v 1.747140 2.019484 4.052112
v 1.747456 2.027669 4.053183
v 1.745348 2.001877 4.043679
v 1.746637 2.012552 4.049739
v 1.739774 2.015034 4.044339
v 1.740496 2.021599 4.047184
v 1.756008 2.036166 4.056648
v 1.763120 2.035897 4.057212
v 1.756134 2.042395 4.057939
v 1.763120 2.042367 4.058532
v 1.763120 2.057133 4.063429
v 1.752191 2.056516 4.062376
v 1.749720 1.947468 3.972555
v 1.741248 1.951867 3.968479
v 1.733040 1.958832 3.961847
v 1.726329 1.966300 3.954888
v 1.720610 1.973047 3.949228
v 1.717127 1.979985 3.942986
v 1.722228 1.976721 3.942296
v 1.724200 1.973883 3.937080
v 1.714305 1.986033 3.929016
v 1.730275 1.968019 3.947391
v 1.716897 1.965815 3.925584
v 1.728389 1.956056 3.933175
v 1.732825 1.963447 3.943042
v 1.708801 1.959029 3.904706
v 1.718980 1.946267 3.922336
v 1.704985 1.968094 3.890649
v 1.703628 1.976448 3.872533
v 1.709084 1.980028 3.857337
v 1.724656 1.982760 3.844325
v 1.742467 1.983093 3.838968
v 1.755125 1.982116 3.839867
v 1.763141 1.981271 3.839853
v 1.737765 1.960750 3.952562
v 1.739213 1.957938 3.948856
v 1.748576 1.953054 3.959705
v 1.763120 1.949765 3.962633
v 1.763120 1.943291 3.977658
v 1.749207 1.951450 3.955445
v 1.741536 1.943583 3.944294
v 1.735392 1.949096 3.938760
v 1.730238 1.936637 3.930518
v 1.738165 1.932893 3.934192
v 1.743821 1.928567 3.939011
v 1.749417 1.939269 3.950672
v 1.750544 1.924853 3.944854
v 1.763121 1.937998 3.953806
v 1.763124 1.923541 3.948410
v 1.763120 1.948527 3.957775
v 1.753639 1.989643 4.042515
v 1.763119 1.989446 4.044431
v 1.743862 1.991034 4.036621
v 1.731236 1.994863 4.026735
v 1.734425 2.005820 4.035537
v 1.724923 2.009541 4.028115
v 1.731874 2.017902 4.038380
v 1.654509 1.687792 3.963428
v 1.670754 1.686410 3.974269
v 1.649538 1.720311 3.965561
v 1.645799 1.733621 3.973811
v 1.485503 2.418819 3.774652
v 1.736201 1.723396 3.988170
v 1.726782 1.722764 3.987481
v 1.727036 1.736764 3.989346
v 1.736152 1.737177 3.990394
v 1.736365 1.749542 3.991677
v 1.727315 1.750164 3.991558
v 1.728150 1.767960 3.989261
v 1.737099 1.767187 3.990626
v 1.725993 1.709156 3.989241
v 1.726433 1.691458 3.990594
v 1.742238 1.709408 3.990130
v 1.746142 1.692770 3.991332
v 1.763118 1.692244 3.991549
v 1.763118 1.677321 3.990089
v 1.733242 1.676133 3.989778
v 1.719090 1.660560 3.992753
v 1.744802 1.663154 3.997390
v 1.763118 1.663576 3.997188
v 1.473278 1.801457 4.532147
v 1.441360 1.794261 4.531040
v 1.440869 1.801157 4.549081
v 1.468473 1.808673 4.549959
v 1.490367 1.829161 4.530130
v 1.485210 1.832934 4.547644
v 1.475911 1.863887 4.525279
v 1.464565 1.864031 4.544945
v 1.474677 1.800745 4.510977
v 1.442990 1.793197 4.511226
v 1.474729 1.799355 4.482441
v 1.447313 1.794467 4.481873
v 1.490754 1.826385 4.509584
v 1.474558 1.864840 4.505316
v 1.487484 1.822181 4.480348
v 1.467669 1.867442 4.476805
v 1.404490 1.816458 4.507799
v 1.409671 1.820920 4.476530
v 1.399484 1.820372 4.533112
v 1.411967 1.807299 4.525088
v 1.406342 1.817477 4.543803
v 1.506790 1.871227 3.856897
v 1.515487 1.865702 3.847213
v 1.544608 1.843974 3.816424
v 1.542434 1.853695 3.808709
v 1.493118 1.881694 3.862224
v 1.484719 1.889260 3.861374
v 1.499733 1.875135 3.852055
v 1.472813 1.913512 3.863577
v 1.514135 1.865888 3.844664
v 1.539547 1.857422 3.808168
v 1.555117 1.830729 3.827192
v 1.556623 1.832745 3.817685
v 1.549745 1.835989 3.823652
v 1.544608 1.843974 3.816424
v 1.556569 1.839139 3.806594
v 1.542434 1.853695 3.808709
v 1.562048 1.844651 3.794710
v 1.568082 1.824856 3.801743
v 1.576023 1.837093 3.785252
v 1.581769 1.811997 3.788574
v 1.590604 1.826715 3.771475
v 1.599130 1.843882 3.763006
v 1.586835 1.857653 3.768311
v 1.564179 1.853710 3.787673
v 1.622814 1.849713 3.753249
v 1.641734 1.846877 3.747004
v 1.662329 1.842857 3.744279
v 1.681953 1.839321 3.744457
v 1.700087 1.837000 3.745865
v 1.700406 1.816108 3.742984
v 1.722734 1.835760 3.745512
v 1.604537 1.853615 3.760921
v 1.742845 1.822769 3.747366
v 1.763116 1.821075 3.752185
v 1.725326 1.839545 3.746060
v 1.700894 1.841905 3.746721
v 1.605773 1.859026 3.760838
v 1.588190 1.862876 3.766986
v 1.561779 1.857712 3.788220
v 1.539547 1.857422 3.808168
v 1.624138 1.855170 3.754207
v 1.642636 1.851278 3.747603
v 1.662917 1.847546 3.745272
v 1.682549 1.844318 3.745654
v 1.352332 2.043527 4.515997
v 1.349472 2.042709 4.531787
v 1.708438 1.601950 3.864687
v 1.706354 1.623446 3.846227
v 1.735323 1.623402 3.853328
v 1.737775 1.602292 3.870458
v 1.763118 1.624969 3.864411
v 1.763118 1.646718 3.845661
v 1.739722 1.647260 3.833780
v 1.763118 1.670252 3.822103
v 1.739324 1.669370 3.813343
v 1.763118 1.604329 3.877604
v 1.718948 1.645285 3.827868
v 1.763119 1.694333 3.795011
v 1.739249 1.694667 3.785315
v 1.716669 1.667546 3.806020
v 1.715515 1.693980 3.778040
v 1.763119 1.721501 3.772173
v 1.739521 1.723266 3.764503
v 1.763120 1.750049 3.759139
v 1.741401 1.751289 3.754541
v 1.707506 1.721467 3.758401
v 1.724610 1.750625 3.751914
v 1.697501 1.645852 3.825153
v 1.693181 1.669014 3.798531
v 1.689277 1.696445 3.771035
v 1.668178 1.647703 3.823329
v 1.644293 1.644798 3.836966
v 1.634485 1.668083 3.810103
v 1.661212 1.672987 3.791331
v 1.705790 1.902225 3.764558
v 1.683512 1.912021 3.770651
v 1.653676 1.910774 3.774769
v 1.641389 1.892375 3.767764
v 1.621872 1.897069 3.770536
v 1.655140 1.884308 3.762072
v 1.704715 1.875986 3.755034
v 1.674903 1.878867 3.757818
v 1.678118 1.893157 3.762623
v 1.621799 1.882477 3.763573
v 1.555226 1.875203 3.791463
v 1.522694 1.875752 3.813140
v 1.416668 2.100113 3.928274
v 1.414275 2.096668 3.921064
v 1.412096 2.092571 3.920174
v 1.417154 2.088828 3.913569
v 1.529549 1.545584 4.048456
v 1.550671 1.508067 4.062191
v 1.540179 1.545526 4.012645
v 1.525009 1.581494 4.002188
v 1.557833 1.546649 3.980754
v 1.541990 1.581890 3.974324
v 1.511807 1.618751 3.990189
v 1.527251 1.620793 3.970572
v 1.529565 1.659905 3.958274
v 1.545496 1.625642 3.954539
v 1.562503 1.587793 3.956821
v 1.579057 1.551909 3.963867
v 1.601568 1.504361 3.987683
v 1.620455 1.470480 4.015834
v 1.601366 1.463515 4.036019
v 1.581831 1.497067 4.003004
v 1.563737 1.501048 4.026154
v 1.616471 1.683070 4.048058
v 1.499128 2.002031 3.952611
v 1.518514 2.001772 3.940982
v 1.483602 1.997594 3.950045
v 1.472067 1.995397 3.942142
v 1.458928 1.992902 3.929896
v 1.463178 1.968330 3.926580
v 1.454719 1.974093 3.916060
v 1.448731 2.001848 3.918932
v 1.450974 2.011722 3.929498
v 1.650292 1.806305 3.968191
v 1.422993 1.769133 4.136751
v 1.439743 1.748644 4.142549
v 1.481222 1.733702 4.173453
v 1.510487 1.739423 4.175307
v 1.534677 1.757462 4.175491
v 1.455707 1.875878 4.536929
v 1.464565 1.864031 4.544945
v 1.475911 1.863887 4.525279
v 1.528176 2.155450 3.922842
v 1.523853 2.175391 3.912994
v 1.468693 2.322170 3.859062
v 1.481646 2.319524 3.870678
v 1.495844 2.320841 3.868428
v 1.823656 2.073509 4.037389
v 1.815928 2.066901 4.046291
v 1.806364 2.058835 4.052707
v 1.795243 2.049592 4.055578
v 1.789359 2.044465 4.055635
v 1.786859 2.040618 4.055424
v 1.791884 2.037645 4.050818
v 1.798388 2.035823 4.046464
v 1.809770 2.036794 4.037960
v 1.818286 2.041567 4.031331
v 1.824498 2.050759 4.027367
v 1.827242 2.059666 4.026755
v 1.828822 2.068468 4.027243
v 1.829503 2.077554 4.029434
v 1.710312 2.066901 4.046290
v 1.702584 2.073509 4.037388
v 1.719876 2.058836 4.052707
v 1.730997 2.049593 4.055578
v 1.736881 2.044464 4.055635
v 1.739381 2.040619 4.055424
v 1.734356 2.037645 4.050818
v 1.727852 2.035823 4.046464
v 1.716470 2.036794 4.037960
v 1.707954 2.041567 4.031331
v 1.701742 2.050760 4.027366
v 1.698998 2.059667 4.026754
v 1.697418 2.068470 4.027242
v 1.696737 2.077555 4.029434
v 1.812496 2.054038 4.045930
v 1.822089 2.064279 4.038201
v 1.819994 2.051820 4.036095
v 1.800219 2.044188 4.050309
v 1.809108 2.042173 4.042694
v 1.713744 2.054039 4.045930
v 1.704151 2.064280 4.038201
v 1.706246 2.051821 4.036094
v 1.726021 2.044188 4.050308
v 1.717132 2.042173 4.042694
vn 0.9932 -0.0550 0.1022
vn 0.9490 0.2378 0.2071
vn 0.5562 0.5150 0.6523
vn 0.7046 0.4439 0.5536
vn -0.0533 0.9845 -0.1670
vn -0.0833 0.9799 -0.1815
vn -0.4734 0.5995 0.6453
vn 0.4830 -0.5574 -0.6753
vn -0.4775 0.7852 -0.3942
vn -0.4808 0.7816 -0.3974
vn 0.9355 0.1110 0.3353
vn 0.4736 -0.6505 -0.5938
vn 0.6490 0.3283 0.6864
vn 0.0921 -0.9693 0.2281
vn 0.0654 -0.9739 0.2172
vn -0.3013 -0.9535 -0.0065
vn -0.3151 -0.9490 -0.0109
vn -0.4765 0.6155 0.6278
vn -0.4521 0.6035 0.6567
vn 0.4647 -0.5607 -0.6853
vn 0.4768 -0.6036 -0.6390
vn 0.4298 -0.6636 -0.6123
vn -0.4800 0.6353 0.6049
vn -0.4031 0.6576 0.6364
vn 0.9495 0.1980 0.2433
vn 0.8685 0.2906 0.4016
vn 0.9156 -0.3126 -0.2528
vn 0.9779 -0.0004 -0.2091
vn 0.0499 0.9924 -0.1129
vn 0.0189 0.9931 -0.1159
vn -0.0773 0.6452 0.7601
vn -0.4866 0.8604 -0.1518
vn -0.4953 0.8549 -0.1545
vn 0.9811 -0.1934 -0.0085
vn 0.0734 -0.7290 -0.6805
vn 0.8920 0.0942 0.4420
vn -0.0192 -0.9850 0.1716
vn -0.0463 -0.9846 0.1687
vn -0.4536 -0.8858 0.0985
vn -0.4578 -0.8836 0.0987
vn -0.0755 0.6761 0.7330
vn -0.0744 0.6446 0.7609
vn -0.0754 0.7087 0.7014
vn 0.0086 0.7078 0.7063
vn 0.0180 -0.7292 -0.6841
vn 0.0765 -0.6683 -0.7400
vn 0.0825 -0.5979 -0.7973
vn 0.0812 -0.5974 -0.7978
vn 0.8437 0.2576 0.4709
vn 0.9580 0.0810 0.2750
vn 0.3944 0.6541 0.6454
vn 0.4706 0.4560 0.7554
vn 0.1036 -0.9539 0.2817
vn 0.0666 -0.9634 0.2597
vn 0.6039 -0.6765 -0.4215
vn -0.2452 -0.9689 -0.0338
vn -0.2725 -0.9609 -0.0493
vn 0.5779 0.5515 0.6016
vn 0.8586 0.3617 0.3632
vn -0.0707 0.9833 -0.1679
vn -0.1003 0.9774 -0.1861
vn -0.4353 0.7658 -0.4734
vn -0.4403 0.7583 -0.4807
vn 0.6269 -0.6017 -0.4949
vn -0.6026 0.6542 0.4570
vn 0.6162 -0.6353 -0.4655
vn 0.6337 -0.6585 -0.4059
vn 0.6425 -0.5945 -0.4835
vn -0.6068 0.6515 0.4554
vn -0.6129 0.6491 0.4506
vn -0.6226 0.6445 0.4438
vn -0.6195 0.6451 0.4473
vn -0.5578 0.5303 0.6385
vn -0.7026 0.4553 0.5469
vn -0.9489 0.2420 0.2024
vn -0.9934 -0.0589 0.0988
vn 0.0516 0.9865 -0.1555
vn 0.0828 0.9819 -0.1704
vn 0.4685 0.6136 0.6356
vn -0.4802 -0.5656 -0.6705
vn 0.4761 0.7912 -0.3838
vn 0.4800 0.7870 -0.3876
vn -0.9356 0.1225 0.3311
vn -0.4672 -0.6694 -0.5776
vn -0.6447 0.3468 0.6813
vn -0.0912 -0.9698 0.2264
vn -0.0642 -0.9743 0.2158
vn 0.2997 -0.9540 -0.0046
vn 0.3151 -0.9490 -0.0094
vn 0.4706 0.6309 0.6168
vn 0.4530 0.6165 0.6440
vn -0.4716 -0.6168 -0.6302
vn -0.4682 -0.5677 -0.6772
vn -0.4192 -0.6838 -0.5972
vn 0.4750 0.6529 0.5900
vn 0.3892 0.6778 0.6238
vn -0.9497 0.1977 0.2428
vn -0.9780 -0.0002 -0.2088
vn -0.9158 -0.3125 -0.2525
vn -0.8689 0.2904 0.4008
vn -0.0499 0.9923 -0.1131
vn -0.0188 0.9931 -0.1161
vn 0.0772 0.6455 0.7598
vn 0.4864 0.8604 -0.1519
vn 0.4953 0.8548 -0.1547
vn -0.9811 -0.1933 -0.0082
vn -0.0733 -0.7296 -0.6800
vn -0.8924 0.0939 0.4413
vn 0.0195 -0.9848 0.1725
vn 0.0462 -0.9844 0.1696
vn 0.4537 -0.8856 0.0993
vn 0.4577 -0.8835 0.0995
vn 0.0754 0.6766 0.7325
vn 0.0745 0.6450 0.7606
vn 0.0753 0.7094 0.7008
vn -0.0084 0.7085 0.7057
vn -0.0765 -0.6686 -0.7397
vn -0.0179 -0.7297 -0.6836
vn -0.0823 -0.5978 -0.7974
vn -0.0812 -0.5973 -0.7979
vn -0.8418 0.2375 0.4847
vn -0.4699 0.4274 0.7723
vn -0.3861 0.6294 0.6744
vn -0.9560 0.0744 0.2839
vn -0.1067 -0.9565 0.2714
vn -0.0684 -0.9666 0.2469
vn -0.6136 -0.6530 -0.4439
vn 0.2433 -0.9686 -0.0509
vn 0.2686 -0.9610 -0.0653
vn -0.5721 0.5335 0.6230
vn -0.8590 0.3491 0.3745
vn 0.0757 0.9836 -0.1638
vn 0.1023 0.9782 -0.1807
vn 0.4369 0.7654 -0.4726
vn 0.4415 0.7583 -0.4796
vn -0.6321 -0.5835 -0.5098
vn 0.6117 0.6308 0.4774
vn 0.6216 0.6266 0.4700
vn 0.6294 0.6232 0.4643
vn 0.6330 0.6203 0.4632
vn 0.6124 0.6296 0.4781
vn -0.6432 -0.5784 -0.5017
vn -0.6238 -0.6152 -0.4821
vn -0.6452 -0.6344 -0.4257
vn -0.7047 0.6915 0.1588
vn -0.7696 0.6365 0.0501
vn -0.6640 0.7157 0.2162
vn -0.5609 0.7552 0.3391
vn 0.5221 0.8522 0.0336
vn 0.8833 0.4689 -0.0027
vn 0.8953 0.4263 -0.1294
vn 0.4970 0.8617 -0.1027
vn 0.0348 0.9979 0.0539
vn -0.0007 0.9990 -0.0446
vn 0.9909 -0.1099 -0.0777
vn 0.9813 -0.1849 0.0541
vn 0.8915 -0.4526 -0.0184
vn 0.7257 -0.6697 0.1576
vn 0.5793 -0.8104 0.0877
vn 0.1631 -0.9567 0.2409
vn 0.1557 -0.9684 0.1950
vn 0.1150 -0.9749 0.1905
vn -0.2691 -0.9304 0.2489
vn -0.3010 -0.9145 0.2702
vn 0.5625 -0.8187 0.1151
vn 0.8891 -0.4111 -0.2010
vn 0.4901 0.8425 -0.2236
vn 0.0329 0.9773 -0.2092
vn 0.1993 0.4009 -0.8942
vn 0.0657 0.3238 -0.9438
vn -0.0256 0.4091 -0.9121
vn -0.0256 0.4176 -0.9083
vn -0.8330 0.5509 -0.0518
vn -0.1830 0.4805 -0.8577
vn -0.9466 0.2522 -0.2007
vn -0.4306 0.5346 -0.7272
vn -0.5557 0.8281 0.0741
vn -0.5345 0.8425 0.0676
vn -0.8182 0.5618 0.1223
vn -0.9686 -0.0618 0.2409
vn -0.9694 -0.0441 0.2415
vn -0.8867 -0.3549 0.2964
vn -0.9061 -0.3233 0.2727
vn -0.9387 -0.3112 0.1481
vn -0.6462 0.4325 -0.6287
vn -0.9754 -0.1639 -0.1477
vn -0.7301 0.3440 -0.5905
vn -0.5087 0.8549 0.1017
vn -0.0142 0.8748 0.4843
vn 0.4898 0.7065 0.5108
vn 0.8600 0.3033 0.4102
vn 0.0335 0.8189 0.5729
vn 0.4896 0.7594 0.4284
vn 0.0341 -0.1171 0.9925
vn 0.1452 0.0842 0.9858
vn 0.8228 0.3120 0.4750
vn 0.1215 -0.1084 0.9867
vn -0.4345 0.8209 0.3705
vn -0.0869 -0.4038 0.9107
vn -0.5588 0.7834 0.2722
vn -0.7971 0.5017 0.3360
vn 0.0745 -0.3308 0.9408
vn 0.2070 0.2124 0.9550
vn -0.9055 -0.0206 0.4238
vn 0.0135 0.5282 0.8490
vn -0.7827 -0.0711 0.6184
vn -0.8500 0.4305 0.3035
vn -0.8738 0.0312 0.4852
vn -0.8530 -0.2287 0.4691
vn -0.7932 0.5776 0.1929
vn -0.9515 -0.0636 0.3011
vn -0.9059 -0.2409 0.3482
vn 0.9442 -0.3220 -0.0699
vn 0.9661 -0.2581 0.0105
vn 0.4486 -0.8839 0.1324
vn 0.2681 -0.9157 -0.2993
vn 0.9784 -0.1744 -0.1106
vn 0.0954 -0.7252 -0.6819
vn 0.9530 0.0825 -0.2917
vn 0.2755 0.2180 -0.9363
vn 0.9973 -0.0728 -0.0033
vn 0.9086 0.3810 -0.1708
vn 0.9975 -0.0644 0.0300
vn 0.6943 0.7126 0.1005
vn 0.0772 0.9961 -0.0419
vn 0.8662 0.4082 0.2883
vn 0.9369 0.2823 0.2064
vn 0.8650 0.3687 0.3403
vn 0.9667 0.1316 0.2195
vn 0.8513 0.3034 0.4281
vn 0.9726 0.0166 0.2317
vn 0.1742 -0.9505 0.2574
vn 0.4197 -0.8624 0.2830
vn 0.1835 -0.9247 0.3335
vn 0.5465 0.6516 0.5260
vn 0.5764 0.6837 0.4476
vn 0.5776 0.6839 0.4456
vn 0.2931 0.9264 -0.2366
vn -0.0245 -0.8645 0.5020
vn 0.6045 0.4790 0.6365
vn -0.5041 0.6988 0.5074
vn 0.4976 0.6702 0.5507
vn -0.4380 0.7823 0.4430
vn 0.4522 0.7394 0.4989
vn -0.5013 0.6313 0.5917
vn 0.4737 0.6174 0.6280
vn -0.4773 0.6323 0.6102
vn 0.3637 0.5515 0.7507
vn 0.7047 0.4577 0.5422
vn 0.7957 0.3186 0.5152
vn 0.7128 0.2750 -0.6452
vn -0.4791 0.6894 0.5433
vn 0.4464 0.6077 0.6569
vn -0.2112 0.7793 0.5900
vn 0.4962 0.5947 0.6325
vn -0.0542 0.7253 0.6863
vn 0.5856 0.4182 0.6944
vn -0.3517 0.5708 0.7420
vn 0.6109 0.2197 0.7606
vn -0.3491 0.4913 0.7980
vn 0.6306 0.1297 0.7652
vn -0.5980 -0.1933 0.7779
vn 0.6519 -0.0421 0.7571
vn 0.8745 0.2515 0.4148
vn 0.9202 0.0758 0.3841
vn 0.8961 -0.1412 0.4207
vn 0.9047 -0.1394 0.4026
vn 0.9170 -0.1842 0.3539
vn 0.8587 -0.1936 0.4746
vn -0.3563 0.0667 0.9320
vn 0.5240 -0.1358 0.8408
vn -0.1035 0.3582 0.9279
vn 0.6838 -0.2407 0.6888
vn 0.7944 -0.1752 0.5816
vn 0.8380 -0.2979 0.4571
vn 0.7647 -0.6434 0.0358
vn 0.4383 -0.7176 -0.5412
vn 0.5366 -0.5976 -0.5958
vn 0.4571 -0.7640 -0.4553
vn 0.6030 -0.6530 -0.4583
vn 0.7871 -0.5004 -0.3607
vn 0.5544 -0.3382 -0.7604
vn 0.4543 -0.4844 -0.7476
vn 0.6844 -0.3365 -0.6469
vn 0.5864 -0.4313 -0.6857
vn 0.3866 -0.4247 -0.8186
vn 0.2979 -0.4345 -0.8500
vn 0.8618 -0.2797 0.4232
vn 0.7422 -0.4652 0.4824
vn -0.1553 0.4022 0.9023
vn 0.6867 0.0209 0.7266
vn -0.5117 0.5208 0.6833
vn -0.8187 0.4230 0.3883
vn 0.4126 0.3246 0.8511
vn -0.9234 0.2957 0.2448
vn 0.7842 0.2293 0.5766
vn -0.8996 0.3886 0.1993
vn 0.8035 0.2696 0.5308
vn -0.8595 0.4463 0.2492
vn 0.8077 0.3761 0.4540
vn -0.9852 0.1625 -0.0537
vn -0.6933 0.5190 0.4999
vn -0.6065 0.4069 -0.6831
vn -0.5770 0.8128 0.0802
vn 0.1691 0.4516 -0.8760
vn -0.0073 0.9965 0.0832
vn -0.1544 0.3657 -0.9178
vn 0.4544 0.8908 0.0076
vn 0.8667 0.4816 -0.1299
vn -0.4361 0.6163 -0.6558
vn 0.0938 0.8005 -0.5919
vn 0.8941 -0.0136 -0.4478
vn -0.0733 0.9567 -0.2815
vn 0.6273 -0.2149 -0.7485
vn 0.0437 0.8456 -0.5319
vn 0.4892 -0.0385 -0.8713
vn 0.1784 0.9359 -0.3038
vn 0.3596 0.0519 -0.9317
vn 0.0710 0.9927 0.0971
vn 0.1777 0.3509 -0.9194
vn -0.1612 0.9646 0.2085
vn -0.8231 0.5663 0.0417
vn 0.3226 0.9375 0.1302
vn 0.7625 0.6457 0.0399
vn 0.9149 0.3873 -0.1136
vn 0.9525 -0.0157 -0.3042
vn 0.7701 -0.2183 -0.5994
vn 0.6068 -0.2574 -0.7520
vn 0.4353 -0.3585 -0.8258
vn 0.6916 -0.4291 -0.5810
vn -0.0046 -0.9980 0.0638
vn 0.0289 -0.9713 -0.2361
vn 0.2525 -0.1198 -0.9601
vn -0.1241 -0.9606 -0.2488
vn 0.1415 0.0710 -0.9874
vn 0.0252 -0.9384 -0.3447
vn 0.2144 -0.8626 0.4582
vn 0.8548 -0.3025 -0.4216
vn 0.3001 -0.8167 0.4929
vn 0.9890 -0.0750 -0.1278
vn 0.4379 -0.6217 0.6494
vn 0.8463 0.5288 -0.0641
vn 0.5175 -0.2401 0.8213
vn 0.6823 0.7203 0.1250
vn 0.1289 0.3688 0.9205
vn 0.2096 0.9551 0.2095
vn -0.2628 -0.3374 0.9039
vn -0.3726 0.9008 0.2231
vn 0.5570 -0.2907 0.7780
vn -0.9376 0.3451 -0.0427
vn 0.9989 0.0114 0.0444
vn 0.5154 -0.3777 -0.7693
vn 0.9641 -0.1995 -0.1752
vn 0.9872 -0.1592 0.0043
vn 0.8595 -0.4361 -0.2667
vn 0.8138 0.1117 0.5703
vn 0.6583 -0.4715 -0.5867
vn 0.8792 -0.0344 0.4752
vn -0.9508 0.0376 -0.3075
vn 0.9778 0.0629 0.1999
vn 0.0170 0.9005 0.4345
vn 0.1029 0.7116 0.6950
vn 0.9121 0.3647 -0.1872
vn 0.9805 0.1833 0.0702
vn 0.9785 0.1894 -0.0820
vn 0.3217 0.1518 0.9346
vn 0.9961 0.0182 -0.0869
vn 0.4021 -0.3353 0.8520
vn 0.9377 0.3352 -0.0918
vn 0.4272 -0.5180 0.7411
vn 0.9030 0.4098 0.1292
vn 0.5130 -0.5985 0.6153
vn 0.9464 0.2315 0.2252
vn 0.5598 -0.7667 0.3144
vn 0.9544 0.0049 -0.2985
vn 0.5941 -0.8022 -0.0596
vn 0.0602 0.9748 0.2147
vn 0.9598 0.1320 0.2476
vn 0.0959 0.9946 -0.0391
vn 0.9183 0.3290 -0.2202
vn -0.0827 0.9955 -0.0458
vn 0.0155 0.2003 -0.9796
vn 0.2374 -0.3730 0.8969
vn 0.1520 0.1076 0.9825
vn -0.8987 -0.1618 0.4076
vn -0.9059 -0.1582 0.3928
vn 0.2365 -0.5820 0.7780
vn -0.7873 -0.4451 0.4267
vn -0.0423 0.6939 0.7188
vn -0.9029 -0.1614 0.3984
vn -0.1950 0.8658 0.4608
vn -0.9455 0.2494 0.2092
vn -0.1430 0.9445 0.2956
vn -0.9708 0.2056 -0.1236
vn -0.1365 0.9888 0.0596
vn -0.2240 0.9721 -0.0694
vn -0.9394 0.3326 -0.0830
vn -0.9707 0.2400 -0.0071
vn 0.3362 -0.6539 0.6778
vn 0.3968 -0.7745 0.4926
vn 0.3300 -0.9430 0.0437
vn 0.3447 -0.9051 -0.2488
vn 0.4188 0.0979 -0.9028
vn 0.6258 0.2967 -0.7214
vn 0.3709 -0.8141 -0.4468
vn 0.8155 0.1848 -0.5485
vn 0.2440 -0.6782 -0.6932
vn -0.7063 -0.7077 0.0183
vn -0.7111 -0.6977 0.0869
vn -0.6090 -0.7028 0.3677
vn 0.2197 -0.9384 -0.2668
vn -0.4936 -0.6303 0.5993
vn 0.0854 -0.8944 -0.4391
vn -0.4910 -0.6580 0.5709
vn -0.2352 -0.7533 -0.6142
vn -0.7646 -0.5983 0.2396
vn -0.5274 -0.5248 -0.6681
vn -0.9574 -0.2883 -0.0138
vn -0.5579 -0.2354 -0.7958
vn -0.9826 0.1776 -0.0542
vn -0.4698 0.1745 -0.8654
vn -0.3794 0.6102 -0.6955
vn -0.8446 0.5033 0.1825
vn -0.3444 0.8131 -0.4693
vn -0.1066 0.8500 -0.5159
vn -0.1091 0.9175 -0.3824
vn 0.7606 0.2401 -0.6031
vn 0.7835 0.0060 -0.6214
vn -0.1667 0.6898 -0.7046
vn 0.7717 -0.1273 -0.6231
vn -0.0975 0.2946 -0.9506
vn 0.8730 0.0612 -0.4838
vn -0.2907 0.9197 -0.2641
vn -0.8388 0.3381 0.4267
vn -0.8601 0.3217 0.3959
vn -0.2275 0.2170 -0.9493
vn 0.0191 -0.0993 -0.9949
vn 0.8859 0.1770 -0.4287
vn 0.1367 -0.4594 -0.8776
vn 0.9070 0.0984 -0.4095
vn -0.1189 -0.1478 -0.9818
vn -0.0142 -0.4780 -0.8783
vn 0.0802 -0.6746 -0.7339
vn 0.3463 -0.8573 -0.3809
vn 0.0756 -0.9960 -0.0472
vn -0.2770 0.0779 -0.9577
vn -0.1969 0.0230 -0.9801
vn 0.3974 -0.8483 -0.3498
vn -0.0516 0.0034 -0.9987
vn -0.0351 -0.0574 -0.9977
vn 0.1478 -0.9223 -0.3571
vn -0.2942 0.2617 -0.9192
vn -0.2877 0.2625 -0.9210
vn -0.0425 0.9928 -0.1122
vn -0.0920 0.9926 -0.0793
vn -0.1894 0.3523 -0.9165
vn -0.1457 0.9867 -0.0714
vn -0.1193 0.4413 -0.8894
vn -0.1886 0.9477 -0.2574
vn -0.2224 0.4709 -0.8537
vn -0.2740 0.9506 -0.1461
vn -0.2343 0.4675 -0.8524
vn -0.3284 0.9445 0.0060
vn -0.1348 0.4649 -0.8750
vn -0.3311 0.9435 0.0104
vn -0.0990 0.4881 -0.8671
vn -0.3090 0.9501 -0.0428
vn -0.1066 0.0014 -0.9943
vn 0.1912 -0.9125 -0.3616
vn 0.2537 -0.8816 -0.3979
vn -0.1027 0.0394 -0.9939
vn 0.3063 -0.8354 -0.4565
vn -0.0154 0.1173 -0.9930
vn 0.3055 -0.8688 -0.3898
vn 0.0612 0.0820 -0.9948
vn 0.2720 -0.9104 -0.3118
vn 0.0335 0.0033 -0.9994
vn -0.0726 0.3743 -0.9245
vn -0.2831 0.9561 -0.0753
vn 0.7297 -0.1479 0.6675
vn 0.8018 -0.1166 0.5861
vn 0.7871 0.0285 0.6162
vn 0.6931 -0.0386 0.7198
vn 0.5840 -0.2636 0.7678
vn 0.5401 -0.1794 0.8222
vn 0.4800 -0.3832 0.7892
vn 0.3576 -0.2922 0.8870
vn 0.3963 -0.4316 0.8103
vn 0.2066 -0.3348 0.9194
vn 0.2976 -0.5349 0.7908
vn 0.1487 -0.4092 0.9002
vn 0.6747 0.2376 0.6988
vn 0.5932 0.1541 0.7902
vn 0.3350 0.0772 0.9391
vn 0.0830 -0.0535 0.9951
vn -0.1038 -0.1480 0.9835
vn -0.1755 -0.3946 0.9019
vn 0.4519 -0.2885 0.8441
vn 0.3890 -0.4014 0.8292
vn 0.5370 -0.3501 0.7675
vn 0.5022 -0.4408 0.7440
vn 0.6370 -0.3513 0.6862
vn 0.5764 -0.4925 0.6521
vn 0.3713 -0.6465 0.6665
vn 0.5172 -0.6758 0.5252
vn 0.6025 -0.6687 0.4357
vn 0.6488 -0.4930 0.5796
vn 0.7368 -0.6095 0.2927
vn 0.7529 -0.4479 0.4823
vn 0.8554 -0.4884 0.1727
vn 0.8207 -0.3606 0.4431
vn 0.8787 -0.3174 0.3565
vn 0.9265 -0.3744 0.0379
vn 0.7373 -0.2998 0.6054
vn 0.9177 -0.2338 0.3211
vn 0.8067 -0.2387 0.5406
vn 0.9229 -0.1722 0.3443
vn 0.8523 -0.2072 0.4802
vn 0.9399 -0.1217 0.3191
vn 0.8665 -0.1615 0.4723
vn 0.9441 -0.0436 0.3266
vn 0.8753 -0.0863 0.4758
vn 0.9906 0.0047 0.1364
vn 0.9844 0.0661 0.1629
vn 0.9195 0.0338 0.3915
vn 0.9646 0.1657 0.2050
vn 0.8891 0.1151 0.4431
vn 0.8259 0.4137 0.3830
vn 0.4848 0.4603 0.7437
vn 0.9884 -0.0908 0.1214
vn 0.9738 -0.2233 0.0424
vn 0.0365 0.6393 0.7681
vn -0.1640 0.7112 0.6836
vn -0.3302 0.6329 0.7003
vn -0.3898 0.3887 0.8349
vn -0.6265 0.3371 0.7027
vn -0.5880 -0.2129 0.7803
vn 0.1471 -0.5044 0.8508
vn 0.2586 -0.5732 0.7776
vn -0.3812 -0.8853 0.2663
vn -0.2424 -0.9624 0.1228
vn -0.4092 -0.6681 0.6215
vn -0.1097 -0.9913 -0.0729
vn 0.2944 -0.9556 -0.0138
vn 0.2065 -0.8182 -0.5367
vn 0.4994 -0.6392 -0.5848
vn 0.6117 -0.3731 -0.6976
vn 0.7422 -0.1713 -0.6479
vn 0.8562 -0.0421 -0.5150
vn 0.8210 0.1192 -0.5583
vn 0.8807 0.2052 -0.4269
vn 0.7762 0.3800 -0.5030
vn 0.2991 0.8656 0.4016
vn 0.5517 -0.7097 0.4382
vn 0.7669 -0.4881 0.4167
vn 0.4829 -0.2881 0.8269
vn 0.3912 -0.5190 0.7600
vn 0.1656 -0.1318 0.9773
vn 0.3919 0.0186 0.9198
vn 0.1715 0.0171 0.9850
vn 0.8910 -0.0282 0.4531
vn 0.6882 0.3902 0.6116
vn 0.3341 0.1974 0.9216
vn 0.1859 0.1434 0.9721
vn 0.3177 0.3957 0.8616
vn 0.2315 0.3091 0.9224
vn 0.6936 0.5495 0.4658
vn 0.1588 0.4012 0.9021
vn 0.4312 0.3925 0.8124
vn 0.1891 0.7893 0.5841
vn 0.3389 0.7849 0.5187
vn 0.6809 0.4340 0.5899
vn 0.3479 0.8891 0.2974
vn 0.1861 0.9594 0.2117
vn -0.0575 0.8487 -0.5257
vn 0.4162 0.7385 -0.5304
vn 0.0637 -0.1414 -0.9879
vn -0.4956 -0.0445 -0.8674
vn 0.2425 -0.5839 -0.7748
vn 0.7629 0.4977 -0.4126
vn 0.4067 -0.5197 -0.7514
vn 0.8981 0.2297 -0.3751
vn 0.4806 0.8355 -0.2663
vn 0.0470 0.9599 -0.2764
vn 0.7945 0.5884 -0.1503
vn 0.8381 0.5373 -0.0945
vn 0.3965 -0.5134 -0.7611
vn 0.8829 0.2821 -0.3755
vn 0.2931 -0.5732 -0.7652
vn 0.8932 0.3293 -0.3061
vn 0.3155 -0.4213 -0.8503
vn 0.9909 0.1262 -0.0465
vn 0.2334 -0.5517 -0.8007
vn 0.8717 -0.4888 0.0365
vn -0.0905 -0.6307 -0.7707
vn 0.5859 -0.8066 -0.0788
vn 0.3910 0.7272 0.5642
vn 0.1801 0.6725 0.7179
vn 0.0139 0.7303 0.6830
vn 0.1045 0.7506 0.6524
vn 0.0650 0.7382 0.6714
vn 0.8753 0.4712 -0.1086
vn -0.4783 -0.3670 -0.7978
vn 0.1407 -0.9852 -0.0981
vn -0.5277 -0.2329 -0.8169
vn -0.0752 -0.9950 -0.0653
vn -0.2217 -0.3780 -0.8989
vn -0.3403 -0.9398 -0.0305
vn -0.0132 -0.4413 -0.8973
vn -0.4802 -0.8728 -0.0875
vn 0.8798 0.4674 0.0865
vn 0.0893 0.6424 0.7611
vn 0.9443 -0.0051 0.3292
vn 0.3099 0.4563 0.8341
vn 0.8517 -0.4877 0.1919
vn 0.6163 0.2585 0.7439
vn 0.5950 -0.7949 0.1184
vn 0.6498 0.1043 0.7529
vn 0.1806 -0.9788 0.0965
vn 0.5936 -0.3763 0.7114
vn -0.0653 -0.9943 0.0845
vn -0.2598 -0.9523 0.1600
vn -0.4504 -0.8846 0.1206
vn -0.5228 -0.8507 0.0553
vn -0.7064 -0.2056 0.6773
vn -0.4452 0.1009 0.8897
vn 0.7256 -0.5109 0.4610
vn -0.9345 0.2044 0.2913
vn -0.4202 -0.8218 0.3848
vn 0.1038 -0.9579 0.2676
vn 0.9249 -0.3733 -0.0723
vn 0.0460 -0.9497 0.3097
vn 0.8360 -0.5486 -0.0117
vn 0.3289 -0.9363 -0.1234
vn 0.6958 -0.3493 -0.6276
vn -0.9554 0.1690 0.2424
vn -0.4702 -0.7629 0.4438
vn -0.9590 0.1765 -0.2219
vn -0.6707 -0.6924 0.2659
vn -0.2666 -0.8819 0.3889
vn -0.2230 -0.9058 0.3602
vn -0.3085 -0.8887 0.3392
vn -0.4391 -0.8969 0.0525
vn -0.6126 -0.7748 0.1562
vn -0.0853 -0.9958 0.0317
vn -0.7285 -0.6457 0.2288
vn -0.7134 0.2749 -0.6445
vn 0.1092 -0.9919 0.0644
vn -0.5269 -0.7741 0.3508
vn -0.2878 -0.9117 0.2932
vn -0.2223 -0.9321 0.2859
vn -0.5224 -0.7752 0.3552
vn -0.6033 -0.7292 0.3229
vn 0.6131 -0.7702 -0.1758
vn 0.6165 -0.0484 -0.7859
vn 0.4512 0.1721 -0.8757
vn 0.9653 -0.0780 -0.2491
vn 0.8256 0.4396 -0.3538
vn 0.1159 0.2810 -0.9527
vn 0.3846 0.2127 -0.8983
vn 0.6421 -0.2188 -0.7347
vn -0.8841 0.4211 -0.2025
vn -0.8120 0.5040 -0.2942
vn -0.5216 -0.4603 -0.7183
vn -0.5267 -0.4462 -0.7235
vn -0.9962 -0.0575 -0.0654
vn -0.2623 -0.5828 -0.7691
vn -0.3855 -0.1912 -0.9027
vn -0.8944 0.3596 -0.2660
vn -0.4677 -0.4719 -0.7474
vn -0.7865 0.4755 -0.3941
vn -0.5678 0.6308 -0.5289
vn -0.5739 -0.4894 -0.6565
vn -0.4544 0.8480 -0.2728
vn -0.8070 0.5720 -0.1469
vn 0.3452 0.8147 0.4659
vn 0.1984 0.8407 0.5038
vn -0.7876 0.6141 -0.0509
vn -0.1693 0.7707 0.6143
vn -0.1481 0.6459 0.7490
vn -0.9339 0.3529 0.0579
vn -0.4477 0.3011 0.8420
vn -0.9465 -0.2396 0.2161
vn -0.4513 0.1232 0.8838
vn -0.8303 -0.4249 0.3607
vn -0.8141 -0.5647 -0.1354
vn -0.0333 -0.5195 -0.8538
vn -0.7535 -0.6570 -0.0230
vn -0.8437 -0.3588 0.3992
vn -0.7577 -0.5626 0.3307
vn -0.3382 0.6641 0.6668
vn -0.2623 0.7493 0.6080
vn -0.7444 -0.5078 0.4337
vn -0.7408 -0.3561 0.5695
vn -0.4751 -0.8028 0.3602
vn -0.6843 -0.6405 0.3485
vn -0.6838 -0.6036 0.4100
vn -0.6120 -0.7475 0.2582
vn -0.5752 -0.7730 0.2677
vn -0.1902 -0.9573 0.2177
vn -0.5521 -0.8016 0.2294
vn -0.4335 -0.8475 0.3063
vn -0.7229 -0.6387 0.2636
vn -0.5572 -0.7867 0.2656
vn -0.3757 -0.9062 0.1942
vn -0.0735 -0.9605 0.2685
vn -0.4444 -0.7699 0.4579
vn -0.6516 -0.7028 0.2855
vn -0.5327 -0.7897 0.3044
vn -0.6098 -0.7235 0.3235
vn -0.0874 -0.9688 0.2320
vn 0.4180 -0.8622 0.2862
vn -0.0732 -0.9585 0.2756
vn 0.7052 -0.6277 0.3296
vn 0.9296 -0.2959 0.2198
vn 0.9604 -0.2551 0.1116
vn 0.7040 -0.6911 0.1633
vn 0.2626 -0.9524 0.1551
vn 0.2335 -0.2665 0.9351
vn 0.4225 -0.1152 0.8990
vn 0.7640 -0.2301 0.6028
vn -0.0282 -0.9557 0.2931
vn 0.8755 0.0400 0.4815
vn -0.3627 -0.5175 0.7750
vn -0.8240 -0.5035 0.2600
vn 0.9813 -0.1448 0.1265
vn 0.9819 -0.1823 0.0521
vn -0.0284 -0.8025 0.5959
vn -0.2167 -0.8814 0.4198
vn -0.3745 -0.7416 0.5565
vn -0.4609 -0.7872 0.4098
vn -0.6925 -0.5459 0.4716
vn -0.6489 -0.5033 0.5706
vn -0.8038 0.5374 0.2550
vn -0.6381 0.7034 0.3130
vn 0.0558 -0.5287 0.8470
vn 0.9184 -0.3442 0.1953
vn -0.2222 -0.4534 0.8631
vn -0.5462 -0.3038 0.7806
vn -0.9243 0.3653 0.1105
vn 0.1461 -0.2620 0.9539
vn 0.9788 -0.1813 -0.0955
vn -0.2682 -0.1626 0.9495
vn 0.1424 -0.4081 0.9018
vn -0.3149 -0.3496 0.8824
vn -0.0156 -0.3228 0.9463
vn 0.2970 -0.4496 0.8424
vn 0.2444 -0.2464 0.9378
vn 0.1010 -0.1155 0.9882
vn -0.4170 -0.3436 0.8415
vn -0.3914 -0.0814 0.9166
vn -0.0428 -0.0397 0.9983
vn -0.7931 0.3203 0.5180
vn -0.8426 -0.2719 0.4649
vn 0.8317 -0.5488 0.0849
vn -0.9247 -0.2709 0.2675
vn -0.9562 0.2110 0.2028
vn 0.7068 -0.5738 0.4137
vn -0.3553 0.6598 0.6622
vn 0.4103 0.6271 0.6621
vn 0.8962 0.1990 0.3965
vn 0.8804 0.3464 0.3237
vn 0.6983 0.5245 0.4871
vn 0.8093 0.4298 0.4003
vn 0.9492 0.2289 0.2159
vn -0.8886 0.1243 -0.4415
vn -0.9202 0.0046 -0.3915
vn -0.9455 0.2997 0.1276
vn -0.9267 0.3755 0.0151
vn -0.6185 -0.1492 -0.7715
vn -0.6263 -0.2470 -0.7394
vn -0.6705 0.5035 0.5449
vn -0.5832 0.6195 0.5254
vn -0.3724 0.5680 0.7340
vn -0.0666 0.6675 0.7416
vn 0.1074 0.5618 0.8203
vn 0.5488 0.4971 0.6721
vn 0.5456 0.4525 0.7054
vn 0.5735 0.4357 0.6937
vn 0.8457 0.2525 0.4702
vn 0.8643 0.2524 0.4350
vn 0.1281 0.5800 0.8045
vn -0.4569 0.4127 0.7879
vn -0.4278 0.1916 -0.8833
vn -0.7292 0.3394 0.5942
vn -0.9792 0.0665 0.1917
vn -0.9422 -0.0937 -0.3216
vn -0.6900 -0.3577 -0.6293
vn -0.6776 -0.7039 0.2130
vn -0.5499 -0.8005 0.2383
vn -0.5254 -0.8426 0.1185
vn -0.5289 -0.8415 0.1102
vn 0.2525 -0.6150 -0.7470
vn -0.4349 -0.9000 -0.0283
vn 0.4791 -0.7340 -0.4814
vn -0.2439 -0.9430 -0.2264
vn -0.0795 -0.4170 -0.9054
vn -0.1093 -0.4133 -0.9040
vn 0.2855 -0.4664 -0.8372
vn 0.8178 -0.3252 -0.4747
vn 0.8037 -0.3253 -0.4983
vn 0.9540 -0.1774 -0.2417
vn 0.9399 -0.2057 -0.2723
vn 0.9178 -0.3340 -0.2147
vn 0.0023 -0.9593 -0.2825
vn 0.7625 -0.6148 -0.2016
vn 0.1331 -0.9524 -0.2742
vn 0.2826 -0.3944 -0.8744
vn -0.1246 -0.3735 -0.9192
vn 0.0129 -0.2427 -0.9700
vn -0.3311 0.2031 -0.9215
vn -0.6716 0.4766 -0.5673
vn -0.5809 0.8128 -0.0433
vn -0.7331 0.2441 -0.6348
vn 0.5119 0.7721 -0.3765
vn 0.2111 0.8297 -0.5168
vn -0.6945 0.6598 -0.2869
vn 0.3513 0.9011 -0.2541
vn 0.0132 -0.1160 -0.9932
vn 0.7303 0.6764 -0.0959
vn 0.3737 -0.2675 -0.8881
vn 0.4629 0.8704 -0.1677
vn 0.0403 0.8527 -0.5209
vn 0.8305 -0.1367 -0.5400
vn 0.0085 0.6278 -0.7783
vn 0.8205 0.1403 -0.5541
vn 0.7765 -0.0754 -0.6256
vn 0.4522 -0.3053 -0.8380
vn 0.8939 0.0061 -0.4481
vn 0.8248 -0.2502 -0.5071
vn 0.9161 -0.1471 -0.3731
vn -0.9436 -0.3239 -0.0685
vn -0.2675 -0.9181 -0.2923
vn -0.4475 -0.8844 0.1325
vn -0.9644 -0.2640 0.0117
vn -0.9780 -0.1764 -0.1110
vn -0.0944 -0.7326 -0.6741
vn -0.9524 0.0830 -0.2932
vn -0.2767 0.2156 -0.9364
vn -0.9973 -0.0738 -0.0038
vn -0.9083 0.3831 -0.1680
vn -0.9975 -0.0645 0.0299
vn -0.6835 0.7207 0.1154
vn -0.9299 0.2986 0.2147
vn -0.8587 0.4183 0.2959
vn -0.0784 0.9966 -0.0268
vn -0.8530 0.3916 0.3450
vn -0.9637 0.1433 0.2253
vn -0.8305 0.3512 0.4323
vn -0.9719 0.0286 0.2336
vn -0.1742 -0.9535 0.2459
vn -0.4210 -0.8635 0.2778
vn -0.1852 -0.9288 0.3211
vn -0.5298 0.6660 0.5251
vn -0.5901 0.6665 0.4555
vn -0.6022 0.6596 0.4498
vn -0.3063 0.9234 -0.2313
vn 0.0250 -0.8694 0.4935
vn -0.6027 0.4759 0.6405
vn 0.5202 0.6560 0.5469
vn -0.5187 0.6352 0.5723
vn 0.4497 0.7618 0.4663
vn -0.4934 0.6928 0.5259
vn 0.5014 0.6257 0.5975
vn -0.5040 0.5925 0.6285
vn 0.4785 0.6247 0.6171
vn -0.3681 0.5404 0.7566
vn -0.7187 0.4259 0.5496
vn -0.7968 0.3083 0.5197
vn -0.6997 0.3042 -0.6465
vn 0.4790 0.6963 0.5345
vn -0.4346 0.6162 0.6568
vn 0.1842 0.8109 0.5554
vn -0.4761 0.6405 0.6025
vn 0.0306 0.7517 0.6588
vn -0.5573 0.4878 0.6719
vn 0.3584 0.5542 0.7513
vn -0.5982 0.2171 0.7714
vn 0.3737 0.4408 0.8161
vn -0.6190 0.0902 0.7802
vn 0.6004 -0.2160 0.7700
vn -0.6445 -0.0772 0.7607
vn -0.8646 0.2804 0.4169
vn -0.9154 0.1304 0.3808
vn -0.8914 -0.1466 0.4289
vn -0.9015 -0.1535 0.4046
vn -0.9140 -0.2007 0.3525
vn -0.8590 -0.1992 0.4717
vn 0.3583 0.0433 0.9326
vn -0.5266 -0.1488 0.8370
vn 0.1263 0.3217 0.9384
vn -0.6838 -0.2462 0.6869
vn -0.7946 -0.1813 0.5795
vn -0.8410 -0.2914 0.4559
vn -0.7990 -0.5998 0.0433
vn -0.3995 -0.7384 -0.5433
vn -0.5386 -0.5822 -0.6091
vn -0.4100 -0.8011 -0.4361
vn -0.5941 -0.6651 -0.4524
vn -0.4779 -0.4441 -0.7579
vn -0.5688 -0.3006 -0.7656
vn -0.6944 -0.3084 -0.6501
vn -0.6072 -0.3863 -0.6944
vn -0.4268 -0.3603 -0.8295
vn -0.7553 -0.4395 0.4862
vn 0.2150 0.3484 0.9124
vn -0.8632 -0.2519 0.4376
vn -0.3382 -0.3680 -0.8661
vn -0.6683 0.0092 0.7438
vn 0.5253 0.4648 0.7127
vn 0.7656 0.4570 0.4528
vn -0.4443 0.2914 0.8471
vn 0.8685 0.3682 0.3318
vn -0.7877 0.2070 0.5803
vn 0.7580 0.6511 0.0392
vn -0.7379 0.3732 0.5623
vn 0.6291 0.7772 0.0144
vn -0.7249 0.4839 0.4902
vn 0.8424 0.5082 -0.1792
vn 0.7451 0.6140 -0.2605
vn 0.4900 -0.2280 -0.8414
vn 0.4645 0.1196 -0.8775
vn -0.3185 -0.7096 -0.6286
vn -0.4657 0.3120 -0.8281
vn -0.0226 -0.7136 -0.7002
vn -0.8315 0.1475 -0.5356
vn -0.9413 -0.3090 -0.1358
vn 0.1047 -0.2494 -0.9627
vn -0.1115 0.6218 -0.7752
vn -0.5014 -0.8641 0.0449
vn -0.0850 0.9469 -0.3102
vn -0.4396 -0.8351 -0.3307
vn -0.2596 0.7711 -0.5813
vn -0.6651 -0.3001 -0.6838
vn -0.2874 0.9175 -0.2750
vn -0.6501 -0.0785 -0.7557
vn -0.1280 0.9916 0.0166
vn -0.5359 0.2335 -0.8113
vn -0.3790 0.4989 -0.7794
vn 0.5056 0.2553 -0.8241
vn -0.7709 0.3108 -0.5560
vn -0.9815 0.0143 -0.1908
vn -0.6697 -0.7301 0.1359
vn -0.5328 -0.8322 -0.1538
vn -0.6062 -0.6995 -0.3784
vn -0.5843 -0.5881 -0.5593
vn -0.5252 -0.8477 -0.0745
vn 0.1679 -0.9063 0.3879
vn -0.1400 -0.9896 0.0327
vn -0.5641 -0.3346 -0.7548
vn 0.0314 -0.9956 -0.0883
vn -0.4808 -0.0234 -0.8765
vn -0.0771 -0.9764 -0.2016
vn 0.2370 -0.3659 0.9000
vn -0.5879 -0.8044 0.0851
vn 0.1917 -0.2281 0.9546
vn -0.7769 -0.5492 0.3078
vn -0.0953 0.1487 0.9843
vn -0.9723 -0.1399 -0.1873
vn -0.3938 0.5149 0.7614
vn -0.9548 0.1566 -0.2525
vn -0.3849 0.9126 0.1381
vn -0.6978 0.4253 -0.5763
vn 0.4474 0.7807 0.4362
vn -0.2263 0.5915 -0.7739
vn 0.8021 0.5418 0.2512
vn 0.6249 0.2672 -0.7335
vn -0.8352 -0.4903 -0.2491
vn 0.3279 -0.5879 -0.7395
vn -0.7967 -0.5617 -0.2230
vn -0.9400 -0.3351 0.0640
vn -0.7898 -0.5478 -0.2761
vn -0.7906 0.1041 0.6035
vn -0.6446 -0.4587 -0.6116
vn -0.8498 -0.0198 0.5267
vn 0.7993 -0.1450 -0.5831
vn -0.9121 0.0711 0.4037
vn -0.9494 -0.3139 0.0052
vn 0.3830 0.9227 -0.0429
vn -0.1747 0.2634 -0.9487
vn 0.1308 0.1809 -0.9748
vn 0.0573 0.9978 -0.0335
vn -0.0769 0.1469 -0.9862
vn -0.5608 0.8217 -0.1009
vn -0.2033 0.0310 -0.9786
vn -0.8870 0.4446 -0.1249
vn 0.0464 0.2315 -0.9717
vn -0.9590 0.2413 -0.1488
vn -0.0274 0.4418 -0.8967
vn -0.9626 0.1009 -0.2514
vn -0.2304 0.4002 -0.8870
vn -0.9105 -0.2295 -0.3438
vn -0.0714 -0.1386 -0.9878
vn -0.7126 -0.5278 -0.4622
vn 0.5639 0.8116 -0.1524
vn -0.3186 0.3492 -0.8812
vn 0.7261 0.6399 -0.2517
vn 0.1271 0.1315 -0.9831
vn 0.7798 0.6206 -0.0825
vn 0.7538 -0.5929 -0.2833
vn -0.8975 0.4383 0.0497
vn -0.5756 0.8139 0.0796
vn -0.1269 0.1199 0.9847
vn -0.1130 0.1107 0.9874
vn -0.9762 0.2103 0.0530
vn -0.3764 -0.0443 0.9254
vn 0.0711 0.9911 0.1126
vn -0.1198 0.1127 0.9864
vn 0.3999 0.9006 0.1705
vn 0.3107 0.2419 0.9192
vn 0.5469 0.8345 0.0669
vn 0.4937 -0.0365 0.8689
vn 0.7236 0.6902 -0.0043
vn 0.8161 0.5757 0.0506
vn 0.5527 0.0811 0.8295
vn 0.4460 0.0733 0.8920
vn -0.9937 0.0956 -0.0579
vn -0.3699 -0.4583 0.8082
vn -0.3357 -0.5159 0.7881
vn -0.9829 -0.1158 -0.1434
vn -0.8077 -0.5667 -0.1627
vn -0.6016 -0.7575 -0.2534
vn 0.5205 -0.5707 -0.6351
vn 0.4967 -0.2869 -0.8191
vn -0.4183 -0.8420 -0.3406
vn 0.2543 -0.2159 -0.9427
vn -0.1288 -0.9445 -0.3022
vn -0.5771 -0.2454 0.7789
vn -0.5809 -0.8031 -0.1330
vn -0.6998 -0.0155 0.7142
vn -0.4028 -0.9136 -0.0550
vn -0.7028 -0.0547 0.7093
vn -0.1034 -0.9764 0.1895
vn -0.3780 -0.2839 0.8812
vn 0.1774 -0.8891 0.4218
vn 0.0597 -0.2818 0.9576
vn 0.4772 -0.7943 0.3760
vn 0.4327 -0.0049 0.9015
vn 0.7963 -0.5660 0.2137
vn 0.9844 -0.1440 0.1011
vn 0.4856 0.3982 0.7782
vn 0.9823 0.1627 0.0925
vn 0.9732 0.1730 -0.1518
vn 0.9399 0.3169 -0.1271
vn 0.3441 -0.2247 -0.9116
vn 0.1776 -0.3922 -0.9026
vn 0.9901 -0.0791 -0.1159
vn 0.0843 -0.4833 -0.8714
vn 0.8351 -0.5185 -0.1840
vn 0.1079 -0.2458 -0.9633
vn 0.9172 0.3912 0.0752
vn 0.2140 0.4716 0.8555
vn 0.2234 0.4375 0.8710
vn 0.8133 -0.5799 -0.0481
vn 0.5436 -0.8022 -0.2468
vn 0.1540 -0.1266 -0.9799
vn 0.1737 -0.9450 -0.2771
vn 0.0789 -0.1636 -0.9834
vn 0.5374 -0.8369 -0.1041
vn 0.2023 -0.9708 -0.1293
vn -0.0578 -0.9862 -0.1554
vn -0.7912 -0.4893 -0.3669
vn -0.3406 -0.8604 -0.3791
vn 0.1937 0.0247 -0.9807
vn 0.2742 0.0790 -0.9584
vn -0.0721 -0.9963 -0.0470
vn -0.3637 -0.8662 -0.3428
vn 0.0303 0.0080 -0.9995
vn 0.0003 -0.0624 -0.9981
vn -0.1015 -0.9355 -0.3385
vn 0.2901 0.2636 -0.9200
vn 0.2809 0.2652 -0.9224
vn 0.0348 0.9930 -0.1128
vn 0.0823 0.9931 -0.0831
vn 0.1636 0.3576 -0.9194
vn 0.1084 0.9912 -0.0758
vn 0.0537 0.4406 -0.8961
vn 0.1153 0.9553 -0.2724
vn 0.0945 0.4762 -0.8742
vn 0.1607 0.9682 -0.1915
vn 0.0422 0.4741 -0.8795
vn 0.1746 0.9838 -0.0407
vn -0.1033 0.4683 -0.8775
vn 0.1670 0.9849 -0.0454
vn -0.1798 0.5151 -0.8381
vn 0.1549 0.9835 -0.0939
vn 0.0240 0.0040 -0.9997
vn -0.1240 -0.9369 -0.3270
vn -0.1815 -0.9198 -0.3478
vn -0.0508 0.0346 -0.9981
vn -0.2740 -0.8809 -0.3860
vn -0.1964 0.0946 -0.9759
vn -0.2890 -0.9134 -0.2866
vn -0.3155 0.0668 -0.9466
vn -0.2630 -0.9473 -0.1828
vn -0.3224 -0.0171 -0.9465
vn -0.2277 0.3876 -0.8933
vn 0.1430 0.9788 -0.1466
vn -0.7298 -0.1479 0.6675
vn -0.6931 -0.0386 0.7198
vn -0.7871 0.0285 0.6162
vn -0.8018 -0.1166 0.5861
vn -0.5840 -0.2636 0.7678
vn -0.5401 -0.1794 0.8222
vn -0.4800 -0.3832 0.7892
vn -0.3576 -0.2922 0.8870
vn -0.3963 -0.4316 0.8103
vn -0.2067 -0.3348 0.9193
vn -0.2976 -0.5349 0.7907
vn -0.1487 -0.4092 0.9002
vn -0.6747 0.2376 0.6988
vn -0.5931 0.1541 0.7902
vn -0.3350 0.0772 0.9391
vn -0.0830 -0.0536 0.9951
vn 0.1038 -0.1480 0.9835
vn 0.1754 -0.3946 0.9019
vn -0.4519 -0.2885 0.8442
vn -0.3890 -0.4014 0.8292
vn -0.5370 -0.3501 0.7675
vn -0.5022 -0.4408 0.7440
vn -0.6370 -0.3513 0.6862
vn -0.5764 -0.4925 0.6520
vn -0.3713 -0.6464 0.6665
vn -0.5173 -0.6758 0.5252
vn -0.6025 -0.6687 0.4357
vn -0.6489 -0.4930 0.5796
vn -0.7368 -0.6095 0.2927
vn -0.7529 -0.4479 0.4823
vn -0.8554 -0.4884 0.1727
vn -0.8208 -0.3606 0.4431
vn -0.8787 -0.3174 0.3565
vn -0.9265 -0.3743 0.0378
vn -0.7373 -0.2998 0.6054
vn -0.9177 -0.2338 0.3211
vn -0.8067 -0.2387 0.5406
vn -0.9229 -0.1722 0.3443
vn -0.8524 -0.2074 0.4800
vn -0.9399 -0.1217 0.3191
vn -0.8665 -0.1615 0.4723
vn -0.9441 -0.0436 0.3266
vn -0.8753 -0.0863 0.4758
vn -0.9907 0.0047 0.1363
vn -0.9844 0.0661 0.1628
vn -0.9195 0.0338 0.3915
vn -0.9646 0.1657 0.2050
vn -0.8891 0.1151 0.4430
vn -0.8259 0.4137 0.3830
vn -0.4848 0.4603 0.7437
vn -0.9884 -0.0908 0.1214
vn -0.9738 -0.2233 0.0423
vn -0.0367 0.6392 0.7682
vn 0.1640 0.7112 0.6836
vn 0.3301 0.6329 0.7003
vn 0.3899 0.3888 0.8347
vn 0.6265 0.3372 0.7027
vn 0.5880 -0.2130 0.7803
vn -0.1471 -0.5044 0.8509
vn -0.2586 -0.5732 0.7776
vn 0.3812 -0.8853 0.2663
vn 0.2424 -0.9624 0.1228
vn 0.4092 -0.6681 0.6214
vn 0.1097 -0.9913 -0.0730
vn -0.2943 -0.9556 -0.0139
vn -0.2063 -0.8182 -0.5366
vn -0.4993 -0.6392 -0.5850
vn -0.6117 -0.3730 -0.6976
vn -0.7422 -0.1713 -0.6479
vn -0.8561 -0.0420 -0.5150
vn -0.8210 0.1192 -0.5584
vn -0.8807 0.2052 -0.4269
vn -0.7762 0.3801 -0.5030
vn -0.2991 0.8656 0.4016
vn -0.5515 -0.7097 0.4383
vn -0.3912 -0.5190 0.7600
vn -0.4831 -0.2881 0.8268
vn -0.7668 -0.4882 0.4168
vn -0.1659 -0.1317 0.9773
vn -0.3919 0.0184 0.9198
vn -0.1716 0.0169 0.9850
vn -0.8910 -0.0283 0.4531
vn -0.6882 0.3902 0.6116
vn -0.3340 0.1974 0.9217
vn -0.1858 0.1433 0.9721
vn -0.3177 0.3958 0.8616
vn -0.2315 0.3091 0.9224
vn -0.6936 0.5495 0.4658
vn -0.1587 0.4012 0.9021
vn -0.4311 0.3925 0.8125
vn -0.1891 0.7893 0.5841
vn -0.3388 0.7851 0.5185
vn -0.6809 0.4341 0.5899
vn -0.3478 0.8892 0.2973
vn -0.1863 0.9594 0.2117
vn -0.3900 -0.0790 -0.9174
vn 0.5175 -0.6669 -0.5362
vn 0.1021 -0.9622 -0.2525
vn -0.6969 -0.3476 -0.6273
vn 0.1566 -0.9505 0.2683
vn -0.8471 -0.4602 -0.2657
vn -0.0235 -0.9510 0.3084
vn -0.8097 -0.5772 0.1060
vn -0.8321 -0.1373 -0.5374
vn -0.5781 0.1809 -0.7956
vn -0.9577 -0.2589 -0.1253
vn -0.9712 -0.2315 -0.0555
vn -0.0404 -0.9456 0.3227
vn -0.8692 -0.4938 0.0274
vn 0.0474 -0.9251 0.3768
vn -0.9277 -0.3730 0.0133
vn -0.1801 -0.9598 0.2151
vn -0.8718 -0.2378 0.4284
vn 0.2589 -0.8032 0.5366
vn -0.4727 -0.2627 0.8412
vn 0.4973 -0.6581 0.5654
vn -0.3317 -0.0373 0.9426
vn -0.7132 0.6778 -0.1789
vn -0.4794 0.8484 -0.2246
vn -0.3828 0.8573 -0.3442
vn -0.4865 0.7914 -0.3701
vn -0.4413 0.7964 -0.4137
vn -0.9604 -0.2697 0.0702
vn 0.5295 -0.8420 0.1035
vn 0.0887 0.3175 0.9441
vn 0.3819 -0.8974 0.2211
vn 0.5868 0.1222 0.8005
vn 0.1071 -0.7748 0.6230
vn 0.8114 -0.0112 0.5844
vn -0.0089 -0.6448 0.7643
vn 0.8535 -0.1484 0.4996
vn -0.9940 -0.0347 0.1034
vn -0.4302 0.7597 -0.4877
vn -0.5221 -0.0952 0.8475
vn -0.7737 0.5576 -0.3009
vn -0.3826 0.1006 0.9184
vn -0.6715 0.6998 -0.2437
vn 0.2321 0.2055 0.9507
vn -0.3520 0.9193 -0.1762
vn 0.4508 0.2655 0.8522
vn 0.0318 0.9796 0.1987
vn 0.6840 0.2405 0.6887
vn 0.8231 0.1888 0.5356
vn 0.9063 0.0394 0.4208
vn 0.9166 -0.0599 0.3953
vn 0.8530 0.2149 -0.4756
vn 0.5459 0.4616 -0.6992
vn -0.0620 0.8747 0.4807
vn 0.6362 -0.2651 -0.7246
vn 0.9329 0.2552 0.2543
vn 0.6030 0.4599 0.6518
vn -0.4641 0.4787 0.7453
vn 0.6374 0.4661 0.6135
vn -0.2765 0.5097 0.8147
vn 0.2746 0.2677 0.9235
vn -0.4612 -0.0386 0.8865
vn 0.6595 -0.3086 -0.6854
vn 0.9447 0.2819 0.1674
vn 0.5169 -0.7271 -0.4518
vn 0.9932 0.0123 0.1158
vn 0.8526 0.3606 0.3783
vn 0.8331 0.3577 0.4219
vn 0.8711 0.2981 0.3904
vn 0.8819 -0.0064 0.4714
vn 0.9661 -0.0368 0.2554
vn 0.6687 0.1855 0.7200
vn 0.9949 -0.0651 0.0777
vn 0.1446 -0.9663 -0.2130
vn 0.5326 0.3389 0.7756
vn -0.5956 -0.1761 0.7837
vn 0.9644 0.1716 0.2012
vn 0.8554 0.2760 0.4384
vn 0.8150 0.3153 0.4863
vn 0.9627 0.1729 0.2080
vn 0.9848 0.0863 0.1508
vn -0.0571 0.3633 0.9299
vn -0.6868 -0.2765 0.6722
vn -0.7203 -0.4986 0.4823
vn -0.7000 -0.5662 0.4353
vn -0.5633 -0.7715 0.2958
vn 0.9654 0.1222 0.2306
vn 0.9870 0.0808 0.1388
vn 0.9929 0.0283 0.1158
vn 0.9754 0.0662 0.2105
vn 0.9984 0.0553 0.0149
vn 0.9845 0.0361 0.1718
vn 0.7965 0.2858 0.5329
vn 0.9659 0.0658 0.2505
vn 0.9338 0.2059 0.2926
vn 0.9934 0.1090 -0.0343
vn 0.9662 0.1786 0.1861
vn 0.8628 0.2018 0.4635
vn 0.6770 0.5000 0.5401
vn 0.7767 0.6296 -0.0187
vn 0.7378 0.4020 0.5423
vn 0.9814 0.1790 -0.0701
vn 0.9503 0.2303 -0.2096
vn 0.9060 0.1630 -0.3906
vn 0.9233 0.1939 -0.3316
vn 0.9543 0.2918 -0.0648
vn 0.1703 0.5549 -0.8143
vn 0.0204 0.5151 -0.8569
vn 0.8064 0.5766 0.1310
vn 0.3066 0.7870 0.5354
vn 0.6151 0.6984 0.3658
vn -0.0034 0.8538 0.5206
vn -0.2749 0.8609 0.4282
vn -0.4287 0.8213 0.3765
vn -0.1218 0.7549 0.6444
vn 0.3789 0.7027 0.6022
vn 0.4246 0.9015 -0.0834
vn 0.1328 0.9752 -0.1770
vn -0.2172 0.9691 0.1172
vn 0.5243 0.7431 0.4158
vn -0.6111 0.7820 0.1227
vn 0.6035 0.7396 -0.2980
vn 0.3631 -0.7349 -0.5728
vn 0.1437 -0.8588 0.4917
vn -0.1660 -0.9797 0.1120
vn 0.0825 -0.8234 -0.5614
vn 0.7325 -0.5821 -0.3530
vn 0.2732 -0.6713 0.6890
vn -0.0615 -0.9973 0.0413
vn 0.4221 -0.4666 -0.7773
vn -0.2317 -0.9689 0.0865
vn -0.1785 0.9685 0.1733
vn 0.3287 0.6358 -0.6983
vn 0.6522 -0.7515 -0.0996
vn 0.1492 0.7434 -0.6520
vn 0.3153 0.9422 -0.1135
vn -0.0566 0.9957 -0.0738
vn 0.3960 0.8000 -0.4508
vn 0.1731 -0.4042 -0.8981
vn -0.1123 0.3974 -0.9107
vn -0.0406 0.4015 -0.9150
vn 0.4747 -0.5328 -0.7006
vn 0.4093 0.3795 -0.8298
vn 0.8991 -0.2868 -0.3306
vn 0.5344 0.4489 -0.7162
vn 0.9755 -0.0672 -0.2093
vn 0.8899 -0.4329 0.1440
vn 0.0676 -0.6039 0.7942
vn 0.9390 -0.2892 0.1861
vn 0.9885 -0.1315 -0.0752
vn -0.8000 -0.0779 0.5949
vn 0.5156 0.4383 0.7363
vn -0.1479 0.1958 0.9694
vn -0.9516 -0.0356 0.3051
vn 0.4996 0.2655 0.8246
vn 0.8613 0.4734 0.1844
vn 0.8055 0.5298 -0.2655
vn 0.6888 -0.0877 0.7197
vn 0.7481 0.3488 -0.5645
vn 0.2573 0.4087 -0.8756
vn -0.2481 0.4489 0.8584
vn -0.9791 0.2016 0.0265
vn 0.0477 0.3854 0.9215
vn 0.4016 0.2223 0.8884
vn 0.9951 0.0152 0.0974
vn -0.2590 0.6628 0.7025
vn -0.9048 0.1838 -0.3842
vn 0.1243 0.5504 0.8256
vn -0.3764 0.5837 0.7194
vn 0.0101 0.4085 0.9127
vn -0.2064 0.6282 0.7502
vn -0.5458 0.5968 0.5881
vn -0.3867 0.7463 0.5418
vn -0.1753 0.7954 0.5802
vn 0.1122 0.3652 0.9242
vn 0.2549 0.5777 0.7755
vn 0.0155 0.7901 0.6127
vn 0.8245 0.2917 0.4848
vn 0.4971 -0.0712 0.8648
vn -0.9945 0.1041 0.0143
vn 0.5442 -0.2692 0.7946
vn 0.9076 -0.0778 0.4125
vn -0.9092 0.3508 0.2243
vn 0.6732 0.7237 0.1518
vn 0.0377 0.9818 -0.1864
vn -0.5836 0.7530 -0.3040
vn -0.6236 0.5524 -0.5531
vn -0.5523 0.6078 -0.5706
vn -0.1915 0.6348 -0.7486
vn 0.0592 0.7755 -0.6286
vn 0.6972 0.5495 -0.4604
vn 0.3723 0.8714 -0.3195
vn -0.8257 0.4812 -0.2943
vn -0.9853 0.1110 0.1298
vn -0.7295 0.5080 -0.4580
vn -0.7111 -0.3310 0.6203
vn -0.9767 0.1840 0.1103
vn -0.4504 -0.4711 0.7584
vn -0.6910 -0.1792 0.7003
vn -0.6467 -0.1155 0.7540
vn -0.0390 -0.5032 0.8633
vn 0.0669 -0.4632 0.8837
vn 0.7317 -0.5585 0.3907
vn 0.6188 -0.3704 0.6928
vn 0.1146 -0.4371 0.8921
vn 0.7387 -0.1227 0.6627
vn 0.2904 -0.3083 0.9059
vn -0.0197 -0.7259 0.6876
vn -0.1521 0.3443 0.9264
vn 0.8654 0.0603 0.4975
vn -0.3735 -0.8801 -0.2930
vn 0.4568 -0.8619 -0.2200
vn 0.1829 -0.8442 0.5038
vn -0.9645 -0.2485 -0.0889
vn -0.9757 0.1804 0.1243
vn 0.8137 -0.5685 -0.1217
vn 0.7412 -0.5305 0.4113
vn 0.8219 -0.5295 -0.2101
vn 0.4714 -0.8545 -0.2183
vn -0.5230 -0.6193 0.5856
vn 0.2540 -0.2670 0.9296
vn 0.8227 0.4342 0.3670
vn 0.0884 -0.0826 0.9927
vn 0.3902 0.8694 0.3032
vn 0.7229 -0.1351 -0.6776
vn 0.1320 0.2620 -0.9560
vn -0.2002 0.9204 0.3357
vn -0.5376 0.5349 -0.6518
vn -0.8739 0.4356 -0.2156
vn -0.8030 0.5702 -0.1736
vn 0.9120 -0.3225 -0.2534
vn 0.9027 -0.3576 -0.2392
vn 0.0754 -0.0527 0.9958
vn 0.8974 -0.3004 -0.3231
vn 0.6630 -0.1874 -0.7248
vn -0.7866 0.5660 -0.2470
vn -0.5572 0.4559 -0.6940
vn 0.5701 -0.3851 0.7257
vn -0.9417 -0.3335 -0.0446
vn -0.9895 0.1428 0.0210
vn -0.5652 0.4927 -0.6617
vn 0.1544 0.2677 -0.9510
vn 0.1365 0.1807 -0.9740
vn 0.7115 -0.1170 -0.6929
vn 0.8625 -0.3326 -0.3814
vn -0.8207 0.4734 -0.3198
vn -0.3627 -0.9210 -0.1420
vn 0.6584 -0.1973 -0.7264
vn 0.0862 0.1119 -0.9900
vn 0.5427 -0.3463 -0.7653
vn -0.0160 -0.0920 -0.9956
vn -0.5904 0.3447 -0.7298
vn -0.6257 0.1441 -0.7666
vn -0.8512 0.3692 -0.3730
vn -0.8626 0.2262 -0.4525
vn 0.7640 -0.4793 -0.4320
vn 0.8543 -0.3738 -0.3612
vn -0.1609 -0.3574 -0.9200
vn -0.5154 -0.1715 -0.8396
vn -0.2385 -0.5696 -0.7866
vn 0.3361 -0.6329 -0.6974
vn 0.3173 -0.5020 -0.8045
vn -0.7375 -0.1667 -0.6545
vn -0.2464 0.5447 -0.8016
vn -0.4832 0.3901 -0.7838
vn -0.4374 0.5385 -0.7202
vn -0.1916 0.5819 -0.7903
vn 0.0998 0.5173 -0.8499
vn 0.0962 0.5549 -0.8263
vn 0.4354 0.3372 -0.8347
vn 0.4230 0.4020 -0.8121
vn 0.3987 0.2866 -0.8711
vn 0.0962 0.4152 -0.9046
vn -0.5663 0.4171 -0.7109
vn 0.4251 -0.1251 -0.8965
vn -0.3374 -0.9166 -0.2146
vn -0.2063 -0.4542 0.8667
vn 0.8908 0.3277 0.3148
vn 0.9017 -0.2577 -0.3471
vn 0.7635 -0.0606 -0.6430
vn 0.9766 -0.1905 -0.1002
vn 0.7379 -0.6742 -0.0312
vn 0.8718 -0.3064 -0.3821
vn 0.7532 0.0319 -0.6570
vn 0.7446 -0.6660 -0.0456
vn 0.3657 -0.8623 0.3503
vn 0.7940 -0.6079 -0.0073
vn 0.8542 -0.2705 -0.4441
vn 0.8744 -0.2092 -0.4378
vn 0.6741 0.1187 -0.7290
vn 0.8699 -0.4928 0.0200
vn 0.8334 -0.5503 0.0507
vn 0.4875 -0.5952 0.6388
vn 0.4863 -0.7538 0.4419
vn 0.2237 -0.7334 0.6420
vn 0.1591 -0.3904 0.9068
vn 0.2734 -0.4768 0.8354
vn 0.1118 -0.8475 0.5189
vn 0.3747 -0.9144 0.1529
vn 0.0311 -0.9415 0.3357
vn -0.0793 -0.2286 0.9703
vn 0.8826 -0.2376 -0.4058
vn 0.6383 0.1711 -0.7505
vn 0.5000 0.5535 -0.6661
vn 0.6120 0.4219 -0.6690
vn 0.4790 0.8529 -0.2077
vn 0.7986 0.0286 -0.6012
vn 0.2457 -0.5390 0.8057
vn -0.1801 -0.2902 0.9399
vn 0.8933 -0.4494 0.0104
vn 0.9140 -0.4057 0.0065
vn 0.5015 -0.4698 0.7265
vn 0.1902 -0.4076 0.8931
vn 0.9139 -0.1694 -0.3690
vn 0.8643 -0.5026 0.0185
vn 0.4291 -0.6326 0.6447
vn -0.1969 -0.2406 0.9505
vn -0.1939 -0.4405 0.8766
vn -0.4124 -0.0457 0.9099
vn -0.1950 -0.1456 0.9699
vn -0.0981 -0.2782 0.9555
vn -0.7144 0.0742 0.6958
vn -0.7745 0.5163 0.3655
vn -0.8666 0.3564 0.3494
vn 0.8346 -0.1139 -0.5390
vn 0.7647 -0.2048 -0.6110
vn 0.2444 0.3059 -0.9202
vn 0.8178 -0.2338 -0.5259
vn 0.3266 0.3400 -0.8819
vn -0.3201 0.6406 -0.6979
vn -0.4128 0.5905 -0.6934
vn 0.8315 -0.5541 0.0401
vn 0.8314 -0.5556 -0.0073
vn 0.4569 -0.6599 0.5965
vn 0.4009 -0.6143 0.6796
vn -0.6253 0.6475 -0.4355
vn -0.6324 0.7035 -0.3243
vn 0.8245 -0.1102 -0.5551
vn 0.3586 0.3804 -0.8525
vn 0.3333 0.3031 -0.8928
vn 0.7674 -0.2035 -0.6080
vn -0.3585 0.5972 -0.7175
vn -0.3458 0.6346 -0.6912
vn 0.8370 -0.5472 0.0065
vn 0.7903 -0.6116 0.0378
vn 0.4067 -0.6843 0.6053
vn 0.3651 -0.6553 0.6613
vn -0.3160 -0.4188 0.8513
vn -0.2752 -0.3553 0.8933
vn -0.8082 0.2330 0.5408
vn -0.7654 0.1283 0.6306
vn -0.8587 0.4546 0.2364
vn -0.9163 0.3015 0.2636
vn -0.7152 0.5929 -0.3701
vn -0.6958 0.6323 -0.3406
vn -0.7311 0.2175 0.6467
vn -0.2114 -0.3331 0.9189
vn 0.8232 -0.5607 0.0887
vn 0.8221 -0.1454 -0.5505
vn 0.3538 0.3413 -0.8708
vn -0.2858 0.5942 -0.7518
vn -0.9235 0.2845 0.2572
vn -0.7895 0.1250 0.6009
vn -0.7081 0.5646 -0.4240
vn 0.8886 -0.0106 -0.4585
vn 0.3787 0.3822 -0.8429
vn 0.8811 -0.4073 0.2402
vn -0.2879 0.6271 -0.7238
vn -0.6606 0.5549 -0.5057
vn 0.4323 -0.4971 0.7523
vn -0.7845 0.1240 0.6076
vn -0.2712 -0.2935 0.9167
vn -0.2084 -0.2765 0.9381
vn 0.4167 -0.5236 0.7431
vn -0.8882 0.3666 0.2768
vn 0.4575 -0.4390 0.7733
vn -0.2506 -0.1612 0.9546
vn 0.5029 -0.2551 0.8259
vn -0.1491 0.0494 0.9876
vn -0.7425 0.2230 0.6316
vn -0.6454 0.3699 0.6683
vn -0.8510 0.4426 0.2826
vn -0.7736 0.5394 0.3326
vn 0.9273 -0.2767 0.2522
vn 0.8980 -0.3713 0.2363
vn 0.8596 0.0363 -0.5097
vn 0.8864 -0.0265 -0.4622
vn 0.3820 0.4118 -0.8273
vn 0.3884 0.3591 -0.8486
vn -0.2183 0.6654 -0.7138
vn -0.2371 0.6229 -0.7455
vn -0.6204 0.7076 -0.3381
vn -0.6183 0.6562 -0.4326
vn 0.4982 0.8013 -0.3311
vn 0.9179 0.3640 -0.1579
vn -0.0730 0.9403 -0.3325
vn 0.4049 0.8449 0.3497
vn 0.9057 0.2052 0.3709
vn -0.2725 0.9448 0.1816
vn 0.3632 -0.1587 0.9181
vn 0.3081 -0.0411 0.9505
vn 0.2545 -0.3565 0.8990
vn 0.1652 -0.5021 0.8489
vn 0.2666 -0.2661 0.9264
vn -0.0101 -0.1938 0.9810
vn -0.3771 -0.2367 0.8954
vn -0.3844 -0.5652 0.7299
vn 0.2622 -0.1241 0.9570
vn 0.0139 -0.4396 0.8981
vn 0.0026 -0.3290 0.9443
vn 0.0764 0.2878 0.9546
vn -0.2368 -0.3233 0.9162
vn -0.7208 -0.4822 0.4979
vn -0.4866 -0.8735 0.0135
vn -0.8413 0.1992 0.5025
vn -0.4800 0.1141 0.8698
vn -0.4539 -0.8580 -0.2406
vn 0.2773 -0.8829 -0.3789
vn -0.4898 -0.3526 0.7974
vn -0.9653 -0.2425 0.0968
vn -0.9684 0.1922 0.1589
vn 0.7600 -0.6173 -0.2031
vn 0.7355 -0.6747 -0.0619
vn 0.7738 -0.5980 -0.2089
vn 0.3794 -0.8942 -0.2376
vn -0.6197 -0.2385 0.7477
vn 0.2606 -0.3009 0.9174
vn -0.4553 -0.8809 -0.1291
vn 0.0970 -0.1690 0.9808
vn -0.9699 -0.2376 0.0540
vn 0.0956 -0.0996 0.9904
vn 0.2498 -0.7450 0.6185
vn -0.9679 0.2097 0.1388
vn -0.4210 0.9047 0.0657
vn -0.8674 0.4956 -0.0450
vn -0.6362 0.5234 -0.5668
vn -0.0773 0.2871 -0.9548
vn 0.3269 0.9330 -0.1507
vn 0.5732 -0.1045 -0.8127
vn 0.9356 0.3439 -0.0792
vn -0.8273 0.5595 -0.0492
vn 0.8516 -0.2931 -0.4345
vn 0.8658 -0.3442 -0.3632
vn 0.8153 -0.2328 -0.5301
vn 0.5226 -0.1457 -0.8400
vn -0.8198 0.5569 -0.1331
vn -0.7178 0.3759 -0.5860
vn -0.6847 0.4654 -0.5609
vn -0.1288 0.3203 -0.9385
vn -0.1536 0.1581 -0.9754
vn 0.5339 -0.0641 -0.8431
vn 0.7563 -0.2909 -0.5860
vn 0.4552 -0.1699 -0.8740
vn -0.1419 0.1980 -0.9699
vn 0.3591 -0.3131 -0.8792
vn -0.1792 -0.0179 -0.9836
vn -0.6448 0.4137 -0.6428
vn -0.7110 0.2063 -0.6722
vn -0.8615 0.4198 -0.2855
vn -0.9154 0.2088 -0.3442
vn 0.6099 -0.4743 -0.6348
vn 0.7025 -0.3578 -0.6152
vn -0.3194 -0.2684 -0.9088
vn -0.7076 -0.0754 -0.7026
vn -0.4019 -0.4764 -0.7820
vn 0.0986 -0.5905 -0.8010
vn 0.1912 -0.4558 -0.8693
vn -0.8311 -0.1141 -0.5444
vn -0.8459 0.4768 -0.2390
vn 0.5951 0.7718 -0.2242
vn 0.2021 0.7459 -0.6347
vn 0.8270 0.5455 -0.1362
vn 0.2203 0.9487 0.2268
vn -0.1411 0.6906 -0.7093
vn 0.0776 0.9631 -0.2578
vn 0.6291 0.7555 0.1827
vn -0.1979 0.9717 -0.1289
vn 0.0321 0.9947 -0.0972
vn -0.3808 0.8360 0.3952
vn 0.0771 0.8081 0.5840
vn -0.4806 0.6211 0.6190
vn -0.7563 0.6299 0.1766
vn -0.4494 0.8654 0.2216
vn -0.7931 0.5936 0.1362
vn -0.4282 0.8867 0.1747
vn -0.2941 0.7995 0.5238
vn 0.3375 0.9219 0.1900
vn 0.3150 0.7180 0.6207
vn 0.8457 0.3422 0.4095
vn 0.9097 0.4137 0.0360
vn 0.9923 -0.0944 0.0801
vn 0.9957 0.0132 -0.0916
vn -0.8410 0.4863 0.2370
vn 0.5805 -0.1647 0.7975
vn 0.0739 0.0677 0.9950
vn -0.1021 -0.2504 0.9627
vn 0.5474 -0.4843 0.6825
vn -0.6790 0.1448 0.7197
vn -0.4879 0.3300 0.8081
vn 0.8405 -0.4273 0.3330
vn 0.8078 -0.5162 0.2845
vn -0.8670 0.3922 0.3073
vn -0.9189 0.3013 0.2546
vn 0.5509 -0.5366 0.6392
vn -0.1334 -0.3117 0.9408
vn -0.7193 0.0925 0.6885
vn 0.8205 -0.4941 0.2877
vn -0.8659 0.3638 0.3434
vn 0.4809 -0.5273 0.7005
vn -0.1384 -0.3385 0.9307
vn 0.7865 -0.4726 0.3976
vn -0.7072 0.0087 0.7070
vn -0.8343 0.2894 0.4692
vn 0.4887 -0.5075 0.7097
vn 0.7755 -0.5447 0.3192
vn 0.4426 -0.6014 0.6651
vn -0.1753 -0.4228 0.8891
vn -0.1304 -0.2909 0.9478
vn -0.7342 -0.0565 0.6766
vn -0.6999 0.0095 0.7142
vn 0.7653 -0.6039 0.2226
vn -0.9525 0.1615 0.2583
vn -0.9113 0.1854 0.3677
vn -0.4050 -0.8620 0.3047
vn 0.1972 -0.9401 0.2781
vn -0.8562 -0.4275 0.2901
vn -0.4235 -0.7962 -0.4322
vn 0.3557 -0.8975 -0.2608
vn -0.9011 -0.3170 -0.2959
vn -0.1583 0.7684 0.6201
vn 0.4164 0.8407 0.3462
vn -0.3098 0.6001 0.7375
vn -0.5285 0.6853 0.5010
vn -0.5970 0.7508 0.2828
vn -0.2473 0.9045 0.3476
vn -0.6404 0.7414 0.2005
vn -0.2838 0.9339 0.2175
vn -0.1160 0.8206 0.5596
vn 0.4608 0.8676 0.1870
vn 0.4698 0.6739 0.5702
vn 0.9279 0.2734 0.2536
vn 0.9568 0.2891 -0.0296
vn 0.9769 -0.1940 -0.0897
vn 0.9815 -0.1278 -0.1426
vn -0.7203 0.6143 0.3220
vn 0.7267 -0.2233 0.6496
vn 0.2304 0.0303 0.9726
vn 0.1063 -0.2083 0.9723
vn 0.7320 -0.4218 0.5350
vn -0.5145 0.1579 0.8428
vn -0.3346 0.2553 0.9071
vn 0.9024 -0.4106 0.1305
vn 0.8941 -0.4387 0.0895
vn -0.7944 0.3833 0.4711
vn -0.7910 0.3536 0.4992
vn 0.7104 -0.4921 0.5033
vn 0.0632 -0.3026 0.9510
vn -0.5538 0.0690 0.8298
vn 0.8954 -0.4404 0.0653
vn -0.7977 0.3622 0.4822
vn 0.5888 -0.5959 0.5462
vn -0.0173 -0.4077 0.9130
vn 0.8436 -0.5181 0.1412
vn -0.6043 -0.0388 0.7958
vn -0.7733 0.2593 0.5786
vn 0.5657 -0.6332 0.5282
vn 0.7797 -0.6226 0.0670
vn 0.4719 -0.7311 0.4928
vn -0.0818 -0.5110 0.8557
vn -0.0087 -0.3966 0.9180
vn -0.6743 -0.1087 0.7304
vn -0.5779 -0.0649 0.8135
vn 0.7322 -0.6805 -0.0276
vn -0.9113 0.1704 0.3748
vn -0.8484 0.1198 0.5157
vn -0.4204 -0.8666 0.2687
vn 0.1449 -0.9871 0.0678
vn -0.8454 -0.4529 0.2833
vn -0.5468 -0.6987 -0.4613
vn 0.2935 -0.8642 -0.4087
vn -0.9340 -0.2321 -0.2717
vn 0.1475 0.9730 -0.1776
vn 0.8149 0.5795 -0.0006
vn -0.4782 0.8745 0.0817
vn -0.6741 0.6296 -0.3862
vn -0.6057 0.6344 -0.4804
vn -0.3417 0.6604 -0.6687
vn 0.2734 0.4043 -0.8728
vn 0.9806 -0.1463 0.1305
vn 0.9619 0.1475 0.2301
vn 0.9826 0.1730 0.0675
vn 0.9796 -0.1894 -0.0678
vn 0.5305 0.7967 0.2894
vn 0.5501 0.6948 0.4633
vn 0.8284 0.2640 0.4939
vn 0.8923 0.0122 0.4513
vn 0.9197 0.3681 0.1367
vn 0.9992 -0.0402 0.0019
vn 0.3133 0.9001 0.3029
vn 0.1950 0.8413 0.5042
vn -0.9206 0.3222 0.2208
vn -0.6504 0.6109 -0.4515
vn -0.6253 -0.1767 0.7601
vn 0.0127 -0.5009 0.8654
vn 0.7458 -0.5703 0.3445
vn 0.8972 -0.4261 -0.1159
vn 0.9076 -0.4123 -0.0788
vn 0.7102 -0.5397 0.4521
vn 0.7497 -0.5848 0.3098
vn 0.0465 -0.5356 0.8432
vn 0.0596 -0.5783 0.8137
vn 0.7671 -0.5564 0.3193
vn 0.0525 -0.4862 0.8723
vn -0.6027 -0.1736 0.7789
vn -0.5603 -0.1987 0.8041
vn -0.9134 0.2375 0.3306
vn -0.9254 0.2041 0.3193
vn 0.9024 -0.4152 -0.1156
vn 0.9257 -0.3702 -0.0777
vn -0.6729 0.6292 -0.3890
vn -0.7193 0.5274 -0.4522
vn -0.0572 0.6066 -0.7929
vn -0.1364 0.4881 -0.8621
vn 0.5662 0.2536 -0.7843
vn 0.4714 0.1954 -0.8600
vn 0.7950 -0.0504 -0.6045
vn 0.7908 -0.0768 -0.6073
vn 0.5147 0.2168 -0.8295
vn -0.1129 0.5288 -0.8412
vn -0.6753 0.6139 -0.4088
vn 0.7852 -0.0796 -0.6141
vn -0.9125 0.2533 0.3213
vn -0.5534 -0.2036 0.8077
vn -0.0308 0.5738 -0.8184
vn 0.6261 0.1863 -0.7572
vn -0.0725 0.4862 -0.8708
vn 0.6006 0.1185 -0.7907
vn -0.6538 0.6185 -0.4359
vn -0.6922 0.5243 -0.4960
vn 0.8333 -0.0966 -0.5443
vn 0.8156 -0.0991 -0.5700
vn -0.9304 0.2741 0.2435
vn -0.9108 0.2765 0.3067
vn -0.6161 -0.1485 0.7735
vn -0.0658 0.5491 -0.8331
vn 0.6461 0.1742 -0.7431
vn 0.8693 -0.0594 -0.4907
vn 0.9389 0.2602 -0.2252
vn 0.9277 -0.3730 -0.0161
vn 0.9466 -0.2373 0.2182
vn -0.0601 0.5907 -0.8047
vn 0.5192 0.2644 -0.8128
vn 0.5326 0.2329 -0.8137
vn -0.0807 0.5687 -0.8186
vn -0.5939 0.7043 -0.3888
vn -0.5770 0.7137 -0.3971
vn 0.7928 -0.0045 -0.6095
vn 0.8179 0.0020 -0.5753
vn -0.7287 0.5028 0.4650
vn -0.7863 0.4505 0.4229
vn -0.2972 0.1612 0.9411
vn -0.4419 -0.0276 0.8966
vn 0.2635 -0.0922 0.9602
vn 0.1308 -0.3698 0.9199
vn 0.7777 -0.2695 0.5679
vn 0.7306 -0.4969 0.4683
vn 0.9448 -0.2786 0.1723
vn 0.9088 -0.4122 0.0640
vn -0.3548 0.9269 -0.1220
vn 0.3879 0.1731 0.9053
vn 0.0027 0.2861 0.9582
vn 0.4840 0.4153 0.7702
vn 0.8498 0.1369 0.5090
vn 0.7863 -0.0059 0.6178
vn -0.2276 0.4809 0.8467
vn -0.3636 0.8457 0.3906
vn 0.2448 0.9161 -0.3176
vn 0.7093 0.5599 -0.4282
vn 0.4322 0.8271 0.3594
vn 0.9180 0.3957 -0.0249
vn 0.0590 -0.5213 0.8513
vn -0.5653 -0.1407 0.8128
vn 0.0750 -0.4589 0.8853
vn 0.7247 -0.5814 0.3698
vn 0.7703 -0.4942 0.4031
vn -0.8697 0.3333 0.3641
vn -0.6165 0.7066 -0.3473
vn -0.0708 0.6324 -0.7714
vn 0.5177 0.2872 -0.8059
vn 0.7650 -0.0146 -0.6439
vn 0.8959 -0.4421 -0.0443
vn 0.8850 -0.4642 -0.0365
vn 0.0594 0.3039 0.9509
vn 0.5696 0.0272 0.8215
vn 0.6618 0.1786 0.7281
vn 0.2595 0.5059 0.8226
vn -0.3220 0.4821 0.8148
vn -0.4243 0.6732 0.6056
vn -0.7444 0.1268 0.6556
vn -0.8274 0.4964 0.2625
vn -0.8501 0.4484 0.2761
vn -0.1825 -0.3847 0.9048
vn -0.9906 -0.1253 -0.0556
vn -0.7562 0.2375 -0.6097
vn -0.7121 0.4262 -0.5579
vn -0.9979 -0.0347 0.0541
vn -0.7037 -0.5215 0.4825
vn -0.6733 -0.4322 0.5999
vn -0.3911 0.5416 -0.7441
vn -0.3915 0.3410 -0.8547
vn -0.0481 -0.6284 0.7764
vn -0.0332 -0.4650 0.8847
vn 0.7291 -0.3748 0.5728
vn 0.6357 -0.2330 0.7359
vn 0.9986 0.0326 -0.0422
vn 0.9681 0.2495 -0.0216
vn 0.6048 0.2591 -0.7530
vn 0.4536 0.5183 -0.7250
vn 0.2649 0.3500 -0.8985
vn 0.3142 0.6144 -0.7237
vn -0.7520 -0.4490 0.4825
vn -0.9997 -0.0149 -0.0188
vn -0.7765 0.2438 -0.5810
vn -0.4149 0.3348 -0.8460
vn 0.2654 0.2737 -0.9245
vn 0.6429 0.2233 -0.7327
vn -0.7531 0.4936 -0.4350
vn -0.9582 0.2350 0.1631
vn -0.9918 0.0603 0.1123
vn -0.7862 0.3505 -0.5089
vn -0.7499 -0.1395 0.6467
vn -0.6499 -0.2712 0.7100
vn -0.4069 0.5385 -0.7378
vn -0.4007 0.4766 -0.7825
vn 0.0448 -0.2580 0.9651
vn 0.0498 -0.5339 0.8441
vn 0.8498 -0.1073 0.5160
vn 0.6894 -0.4814 0.5413
vn 0.9993 -0.0134 -0.0341
vn 0.9691 -0.1855 -0.1624
vn 0.7277 0.3837 -0.5685
vn 0.6317 0.2481 -0.7345
vn 0.2151 0.4563 -0.8634
vn 0.2800 0.4563 -0.8446
vn 0.7309 -0.4198 0.5381
vn 0.9997 -0.0031 -0.0238
vn 0.0066 -0.6717 0.7408
vn 0.4777 0.5391 -0.6937
vn 0.7332 0.4851 -0.4765
vn 0.5409 0.6641 -0.5162
vn 0.9150 0.4014 0.0402
vn 0.5857 0.8021 0.1167
vn 0.2993 0.8215 -0.4853
vn 0.3212 0.9423 0.0942
vn 0.5752 0.6341 0.5168
vn 0.4141 0.6118 0.6740
vn 0.7065 0.2938 0.6439
vn 0.0412 0.0072 0.9991
vn -0.6617 -0.1507 0.7345
vn -0.5769 0.3729 0.7268
vn -0.9967 -0.0352 0.0726
vn -0.7717 0.6128 0.1701
vn -0.7938 0.1867 -0.5788
vn -0.6757 0.5897 -0.4423
vn -0.2661 0.9377 0.2234
vn -0.2617 0.7687 -0.5836
vn -0.1256 0.5866 0.8001
vn -0.4082 0.3413 -0.8467
vn -0.4689 0.5697 -0.6750
vn -0.4285 0.5648 -0.7052
vn -0.4764 0.4801 -0.7366
vn -0.7904 0.2012 -0.5785
vn -0.9661 -0.2465 -0.0772
vn -0.7542 0.0621 -0.6537
vn -0.8837 -0.2641 -0.3863
vn -0.7755 -0.5257 0.3494
vn -0.6497 -0.5339 0.5411
vn -0.2415 -0.4004 0.8839
vn -0.5525 -0.3555 0.7539
vn 0.3652 0.0088 0.9309
vn 0.4205 0.4205 0.8040
vn 0.3460 0.0025 0.9382
vn 0.0616 -0.2165 0.9743
vn 0.1905 0.2766 0.9419
vn -0.5942 0.3793 0.7092
vn -0.4317 0.9011 0.0407
vn -0.2660 0.9100 -0.3180
vn -0.1047 0.8895 -0.4448
vn -0.7456 -0.6557 0.1191
vn -0.7835 -0.3946 -0.4800
vn -0.8016 -0.0565 -0.5952
vn -0.8693 -0.4931 -0.0338
vn -0.2788 -0.7011 0.6563
vn -0.3311 -0.8069 0.4892
vn -0.6372 0.2105 -0.7414
vn -0.6639 0.0429 -0.7465
vn -0.7580 0.1996 -0.6210
vn -0.3853 0.4187 -0.8223
vn -0.9267 -0.1788 -0.3306
vn -0.1269 -0.8809 -0.4560
vn -0.9118 0.3978 0.1013
vn -0.8744 -0.4852 -0.0068
vn -0.5570 -0.7972 0.2328
vn -0.6318 -0.7697 0.0918
vn -0.4231 -0.7819 0.4579
vn -0.0354 -0.6898 0.7231
vn -0.7271 -0.6825 -0.0741
vn -0.4284 0.7741 0.4660
vn 0.0758 -0.3042 0.9496
vn -0.8183 0.5291 0.2245
vn -0.4554 0.8043 0.3817
vn -0.9879 -0.1396 0.0679
vn -0.4264 -0.7517 0.5031
vn 0.0106 -0.5966 0.8025
vn 0.2537 -0.2774 0.9266
vn 0.4353 -0.0641 0.8980
vn -0.1159 -0.0176 0.9931
vn -0.7504 0.6390 0.1694
vn -0.7146 0.6956 0.0741
vn 0.0447 0.3347 0.9413
vn -0.1665 -0.2489 0.9541
vn -0.1150 -0.5252 0.8432
vn -0.3421 -0.5022 0.7943
vn -0.2588 -0.1631 0.9521
vn -0.2744 -0.1386 0.9516
vn -0.2226 -0.1103 0.9687
vn -0.2471 -0.0656 0.9668
vn -0.2152 -0.4879 0.8460
vn -0.1789 -0.5766 0.7972
vn -0.1930 -0.7823 0.5922
vn -0.0665 -0.7598 0.6467
vn -0.2563 -0.8600 0.4413
vn -0.2171 -0.0313 0.9756
vn 0.9672 -0.0186 -0.2532
vn 0.8864 0.4061 -0.2222
vn 0.8599 0.4266 -0.2803
vn 0.9650 -0.0183 -0.2615
vn 0.8543 -0.4983 -0.1481
vn 0.8538 -0.4807 -0.1997
vn 0.4067 -0.9136 0.0047
vn 0.3727 -0.9275 -0.0286
vn 0.9120 0.3482 -0.2168
vn 0.8805 0.3998 -0.2547
vn -0.1257 -0.9844 0.1230
vn -0.1051 -0.9847 0.1391
vn -0.2753 -0.9540 0.1188
vn -0.3756 -0.9243 0.0687
vn -0.3658 -0.9160 0.1646
vn -0.4891 -0.8702 0.0594
vn -0.4611 -0.8707 0.1711
vn 0.5852 -0.8108 0.0109
vn 0.8911 -0.4345 -0.1311
vn 0.6612 -0.7450 0.0881
vn 0.9114 -0.4103 -0.0328
vn 0.0873 -0.9632 0.2542
vn -0.0053 -0.9858 0.1679
vn -0.2173 -0.9409 0.2597
vn -0.1836 -0.9288 0.3219
vn -0.3275 -0.8878 0.3232
vn -0.3297 -0.9100 0.2512
vn -0.4530 -0.8324 0.3193
vn -0.4428 -0.8642 0.2387
vn -0.4426 -0.8321 0.3343
vn -0.3320 -0.8795 0.3411
vn -0.4413 -0.8432 0.3071
vn -0.3966 -0.8660 0.3045
vn -0.3885 -0.8526 0.3495
vn -0.3052 -0.8938 0.3286
vn -0.2882 -0.9039 0.3162
vn -0.1047 -0.9364 0.3349
vn 0.1675 -0.9634 0.2092
vn 0.0410 -0.9828 0.1800
vn 0.1414 -0.9853 -0.0960
vn -0.3988 -0.8535 0.3355
vn -0.0372 -0.8882 0.4579
vn 0.3224 -0.9037 0.2819
vn -0.0716 -0.9758 0.2065
vn -0.1774 -0.9319 0.3165
vn 0.2936 -0.9519 0.0877
vn 0.2369 -0.9379 0.2534
vn 0.6839 -0.7186 0.1265
vn 0.7124 -0.6974 -0.0788
vn 0.4729 -0.8710 -0.1328
vn 0.7315 -0.6002 -0.3236
vn 0.8760 -0.4644 -0.1300
vn 0.8453 -0.4351 -0.3100
vn 0.8910 -0.4524 0.0376
vn 0.2928 -0.9559 0.0224
vn 0.4669 -0.7203 -0.5130
vn 0.2824 -0.9085 -0.3080
vn 0.6472 -0.4824 -0.5902
vn 0.0496 -0.9337 0.3545
vn 0.6397 -0.7317 0.2353
vn 0.8817 -0.4449 0.1570
vn 0.9796 -0.1998 -0.0214
vn 0.9683 -0.1863 -0.1665
vn 0.9684 0.2329 -0.0894
vn 0.9478 0.2410 -0.2088
vn 0.9299 -0.1850 -0.3180
vn 0.9013 0.2742 -0.3353
vn 0.7554 0.6113 -0.2359
vn 0.7870 0.6059 -0.1162
vn 0.4283 -0.5923 -0.6825
vn 0.2237 -0.8465 -0.4831
vn 0.0880 -0.9734 -0.2116
vn 0.0870 -0.9896 0.1146
vn 0.3936 -0.9032 0.1714
vn 0.5323 0.8254 -0.1882
vn 0.5130 0.8499 -0.1205
vn 0.1957 0.9726 -0.1254
vn 0.1684 0.9837 -0.0622
vn -0.3729 0.9247 -0.0773
vn -0.1389 0.9769 -0.1624
vn -0.6234 0.7370 -0.2611
vn -0.4395 0.8696 -0.2248
vn -0.8287 0.4084 -0.3827
vn -0.0318 0.9907 -0.1321
vn -0.3700 0.9242 -0.0944
vn 0.2837 0.9520 -0.1148
vn 0.5432 0.8334 -0.1024
vn 0.5469 0.8123 -0.2028
vn 0.2811 0.9491 -0.1419
vn 0.7835 0.6180 -0.0655
vn 0.7788 0.6197 -0.0974
vn 0.5698 0.7625 -0.3066
vn 0.8237 0.5243 -0.2160
vn 0.6355 0.6856 -0.3551
vn 0.8201 0.5022 -0.2743
vn 0.8741 0.4619 -0.1502
vn 0.9849 0.0444 -0.1674
vn 0.0929 0.9309 -0.3533
vn 0.1834 0.9459 -0.2676
vn -0.0365 0.9951 -0.0922
vn 0.0294 0.9974 -0.0654
vn -0.2603 0.9560 0.1356
vn -0.3169 0.9478 0.0352
vn -0.7679 0.5783 0.2755
vn -0.8548 0.4977 0.1473
vn -0.9105 0.0168 0.4131
vn -0.9584 -0.0671 0.2775
vn -0.5903 -0.6798 0.4353
vn -0.5241 -0.7599 0.3844
vn -0.3333 0.9274 0.1700
vn -0.6900 0.6443 0.3299
vn -0.6719 0.6831 0.2863
vn -0.9460 0.1795 0.2699
vn -0.8635 0.0519 0.5016
vn -0.5241 0.8515 -0.0152
vn -0.4007 0.9037 -0.1510
vn -0.1839 0.9760 -0.1166
vn -0.3757 -0.8759 0.3026
vn -0.2448 -0.9132 0.3257
vn -0.7397 -0.5469 0.3920
vn -0.5869 -0.7748 0.2351
vn -0.8178 -0.5720 0.0632
vn -0.9587 -0.2805 0.0464
vn -0.1160 0.9334 -0.3395
vn -0.8742 -0.4841 -0.0371
vn -0.9683 -0.2271 -0.1036
vn -0.8822 -0.4688 0.0439
vn -0.9740 -0.2253 -0.0225
vn -0.9623 0.2315 -0.1425
vn 0.4073 0.8350 -0.3700
vn -0.8339 0.5519 -0.0073
vn -0.7372 0.6747 0.0356
vn -0.7092 0.7007 0.0776
vn -0.7547 0.6127 -0.2348
vn -0.5954 0.7118 -0.3725
vn -0.8690 -0.4931 0.0406
vn -0.9187 -0.3945 -0.0203
vn -0.9728 0.1986 -0.1192
vn 0.8636 0.4728 -0.1752
vn 0.8610 0.4328 -0.2671
vn 0.8550 0.4566 -0.2460
vn 0.9809 -0.0661 -0.1828
vn 0.8711 -0.4905 0.0229
vn 0.4106 -0.9020 0.1335
vn -0.1242 -0.9893 0.0763
vn -0.3875 -0.9219 0.0019
vn -0.1448 -0.9893 -0.0162
vn -0.3959 -0.9178 -0.0314
vn -0.3831 -0.9228 -0.0415
vn -0.5099 -0.8602 -0.0082
vn -0.5091 -0.8602 -0.0311
vn 0.9960 -0.0858 -0.0251
vn 0.8821 -0.4390 0.1709
vn 0.0318 -0.9988 0.0374
vn 0.5481 -0.7559 0.3580
vn 0.5289 -0.8138 0.2409
vn 0.0959 -0.9947 0.0371
vn -0.1496 -0.9867 -0.0632
vn -0.3718 -0.9274 -0.0419
vn -0.5032 -0.8635 -0.0333
vn -0.6732 0.7365 -0.0658
vn -0.3033 0.9461 -0.1138
vn -0.3728 0.8947 -0.2461
vn -0.7095 0.6904 -0.1412
vn -0.8487 0.5241 -0.0707
vn -0.8847 0.4469 -0.1330
vn -0.5764 0.8171 0.0036
vn -0.1886 0.9820 -0.0031
vn -0.8290 0.5588 0.0233
vn -0.9486 0.2925 0.1207
vn -0.9420 0.3347 0.0258
vn 0.0699 0.9826 -0.1721
vn 0.1767 0.9837 -0.0325
vn -0.4595 0.8852 0.0726
vn 0.0312 0.9982 0.0518
vn -0.3967 0.9082 0.1336
vn -0.7842 0.5634 0.2598
vn -0.7968 0.5868 0.1444
vn -0.8979 0.1904 0.3968
vn -0.9287 0.2477 0.2758
vn -0.7948 -0.3566 0.4910
vn -0.8571 -0.3106 0.4110
vn -0.6130 -0.6262 0.4818
vn -0.6682 -0.5911 0.4518
vn 0.0959 0.9951 0.0251
vn -0.8229 -0.3083 0.4773
vn -0.9098 0.1349 0.3926
vn -0.8181 0.5035 0.2777
vn -0.4177 0.8965 0.1479
vn 0.0895 0.9959 0.0127
vn -0.9373 -0.2386 0.2541
vn -0.7704 -0.5270 0.3588
vn 0.5419 0.8400 -0.0271
vn 0.5264 0.8492 -0.0433
vn 0.1143 0.9934 0.0010
vn 0.4324 0.9015 -0.0182
vn 0.3966 0.9179 0.0162
vn 0.5815 0.8083 -0.0929
vn 0.4722 0.8475 -0.2424
vn 0.7845 0.5576 -0.2715
vn 0.7936 0.5845 -0.1690
vn 0.8494 0.4475 -0.2798
vn 0.8795 0.4250 -0.2141
vn 0.8755 0.3901 -0.2851
vn 0.9571 0.1521 -0.2468
vn 0.9625 0.1755 -0.2066
vn 0.9695 -0.1531 -0.1914
vn 0.9719 -0.1471 -0.1838
vn 0.8360 -0.5240 -0.1628
vn 0.8462 -0.5184 -0.1234
vn 0.9889 -0.1095 -0.1002
vn 0.8647 -0.5007 -0.0391
vn 0.9962 -0.0847 -0.0205
vn 0.8689 -0.4921 0.0525
vn 0.9981 -0.0441 0.0440
vn 0.8685 -0.4821 0.1154
vn 0.9675 0.2244 -0.1164
vn 0.9495 0.1847 -0.2538
vn 0.9798 -0.1132 -0.1649
vn 0.8815 0.3657 -0.2986
vn 0.5593 -0.8182 0.1329
vn 0.5841 -0.7928 0.1743
vn 0.1150 -0.9623 0.2463
vn 0.1706 -0.9693 0.1772
vn 0.5550 -0.8302 0.0533
vn -0.1332 -0.9441 0.3017
vn -0.1956 -0.9234 0.3303
vn 0.2360 -0.9457 0.2236
vn 0.2200 -0.9700 0.1034
vn 0.5554 -0.8314 -0.0188
vn 0.5928 -0.8023 -0.0706
vn 0.8170 -0.5494 -0.1750
vn 0.2888 -0.9561 0.0501
vn -0.0238 -0.9689 0.2463
vn 0.0635 -0.9792 0.1929
vn 0.6646 -0.7242 0.1841
vn 0.8994 -0.4185 0.1265
vn 0.9974 -0.0146 0.0704
vn 0.8769 0.4799 -0.0265
vn 0.8996 0.4364 -0.0200
vn 0.9472 0.3163 -0.0531
vn 0.7737 0.6320 -0.0446
vn 0.8505 0.5146 -0.1091
vn 0.6935 0.7160 -0.0798
vn -0.2190 -0.8309 0.5116
vn 0.0247 -0.8687 0.4947
vn -0.1909 -0.8782 0.4386
vn -0.5674 -0.7651 0.3044
vn -0.2617 -0.9120 0.3158
vn -0.5651 -0.7817 0.2639
vn -0.9382 -0.3450 -0.0293
vn -0.9232 -0.3654 0.1193
vn -0.9686 0.0699 -0.2386
vn -0.9815 0.1912 -0.0083
vn -0.8821 0.3885 -0.2662
vn -0.8311 0.5387 -0.1377
vn -0.9729 -0.1867 -0.1364
vn -0.9037 -0.0037 -0.4281
vn -0.8614 0.1616 -0.4815
vn -0.7700 0.0325 -0.6372
vn -0.9127 0.0923 -0.3980
vn -0.9638 -0.1190 0.2388
vn -0.8732 0.4778 0.0960
vn -0.5231 -0.7874 0.3263
vn -0.2276 -0.9207 0.3170
vn -0.8740 0.4858 0.0086
vn -0.4750 0.8729 0.1111
vn -0.4604 0.1892 0.8673
vn 0.9372 -0.2909 0.1925
vn 0.5695 -0.6428 0.5123
vn 0.4820 -0.6228 0.6163
vn 0.2008 -0.8326 0.5161
vn 0.5146 -0.7276 0.4537
vn 0.7188 -0.4467 0.5327
vn 0.6262 -0.4984 0.5996
vn 0.0837 0.9836 0.1597
vn 0.5579 0.8238 0.1009
vn 0.5429 0.8354 -0.0857
vn 0.0287 0.9975 -0.0641
vn -0.0001 0.9965 0.0836
vn 0.1849 0.9543 -0.2347
vn 0.0846 0.9310 0.3552
vn 0.0897 0.9946 0.0517
vn 0.3043 0.7509 0.5861
vn 0.8615 0.1241 0.4924
vn 0.5116 0.5210 0.6832
vn 0.7964 0.3082 0.5204
vn 0.7533 0.5250 -0.3961
vn 0.3814 0.7440 -0.5487
vn 0.1549 0.9375 -0.3115
vn -0.0098 0.9253 0.3791
vn 0.1538 0.8083 0.5683
vn -0.1352 0.9304 0.3407
vn -0.1410 0.8383 0.5266
vn -0.1583 0.9619 0.2228
vn -0.0896 0.9825 0.1635
vn -0.1842 0.9822 0.0366
vn -0.1016 0.9933 -0.0558
vn -0.1491 0.9443 -0.2935
vn -0.2177 0.9557 -0.1982
vn -0.2954 0.8163 -0.4964
vn -0.1324 0.7210 -0.6802
vn -0.1381 0.5009 -0.8544
vn 0.1070 0.7722 -0.6263
vn 0.1008 0.4613 -0.8815
vn 0.3354 0.4166 -0.8450
vn 0.2241 0.2767 -0.9345
vn 0.0698 0.3046 -0.9499
vn -0.0446 0.3323 -0.9421
vn 0.6500 0.1004 -0.7532
vn 0.8579 0.1203 -0.4996
vn 0.8850 0.4556 -0.0961
vn 0.7845 0.6193 0.0321
vn 0.5078 0.8565 0.0928
vn 0.1141 0.9813 0.1551
vn -0.4996 0.8397 0.2128
vn -0.6025 0.7915 0.1024
vn 0.7268 -0.6720 0.1422
vn -0.5400 0.6716 0.5073
vn 0.9728 -0.1807 0.1450
vn 0.9341 0.1302 0.3324
vn 0.5374 0.3250 0.7781
vn 0.6253 0.2702 0.7321
vn 0.5519 0.3423 0.7604
vn 0.5536 0.2525 0.7935
vn 0.5949 0.2879 0.7504
vn 0.4933 0.4567 0.7403
vn 0.6237 0.3385 0.7046
vn 0.6871 0.3049 0.6595
vn 0.7184 0.1544 0.6783
vn 0.7646 0.0490 0.6426
vn 0.6368 0.1454 0.7571
vn 0.7584 -0.1001 0.6440
vn 0.7834 -0.3403 0.5201
vn 0.4865 0.1515 0.8605
vn 0.6101 -0.0822 0.7880
vn 0.6926 -0.4589 0.5565
vn 0.3507 0.1742 0.9201
vn 0.4523 -0.0134 0.8918
vn 0.2341 0.2043 0.9505
vn 0.2843 0.0327 0.9582
vn 0.1445 0.2173 0.9654
vn 0.1564 0.0508 0.9864
vn 0.0827 0.0506 0.9953
vn 0.1506 -0.1931 0.9695
vn 0.0623 -0.1594 0.9853
vn 0.1213 -0.0754 0.9898
vn 0.2021 -0.1405 0.9692
vn 0.0648 0.2190 0.9736
vn 0.3487 -0.2398 0.9060
vn 0.2900 -0.2708 0.9179
vn 0.3522 0.0452 0.9348
vn 0.2068 0.1008 0.9732
vn 0.5152 -0.0443 0.8559
vn 0.3460 0.0620 0.9362
vn 0.1743 0.0661 0.9825
vn 0.1035 0.1852 0.9772
vn 0.2031 0.2372 0.9500
vn 0.1312 0.6086 0.7826
vn 0.2412 0.5757 0.7813
vn 0.3213 0.3088 0.8952
vn 0.5737 0.1913 0.7964
vn 0.5180 0.3751 0.7688
vn 0.4777 0.5626 0.6747
vn 0.2833 0.6610 0.6949
vn 0.1973 0.7316 0.6526
vn 0.4782 0.5230 0.7055
vn 0.5353 0.5179 0.6673
vn 0.6108 0.4636 0.6419
vn 0.4524 0.4674 0.7595
vn 0.4446 0.5401 0.7146
vn 0.4166 0.5381 0.7327
vn 0.3763 0.5067 0.7757
vn 0.3331 0.5934 0.7327
vn 0.2627 0.6452 0.7174
vn 0.3090 0.5711 0.7605
vn 0.4142 0.5508 0.7246
vn 0.2551 0.7926 0.5538
vn 0.2892 0.7839 0.5494
vn 0.3222 0.5689 0.7567
vn 0.0409 0.7404 0.6710
vn -0.0616 0.8746 0.4809
vn -0.1756 0.8653 0.4695
vn -0.1494 0.7459 0.6491
vn 0.2605 0.8353 0.4842
vn -0.0505 0.6099 0.7909
vn -0.2860 0.7010 0.6533
vn -0.1284 0.6380 0.7593
vn -0.3895 0.6931 0.6065
vn -0.1743 0.6892 0.7033
vn -0.4061 0.6293 0.6626
vn -0.1165 0.8121 0.5717
vn 0.0057 0.8128 0.5826
vn 0.4223 0.6985 0.5777
vn 0.0999 0.6859 0.7208
vn 0.4094 0.6015 0.6860
vn -0.0872 0.7281 0.6799
vn -0.1029 0.7268 0.6791
vn -0.2850 0.5329 0.7967
vn 0.4297 0.7093 0.5588
vn 0.3510 0.7091 0.6116
vn 0.4703 0.6678 0.5770
vn 0.7060 0.4702 0.5295
vn 0.6659 0.5393 0.5156
vn 0.9142 0.2409 0.3259
vn 0.8146 0.4517 0.3639
vn 0.9379 0.2530 0.2375
vn 0.8793 0.4037 0.2527
vn 0.8286 0.3855 0.4059
vn 0.9312 0.2635 0.2520
vn 0.6396 0.4299 0.6373
vn 0.9202 0.2194 0.3241
vn 0.8042 0.2829 0.5228
vn 0.9193 0.1619 0.3587
vn 0.8249 0.2361 0.5135
vn 0.5589 0.2576 0.7882
vn 0.5231 0.2161 0.8244
vn 0.4965 0.1664 0.8519
vn 0.3669 0.3928 0.8433
vn 0.5458 -0.2521 0.7991
vn 0.5463 0.0029 0.8376
vn 0.4653 0.4155 0.7816
vn 0.4060 0.2107 0.8893
vn 0.2094 0.5518 0.8072
vn 0.5491 0.3523 0.7579
vn 0.1813 0.3160 0.9313
vn 0.3178 -0.3338 0.8875
vn 0.5092 -0.2959 0.8082
vn 0.2226 -0.7187 0.6588
vn 0.3359 -0.6614 0.6706
vn 0.3384 -0.4507 0.8260
vn 0.0107 0.6247 0.7808
vn -0.0140 -0.7942 0.6075
vn -0.0761 -0.6996 0.7104
vn -0.2849 -0.7836 0.5522
vn -0.1759 -0.8264 0.5349
vn -0.0322 -0.8571 0.5141
vn 0.0317 -0.8311 0.5553
vn 0.0015 0.7133 -0.7009
vn -0.1790 0.6417 -0.7458
vn -0.1150 0.6140 -0.7809
vn 0.0937 0.6834 -0.7240
vn -0.1179 0.7174 -0.6866
vn -0.2209 0.6846 -0.6946
vn -0.1406 0.6269 -0.7663
vn -0.1847 0.6181 -0.7641
vn -0.2235 0.4272 -0.8761
vn -0.1762 0.4612 -0.8696
vn -0.1275 0.6418 -0.7562
vn -0.2096 0.6862 -0.6966
vn -0.0714 0.5906 -0.8038
vn -0.2711 0.3164 -0.9090
vn -0.1713 0.3304 -0.9282
vn -0.2848 0.3061 -0.9084
vn -0.2880 0.2615 -0.9212
vn -0.2725 0.2629 -0.9255
vn -0.2235 0.4041 -0.8870
vn -0.1828 0.6069 -0.7735
vn 0.0165 0.7794 -0.6263
vn -0.0686 0.6570 -0.7508
vn 0.0435 0.7836 -0.6198
vn 0.2394 0.8010 -0.5487
vn 0.3785 0.7245 -0.5760
vn 0.2084 0.8794 -0.4280
vn 0.0943 0.9092 -0.4055
vn 0.3466 0.9282 -0.1351
vn 0.2032 0.9730 -0.1090
vn 0.1118 0.9837 -0.1405
vn 0.2783 0.9398 0.1983
vn 0.2094 0.9603 0.1846
vn -0.0023 0.8848 -0.4660
vn -0.0147 0.8321 -0.5544
vn 0.0685 0.9783 -0.1958
vn -0.1738 0.8099 -0.5603
vn -0.1097 0.9683 -0.2243
vn -0.0081 0.7444 -0.6676
vn -0.0093 0.9930 0.1178
vn 0.0474 0.9156 0.3992
vn 0.1650 0.9732 0.1601
vn 0.2391 0.8389 0.4890
vn 0.3009 0.8055 0.5105
vn 0.3391 0.7704 0.5399
vn 0.0013 0.7976 0.6032
vn -0.1848 0.7488 0.6365
vn 0.1520 0.6767 0.7204
vn 0.1025 0.5907 0.8003
vn -0.0857 0.7127 0.6962
vn 0.1765 0.5044 0.8453
vn 0.2356 0.5752 0.7834
vn 0.2821 0.5885 0.7577
vn 0.3865 0.4663 0.7957
vn 0.2403 0.5566 0.7953
vn 0.3054 0.4530 0.8376
vn 0.5140 0.3133 0.7985
vn 0.3864 0.3218 0.8644
vn 0.1627 0.5342 0.8295
vn 0.2125 0.4432 0.8709
vn 0.0875 0.5321 0.8422
vn 0.1349 0.4466 0.8845
vn 0.0733 0.4518 0.8891
vn 0.0451 0.5460 0.8366
vn -0.0214 0.6963 0.7175
vn 0.0062 0.6732 0.7394
vn 0.0074 0.5470 0.8371
vn 0.0128 0.4451 0.8954
vn -0.0718 0.5406 0.8382
vn -0.0695 0.4342 0.8981
vn -0.1472 0.5478 0.8236
vn -0.2331 0.6918 0.6835
vn -0.2637 0.6889 0.6752
vn -0.1512 0.5696 0.8079
vn -0.1106 0.4307 0.8957
vn -0.0748 0.4450 0.8924
vn -0.1069 0.3696 0.9230
vn -0.1213 0.3669 0.9223
vn -0.1444 0.7060 0.6934
vn -0.0586 0.3594 0.9313
vn -0.0551 0.7159 0.6960
vn 0.0268 0.3518 0.9357
vn 0.1028 0.3528 0.9300
vn 0.1810 0.3428 0.9218
vn -0.2520 0.6534 0.7138
vn -0.0689 0.7607 0.6455
vn -0.0567 0.7527 0.6560
vn -0.0359 0.7701 0.6369
vn 0.0431 0.4799 0.8762
vn 0.0938 0.4255 0.9001
vn -0.0630 0.6765 0.7338
vn -0.1609 0.6198 0.7681
vn 0.1228 0.2922 0.9484
vn -0.1005 0.2085 0.9728
vn -0.2131 0.2960 0.9311
vn 0.0405 -0.0715 0.9966
vn 0.0283 -0.0722 0.9970
vn 0.3322 -0.4315 0.8387
vn 0.2458 -0.4673 0.8492
vn 0.4613 -0.4691 0.7531
vn 0.4017 -0.3013 0.8648
vn 0.6736 -0.2630 0.6907
vn 0.2789 -0.5329 0.7989
vn 0.0703 -0.0912 0.9933
vn 0.1645 0.0961 0.9817
vn 0.2591 0.1272 0.9574
vn 0.2497 0.3276 0.9112
vn 0.1554 0.6016 0.7835
vn -0.0013 0.8247 0.5655
vn 0.0663 0.7011 0.7100
vn 0.1223 0.7383 0.6633
vn 0.1574 0.7420 0.6517
vn 0.0691 0.7137 0.6970
vn 0.0240 0.7315 0.6814
vn -0.0181 0.7326 0.6804
vn 0.2472 0.6965 0.6736
vn 0.2922 0.6456 0.7055
vn 0.3286 0.5825 0.7435
vn 0.1986 0.6414 0.7411
vn 0.4327 0.7219 0.5400
vn 0.4260 0.8832 0.1961
vn 0.6130 0.7765 0.1459
vn 0.5248 0.8050 -0.2767
vn 0.7352 0.6107 -0.2942
vn 0.8839 0.4624 0.0703
vn 0.9575 0.2884 0.0003
vn 0.6365 0.5960 0.4895
vn 0.4136 0.5461 0.7285
vn 0.6009 0.4401 0.6672
vn 0.5387 0.3410 0.7704
vn 0.3862 0.4286 0.8168
vn 0.2913 0.4927 0.8200
vn 0.2379 0.5671 0.7885
vn 0.1186 0.6767 0.7266
vn 0.0250 0.7915 0.6106
vn -0.0112 0.8050 0.5932
vn 0.1813 0.6003 0.7790
vn 0.1061 0.6727 0.7323
vn 0.2826 0.5168 0.8081
vn 0.3708 0.4134 0.8316
vn 0.5429 0.2437 0.8036
vn 0.4354 0.0642 0.8979
vn 0.2804 -0.0559 0.9583
vn 0.3051 -0.1899 0.9332
vn 0.7979 0.0847 0.5968
vn 0.8845 0.2272 0.4075
vn 0.9595 0.1567 0.2340
vn 0.9066 0.0090 0.4218
vn 0.5204 -0.1228 0.8450
vn 0.5024 -0.0858 0.8604
vn 0.5960 -0.0927 0.7976
vn 0.6973 0.0056 0.7167
vn 0.7974 -0.0620 0.6002
vn -0.1652 0.0155 -0.9861
vn -0.1306 -0.0551 -0.9899
vn -0.2127 -0.0258 -0.9768
vn -0.2344 0.0299 -0.9717
vn -0.1861 -0.1604 -0.9693
vn -0.1219 -0.1394 -0.9827
vn -0.0897 -0.0178 -0.9958
vn -0.0843 -0.1164 -0.9896
vn -0.1071 -0.1256 -0.9863
vn -0.0531 -0.2161 -0.9749
vn -0.0054 -0.2306 -0.9730
vn 0.0667 -0.2788 -0.9580
vn 0.2332 -0.3421 -0.9103
vn 0.2662 -0.4006 -0.8767
vn 0.1142 -0.3109 -0.9435
vn 0.0028 -0.1438 -0.9896
vn -0.0965 -0.1549 -0.9832
vn -0.0698 0.0175 -0.9974
vn -0.1272 0.0111 -0.9918
vn 0.1538 -0.1417 -0.9779
vn 0.3044 -0.3308 -0.8933
vn 0.0361 0.0267 -0.9990
vn 0.2995 -0.1283 -0.9454
vn 0.4676 -0.3278 -0.8209
vn 0.1567 0.0488 -0.9864
vn 0.4112 -0.4022 -0.8180
vn 0.5231 -0.4099 -0.7472
vn 0.5139 -0.4728 -0.7158
vn 0.6120 -0.4560 -0.6462
vn 0.7189 -0.5177 -0.4638
vn 0.7298 -0.3343 -0.5964
vn 0.7129 -0.4810 -0.5103
vn 0.8228 -0.4752 -0.3117
vn 0.7729 -0.5804 -0.2566
vn 0.8662 -0.4993 -0.0196
vn 0.8854 -0.4608 -0.0612
vn 0.8919 -0.3404 0.2977
vn 0.8383 -0.5431 0.0481
vn 0.8867 -0.2569 0.3843
vn 0.8847 -0.2314 0.4046
vn 0.9025 -0.2467 0.3530
vn 0.9193 -0.3555 0.1688
vn 0.9311 -0.2574 0.2584
vn 0.9518 -0.3055 0.0276
vn 0.9568 -0.2316 0.1761
vn 0.7457 -0.5359 -0.3959
vn 0.8593 -0.4255 -0.2840
vn 0.9250 -0.3678 -0.0949
vn 0.8601 -0.4073 -0.3071
vn 0.9450 -0.3189 0.0724
vn 0.7663 -0.4555 -0.4531
vn 0.5014 -0.5723 -0.6488
vn 0.7956 -0.5065 -0.3324
vn 0.2374 -0.5536 -0.7983
vn 0.0417 -0.4099 -0.9112
vn 0.9104 -0.3949 -0.1230
vn 0.9323 -0.3612 0.0189
vn 0.9064 -0.4189 -0.0553
vn 0.7512 -0.5791 -0.3168
vn 0.8934 -0.4422 -0.0798
vn 0.7148 -0.6308 -0.3018
vn 0.8996 -0.4089 -0.1530
vn 0.7380 -0.5667 -0.3664
vn 0.9226 -0.3236 -0.2098
vn 0.9404 -0.2741 -0.2015
vn 0.7956 -0.4559 -0.3989
vn 0.4844 -0.6124 -0.6248
vn 0.3709 -0.7397 -0.5615
vn 0.1701 -0.7211 -0.6716
vn 0.2789 -0.6047 -0.7460
vn 0.9785 -0.0758 -0.1918
vn 0.8406 -0.3592 -0.4054
vn 0.5507 -0.5416 -0.6351
vn 0.5702 -0.5278 -0.6295
vn 0.3188 -0.5931 -0.7393
vn 0.3854 -0.5580 -0.7349
vn 0.6219 -0.4289 -0.6552
vn 0.4471 -0.4096 -0.7952
vn 0.1077 -0.5712 -0.8137
vn 0.1607 -0.4542 -0.8763
vn 0.8459 -0.3424 -0.4088
vn 0.7895 -0.4058 -0.4604
vn 0.0486 -0.5751 -0.8167
vn -0.0031 -0.4893 -0.8721
vn 0.1082 -0.4506 -0.8861
vn 0.2209 -0.4324 -0.8742
vn -0.0336 -0.3502 -0.9361
vn -0.1646 -0.5058 -0.8468
vn -0.2671 -0.3406 -0.9015
vn 0.7455 -0.3284 -0.5800
vn 0.5094 -0.3866 -0.7688
vn 0.1766 -0.4571 -0.8717
vn 0.0821 -0.5071 -0.8580
vn 0.0553 -0.4462 -0.8932
vn 0.7782 -0.3575 -0.5163
vn 0.9388 -0.2070 -0.2752
vn 0.9334 -0.2612 -0.2461
vn 0.7835 -0.4227 -0.4554
vn 0.7087 -0.5213 -0.4753
vn 0.3681 -0.7214 -0.5866
vn 0.5040 -0.5750 -0.6445
vn 0.0398 -0.8762 -0.4802
vn 0.1819 -0.6783 -0.7119
vn 0.7371 -0.5418 -0.4038
vn 0.2154 -0.8944 -0.3919
vn -0.0871 -0.6851 -0.7233
vn -0.0720 -0.8809 -0.4678
vn -0.0976 -0.8800 -0.4648
vn -0.1226 -0.9750 -0.1854
vn -0.1452 -0.9769 -0.1571
vn -0.0813 -0.6657 -0.7417
vn -0.1107 -0.9579 -0.2647
vn 0.5349 -0.4472 -0.7168
vn 0.2315 -0.4914 -0.8396
vn -0.0441 -0.5370 -0.8424
vn -0.1788 -0.5989 -0.7806
vn -0.1147 -0.9916 0.0591
vn -0.0654 -0.9960 0.0611
vn -0.1486 -0.9798 0.1336
vn -0.2753 -0.9610 -0.0260
vn -0.3138 -0.9481 0.0506
vn -0.0421 -0.9866 0.1575
vn -0.7110 -0.6437 -0.2832
vn -0.3944 -0.8160 -0.4227
vn 0.2491 -0.8940 -0.3724
vn 0.7064 -0.5732 -0.4153
vn 0.9262 -0.3028 -0.2246
vn 0.9828 -0.1352 -0.1260
vn 0.9779 -0.1744 -0.1155
vn 0.9890 -0.0649 -0.1331
vn 0.9329 -0.2063 -0.2953
vn 0.9901 -0.0628 -0.1259
vn 0.9939 -0.0284 -0.1063
vn 0.9857 -0.0742 -0.1512
vn 0.9433 -0.3118 -0.1134
vn 0.9069 -0.3507 -0.2334
vn 0.9626 -0.0913 -0.2551
vn 0.9770 0.0880 -0.1943
vn 0.8813 -0.2034 0.4265
vn 0.9196 -0.1379 0.3678
vn 0.8304 -0.2113 0.5155
vn 0.9745 -0.1439 0.1721
vn 0.8953 -0.4341 -0.0996
vn 0.9712 -0.1504 0.1850
vn 0.9373 -0.1840 0.2961
vn 0.8919 -0.4354 -0.1225
vn 0.9012 -0.2307 0.3668
vn 0.9508 -0.2282 0.2093
vn 0.8940 -0.2712 0.3565
vn 0.9466 -0.1650 0.2770
vn 0.8474 -0.1510 0.5090
vn 0.9305 -0.2902 0.2234
vn 0.9467 -0.2181 0.2371
vn 0.9132 -0.2235 0.3406
vn 0.8874 -0.2124 0.4091
vn 0.9042 -0.2533 0.3439
vn 0.9389 -0.2701 0.2136
vn 0.8136 -0.5166 -0.2667
vn 0.8939 -0.4033 0.1959
vn 0.8396 -0.2062 0.5025
vn 0.9220 -0.2711 0.2766
vn 0.9329 -0.2761 0.2313
vn 0.9238 -0.3052 0.2313
vn 0.9277 -0.0999 0.3597
vn 0.9535 -0.1400 0.2669
vn 0.9450 0.1030 0.3104
vn 0.9076 0.0591 0.4156
vn 0.8465 0.2979 0.4412
vn 0.8965 0.2764 0.3462
vn 0.8087 0.4113 0.4205
vn 0.8668 0.3720 0.3320
vn 0.9516 0.1807 0.2487
vn 0.9223 0.2895 0.2559
vn 0.7456 0.5594 0.3621
vn 0.8933 0.3890 0.2253
vn 0.9664 0.0197 0.2562
vn 0.9497 -0.1941 0.2458
vn 0.7231 0.4918 0.4850
vn 0.6393 0.4631 0.6139
vn 0.7961 0.4338 0.4219
vn 0.9021 0.3588 0.2398
vn 0.6363 0.4707 0.6112
vn 0.5884 0.4325 0.6832
vn 0.7745 0.3732 0.5108
vn 0.7995 0.3661 0.4763
vn 0.7495 0.3255 0.5765
vn 0.7902 0.2051 0.5776
vn 0.9145 -0.0814 0.3963
vn 0.8836 -0.1496 0.4436
vn 0.8508 -0.2032 0.4846
vn 0.8978 -0.0652 0.4355
vn 0.8504 -0.0656 0.5220
vn 0.7999 -0.1405 0.5834
vn 0.8026 -0.1830 0.5677
vn 0.7603 -0.1936 0.6201
vn 0.8691 -0.3095 0.3859
vn 0.7963 -0.6028 -0.0500
vn 0.8542 -0.5174 -0.0504
vn 0.9502 -0.2655 0.1633
vn 0.9667 -0.2537 -0.0327
vn 0.9004 -0.3882 -0.1966
vn 0.8719 -0.4770 0.1110
vn 0.9549 -0.2947 -0.0369
vn 0.8096 -0.2695 0.5214
vn 0.8826 -0.2175 0.4168
vn 0.9421 -0.2659 -0.2043
vn 0.9539 -0.1885 -0.2334
vn -0.1815 -0.0248 0.9831
vn 0.9522 0.0313 0.3040
vn 0.9415 -0.2587 -0.2158
vn -0.5446 -0.0155 0.8385
vn 0.9641 -0.0203 0.2648
vn 0.8873 -0.1782 0.4254
vn -0.0055 0.3729 -0.9279
vn 0.0927 0.3797 -0.9205
vn 0.0884 0.4890 -0.8678
vn -0.0301 0.4696 -0.8824
vn 0.3691 0.4676 -0.8032
vn 0.3740 0.3682 -0.8512
vn 0.7272 0.3830 -0.5697
vn 0.6932 0.2992 -0.6557
vn 0.9621 0.1861 -0.1993
vn 0.9301 0.1564 -0.3325
vn 0.9970 -0.0116 0.0761
vn 0.9996 -0.0185 -0.0228
vn 0.9461 -0.1311 0.2961
vn 0.9706 -0.1428 0.1939
vn 0.9936 0.0075 -0.1126
vn 0.9846 -0.1188 0.1280
vn 0.9914 -0.1216 -0.0482
vn 0.9890 -0.1449 -0.0283
vn 0.8796 -0.2179 -0.4230
vn 0.5514 0.0555 -0.8324
vn 0.6654 -0.0719 -0.7430
vn 0.9702 -0.2383 0.0439
vn 0.6204 -0.5191 -0.5880
vn 0.7810 -0.5089 -0.3619
vn 0.5859 -0.6734 -0.4508
vn 0.8262 -0.5403 -0.1595
vn 0.8319 -0.5543 -0.0257
vn 0.5616 -0.7279 -0.3935
vn 0.9370 -0.3250 0.1277
vn 0.9565 -0.2896 -0.0356
vn 0.8445 -0.2111 -0.4922
vn 0.9677 -0.2474 0.0491
vn 0.9459 -0.2748 0.1724
vn 0.7966 -0.5506 -0.2495
vn 0.9123 -0.3369 0.2329
vn 0.8886 -0.1411 -0.4364
vn 0.8451 -0.2592 -0.4676
vn 0.8339 -0.5458 0.0819
vn 0.5363 -0.7653 -0.3559
vn 0.6752 -0.7294 -0.1101
vn 0.4550 -0.8144 -0.3603
vn 0.5398 -0.8217 -0.1826
vn 0.3863 -0.8468 -0.3656
vn 0.2755 -0.8832 -0.3795
vn 0.3912 -0.9130 -0.1160
vn 0.7270 -0.6270 0.2799
vn 0.5414 -0.7308 0.4157
vn 0.8499 -0.4132 0.3271
vn 0.1980 -0.9782 -0.0628
vn 0.2855 -0.8217 0.4932
vn 0.1273 -0.9106 -0.3932
vn 0.0999 -0.9946 -0.0262
vn 0.1372 -0.8485 0.5111
vn 0.0529 -0.9259 -0.3739
vn 0.6020 -0.4354 0.6693
vn 0.7756 -0.3794 0.5045
vn 0.7560 -0.3476 0.5546
vn 0.5941 -0.3956 0.7004
vn 0.7204 -0.3730 0.5848
vn 0.5892 -0.4069 0.6980
vn 0.3058 -0.4675 0.8294
vn 0.3366 -0.4967 0.8000
vn 0.1513 -0.4922 0.8572
vn 0.1754 -0.5338 0.8272
vn 0.8020 -0.3705 0.4685
vn 0.8297 -0.3393 0.4432
vn 0.3120 -0.4994 0.8082
vn 0.1508 -0.5124 0.8454
vn 0.8726 -0.3583 0.3320
vn 0.8622 -0.3500 0.3663
vn 0.7818 -0.3748 0.4984
vn 0.8513 -0.3710 0.3710
vn 0.9129 -0.3139 0.2609
vn 0.9019 -0.3479 0.2560
vn 0.9411 -0.3019 0.1522
vn 0.9010 -0.3238 0.2885
vn 0.8304 -0.3785 0.4088
vn 0.9536 -0.2923 0.0724
vn 0.8800 -0.3142 0.3563
vn 0.7842 -0.3454 0.5155
vn 0.7566 -0.3680 0.5405
vn 0.9350 -0.3458 0.0783
vn 0.7390 -0.5370 -0.4068
vn 0.9586 -0.2846 -0.0127
vn 0.6081 -0.5629 -0.5598
vn 0.4514 -0.5667 -0.6893
vn 0.6961 -0.3722 -0.6140
vn 0.9651 -0.2069 -0.1605
vn 0.9902 -0.0671 -0.1227
vn 0.9901 -0.1375 0.0277
vn 0.9902 0.0024 -0.1396
vn 0.9975 -0.0684 0.0159
vn 0.9752 -0.1975 0.1001
vn 0.9815 -0.1532 0.1150
vn 0.9523 0.0450 -0.3020
vn 0.8471 -0.0131 -0.5313
vn 0.5579 -0.2090 -0.8031
vn 0.9487 -0.2720 0.1611
vn 0.9620 -0.2254 0.1543
vn 0.9818 -0.1114 0.1537
vn 0.9973 -0.0132 0.0717
vn 0.9894 0.0232 -0.1432
vn 0.9950 0.0577 0.0813
vn 0.9926 0.0515 -0.1103
vn 0.9832 0.1781 -0.0405
vn 0.9801 0.1550 0.1243
vn 0.8789 0.4762 0.0293
vn 0.8665 0.4400 0.2358
vn 0.6239 0.7703 0.1321
vn 0.5862 0.7257 0.3602
vn 0.4215 0.8136 0.4004
vn 0.4315 0.8853 0.1735
vn 0.9674 0.1364 -0.2132
vn 0.2247 0.9623 0.1534
vn 0.4353 0.8805 -0.1876
vn 0.2054 0.9523 -0.2255
vn 0.4145 0.7486 -0.5176
vn 0.6424 0.7491 -0.1620
vn 0.6095 0.6550 -0.4466
vn 0.8850 0.4368 -0.1610
vn 0.8443 0.3800 -0.3778
vn 0.5896 0.4570 -0.6660
vn 0.7962 0.2578 -0.5474
vn 0.9267 0.0894 -0.3651
vn 0.8194 0.0795 -0.5676
vn 0.4060 0.5307 -0.7440
vn 0.6459 0.1920 -0.7389
vn 0.6431 -0.0130 -0.7657
vn 0.8093 -0.0630 -0.5840
vn 0.4157 0.2687 -0.8689
vn 0.3973 0.0097 -0.9176
vn 0.3716 -0.0871 -0.9243
vn 0.6220 -0.1119 -0.7750
vn 0.3796 -0.0270 -0.9247
vn 0.6549 -0.0527 -0.7538
vn 0.8012 -0.1681 -0.5743
vn 0.8707 -0.2279 -0.4358
vn 0.8952 -0.0938 -0.4356
vn 0.8448 -0.0828 -0.5286
vn 0.9094 -0.1292 -0.3954
vn 0.2060 0.5519 -0.8081
vn 0.1943 0.8015 -0.5656
vn 0.1257 0.5532 -0.8235
vn 0.1086 0.8072 -0.5801
vn 0.1112 0.9645 -0.2396
vn 0.2007 0.2831 -0.9378
vn 0.1155 0.2782 -0.9536
vn 0.1916 0.0242 -0.9812
vn 0.1068 0.0235 -0.9940
vn 0.1749 -0.0910 -0.9804
vn 0.0790 -0.0996 -0.9919
vn 0.1575 -0.0371 -0.9868
vn 0.0705 -0.0478 -0.9964
vn 0.1324 0.9822 0.1332
vn 0.1368 0.1744 -0.9751
vn 0.0476 0.1578 -0.9863
vn 0.3753 0.1817 -0.9089
vn 0.6627 0.1577 -0.7321
vn 0.8804 0.1143 -0.4603
vn 0.9752 0.0004 -0.2212
vn 0.9410 -0.1815 -0.2858
vn 0.8799 -0.2460 -0.4065
vn 0.9509 -0.0432 -0.3063
vn 0.6674 -0.2167 -0.7125
vn 0.7444 -0.2446 -0.6213
vn 0.5064 -0.0552 -0.8605
vn 0.9273 -0.0666 -0.3684
vn 0.9041 0.1624 -0.3953
vn 0.6705 0.2429 -0.7010
vn 0.3746 0.2923 -0.8799
vn 0.1130 0.2889 -0.9507
vn 0.0230 0.2755 -0.9610
vn 0.9259 0.3509 -0.1396
vn 0.9699 0.2207 -0.1032
vn 0.6889 0.3377 0.6414
vn 0.6228 0.3714 0.6886
vn 0.5600 0.3495 0.7511
vn 0.9818 0.1426 -0.1251
vn 0.8902 0.2539 -0.3782
vn 0.4440 0.1336 0.8860
vn 0.2523 0.1665 0.9532
vn 0.6113 0.0382 -0.7905
vn -0.2179 0.7462 0.6290
vn 0.0060 0.6450 0.7642
vn 0.2151 0.3029 0.9284
vn -0.2945 0.6635 0.6878
vn -0.2338 0.1915 0.9532
vn 0.2562 -0.0033 0.9666
vn -0.1141 -0.2351 0.9652
vn 0.1632 -0.6341 0.7559
vn 0.5398 -0.8342 0.1127
vn 0.3094 -0.9386 0.1524
vn 0.7304 -0.6766 0.0934
vn 0.4727 -0.8808 -0.0274
vn 0.9718 -0.2356 -0.0084
vn 0.6970 -0.5909 -0.4063
vn 0.7362 -0.0575 -0.6744
vn 0.9754 0.1692 -0.1410
vn 0.8628 0.1774 0.4733
vn 0.7508 0.5556 0.3573
vn 0.8373 0.5222 -0.1617
vn 0.4684 0.8630 0.1895
vn 0.4369 0.8690 -0.2321
vn 0.8666 -0.1880 0.4623
vn 0.3256 0.9272 0.1852
vn -0.1085 0.9803 0.1650
vn -0.0021 0.9461 0.3240
vn -0.1296 0.9267 0.3527
vn -0.1331 0.9772 0.1656
vn -0.0609 0.9004 0.4308
vn -0.0704 0.9721 0.2237
vn 0.0126 0.7002 0.7138
vn -0.0316 0.6205 0.7836
vn 0.1803 0.6419 0.7453
vn 0.3711 -0.0358 0.9279
vn 0.1873 -0.1423 0.9719
vn 0.3423 -0.5931 0.7287
vn 0.2802 -0.6433 0.7125
vn 0.1789 0.9146 -0.3627
vn -0.2836 0.9521 -0.1144
vn -0.1558 0.9569 -0.2451
vn -0.0162 0.9398 -0.3414
vn -0.1931 0.9334 -0.3026
vn 0.6638 -0.6217 0.4158
vn 0.3101 -0.9052 0.2908
vn 0.2924 -0.8272 0.4798
vn 0.3810 -0.7546 0.5342
vn 0.4225 -0.6716 0.6087
vn 0.4523 -0.8249 0.3392
vn 0.5111 -0.7809 0.3591
vn 0.3606 -0.9142 0.1852
vn 0.4561 -0.8641 -0.2131
vn 0.5919 -0.6585 -0.4648
vn 0.4006 -0.6695 -0.6255
vn 0.6993 -0.2076 -0.6840
vn 0.3193 -0.4056 -0.8565
vn 0.1165 -0.4463 -0.8873
vn 0.0173 -0.1214 -0.9925
vn 0.2402 -0.0900 -0.9665
vn 0.2055 -0.6874 -0.6966
vn 0.6827 0.0615 -0.7281
vn -0.0691 0.3153 -0.9465
vn 0.1395 0.3452 -0.9281
vn 0.5294 0.4274 -0.7328
vn 0.1674 0.7320 -0.6604
vn -0.0055 0.7492 -0.6623
vn -0.1112 0.7497 -0.6524
vn -0.1290 0.9229 -0.3628
vn -0.0885 0.9165 -0.3901
vn -0.0951 0.9113 -0.4007
vn -0.1491 0.8212 -0.5508
vn -0.1136 0.9066 -0.4063
vn -0.1184 0.5660 -0.8159
vn -0.0897 0.2223 -0.9709
vn -0.0089 -0.1227 -0.9924
vn 0.0777 -0.4667 -0.8810
vn 0.1610 -0.6966 -0.6992
vn 0.2611 -0.8257 -0.5001
vn 0.3093 -0.8280 -0.4678
vn 0.4489 -0.8897 -0.0835
vn 0.4941 -0.7722 0.3996
vn 0.4769 -0.5939 0.6479
vn 0.3945 -0.5820 0.7111
vn 0.3339 -0.5991 0.7278
vn 0.2832 -0.3851 0.8784
vn 0.1776 0.1225 0.9765
vn 0.3201 -0.3631 0.8751
vn 0.2272 0.1182 0.9667
vn 0.0523 0.7099 0.7024
vn -0.0682 0.9056 0.4186
vn -0.0705 0.9712 0.2274
vn -0.1147 0.9927 0.0377
vn -0.1009 0.9945 0.0267
vn -0.1379 0.9904 -0.0088
vn -0.1872 0.9809 -0.0527
vn 0.0408 0.6360 0.7706
vn 0.0519 0.6161 0.7859
vn -0.1274 0.8791 0.4593
vn -0.1983 0.9334 0.2992
vn 0.1131 0.6544 0.7476
vn -0.1376 0.9637 0.2288
vn -0.2649 0.9238 0.2765
vn -0.1036 0.8803 0.4630
vn -0.1852 0.9434 0.2753
vn -0.2438 0.9572 0.1563
vn -0.3341 0.9266 0.1724
vn 0.2474 -0.0415 0.9680
vn 0.2790 -0.2053 0.9381
vn 0.3249 -0.1753 0.9294
vn 0.1992 0.6680 0.7170
vn 0.3988 -0.1210 0.9090
vn 0.3503 -0.6810 0.6431
vn 0.4451 -0.6303 0.6361
vn 0.5011 -0.1127 0.8580
vn 0.6223 -0.1283 0.7722
vn 0.5714 -0.5769 0.5837
vn 0.6741 -0.1355 0.7261
vn 0.6221 -0.5488 0.5584
vn 0.3051 -0.6806 0.6661
vn 0.3766 -0.8079 0.4532
vn 0.5055 -0.7521 0.4229
vn 0.2687 -0.6747 0.6875
vn 0.3159 -0.5284 0.7881
vn 0.2519 -0.6843 0.6843
vn 0.1400 -0.8876 0.4388
vn 0.1104 -0.9029 0.4154
vn 0.2903 -0.6768 0.6765
vn 0.3283 -0.5572 0.7628
vn 0.2203 -0.9080 0.3564
vn -0.0799 -0.9959 -0.0416
vn 0.0707 -0.9941 -0.0825
vn -0.1307 -0.9876 -0.0866
vn -0.0925 -0.9009 -0.4241
vn -0.2915 -0.8415 -0.4549
vn -0.4014 -0.7109 -0.5775
vn -0.4700 -0.5236 -0.7106
vn -0.6004 -0.1068 -0.7925
vn -0.6029 -0.1068 -0.7906
vn -0.6551 0.3705 -0.6585
vn -0.6141 0.5983 -0.5147
vn -0.5593 0.7635 -0.3228
vn -0.5207 0.5484 -0.6543
vn -0.4035 0.8356 -0.3729
vn -0.4775 0.8673 -0.1406
vn -0.3513 0.9091 -0.2239
vn -0.4996 0.8369 -0.2234
vn -0.5381 0.5937 -0.5983
vn -0.5407 -0.1081 -0.8342
vn -0.3177 -0.7441 -0.5877
vn -0.0636 -0.9931 -0.0985
vn 0.1771 -0.9059 0.3848
vn 0.2288 -0.9046 0.3597
vn -0.4924 0.5817 -0.6474
vn -0.4949 -0.0870 -0.8646
vn -0.2733 -0.7901 -0.5487
vn -0.4045 -0.0966 -0.9094
vn -0.1932 -0.7981 -0.5707
vn -0.4055 0.6176 -0.6739
vn -0.3491 0.8134 -0.4654
vn -0.3723 0.8416 -0.3913
vn -0.3954 0.8598 -0.3231
vn -0.3003 0.7803 -0.5486
vn -0.3412 0.5294 -0.7768
vn -0.2974 -0.2208 -0.9288
vn -0.2472 -0.1660 -0.9547
vn -0.3102 0.5780 -0.7547
vn -0.1970 -0.1293 -0.9718
vn -0.2601 0.6740 -0.6914
vn -0.3508 0.7755 -0.5249
vn -0.3180 0.8841 -0.3423
vn -0.2833 0.7749 -0.5650
vn -0.4151 0.7526 -0.5111
vn -0.0465 -0.7736 -0.6319
vn -0.1308 -0.7654 -0.6302
vn 0.0402 -0.7810 -0.6232
vn -0.0616 -0.8868 -0.4581
vn 0.0272 -0.9712 -0.2367
vn -0.0229 -0.9923 -0.1213
vn 0.2554 -0.9503 0.1781
vn 0.3839 -0.9075 0.1705
vn 0.1476 -0.9689 -0.1985
vn -0.0429 -0.8985 -0.4370
vn 0.0557 -0.9860 -0.1571
vn 0.2744 -0.9319 0.2372
vn 0.4749 -0.7763 0.4145
vn 0.6479 -0.6704 0.3618
vn 0.8136 -0.1854 0.5510
vn 0.5049 0.6893 0.5195
vn 0.4754 0.5760 0.6650
vn 0.1240 0.9137 0.3870
vn 0.0530 0.9360 0.3480
vn 0.4450 0.6082 0.6574
vn 0.3141 0.6993 0.6421
vn 0.1587 0.9442 0.2886
vn -0.0228 0.9983 -0.0544
vn -0.1025 0.9861 0.1305
vn -0.1005 0.9763 -0.1919
vn -0.2032 0.9785 -0.0365
vn -0.1022 0.9919 -0.0748
vn -0.0826 0.9793 0.1846
vn -0.1731 0.9847 0.0220
vn -0.2383 0.9694 0.0587
vn -0.2893 0.9439 0.1592
vn 0.0183 0.9929 0.1171
vn -0.2447 0.9565 0.1587
vn -0.3265 0.9450 0.0192
vn -0.0695 0.9744 0.2138
vn 0.5211 0.7431 0.4198
vn 0.8913 -0.1724 0.4194
vn 0.6498 -0.7519 0.1114
vn 0.3355 -0.9383 0.0838
vn 0.3725 -0.8739 0.3124
vn -0.2730 0.9595 0.0700
vn 0.2381 -0.9641 0.1174
vn 0.0941 -0.9905 -0.1004
vn 0.0954 -0.9483 -0.3027
vn 0.2047 -0.9661 -0.1575
vn 0.0822 -0.8220 -0.5635
vn -0.1864 -0.1289 -0.9740
vn -0.2322 0.7513 -0.6178
vn -0.2355 0.9241 -0.3009
vn -0.4659 0.8046 -0.3682
vn -0.3525 0.8925 0.2813
vn -0.3967 0.7320 0.5539
vn -0.4345 0.6725 0.5991
vn -0.3494 0.8989 0.2644
vn -0.3776 0.1381 0.9156
vn -0.3273 0.1902 0.9256
vn -0.1457 -0.3932 0.9078
vn -0.2264 -0.3743 0.8992
vn 0.0052 -0.7842 0.6205
vn 0.0665 -0.7535 0.6540
vn -0.0210 -0.8016 0.5975
vn -0.2728 -0.3608 0.8919
vn -0.4082 0.1112 0.9061
vn -0.4496 0.6430 0.6200
vn 0.0600 -0.7407 0.6692
vn 0.2769 -0.9430 0.1844
vn 0.4549 -0.8893 -0.0473
vn 0.4503 -0.7718 -0.4489
vn 0.4450 -0.3055 -0.8418
vn 0.2033 -0.9372 0.2835
vn 0.4888 -0.8715 0.0391
vn 0.6201 -0.6708 -0.4068
vn 0.5930 -0.3745 -0.7128
vn 0.6548 -0.6470 -0.3906
vn 0.6786 -0.3517 -0.6448
vn 0.6296 -0.0068 -0.7769
vn 0.5923 0.0845 -0.8013
vn 0.3912 0.4299 -0.8137
vn 0.6112 0.4540 -0.6484
vn 0.1489 0.9100 -0.3868
vn 0.3561 0.6755 -0.6456
vn 0.2826 0.6074 -0.7425
vn 0.5632 0.0126 -0.8262
vn 0.4446 0.1183 -0.8879
vn 0.1996 0.5360 -0.8203
vn 0.0874 0.5637 -0.8214
vn 0.3590 0.2075 -0.9100
vn -0.1246 0.5355 -0.8353
vn 0.1113 0.2308 -0.9666
vn -0.1472 0.2481 -0.9575
vn -0.3112 0.5076 -0.8034
vn -0.2899 0.7307 -0.6181
vn -0.4107 0.6481 -0.6413
vn -0.5893 0.8012 -0.1037
vn -0.4126 0.8877 -0.2041
vn -0.4244 0.5714 -0.7024
vn -0.3217 0.1884 -0.9279
vn -0.5336 0.6510 -0.5398
vn -0.4200 0.5818 -0.6965
vn 0.5165 -0.6522 0.5548
vn 0.3221 -0.4151 0.8508
vn 0.2383 -0.5473 0.8023
vn 0.3649 -0.2175 0.9053
vn -0.0321 -0.1889 0.9815
vn -0.5459 -0.0000 -0.8379
vn 0.3015 -0.6456 0.7016
vn -0.8052 -0.5410 -0.2429
vn -0.4179 -0.0318 -0.9080
vn -0.7946 -0.6056 0.0437
vn -0.4037 -0.7211 -0.5631
vn 0.1005 -0.4722 0.8757
vn -0.6073 0.7944 0.0043
vn -0.2080 0.3462 0.9148
vn -0.1551 -0.5254 0.8366
vn -0.0614 -0.5813 0.8113
vn -0.5946 -0.5341 0.6010
vn -0.5283 -0.4976 0.6880
vn -0.7377 -0.4383 0.5135
vn 0.2533 -0.1122 0.9609
vn 0.6073 -0.0824 0.7902
vn -0.5866 0.7239 0.3631
vn -0.5289 0.8388 0.1290
vn -0.3163 0.9425 -0.1083
vn -0.3987 0.9171 0.0093
vn -0.2741 0.9609 -0.0388
vn -0.1562 0.8395 -0.5204
vn -0.1010 0.8958 -0.4328
vn -0.0535 0.9506 -0.3059
vn -0.2307 0.9724 0.0340
vn 0.0145 0.9791 -0.2030
vn -0.1814 0.9816 0.0599
vn -0.2598 0.9604 0.1001
vn -0.2363 0.9698 0.0608
vn 0.1033 0.9827 -0.1539
vn -0.1545 0.9870 -0.0448
vn -0.2950 0.9527 -0.0733
vn -0.2043 0.9608 -0.1874
vn -0.0536 0.9700 -0.2372
vn 0.3638 0.7822 -0.5058
vn 0.1649 0.9222 -0.3497
vn -0.4736 -0.8394 0.2666
vn -0.5364 -0.8439 0.0093
vn -0.2409 -0.8581 0.4535
vn -0.1975 -0.6442 0.7389
vn -0.1928 -0.3477 0.9176
vn -0.2003 -0.1276 0.9714
vn -0.1382 -0.9858 0.0956
vn -0.2720 -0.8960 -0.3509
vn 0.2002 -0.8650 -0.4601
vn 0.1651 -0.9775 -0.1310
vn 0.2986 -0.9508 -0.0827
vn 0.6166 -0.6497 -0.4447
vn -0.1625 -0.8729 0.4600
vn -0.3589 -0.5821 0.7296
vn 0.6454 -0.5279 -0.5521
vn 0.9272 -0.1751 -0.3312
vn 0.0550 -0.7806 -0.6226
vn 0.9528 0.2424 -0.1829
vn -0.3985 -0.7759 -0.4891
vn 0.8021 0.0488 0.5952
vn 0.9957 -0.0154 0.0910
vn 0.6800 -0.0698 0.7299
vn 0.9232 -0.2001 -0.3281
vn 0.6723 -0.4035 -0.6207
vn 0.1977 -0.5993 -0.7757
vn -0.4037 -0.5959 -0.6941
vn -0.7432 -0.5825 -0.3292
vn -0.6587 -0.7511 0.0444
vn 0.0625 -0.9050 -0.4207
vn 0.1125 -0.9871 -0.1135
vn -0.0222 -0.9666 0.2554
vn -0.3192 -0.7991 0.5094
vn -0.5937 -0.2826 0.7535
vn -0.7180 0.0775 0.6918
vn -0.7377 0.4263 0.5235
vn -0.6285 0.5268 0.5722
vn -0.2826 -0.6500 0.7054
vn 0.0825 -0.9159 0.3928
vn 0.0589 -0.7553 0.6528
vn 0.1761 -0.8965 0.4065
vn 0.2180 -0.8345 0.5060
vn 0.3857 -0.9186 0.0856
vn 0.4120 -0.9004 0.1399
vn 0.2238 -0.8173 0.5309
vn 0.2472 -0.8480 0.4689
vn 0.1061 -0.7193 0.6865
vn 0.2325 -0.8915 0.3889
vn 0.4557 -0.8763 0.1561
vn 0.4460 -0.8897 0.0977
vn 0.6134 -0.6723 -0.4145
vn 0.1074 -0.7292 0.6758
vn -0.0880 -0.4127 0.9066
vn -0.3736 0.1955 0.9068
vn -0.4406 0.6859 0.5792
vn -0.3523 0.8940 0.2768
vn -0.1229 -0.4283 0.8952
vn -0.4921 0.1592 0.8558
vn -0.2480 -0.4630 0.8510
vn -0.6010 -0.0124 0.7991
vn -0.6807 0.3797 0.6264
vn -0.6607 0.6920 0.2909
vn -0.5987 0.7972 0.0775
vn -0.5751 0.5260 0.6266
vn -0.4378 0.8982 0.0393
vn -0.4795 0.8384 0.2591
vn 0.4097 0.4053 0.8172
vn 0.5533 -0.2863 0.7823
vn 0.9203 -0.1836 0.3455
vn 0.8218 0.4352 0.3678
vn 0.8645 -0.4903 0.1102
vn 0.5863 -0.6661 0.4610
vn 0.1460 0.8633 0.4831
vn 0.5484 0.8162 0.1820
vn 0.1508 0.3335 0.9306
vn -0.0450 0.7860 0.6166
vn 0.2039 -0.3680 0.9072
vn 0.2189 -0.7598 0.6122
vn 0.9981 -0.0368 -0.0484
vn 0.9154 0.3957 -0.0741
vn 0.5608 0.8251 -0.0691
vn 0.9218 -0.3811 -0.0708
vn 0.7445 -0.6671 0.0273
vn 0.5406 -0.8091 0.2304
vn 0.4720 -0.8732 0.1216
vn 0.2773 -0.9457 0.1698
vn 0.2498 -0.8949 0.3697
vn 0.7337 -0.6724 -0.0975
vn 0.9261 -0.3474 -0.1470
vn 0.6955 -0.7145 -0.0762
vn 0.2478 -0.9683 -0.0325
vn 0.3849 -0.9226 0.0267
vn -0.0787 -0.9959 0.0455
vn -0.2086 -0.9759 0.0639
vn 0.1640 -0.9848 -0.0576
vn 0.5548 -0.8287 -0.0739
vn 0.5151 -0.8534 -0.0798
vn 0.9002 -0.4355 -0.0015
vn 0.8497 -0.5201 0.0866
vn 0.9995 -0.0036 0.0328
vn 0.9895 -0.0320 0.1409
vn 0.7801 -0.6170 0.1034
vn 0.9707 -0.0720 0.2294
vn -0.3286 -0.9383 0.1073
vn 0.1495 -0.9873 -0.0541
vn -0.2365 -0.9704 0.0493
vn 0.1145 -0.9911 -0.0686
vn 0.3511 -0.9311 -0.0991
vn 0.4411 -0.8952 -0.0644
vn 0.8259 -0.5260 0.2031
vn 0.9341 -0.0963 0.3438
vn 0.7674 -0.6214 0.1580
vn 0.5252 -0.8507 -0.0199
vn 0.9110 -0.1606 0.3799
vn 0.4865 -0.8668 -0.1094
vn 0.9042 0.4269 -0.0164
vn 0.8305 0.5552 0.0440
vn 0.6272 0.7693 -0.1215
vn 0.2840 0.9345 -0.2147
vn 0.8567 0.4759 -0.1987
vn 0.9856 0.0166 -0.1685
vn 0.8729 0.4423 -0.2060
vn 0.5183 0.8437 -0.1397
vn 0.4010 0.8939 -0.2004
vn -0.0194 0.9991 0.0376
vn -0.1050 0.9842 -0.1423
vn -0.3112 0.9415 0.1297
vn -0.3793 0.9251 -0.0189
vn -0.1673 0.9011 -0.4000
vn -0.4592 0.8465 -0.2694
vn -0.3340 0.8759 -0.3483
vn -0.5197 0.7830 -0.3418
vn -0.4932 0.8527 -0.1722
vn -0.6693 0.7324 -0.1246
vn -0.3791 0.8995 0.2171
vn -0.3992 0.9092 -0.1181
vn -0.3140 0.9405 0.1297
vn -0.3770 0.9008 0.2155
vn 0.0831 0.9370 -0.3392
vn -0.1616 0.9436 -0.2890
vn -0.2828 0.9591 0.0104
vn -0.0349 0.9989 0.0315
vn -0.1363 0.9823 0.1285
vn 0.0301 0.9986 0.0438
vn -0.0849 0.9695 0.2298
vn 0.5160 0.8212 0.2435
vn 0.6152 0.7614 0.2045
vn 0.8045 0.5702 0.1666
vn 0.2443 0.9673 -0.0677
vn -0.2036 0.9682 -0.1450
vn -0.8877 -0.1882 0.4203
vn -0.9089 -0.1537 0.3876
vn -0.9098 -0.2062 0.3603
vn -0.8727 -0.2277 0.4319
vn -0.8872 -0.2624 0.3795
vn -0.9205 -0.1629 0.3552
vn -0.9184 -0.2185 0.3297
vn -0.9230 -0.1775 0.3414
vn -0.9229 -0.2165 0.3184
vn -0.9020 -0.2662 0.3398
vn -0.9007 -0.2691 0.3410
vn -0.9064 -0.2645 0.3293
vn -0.9264 -0.2123 0.3109
vn -0.9362 -0.1757 0.3045
vn -0.9337 -0.1740 0.3130
vn -0.9093 -0.2642 0.3216
vn -0.9158 -0.2558 0.3096
vn -0.9316 -0.2069 0.2989
vn -0.9399 -0.1864 0.2860
vn -0.9431 -0.1671 0.2874
vn -0.9667 -0.1025 0.2346
vn -0.9361 -0.1458 0.3201
vn -0.9235 -0.2264 0.3097
vn -0.9228 -0.1877 0.3364
vn -0.9237 -0.1837 0.3362
vn -0.9282 -0.1525 0.3395
vn -0.9306 -0.1297 0.3424
vn -0.9112 -0.1064 0.3981
vn -0.9387 -0.1085 0.3271
vn -0.9297 -0.1270 0.3458
vn -0.9424 -0.0882 0.3225
vn 0.1087 -0.9895 0.0957
vn 0.1754 0.0598 0.9827
vn 0.1051 0.0444 0.9935
vn 0.1033 -0.1548 0.9825
vn 0.1535 -0.1466 0.9772
vn 0.1261 0.2994 0.9458
vn 0.2027 0.3128 0.9279
vn 0.1350 0.5666 0.8128
vn 0.2273 0.5560 0.7995
vn 0.1513 0.7790 0.6085
vn 0.3604 0.5542 0.7503
vn 0.3344 0.3259 0.8843
vn 0.3245 0.0943 0.9412
vn 0.2882 -0.1258 0.9493
vn 0.5352 0.1049 0.8382
vn 0.5388 0.2924 0.7901
vn 0.5302 0.5104 0.6770
vn 0.7186 0.2558 0.6467
vn 0.7031 0.4218 0.5725
vn 0.6478 0.5795 0.4946
vn 0.4960 0.6881 0.5296
vn 0.3591 0.7403 0.5684
vn 0.2264 0.7697 0.5969
vn 0.8168 0.2217 0.5327
vn 0.8376 0.3044 0.4536
vn 0.8384 0.3836 0.3872
vn 0.9639 0.1284 0.2331
vn 0.9452 0.1262 0.3010
vn 0.7857 0.1459 0.6012
vn 0.6877 0.1061 0.7182
vn 0.6400 0.0269 0.7679
vn 0.4967 -0.0647 0.8655
vn 0.2248 -0.2045 0.9527
vn 0.1264 -0.2460 0.9610
vn 0.0831 -0.2531 0.9639
vn 0.1193 -0.2908 0.9493
vn 0.0826 -0.2806 0.9563
vn 0.0815 -0.0800 0.9935
vn 0.2122 -0.1075 0.9713
vn 0.0986 0.0601 0.9933
vn 0.2788 0.0050 0.9603
vn 0.2233 -0.0589 0.9730
vn 0.3702 -0.0643 0.9267
vn 0.5422 -0.1339 0.8295
vn 0.4430 -0.0893 0.8921
vn 0.2481 -0.3823 0.8901
vn 0.3954 -0.3470 0.8504
vn 0.2034 -0.5040 0.8394
vn 0.3772 -0.4589 0.8044
vn 0.5996 -0.3602 0.7147
vn 0.6110 -0.2912 0.7361
vn 0.6425 -0.2831 0.7121
vn 0.6320 -0.1934 0.7504
vn 0.6013 -0.1244 0.7893
vn 0.3629 -0.1211 0.9239
vn 0.1435 -0.3306 0.9328
vn 0.1409 -0.3204 0.9367
vn 0.1811 -0.5272 0.8302
vn 0.3524 -0.4940 0.7949
vn 0.5856 -0.4032 0.7033
vn 0.6885 -0.3738 0.6214
vn 0.6465 -0.3315 0.6871
vn 0.6959 -0.3361 0.6347
vn 0.6586 -0.2738 0.7009
vn 0.6488 -0.2164 0.7295
vn 0.6995 -0.3004 0.6485
vn 0.6746 -0.2663 0.6885
vn 0.2500 0.8777 0.4089
vn 0.1555 0.8975 0.4126
vn 0.9440 -0.2964 0.1449
vn 0.9520 -0.2507 0.1757
vn 0.9405 -0.2437 0.2367
vn 0.9448 -0.2819 0.1668
vn 0.9225 -0.2568 0.2882
vn 0.9574 -0.1776 0.2278
vn 0.9436 -0.2384 0.2299
vn 0.9696 -0.1495 0.1935
vn 0.9835 -0.0499 0.1737
vn 0.9706 -0.0738 0.2292
vn 0.9642 0.0284 0.2637
vn 0.9807 0.0444 0.1903
vn 0.9448 0.0188 0.3272
vn 0.9226 0.1038 0.3716
vn 0.9620 -0.0177 0.2725
vn 0.9626 -0.1192 0.2434
vn 0.1802 -0.8952 -0.4077
vn 0.3376 -0.8507 -0.4030
vn 0.4065 -0.8198 -0.4034
vn 0.4642 -0.7725 -0.4332
vn 0.4755 -0.7403 -0.4753
vn 0.5053 -0.6648 -0.5503
vn 0.7117 -0.6716 -0.2057
vn 0.7910 -0.3674 0.4891
vn 0.8771 -0.2656 0.4003
vn 0.6605 -0.7290 -0.1795
vn 0.8218 -0.1991 0.5338
vn 0.6969 -0.2308 0.6790
vn 0.7866 -0.4008 0.4698
vn 0.9281 -0.1415 0.3445
vn 0.7725 -0.1699 0.6118
vn 0.9895 -0.0435 0.1377
vn 0.9872 0.1157 -0.1101
vn 0.7782 0.3476 -0.5231
vn 0.4302 0.5035 -0.7493
vn 0.1275 0.5760 -0.8074
vn -0.0604 0.5297 -0.8460
vn -0.0487 0.5177 -0.8542
vn 0.5432 -0.8179 -0.1897
vn 0.3128 -0.9206 -0.2337
vn 0.1653 -0.9510 -0.2611
vn 0.1129 -0.9007 -0.4194
vn 0.7364 -0.4299 0.5223
vn 0.4997 -0.5114 0.6991
vn 0.7217 -0.3072 0.6203
vn 0.7324 -0.2613 0.6287
vn 0.6198 -0.2161 0.7544
vn 0.6678 -0.3146 0.6746
vn 0.7193 -0.3178 0.6177
vn 0.4566 -0.3507 0.8176
vn 0.4467 -0.3502 0.8233
vn 0.2501 -0.3527 0.9017
vn 0.2865 -0.3350 0.8976
vn 0.2614 -0.5720 0.7775
vn 0.4233 -0.1238 0.8975
vn 0.7175 0.1110 0.6877
vn 0.7023 0.0696 0.7085
vn 0.6772 0.2105 0.7050
vn 0.6421 0.0710 0.7634
vn 0.7183 -0.0473 0.6941
vn 0.4582 0.1424 0.8773
vn 0.6718 -0.1471 0.7260
vn 0.5638 -0.3870 0.7296
vn 0.4730 -0.3714 0.7990
vn 0.7059 -0.5734 0.4159
vn 0.5086 0.6653 -0.5466
vn 0.0060 -0.1448 0.9894
vn 0.0389 -0.1253 0.9914
vn 0.0559 0.0045 0.9984
vn 0.0672 -0.0305 0.9973
vn -0.0243 -0.0071 0.9997
vn 0.0283 0.0212 0.9994
vn 0.0458 0.2269 0.9728
vn -0.0165 0.2438 0.9697
vn 0.1007 0.1054 0.9893
vn 0.0808 0.0200 0.9965
vn 0.0254 0.0961 0.9950
vn 0.0059 0.0005 1.0000
vn 0.0076 -0.0042 1.0000
vn 0.0056 0.0859 0.9963
vn -0.0174 0.2079 0.9780
vn 0.0407 0.2151 0.9757
vn 0.1222 0.6699 0.7324
vn -0.0779 0.6241 0.7774
vn -0.0433 0.4666 0.8834
vn 0.0098 0.0520 0.9986
vn -0.0771 -0.0900 0.9930
vn -0.1210 0.0659 0.9905
vn -0.1674 0.2001 0.9654
vn -0.1411 0.3150 0.9385
vn -0.1541 0.3084 0.9387
vn -0.1245 0.2964 0.9469
vn -0.3839 -0.7693 -0.5106
vn -0.6191 -0.1291 -0.7746
vn -0.4473 -0.1417 -0.8831
vn -0.2349 -0.7563 -0.6106
vn -0.4178 0.6785 -0.6042
vn -0.5756 0.6847 -0.4470
vn -0.3523 0.9187 -0.1787
vn -0.5622 0.8264 0.0322
vn -0.2765 -0.1248 -0.9529
vn 0.0175 -0.7898 -0.6131
vn -0.2356 -0.1261 -0.9636
vn 0.1016 -0.8155 -0.5698
vn -0.2221 0.7406 -0.6342
vn -0.0873 0.9427 -0.3222
vn -0.1469 0.7715 -0.6190
vn -0.0338 0.9445 -0.3268
vn 0.2624 -0.9421 -0.2088
vn 0.3517 -0.9102 -0.2186
vn 0.0503 -0.9976 -0.0478
vn 0.0357 -0.9552 -0.2937
vn -0.2068 -0.9649 -0.1618
vn 0.9861 -0.0141 -0.1656
vn 0.0501 0.9841 0.1703
vn -0.2252 0.9258 0.3037
vn 0.7677 -0.4099 -0.4926
vn 0.6208 -0.3579 -0.6975
vn 0.5750 -0.4154 -0.7049
vn 0.6088 -0.3864 -0.6928
vn 0.8745 -0.1842 -0.4486
vn 0.8963 0.1201 -0.4268
vn 0.8066 -0.2091 -0.5528
vn 0.7789 0.5406 -0.3179
vn 0.6046 -0.5177 -0.6053
vn 0.6085 -0.3842 -0.6943
vn 0.6119 -0.7251 -0.3159
vn 0.6467 -0.5416 -0.5371
vn 0.4578 -0.6505 -0.6061
vn 0.5453 -0.4839 -0.6845
vn 0.5422 -0.3737 -0.7526
vn 0.4553 -0.3279 -0.8278
vn 0.4281 -0.2966 -0.8537
vn 0.6143 -0.3403 -0.7119
vn 0.3792 -0.1739 -0.9088
vn 0.5459 -0.3280 -0.7710
vn 0.3821 -0.1127 -0.9172
vn 0.2298 -0.0157 -0.9731
vn 0.2133 -0.0794 -0.9738
vn 0.2930 -0.1641 -0.9419
vn 0.0730 0.1778 -0.9814
vn -0.0252 0.1268 -0.9916
vn -0.1213 0.1150 -0.9859
vn -0.1550 0.1292 -0.9794
vn -0.1120 0.1099 -0.9876
vn -0.1256 0.0085 -0.9921
vn -0.0611 0.0581 -0.9964
vn 0.0684 0.0726 -0.9950
vn -0.1898 0.0746 -0.9790
vn -0.2379 0.0734 -0.9685
vn -0.0963 0.0943 -0.9909
vn -0.0876 0.1651 -0.9824
vn 0.0329 0.1016 -0.9943
vn 0.1347 0.0149 -0.9908
vn 0.3271 -0.1366 -0.9351
vn 0.3594 -0.3219 -0.8759
vn 0.0380 0.2616 -0.9644
vn -0.0338 0.1776 -0.9835
vn -0.1520 0.1995 -0.9680
vn -0.1767 0.2167 -0.9601
vn 0.0328 -0.5682 -0.8223
vn 0.0110 -0.6567 -0.7540
vn -0.2587 -0.6091 -0.7497
vn -0.2535 -0.5249 -0.8126
vn -0.3342 -0.5726 -0.7486
vn -0.3333 -0.6388 -0.6934
vn -0.2874 -0.6443 -0.7088
vn -0.2822 -0.6879 -0.6686
vn -0.2562 -0.6927 -0.6741
vn -0.3189 -0.4389 -0.8400
vn -0.1503 -0.6653 -0.7313
vn -0.2686 -0.6795 -0.6827
vn -0.2427 -0.6551 -0.7155
vn -0.1838 -0.7101 -0.6797
vn -0.1741 -0.6417 -0.7470
vn -0.2505 -0.5200 -0.8166
vn -0.2050 -0.4665 -0.8604
vn -0.2047 -0.3061 -0.9297
vn -0.1711 -0.2763 -0.9457
vn -0.1171 -0.4268 -0.8967
vn -0.1228 -0.2373 -0.9636
vn -0.0071 -0.7203 -0.6937
vn -0.0857 -0.7362 -0.6714
vn -0.0401 -0.6162 -0.7866
vn 0.0920 -0.7724 -0.6284
vn 0.3385 -0.7644 -0.5487
vn 0.4132 -0.6867 -0.5981
vn 0.1385 -0.7113 -0.6891
vn -0.3829 0.8474 0.3680
vn -0.4164 0.8711 0.2603
vn -0.0902 0.4606 -0.8830
vn -0.0312 0.5794 -0.8145
vn -0.0512 0.6215 -0.7817
vn -0.1667 0.5254 -0.8344
vn -0.2730 0.6093 -0.7445
vn -0.1076 0.4591 -0.8818
vn -0.1355 0.3749 -0.9171
vn -0.1113 0.4416 -0.8903
vn -0.0614 0.3169 -0.9465
vn -0.1634 0.2680 -0.9494
vn -0.0618 0.2539 -0.9653
vn -0.1098 0.3675 -0.9235
vn -0.1144 0.2961 -0.9483
vn -0.2099 0.3506 -0.9127
vn -0.0419 0.4365 -0.8987
vn -0.1815 0.3482 -0.9197
vn -0.0623 0.2978 -0.9526
vn 0.0945 0.2599 -0.9610
vn 0.1964 0.1482 -0.9693
vn 0.2605 0.1123 -0.9589
vn 0.3445 0.0819 -0.9352
vn 0.4446 0.0751 -0.8926
vn 0.6096 0.1010 -0.7863
vn 0.8678 0.4103 -0.2802
vn 0.7554 0.5847 -0.2958
vn 0.4817 0.8031 -0.3507
vn 0.0111 0.9460 -0.3239
vn 0.8811 0.3973 -0.2566
vn 0.8898 0.3762 -0.2581
vn 0.7357 0.6126 -0.2890
vn 0.4850 0.7913 -0.3722
vn 0.1015 0.9055 -0.4120
vn -0.3109 0.8794 -0.3606
vn -0.7123 0.6676 -0.2169
vn -0.8875 0.4608 -0.0106
vn -0.9725 -0.1984 0.1218
vn -0.8180 -0.5503 0.1674
vn 0.3030 -0.9529 0.0097
vn 0.2330 -0.9725 0.0024
vn 0.4124 -0.8630 -0.2918
vn 0.4821 -0.8304 -0.2793
vn 0.4514 -0.7082 -0.5428
vn 0.5610 -0.6519 -0.5102
vn 0.5196 -0.8080 -0.2776
vn 0.6321 -0.5565 -0.5392
vn 0.6840 -0.3509 -0.6395
vn 0.6303 -0.2719 -0.7271
vn 0.5530 -0.2437 -0.7967
vn 0.3663 -0.2411 -0.8987
vn 0.0966 -0.1457 -0.9846
vn -0.1520 -0.2093 -0.9660
vn -0.0284 -0.7297 -0.6832
vn 0.2935 -0.7212 -0.6274
vn 0.3098 -0.8984 -0.3112
vn -0.3114 0.9482 0.0628
vn 0.2764 -0.9042 0.3255
vn -0.1853 -0.9126 0.3644
vn 0.7478 -0.6305 0.2082
vn 0.9075 -0.4041 0.1145
vn 0.9683 -0.2245 0.1100
vn 0.9642 -0.2394 0.1138
vn 0.9717 0.2361 -0.0036
vn 0.9374 0.3450 -0.0480
vn 0.9766 -0.2112 -0.0402
vn 0.2702 0.3292 0.9048
vn 0.9665 0.0823 0.2430
vn 0.9274 -0.0378 0.3722
vn 0.7377 0.1790 0.6509
vn 0.5338 0.3631 0.7637
vn 0.4190 -0.8947 -0.1549
vn 0.3410 -0.8863 -0.3135
vn 0.2196 0.1817 0.9585
vn 0.0131 0.7221 0.6917
vn 0.3336 -0.3326 0.8821
vn -0.1095 0.9610 0.2541
vn -0.1740 0.9835 0.0496
vn -0.1776 0.9805 -0.0844
vn 0.3103 -0.7324 0.6060
vn 0.2895 -0.9293 0.2295
vn 0.3077 -0.8379 0.4508
vn 0.3318 -0.9434 0.0005
vn 0.2126 -0.9598 -0.1834
vn 0.2938 -0.9374 -0.1870
vn 0.1083 -0.8810 -0.4605
vn -0.0569 -0.7386 -0.6717
vn -0.2778 -0.6563 -0.7015
vn -0.4554 -0.3353 -0.8247
vn -0.5617 0.1080 -0.8203
vn -0.2591 -0.3232 -0.9102
vn -0.3987 0.1944 -0.8962
vn -0.3225 0.6710 -0.6677
vn -0.2647 0.8764 -0.4023
vn -0.2609 0.9173 -0.3009
vn -0.4912 0.8254 0.2783
vn -0.3147 0.8833 0.3474
vn -0.1564 0.9408 0.3009
vn 0.3874 0.3327 0.8598
vn -0.4724 -0.7924 0.3859
vn -0.6644 -0.7222 0.1921
vn -0.5740 -0.7704 0.2773
vn -0.4101 -0.8027 0.4330
vn -0.3862 -0.7993 0.4604
vn -0.3886 -0.7977 0.4611
vn -0.4225 -0.7838 0.4551
vn -0.5120 -0.7434 0.4303
vn -0.4663 0.8688 0.1668
vn -0.7781 0.5814 0.2377
vn 0.9646 -0.2546 0.0686
vn 0.7744 -0.6307 0.0501
vn 0.5274 -0.8474 0.0621
vn 0.8734 0.1495 -0.4635
vn 0.7637 -0.3130 -0.5646
vn 0.6192 0.2596 -0.7411
vn 0.4181 0.8382 -0.3502
vn -0.3961 0.8705 -0.2922
vn 0.1782 0.7968 -0.5773
vn 0.9926 0.0184 -0.1197
vn 0.9450 -0.2191 0.2430
vn 0.8531 -0.4547 -0.2558
vn 0.6137 0.2270 0.7562
vn 0.9497 -0.3098 0.0455
vn 0.1270 -0.2203 0.9671
vn 0.4411 -0.7269 0.5264
vn 0.4229 -0.6728 0.6071
vn -0.3018 -0.7993 0.5197
vn -0.3366 -0.5284 0.7794
vn -0.9446 -0.3096 0.1091
vn -0.7839 0.0351 0.6198
vn 0.1102 0.8275 0.5505
vn -0.4636 0.5153 0.7208
vn 0.1724 -0.0653 0.9829
vn -0.3658 -0.4918 0.7902
vn 0.5344 0.2479 0.8081
vn -0.6875 0.5490 0.4753
vn -0.2711 -0.7998 0.5356
vn -0.8881 -0.4258 0.1730
vn -0.7213 -0.1284 0.6806
vn 0.5536 -0.5342 0.6389
vn 0.8659 -0.2207 0.4490
vn -0.9900 -0.0722 -0.1212
vn -0.9428 0.2529 0.2172
vn -0.9716 -0.1118 -0.2087
vn -0.8949 -0.4233 0.1414
vn 0.5828 0.1548 0.7977
vn -0.3827 0.6259 0.6796
vn -0.3611 0.9153 -0.1782
vn -0.1615 0.6852 0.7102
vn 0.1511 0.9558 -0.2521
vn -0.6137 -0.1423 -0.7766
vn 0.1168 -0.2806 -0.9527
vn 0.5957 0.8010 -0.0588
vn 0.7957 -0.2222 -0.5634
vn 0.9833 -0.1767 -0.0430
vn 0.9952 -0.0542 -0.0815
vn -0.9084 0.0438 -0.4159
vn -0.9229 0.0165 -0.3846
vn -0.0955 0.7002 0.7075
vn -0.8782 0.0142 -0.4781
vn -0.5917 -0.2319 -0.7721
vn 0.9850 -0.0900 -0.1469
vn 0.7692 -0.3098 -0.5588
vn -0.5992 0.6300 0.4940
vn 0.5183 -0.5845 0.6242
vn 0.8677 -0.2836 0.4081
vn 0.7945 -0.2698 -0.5441
vn 0.1019 -0.2638 -0.9592
vn 0.0679 -0.3458 -0.9358
vn -0.5928 -0.1430 -0.7925
vn -0.8639 -0.0561 -0.5005
vn 0.9649 -0.2105 -0.1567
vn -0.2758 -0.7303 0.6250
vn -0.5935 -0.2419 -0.7676
vn 0.0703 -0.4257 -0.9021
vn -0.5825 -0.4202 -0.6958
vn 0.0360 -0.6184 -0.7851
vn 0.7347 -0.4228 -0.5305
vn 0.6504 -0.6002 -0.4654
vn 0.9336 -0.3269 -0.1469
vn 0.8663 -0.4764 -0.1499
vn -0.8647 -0.2316 -0.4456
vn -0.8826 -0.0777 -0.4636
vn -0.0053 -0.8291 -0.5591
vn 0.3840 -0.8133 -0.4372
vn -0.0749 -0.9403 -0.3319
vn -0.5854 -0.6779 -0.4447
vn -0.4863 -0.6528 -0.5808
vn 0.5531 -0.8081 -0.2026
vn 0.4682 -0.5205 -0.7140
vn 0.4186 -0.4343 -0.7976
vn 0.6199 -0.5439 -0.5656
vn 0.5896 -0.6467 -0.4839
vn 0.1892 -0.4214 -0.8869
vn 0.2052 -0.3352 -0.9195
vn -0.1346 -0.3797 -0.9153
vn -0.0606 -0.3087 -0.9492
vn -0.2177 -0.5989 -0.7707
vn 0.1215 -0.4661 -0.8763
vn 0.6669 -0.6148 -0.4210
vn -0.8000 -0.1606 -0.5781
vn -0.3143 -0.1335 -0.9399
vn -0.7149 0.1514 -0.6827
vn -0.8304 0.4976 -0.2506
vn -0.9703 0.2408 0.0231
vn -0.7014 -0.3634 -0.6131
vn -0.7163 0.6336 0.2923
vn -0.7407 0.4470 0.5015
vn -0.8765 -0.3858 -0.2879
vn -0.5579 -0.2843 -0.7797
vn -0.3501 0.7222 0.5966
vn -0.3166 0.5686 0.7592
vn -0.9553 -0.2908 0.0539
vn -0.8397 -0.2212 -0.4960
vn -0.7770 -0.1983 -0.5974
vn -0.3596 -0.3441 -0.8673
vn -0.9798 0.1479 -0.1343
vn -0.9915 0.1239 -0.0402
vn -0.7229 0.5164 0.4591
vn -0.8554 -0.0196 0.5175
vn -0.6043 0.1389 0.7845
vn -0.3988 0.6696 0.6265
vn -0.5121 0.7231 0.4635
vn -0.0689 0.5615 0.8246
vn 0.0957 0.7198 0.6875
vn 0.4831 0.7216 0.4958
vn -0.2266 0.7955 0.5620
vn -0.7746 -0.1149 -0.6220
vn -0.2689 -0.2721 -0.9239
vn 0.0154 -0.0548 -0.9984
vn -0.1284 0.0693 -0.9893
vn 0.2850 0.5071 -0.8134
vn -0.5713 -0.0285 -0.8202
vn -0.5675 0.6348 0.5245
vn -0.1646 0.8273 0.5371
vn -0.9708 0.0892 -0.2228
vn -0.9720 0.0843 -0.2193
vn -0.7842 0.0092 0.6204
vn -0.4639 0.3926 0.7941
vn -0.7802 0.1797 -0.5992
vn -0.9895 -0.0532 -0.1341
vn -0.7685 -0.4002 0.4993
vn -0.1407 -0.1135 0.9835
vn -0.1497 -0.5157 0.8436
vn 0.1633 -0.0438 0.9856
vn -0.0337 0.6154 0.7875
vn -0.4309 -0.0601 0.9004
vn 0.5687 -0.3045 0.7641
vn 0.8576 0.0774 0.5085
vn 0.8741 -0.1055 0.4742
vn -0.6824 0.3129 -0.6607
vn -0.6331 0.4393 -0.6373
vn 0.0094 0.7867 -0.6172
vn -0.5708 0.8175 -0.0771
vn -0.1613 0.9596 0.2306
vn 0.2463 0.9150 0.3197
vn 0.5424 0.7485 -0.3815
vn -0.3071 0.8352 -0.4562
vn -0.9920 -0.0602 -0.1112
vn -0.7332 0.4541 0.5062
vn 0.1764 0.9351 -0.3075
vn 0.7841 0.6026 -0.1485
vn 0.6959 0.3253 0.6402
vn -0.9324 0.2655 0.2450
vn -0.4476 0.4164 0.7914
vn -0.4602 0.4812 0.7461
vn -0.9108 0.3670 0.1893
vn 0.2980 0.4010 0.8663
vn 0.2826 0.3830 0.8795
vn -0.9060 0.0124 -0.4230
vn -0.8674 0.0325 -0.4965
vn -0.3872 -0.2809 -0.8782
vn -0.3289 -0.3284 -0.8854
vn 0.4108 -0.3958 -0.8213
vn 0.3944 -0.4734 -0.7876
vn 0.9435 -0.3082 -0.1217
vn 0.8989 -0.3491 -0.2649
vn 0.9645 -0.1522 0.2156
vn 0.9937 -0.0888 0.0678
vn 0.7162 0.2260 0.6602
vn 0.7103 0.1649 0.6843
vn 0.2417 0.9000 -0.3627
vn 0.1208 0.9278 -0.3531
vn -0.8769 -0.0441 -0.4786
vn -0.9380 0.2749 0.2110
vn -0.4669 0.4384 0.7680
vn 0.2204 0.4087 0.8856
vn 0.9957 -0.0730 0.0564
vn 0.9144 -0.3159 -0.2533
vn 0.6915 0.2818 0.6651
vn -0.9532 0.1136 0.2802
vn -0.4760 0.3880 0.7892
vn -0.8666 -0.2607 -0.4255
vn 0.2354 0.3703 0.8986
vn 0.6257 0.3391 0.7025
vn -0.3403 -0.5007 -0.7959
vn -0.3329 -0.4755 -0.8143
vn 0.3569 -0.5688 -0.7410
vn 0.4083 -0.5241 -0.7474
vn 0.9109 -0.3225 -0.2574
vn 0.9832 -0.1399 0.1176
vn -0.3478 -0.5540 -0.7564
vn 0.4241 -0.6264 -0.6541
vn -0.3419 -0.7009 -0.6259
vn 0.3774 -0.7872 -0.4878
vn 0.8964 -0.4033 -0.1839
vn 0.8419 -0.5346 -0.0737
vn 0.9644 -0.1932 0.1809
vn 0.9215 -0.3048 0.2405
vn -0.8814 -0.3485 -0.3188
vn -0.8762 -0.2802 -0.3920
vn -0.9278 0.1412 0.3454
vn -0.9551 0.1251 0.2685
vn -0.4697 0.3597 0.8063
vn -0.4913 0.4011 0.7731
vn 0.1792 0.3224 0.9295
vn 0.1812 0.3749 0.9092
vn 0.6565 0.1150 0.7455
vn 0.6225 0.2170 0.7520
vn -0.3885 -0.2722 0.8803
vn -0.8369 -0.3251 0.4403
vn 0.1832 -0.1680 0.9686
vn -0.1355 -0.8224 0.5526
vn -0.7366 -0.6758 0.0257
vn 0.4915 -0.5309 0.6904
vn -0.4127 0.7860 0.4603
vn -0.5402 0.3538 0.7635
vn -0.4803 0.5745 0.6627
vn -0.2189 0.8701 0.4416
vn -0.4044 0.6553 0.6380
vn 0.0743 0.7326 0.6766
vn 0.3059 0.5850 0.7512
vn 0.1930 0.5200 0.8321
vn -0.2207 0.7767 0.5900
vn -0.1841 0.5782 0.7949
vn 0.1646 0.8751 0.4551
vn 0.0701 0.9920 0.1051
vn -0.1613 0.3563 0.9203
vn 0.3211 -0.2832 0.9037
vn -0.2264 -0.6400 0.7343
vn 0.7681 0.0998 0.6325
vn 0.2876 0.4990 0.8175
vn -0.1342 -0.8786 0.4583
vn -0.7480 -0.6512 0.1282
vn -0.6529 -0.3388 0.6774
vn 0.6259 -0.5044 0.5949
vn 0.8848 -0.1890 0.4260
vn -0.9739 -0.1710 -0.1492
vn -0.9893 0.1011 0.1048
vn -0.9683 -0.1781 -0.1752
vn -0.8284 -0.5484 0.1142
vn 0.4860 0.2757 0.8293
vn -0.4329 0.4627 0.7736
vn -0.1527 -0.8283 0.5391
vn -0.2356 0.5061 0.8296
vn 0.6368 -0.5248 0.5649
vn -0.1763 0.5555 0.8126
vn -0.8493 0.2441 0.4680
vn 0.8956 -0.1910 0.4018
vn 0.7089 0.7053 0.0043
vn 0.9969 -0.0326 0.0718
vn 0.8741 -0.0666 -0.4811
vn 0.3178 -0.1272 -0.9396
vn 0.1818 0.9301 -0.3193
vn -0.4520 -0.0903 -0.8874
vn -0.4857 0.8231 -0.2943
vn 0.9980 0.0484 0.0419
vn -0.8273 0.0175 -0.5614
vn -0.8748 -0.0071 -0.4845
vn -0.7534 0.0156 -0.6574
vn -0.4285 -0.1569 -0.8898
vn 0.9991 0.0206 -0.0378
vn 0.8646 -0.2321 -0.4456
vn 0.8817 -0.1352 -0.4519
vn 0.3770 -0.1190 -0.9185
vn 0.3155 -0.2751 -0.9082
vn -0.3943 -0.0863 -0.9149
vn -0.7288 -0.0783 -0.6802
vn -0.3812 -0.2200 -0.8979
vn 0.3263 -0.2354 -0.9155
vn -0.3760 -0.3837 -0.8434
vn 0.2443 -0.4333 -0.8675
vn 0.8293 -0.1864 -0.5269
vn 0.7778 -0.3963 -0.4879
vn 0.9772 -0.1624 -0.1368
vn 0.9164 -0.3794 -0.1276
vn -0.6982 -0.3133 -0.6437
vn -0.7161 -0.1681 -0.6775
vn 0.2210 -0.6778 -0.7012
vn 0.6283 -0.6341 -0.4507
vn 0.1664 -0.8429 -0.5117
vn -0.3129 -0.7058 -0.6356
vn -0.3119 -0.5757 -0.7558
vn 0.6948 -0.6702 -0.2609
vn 0.9895 -0.0929 -0.1109
vn 0.0072 0.5454 -0.8381
vn 0.2169 0.0138 -0.9761
vn -0.2502 0.5959 -0.7631
vn 0.3983 0.8039 -0.4417
vn 0.4822 -0.1142 -0.8686
vn 0.3640 0.5143 -0.7765
vn -0.0867 0.8066 -0.5847
vn 0.6561 0.5898 -0.4709
vn 0.4312 0.8145 -0.3882
vn 0.6538 0.7450 0.1319
vn 0.0878 0.8970 0.4332
vn 0.7116 0.4987 0.4948
vn 0.9808 0.1389 0.1372
vn 0.8830 0.4474 -0.1418
vn 0.9893 0.0934 0.1119
vn 0.8792 0.4274 -0.2104
vn 0.6801 0.7315 0.0488
vn 0.2908 0.7632 -0.5770
vn 0.1563 0.9831 -0.0950
vn -0.4512 0.8486 -0.2761
vn -0.4654 0.6042 -0.6468
vn -0.8424 0.4248 -0.3314
vn -0.7770 0.3247 -0.5393
vn 0.9605 0.1031 0.2585
vn -0.5868 0.6546 0.4765
vn -0.0770 0.6952 0.7146
vn -0.1338 0.3161 0.9392
vn -0.7735 0.2847 0.5663
vn 0.5793 0.1996 0.7903
vn 0.5215 0.5294 0.6692
vn -0.9576 0.2426 0.1551
vn -0.9767 0.1531 0.1505
vn 0.9073 0.0568 0.4167
vn 0.8991 -0.0604 0.4336
vn -0.8066 0.2200 0.5486
vn -0.1436 0.2366 0.9609
vn 0.5854 0.1198 0.8019
vn -0.9742 0.1783 0.1386
vn 0.8876 0.0558 0.4572
vn -0.7490 0.2288 0.6219
vn -0.1542 0.2100 0.9655
vn -0.9426 0.2384 0.2339
vn 0.5257 0.0764 0.8472
vn 0.8094 0.0866 0.5809
vn -0.7446 0.2513 0.6184
vn -0.9693 0.1396 0.2023
vn -0.7579 0.1400 0.6371
vn -0.1697 0.1112 0.9792
vn -0.1345 0.2565 0.9571
vn 0.5124 0.0015 0.8587
vn 0.5197 0.0841 0.8502
vn -0.9879 0.0403 0.1501
vn 0.8477 -0.1724 0.5017
vn 0.8196 -0.0771 0.5677
vn -0.1920 -0.6224 0.7587
vn -0.7245 -0.4215 0.5454
vn 0.4268 -0.5269 0.7350
vn -0.0826 -0.9887 0.1250
vn -0.7876 -0.6159 0.0204
vn 0.5719 -0.7908 0.2183
vn 0.5689 0.8135 0.1205
vn 0.8057 0.5349 0.2545
vn 0.5667 0.7449 0.3521
vn 0.1755 0.9012 -0.3962
vn 0.9133 0.3991 0.0812
vn 0.7215 0.6861 -0.0934
vn 0.9442 0.3265 0.0430
vn 0.7666 0.6162 -0.1806
vn 0.4995 0.8573 0.1248
vn 0.1336 0.8707 -0.4733
vn -0.0214 0.9997 -0.0117
vn -0.5745 0.7712 -0.2744
vn -0.5926 0.5776 -0.5614
vn -0.8948 0.2554 -0.3663
vn -0.8574 0.2448 -0.4527
vn 0.9162 0.3149 0.2477
vn -0.7568 0.4757 0.4484
vn -0.2514 0.5642 0.7864
vn -0.2964 0.2319 0.9265
vn -0.8921 0.1903 0.4097
vn 0.4245 0.1893 0.8854
vn 0.3069 0.4517 0.8377
vn -0.9943 0.1056 -0.0114
vn -0.9943 0.0936 -0.0502
vn 0.8199 0.1007 0.5636
vn 0.7751 0.0577 0.6292
vn -0.9114 0.1061 0.3975
vn -0.3138 0.1067 0.9435
vn 0.4150 0.0764 0.9066
vn -0.9935 0.0868 -0.0733
vn 0.8124 0.0816 0.5774
vn -0.8689 -0.0211 0.4945
vn -0.2980 -0.0298 0.9541
vn -0.9992 0.0249 0.0299
vn 0.4037 -0.0467 0.9137
vn 0.7270 0.0422 0.6853
vn -0.8675 -0.0685 0.4926
vn -0.9933 -0.1154 0.0021
vn -0.8371 -0.2044 0.5075
vn -0.2928 -0.1636 0.9421
vn -0.2999 -0.0149 0.9539
vn 0.4322 -0.1588 0.8877
vn 0.3658 -0.0494 0.9294
vn -0.9743 -0.2170 -0.0600
vn 0.8171 -0.1645 0.5525
vn 0.7226 -0.1281 0.6793
vn -0.1358 -0.8122 0.5674
vn -0.6538 -0.7115 0.2577
vn 0.4398 -0.6714 0.5965
vn 0.1364 -0.9833 -0.1209
vn -0.6634 -0.7031 -0.2563
vn 0.6900 -0.7221 0.0492
vn 0.4691 0.7654 -0.4406
vn 0.9539 0.1799 -0.2401
vn 0.7987 0.6017 -0.0061
vn -0.0514 0.7563 -0.6522
vn 0.8951 0.3165 -0.3139
vn 0.6970 0.4619 -0.5484
vn 0.0536 0.5222 -0.8511
vn -0.8737 0.4367 -0.2142
vn -0.6830 0.6790 -0.2691
vn -0.6894 0.5701 -0.4469
vn -0.8953 0.2539 -0.3661
vn 0.0353 0.9128 -0.4068
vn -0.0440 0.9690 -0.2433
vn -0.5121 0.8373 -0.1914
vn -0.7179 0.6883 -0.1043
vn -0.5112 0.6476 -0.5650
vn -0.8172 0.3650 -0.4461
vn 0.2997 0.8213 -0.4855
vn 0.1651 0.9660 -0.1989
vn 0.9314 -0.1816 0.3156
vn 0.8966 0.4082 -0.1720
vn 0.3880 -0.7117 0.5856
vn -0.3331 -0.7716 0.5420
vn -0.9448 -0.3207 0.0674
vn -0.9599 0.0569 -0.2747
vn -0.9904 -0.0987 -0.0962
vn -0.3620 0.6309 0.6862
vn -0.6307 0.5938 -0.4997
vn -0.0205 0.7503 0.6608
vn 0.2540 0.5177 -0.8170
vn -0.7926 -0.2320 -0.5639
vn -0.0102 -0.6426 -0.7661
vn 0.7839 0.2616 -0.5630
vn 0.6240 -0.5746 -0.5296
vn 0.9720 -0.2348 -0.0037
vn 0.9789 -0.2043 -0.0083
vn -0.9608 0.0947 -0.2605
vn -0.9703 0.0526 -0.2362
vn 0.6781 0.5383 0.5004
vn 0.7195 0.3612 0.5932
vn 0.1200 0.8160 0.5654
vn 0.0973 0.6519 0.7520
vn -0.4316 0.8127 0.3916
vn -0.5283 0.6453 0.5518
vn -0.7918 0.5929 0.1465
vn -0.8693 0.4351 0.2345
vn -0.5956 0.5923 0.5426
vn 0.0856 0.5993 0.7960
vn 0.6893 0.2602 0.6761
vn -0.8452 0.4798 0.2354
vn 0.9675 -0.2514 0.0287
vn 0.6278 -0.6073 -0.4869
vn 0.3254 0.9312 -0.1642
vn -0.3381 0.8891 -0.3084
vn 0.3715 0.7421 -0.5580
vn -0.3482 0.6881 -0.6366
vn 0.8178 0.5747 -0.0300
vn 0.9053 0.3602 -0.2250
vn -0.7280 0.5758 -0.3721
vn -0.6922 0.4687 -0.5488
vn 0.9147 -0.2488 0.3184
vn 0.5825 0.4146 0.6991
vn -0.1030 0.7651 0.6356
vn 0.3939 0.7739 -0.4958
vn -0.3923 0.7254 -0.5655
vn -0.7235 0.5164 -0.4581
vn -0.6825 0.7023 -0.2027
vn -0.9834 0.0917 -0.1562
vn -0.9715 0.2287 0.0619
vn 0.1652 0.4651 0.8697
vn 0.1805 0.4894 0.8531
vn -0.4890 0.5636 0.6657
vn -0.4693 0.5505 0.6904
vn 0.7194 0.1042 0.6867
vn 0.7045 0.1054 0.7018
vn -0.7887 0.4565 0.4117
vn -0.8112 0.4204 0.4064
vn 0.8268 -0.5535 0.1005
vn 0.8714 -0.4865 0.0637
vn 0.3434 -0.8765 -0.3373
vn 0.4448 -0.7378 -0.5077
vn -0.2572 -0.8452 -0.4684
vn -0.1860 -0.6726 -0.7162
vn -0.8050 -0.4753 -0.3551
vn -0.8083 -0.2814 -0.5172
vn -0.9784 -0.1373 -0.1546
vn -0.9732 0.0219 -0.2288
vn -0.0552 -0.1461 0.9877
vn -0.5859 0.0567 0.8084
vn -0.2430 -0.7318 0.6368
vn -0.8159 -0.2543 0.5193
vn 0.5397 -0.6785 0.4983
vn 0.5374 -0.2582 0.8028
vn -0.3247 -0.9266 -0.1897
vn -0.7575 -0.6364 -0.1457
vn -0.7921 -0.6091 0.0395
vn -0.3711 -0.9232 0.1002
vn 0.0766 -0.9802 -0.1828
vn 0.3400 -0.9404 -0.0027
vn -0.1617 -0.5238 -0.8364
vn -0.0141 -0.7047 -0.7094
vn 0.5246 -0.6034 -0.6005
vn -0.8141 -0.1099 -0.5703
vn -0.7449 -0.3729 -0.5532
vn 0.9144 -0.4031 -0.0376
vn 0.7354 0.0299 0.6770
vn 0.1652 0.4041 0.8997
vn -0.4665 0.5573 0.6869
vn -0.7266 0.5790 0.3698
vn -0.9621 0.1404 -0.2336
vn -0.9564 0.0973 -0.2752
vn 0.2218 -0.9447 -0.2417
vn 0.0426 -0.9991 0.0079
vn -0.4282 -0.8816 -0.1984
vn -0.3496 -0.8560 -0.3809
vn 0.5899 -0.8065 -0.0389
vn 0.6782 -0.6986 0.2281
vn 0.3971 0.6373 0.6604
vn 0.9114 -0.0238 0.4109
vn -0.8194 0.5566 -0.1370
vn -0.2347 0.5871 0.7747
vn 0.9813 -0.1915 0.0177
vn 0.8598 -0.4468 0.2472
vn 0.6809 -0.3389 -0.6493
vn 0.8547 0.2366 -0.4621
vn 0.4232 -0.7066 0.5671
vn 0.4256 -0.0172 0.9047
vn 0.6443 -0.1063 -0.7573
vn 0.5791 0.4267 -0.6947
vn -0.2768 -0.2170 0.9361
vn 0.0097 0.5479 0.8365
vn -0.6417 0.4473 0.6230
vn -0.2678 0.8781 0.3966
vn -0.8377 0.4517 -0.3070
vn -0.4193 0.8155 -0.3990
vn -0.0414 0.4765 -0.8782
vn 0.1326 0.4414 -0.8874
vn 0.2156 0.4433 -0.8701
vn 0.1164 0.2734 -0.9548
vn 0.8301 0.4810 -0.2822
vn 0.5468 0.6154 -0.5678
vn 0.0927 0.6301 -0.7710
vn -0.2823 0.6900 -0.6665
vn -0.1180 -0.9466 -0.3002
vn -0.7273 -0.6861 0.0167
vn 0.7126 0.7009 -0.0312
vn 0.9768 0.0751 0.2007
vn 0.6333 -0.6566 0.4096
vn 0.8358 0.2723 0.4767
vn 0.7819 0.3010 0.5459
vn 0.6490 0.7579 0.0669
vn 0.3986 -0.4078 0.8214
vn 0.5350 -0.5932 0.6015
vn 0.4341 0.8166 -0.3803
vn 0.3708 0.8917 -0.2597
vn -0.2890 -0.7910 0.5392
vn -0.0161 -0.9999 0.0001
vn -0.6916 -0.6682 -0.2742
vn -0.3000 -0.7720 -0.5604
vn -0.8054 -0.0161 -0.5926
vn -0.7849 -0.2415 -0.5706
vn -0.6402 0.5063 -0.5778
vn -0.3338 0.6207 -0.7095
vn -0.1561 0.7770 -0.6098
vn -0.1088 0.7408 -0.6629
vn -0.9571 -0.0774 -0.2792
vn -0.4430 0.7459 -0.4974
vn -0.6979 0.5074 -0.5055
vn -0.7084 0.6930 -0.1339
vn -0.9231 0.2279 -0.3097
vn -0.8741 0.3342 0.3525
vn -0.5339 0.8413 0.0842
vn -0.6906 0.4884 0.5334
vn -0.8558 -0.0687 0.5128
vn -0.7255 -0.1712 0.6666
vn -0.8529 -0.4071 0.3267
vn -0.3119 -0.6857 0.6577
vn 0.4410 -0.3584 0.8228
vn 0.2556 -0.1929 0.9473
vn 0.8174 0.2136 0.5350
vn 0.4159 0.4084 0.8125
vn 0.6651 0.7435 0.0696
vn 0.4313 0.8287 0.3566
vn -0.1803 0.4925 0.8514
vn 0.0069 0.9774 0.2115
vn -0.2490 -0.1865 0.9504
vn 0.3759 0.9024 -0.2106
vn 0.7699 -0.3983 -0.4986
vn 0.7300 -0.6412 -0.2366
vn 0.6077 -0.5796 -0.5429
vn 0.6529 -0.5161 -0.5544
vn 0.6306 -0.5959 0.4972
vn 0.6015 -0.7965 -0.0607
vn 0.5162 -0.7694 0.3763
vn 0.3137 -0.3195 0.8941
vn 0.2687 -0.0920 0.9588
vn 0.0617 0.4187 0.9060
vn 0.2293 0.1710 0.9582
vn -0.1053 0.9067 0.4085
vn -0.0144 0.9982 0.0587
vn -0.1820 0.9014 0.3929
vn -0.1156 0.6924 0.7122
vn -0.0065 0.9932 0.1165
vn 0.8141 0.5726 0.0968
vn 0.7111 0.5407 -0.4494
vn 0.5651 0.2141 -0.7968
vn 0.4095 0.2184 -0.8858
vn 0.0495 -0.5491 0.8343
vn 0.0859 -0.6874 0.7212
vn 0.5618 -0.8225 0.0885
vn 0.3839 -0.8632 0.3280
vn -0.3423 -0.0820 0.9360
vn -0.4102 -0.3256 0.8519
vn 0.6182 -0.7428 -0.2570
vn 0.5579 -0.8081 -0.1892
vn 0.6294 -0.6828 -0.3709
vn 0.5585 -0.6131 -0.5588
vn 0.4831 -0.8337 0.2676
vn 0.2683 -0.6312 -0.7278
vn 0.6010 -0.1185 -0.7904
vn 0.9162 -0.4006 -0.0058
vn -0.0820 -0.5359 0.8403
vn 0.6460 -0.4890 0.5861
vn 0.3140 -0.2619 0.9126
vn -0.4678 -0.0228 0.8836
vn 0.9024 -0.3003 0.3089
vn 0.2325 -0.1548 -0.9602
vn -0.2823 0.0060 -0.9593
vn 0.4681 -0.1568 -0.8696
vn 0.1222 -0.0647 -0.9904
vn 0.8186 -0.2800 -0.5015
vn 0.3266 -0.2300 0.9168
vn -0.2894 0.2078 0.9344
vn -0.3843 0.6415 0.6639
vn -0.3637 0.8230 0.4363
vn -0.1639 0.9097 0.3816
vn 0.8332 0.3908 0.3912
vn 0.8237 0.4631 0.3271
vn 0.0684 0.9977 0.0042
vn -0.1644 0.8759 0.4536
vn -0.1031 0.5784 0.8092
vn -0.1945 0.5476 0.8138
vn -0.0230 0.7455 0.6661
vn 0.0690 0.6795 0.7304
vn 0.1086 0.6675 0.7366
vn 0.1626 0.6738 0.7208
vn -0.0399 0.4191 0.9071
vn -0.1053 0.4105 0.9057
vn -0.0003 0.2504 0.9681
vn 0.2123 0.3493 0.9126
vn 0.1824 0.6048 0.7752
vn 0.0466 0.7250 0.6872
vn -0.8016 -0.4950 0.3354
vn -0.7964 -0.5098 0.3254
vn -0.9272 -0.3664 -0.0779
vn -0.9489 -0.3144 -0.0258
vn -0.4747 -0.5088 0.7182
vn -0.4703 -0.5529 0.6878
vn 0.0531 -0.4127 0.9093
vn 0.0623 -0.4754 0.8776
vn -0.9338 -0.3555 0.0407
vn -0.9371 -0.3470 -0.0368
vn 0.5419 -0.2454 0.8038
vn 0.5804 -0.2149 0.7855
vn 0.6999 -0.1596 0.6962
vn 0.7557 -0.1900 0.6268
vn 0.7493 -0.0812 0.6572
vn 0.8418 -0.0688 0.5354
vn 0.8181 0.0160 0.5749
vn -0.0938 -0.4043 0.9098
vn -0.5299 -0.4912 0.6913
vn -0.1868 -0.3481 0.9187
vn -0.5583 -0.4192 0.7159
vn 0.3987 -0.1164 0.9097
vn 0.4849 -0.1666 0.8586
vn 0.6427 -0.0186 0.7659
vn 0.6090 0.0277 0.7927
vn 0.7134 0.0880 0.6952
vn 0.7235 0.0131 0.6902
vn 0.7922 0.1487 0.5918
vn 0.8020 0.0598 0.5943
vn 0.8065 0.1018 0.5825
vn 0.7354 0.0625 0.6748
vn 0.8527 -0.0501 0.5199
vn 0.8284 -0.0762 0.5550
vn 0.8443 -0.1798 0.5048
vn 0.7767 -0.0798 0.6248
vn 0.8196 -0.2369 0.5216
vn 0.2664 -0.4682 0.8425
vn 0.0039 -0.5720 0.8202
vn -0.5801 -0.6334 0.5122
vn -0.6217 -0.7332 0.2755
vn 0.8400 -0.1742 0.5139
vn 0.1725 -0.3423 0.9236
vn -0.7356 -0.4530 0.5037
vn 0.6894 -0.3771 0.6185
vn 0.7089 -0.1321 0.6928
vn 0.3326 -0.5601 0.7587
vn 0.3503 -0.3046 0.8857
vn -0.1517 -0.4458 0.8822
vn -0.1568 -0.6786 0.7176
vn 0.0074 -0.7412 0.6712
vn -0.3168 -0.7983 0.5122
vn -0.4150 -0.6528 0.6337
vn -0.3927 -0.7699 0.5030
vn -0.4808 -0.4676 0.7417
vn 0.0075 -0.6758 0.7371
vn -0.6488 -0.7458 0.1512
vn -0.6467 -0.7385 0.1908
vn -0.6410 -0.7660 0.0486
vn 0.4397 -0.0654 0.8958
vn -0.1695 -0.2682 0.9483
vn -0.5141 -0.2987 0.8040
vn -0.7032 -0.4224 0.5719
vn -0.6662 -0.5651 0.4867
vn -0.9380 -0.2878 0.1931
vn -0.9094 -0.3984 0.1194
vn -0.6119 -0.7024 0.3636
vn -0.8674 -0.4975 -0.0140
vn -0.9346 -0.2023 -0.2927
vn -0.9714 -0.1232 -0.2028
vn -0.7157 -0.6714 -0.1923
vn -0.6170 -0.7813 -0.0945
vn -0.5577 -0.8283 0.0539
vn -0.6013 -0.7270 0.3314
vn -0.7242 -0.6035 0.3337
vn -0.8524 -0.0391 -0.5215
vn -0.8613 0.0156 -0.5079
vn -0.6700 0.1339 -0.7302
vn -0.6552 0.1912 -0.7309
vn -0.2335 0.2993 -0.9252
vn -0.4128 0.2155 -0.8849
vn 0.1097 0.2076 -0.9720
vn -0.0816 0.2556 -0.9633
vn 0.4653 0.0576 -0.8833
vn -0.4856 0.2193 -0.8462
vn -0.1665 0.3604 -0.9178
vn -0.7251 0.1143 -0.6791
vn -0.8804 0.0135 -0.4740
vn -0.8655 -0.0886 -0.4931
vn -0.7148 0.0835 -0.6943
vn -0.9789 -0.0906 -0.1834
vn -0.9732 -0.1186 -0.1968
vn -0.8503 -0.2069 -0.4839
vn -0.9541 -0.2608 -0.1474
vn -0.8615 -0.2903 -0.4166
vn -0.9325 -0.3275 -0.1522
vn -0.9716 -0.2319 -0.0469
vn -0.8526 -0.4018 0.3341
vn -0.5185 -0.0664 -0.8525
vn -0.6147 -0.0137 -0.7886
vn -0.4137 0.2442 -0.8770
vn -0.5222 0.2640 -0.8109
vn -0.2034 0.6557 -0.7271
vn -0.2169 0.5201 -0.8261
vn 0.2103 0.8917 -0.4008
vn 0.3985 0.6961 -0.5972
vn 0.4592 0.8802 -0.1201
vn 0.7322 0.6524 -0.1959
vn 0.7728 0.4599 0.4373
vn 0.8004 0.2852 0.5273
vn 0.0560 0.9077 -0.4158
vn 0.0848 0.9893 -0.1191
vn 0.2841 0.9538 -0.0975
vn 0.0806 0.9825 -0.1679
vn 0.1347 0.9898 -0.0467
vn 0.3534 0.9176 -0.1820
vn 0.2336 0.6103 -0.7569
vn -0.2231 0.3014 -0.9270
vn 0.7643 0.0939 0.6380
vn 0.6661 0.0412 0.7447
vn 0.5495 0.8220 0.1496
vn 0.8825 0.2518 0.3973
vn 0.8747 0.4802 0.0653
vn 0.2964 0.8833 -0.3631
vn -0.3542 0.0138 -0.9351
vn 0.9797 -0.1952 -0.0461
vn 0.7391 0.5132 -0.4363
vn 0.9456 -0.3194 -0.0615
vn 0.8395 -0.4426 -0.3151
vn 0.5232 -0.0575 -0.8503
vn -0.7411 -0.1950 -0.6424
vn 0.4884 0.6557 -0.5757
vn 0.7334 0.3181 -0.6008
vn 0.4968 0.7795 -0.3816
vn 0.4349 0.8612 -0.2632
vn 0.6981 0.3258 -0.6375
vn 0.9425 -0.3335 -0.0202
vn 0.9074 -0.4127 -0.0789
vn 0.4983 -0.5637 -0.6587
vn -0.9529 -0.2960 -0.0663
vn -0.9247 -0.3761 -0.0586
vn -0.9453 -0.3182 -0.0719
vn -0.7838 -0.4554 0.4223
vn -0.4947 -0.4567 0.7393
vn 0.0103 -0.3565 0.9342
vn 0.5198 -0.2070 0.8288
vn 0.7263 -0.1749 0.6647
vn 0.6063 -0.0218 0.7949
vn 0.7843 -0.0933 0.6134
vn 0.8252 -0.0486 0.5627
vn 0.8875 -0.0984 0.4501
vn 0.8844 -0.1214 0.4506
vn -0.7703 -0.3584 0.5274
vn -0.5549 -0.2431 0.7956
vn 0.4181 -0.1017 0.9027
vn -0.2470 -0.1480 0.9576
vn -0.1754 -0.0131 0.9844
vn 0.3805 0.1327 0.9152
vn 0.6764 0.0571 0.7344
vn 0.8234 -0.0411 0.5659
vn 0.8818 -0.1187 0.4564
vn 0.0412 -0.5674 -0.8224
vn 0.3979 -0.4205 -0.8154
vn -0.4883 0.0126 -0.8726
vn -0.4408 -0.4155 -0.7956
vn 0.2670 -0.6283 -0.7307
vn 0.3076 -0.6814 -0.6641
vn -0.0831 -0.4531 -0.8876
vn -0.4626 -0.3006 -0.8341
vn 0.2642 -0.5092 -0.8191
vn 0.5436 -0.4426 -0.7132
vn 0.4823 -0.5597 -0.6739
vn -0.7083 -0.2848 -0.6459
vn -0.7392 -0.1343 -0.6599
vn -0.1677 -0.3517 -0.9210
vn -0.6086 -0.1456 -0.7800
vn -0.2035 -0.3218 -0.9247
vn 0.3098 -0.3524 -0.8831
vn 0.2695 -0.3950 -0.8783
vn 0.6529 -0.2153 -0.7262
vn 0.6122 -0.2960 -0.7332
vn 0.9531 0.0493 -0.2987
vn 0.9425 -0.0388 -0.3320
vn 0.9795 0.2010 -0.0107
vn 0.9876 0.1461 -0.0572
vn -0.6669 -0.1467 -0.7306
vn 0.9430 -0.0013 -0.3327
vn 0.7019 -0.2415 -0.6701
vn 0.3775 -0.3715 -0.8482
vn -0.1946 -0.3192 -0.9275
vn -0.6715 -0.1550 -0.7246
vn 0.9015 -0.2319 -0.3654
vn 0.9931 0.0049 -0.1168
vn -0.9148 0.0952 -0.3926
vn -0.9138 0.0715 -0.3999
vn -0.6912 -0.1481 -0.7074
vn -0.8711 0.0300 -0.4903
vn -0.8425 0.0367 -0.5375
vn -0.9448 0.0687 -0.3204
vn -0.9517 -0.1666 -0.2578
vn -0.9585 -0.1037 0.2655
vn -0.9857 0.1677 -0.0195
vn -0.9534 -0.0940 0.2866
vn -0.9642 0.2091 0.1629
vn -0.9411 -0.0321 0.3367
vn -0.8554 0.1079 0.5067
vn -0.8688 0.3104 0.3859
vn -0.6226 0.2419 0.7442
vn -0.6703 0.4002 0.6249
vn -0.3731 0.3485 0.8598
vn -0.3303 0.4644 0.8217
vn -0.6754 0.4690 0.5691
vn -0.3258 0.5312 0.7821
vn -0.6736 0.5391 0.5056
vn -0.3132 0.6101 0.7278
vn -0.6780 0.5917 0.4361
vn -0.2973 0.6713 0.6790
vn -0.8740 0.3749 0.3092
vn -0.9430 -0.1909 0.2728
vn -0.8773 -0.0464 0.4777
vn -0.9636 -0.2448 0.1075
vn 0.1165 0.5784 0.8074
vn 0.1013 0.6335 0.7671
vn 0.5666 0.4662 0.6794
vn 0.5131 0.4258 0.7453
vn 0.1110 0.5059 0.8554
vn 0.7650 0.3683 0.5283
vn 0.8060 0.3575 0.4718
vn 0.4612 0.5204 0.7186
vn 0.4669 0.3989 0.7892
vn 0.1033 0.4597 0.8821
vn 0.0267 0.4191 0.9075
vn -0.6895 0.3396 0.6398
vn 0.3942 0.3973 0.8287
vn 0.6880 0.3863 0.6143
vn 0.6164 0.3955 0.6809
vn 0.0073 0.6711 0.7413
vn -0.3535 0.6838 0.6383
vn -0.6864 0.6058 0.4024
vn -0.9343 0.3557 0.0240
vn -0.9216 0.3830 0.0624
vn -0.8944 0.4046 0.1908
vn -0.9597 0.2515 -0.1256
vn -0.9654 0.2589 0.0302
vn -0.9656 0.1584 -0.2064
vn 0.4794 -0.2122 0.8516
vn 0.9141 -0.1203 0.3873
vn 0.6888 -0.1933 0.6987
vn 0.1419 -0.2809 0.9492
vn 0.7365 -0.1181 0.6661
vn 0.9011 -0.0172 0.4332
vn 0.9957 -0.0202 -0.0908
vn 0.9885 0.1463 -0.0392
vn 0.8510 0.0709 -0.5203
vn 0.7759 0.3200 -0.5438
vn 0.5984 0.1693 -0.7831
vn 0.4507 0.3383 -0.8261
vn 0.9623 -0.0733 -0.2618
vn 0.8189 -0.0962 -0.5658
vn 0.6901 -0.0771 -0.7196
vn 0.6080 -0.1738 -0.7747
vn 0.6567 -0.0578 -0.7520
vn 0.8520 0.4765 -0.2168
vn 0.4815 0.5477 -0.6843
vn 0.8472 0.1458 0.5108
vn 0.6713 -0.0076 0.7411
vn 0.5832 0.2020 -0.7868
vn -0.0850 0.4870 -0.8693
vn 0.5073 -0.1770 -0.8434
vn -0.9597 -0.2649 -0.0943
vn -0.7565 -0.4796 -0.4447
vn -0.6120 -0.1636 0.7737
vn -0.4651 -0.3334 0.8201
vn -0.8704 -0.3442 0.3520
vn -0.8690 -0.3381 0.3613
vn -0.6980 -0.4119 0.5857
vn -0.3399 -0.0272 -0.9401
vn 0.3644 -0.8190 -0.4433
vn -0.0987 -0.6963 -0.7109
vn -0.8211 -0.0673 -0.5668
vn 0.2533 -0.9360 -0.2445
vn 0.0657 0.3328 -0.9407
vn -0.5132 0.7977 0.3167
vn -0.4677 0.8825 -0.0501
vn -0.5610 0.6908 0.4562
vn -0.7754 -0.3832 0.5018
vn -0.5931 0.5325 0.6039
vn -0.7746 0.3460 0.5294
vn -0.3938 -0.6636 -0.6361
vn -0.3100 0.0756 -0.9477
vn -0.4903 0.7704 -0.4075
vn -0.3626 0.8910 0.2734
vn -0.3684 0.8336 0.4116
vn -0.0777 0.9861 0.1469
vn 0.0276 0.9261 0.3762
vn -0.0493 0.9988 -0.0014
vn -0.2759 0.9611 -0.0114
vn -0.0240 0.9803 -0.1961
vn -0.2272 0.9405 -0.2526
vn -0.1237 0.8724 -0.4729
vn -0.0391 0.9147 -0.4022
vn -0.0123 0.7889 -0.6145
vn -0.1928 0.6425 -0.7416
vn -0.1787 0.4960 -0.8497
vn -0.4262 0.6000 -0.6771
vn -0.4265 0.3029 -0.8523
vn -0.4193 0.0338 -0.9072
vn -0.4740 0.0684 -0.8778
vn -0.4254 0.2686 -0.8642
vn -0.2508 0.3486 -0.9031
vn -0.2635 -0.7400 -0.6189
vn -0.4909 -0.8481 -0.1994
vn -0.8701 -0.4667 -0.1584
vn -0.9753 -0.0532 -0.2142
vn -0.8605 0.1639 -0.4823
vn -0.5503 0.3441 -0.7608
vn 0.2439 0.3792 -0.8926
vn 0.5200 -0.2242 -0.8242
vn 0.3348 -0.9145 -0.2271
vn 0.7368 -0.2627 -0.6229
vn -0.6737 -0.3997 0.6216
vn -0.8808 0.2105 0.4242
vn -0.5634 0.3963 0.7249
vn -0.6421 0.2664 0.7188
vn -0.5526 0.3464 0.7581
vn -0.5279 0.2512 0.8113
vn -0.6031 0.2641 0.7527
vn -0.4497 0.4430 0.7756
vn -0.6059 0.3074 0.7338
vn -0.6649 0.2844 0.6907
vn -0.6971 0.1352 0.7041
vn -0.7413 0.0496 0.6694
vn -0.6136 0.1201 0.7804
vn -0.7556 -0.1033 0.6468
vn -0.7883 -0.3316 0.5184
vn -0.4613 0.1236 0.8786
vn -0.6013 -0.0889 0.7941
vn -0.7017 -0.4544 0.5488
vn -0.3296 0.1529 0.9316
vn -0.4452 -0.0221 0.8951
vn -0.2249 0.1940 0.9549
vn -0.2821 0.0288 0.9590
vn -0.1429 0.2137 0.9664
vn -0.1570 0.0493 0.9864
vn -0.0828 0.0497 0.9953
vn -0.1518 -0.1955 0.9689
vn -0.0628 -0.1603 0.9851
vn -0.1236 -0.0796 0.9891
vn -0.2057 -0.1470 0.9675
vn -0.0635 0.2175 0.9740
vn -0.3496 -0.2470 0.9037
vn -0.2896 -0.2742 0.9170
vn -0.3585 0.0083 0.9335
vn -0.2156 0.0758 0.9735
vn -0.5161 -0.0811 0.8527
vn -0.3616 -0.0091 0.9323
vn -0.1941 0.0108 0.9809
vn -0.1452 0.0927 0.9850
vn -0.2419 0.1447 0.9594
vn -0.1639 0.5911 0.7897
vn -0.2264 0.6074 0.7614
vn -0.3501 0.2245 0.9094
vn -0.5609 0.1543 0.8134
vn -0.4660 0.4660 0.7521
vn -0.4057 0.6441 0.6486
vn -0.2226 0.7172 0.6603
vn -0.1943 0.7486 0.6339
vn -0.4096 0.5819 0.7026
vn -0.4802 0.5687 0.6678
vn -0.5405 0.5675 0.6211
vn -0.4228 0.4895 0.7626
vn -0.4362 0.5338 0.7244
vn -0.4123 0.5381 0.7352
vn -0.3238 0.5581 0.7640
vn -0.2667 0.6453 0.7158
vn -0.2449 0.6767 0.6943
vn -0.2884 0.6092 0.7388
vn -0.3930 0.5688 0.7225
vn -0.2607 0.7671 0.5861
vn -0.3067 0.7577 0.5761
vn -0.2892 0.5913 0.7528
vn -0.0427 0.7455 0.6651
vn 0.0202 0.8643 0.5026
vn 0.1368 0.8717 0.4706
vn 0.1022 0.7510 0.6523
vn -0.2904 0.7918 0.5374
vn 0.0251 0.6145 0.7885
vn 0.2377 0.7107 0.6621
vn 0.0975 0.6593 0.7455
vn 0.3375 0.7113 0.6166
vn 0.1305 0.7118 0.6902
vn 0.3406 0.6509 0.6785
vn 0.0404 0.8087 0.5868
vn -0.0873 0.7872 0.6104
vn -0.4397 0.6641 0.6047
vn -0.1693 0.6863 0.7073
vn -0.4046 0.6086 0.6826
vn -0.0129 0.7291 0.6842
vn 0.0417 0.7271 0.6852
vn 0.2075 0.5335 0.8200
vn -0.4223 0.6921 0.5853
vn -0.3621 0.6709 0.6472
vn -0.4301 0.6760 0.5983
vn -0.6758 0.5061 0.5359
vn -0.6152 0.5824 0.5313
vn -0.9062 0.2698 0.3255
vn -0.7909 0.4908 0.3655
vn -0.9327 0.2708 0.2381
vn -0.8660 0.4332 0.2498
vn -0.8016 0.4421 0.4025
vn -0.9232 0.3008 0.2392
vn -0.5800 0.4845 0.6549
vn -0.9029 0.3219 0.2848
vn -0.7603 0.3781 0.5282
vn -0.8953 0.2963 0.3326
vn -0.7449 0.2968 0.5975
vn -0.4697 0.2919 0.8332
vn -0.4121 0.1620 0.8966
vn -0.4033 0.1328 0.9054
vn -0.2220 0.2642 0.9386
vn -0.4940 -0.3708 0.7864
vn -0.5133 -0.0636 0.8559
vn -0.4705 0.4083 0.7822
vn -0.4504 0.1514 0.8799
vn -0.2662 0.5490 0.7923
vn -0.4963 0.3803 0.7804
vn -0.2475 0.2912 0.9241
vn -0.3360 -0.4091 0.8484
vn -0.5024 -0.3777 0.7778
vn -0.1872 -0.7368 0.6496
vn -0.2784 -0.7057 0.6515
vn -0.3345 -0.5779 0.7444
vn -0.0859 0.6268 0.7744
vn 0.0295 -0.8108 0.5845
vn 0.0538 -0.7359 0.6750
vn 0.2946 -0.8149 0.4992
vn 0.2266 -0.8394 0.4940
vn 0.0709 -0.8614 0.5029
vn 0.0092 -0.8340 0.5517
vn 0.0121 0.7135 -0.7005
vn -0.0829 0.6859 -0.7230
vn 0.1217 0.6148 -0.7793
vn 0.1868 0.6398 -0.7455
vn 0.1244 0.7127 -0.6903
vn 0.2241 0.6822 -0.6960
vn 0.1332 0.6193 -0.7738
vn 0.1828 0.6171 -0.7654
vn 0.2181 0.4244 -0.8788
vn 0.1511 0.4519 -0.8792
vn 0.1324 0.6409 -0.7562
vn 0.2138 0.6847 -0.6967
vn 0.0758 0.5907 -0.8033
vn 0.2598 0.3159 -0.9125
vn 0.1436 0.3280 -0.9337
vn 0.2806 0.3065 -0.9096
vn 0.2839 0.2634 -0.9220
vn 0.2638 0.2666 -0.9270
vn 0.2235 0.4041 -0.8870
vn 0.1854 0.6073 -0.7726
vn -0.0264 0.7647 -0.6438
vn 0.0261 0.6296 -0.7765
vn -0.1037 0.7379 -0.6669
vn -0.2256 0.8005 -0.5553
vn -0.3572 0.7330 -0.5789
vn -0.2179 0.8600 -0.4615
vn -0.1881 0.8604 -0.4736
vn -0.3637 0.9153 -0.1733
vn -0.2841 0.9403 -0.1873
vn -0.2614 0.9266 -0.2702
vn -0.3127 0.9435 0.1097
vn -0.2686 0.9622 0.0450
vn -0.1981 0.8102 -0.5517
vn -0.2642 0.7248 -0.6363
vn -0.2836 0.8920 -0.3520
vn -0.1513 0.7339 -0.6622
vn -0.1637 0.9040 -0.3948
vn -0.1412 0.6769 -0.7224
vn -0.1688 0.9804 -0.1011
vn -0.1348 0.9686 0.2088
vn -0.2842 0.9585 -0.0231
vn -0.2352 0.9007 0.3653
vn -0.2779 0.8634 0.4211
vn -0.3225 0.8174 0.4773
vn 0.0149 0.8758 0.4825
vn 0.2198 0.8182 0.5313
vn -0.1999 0.7446 0.6369
vn -0.0602 0.6410 0.7652
vn 0.1912 0.7563 0.6257
vn -0.0905 0.5502 0.8301
vn -0.1248 0.5995 0.7906
vn -0.1591 0.5936 0.7889
vn -0.3026 0.4432 0.8438
vn -0.1206 0.5469 0.8285
vn -0.2094 0.4220 0.8821
vn -0.4756 0.2715 0.8367
vn -0.3299 0.2792 0.9018
vn -0.0699 0.5172 0.8530
vn -0.1375 0.4144 0.8997
vn -0.0331 0.5187 0.8543
vn -0.0948 0.4291 0.8983
vn -0.0535 0.4453 0.8938
vn -0.0186 0.5400 0.8415
vn 0.0537 0.6893 0.7225
vn 0.0572 0.6583 0.7506
vn 0.0019 0.5442 0.8389
vn -0.0068 0.4428 0.8966
vn 0.0757 0.5395 0.8386
vn 0.0720 0.4336 0.8982
vn 0.1485 0.5474 0.8236
vn 0.2351 0.6911 0.6834
vn 0.2646 0.6886 0.6751
vn 0.1519 0.5694 0.8079
vn 0.1113 0.4305 0.8957
vn 0.0751 0.4450 0.8924
vn 0.1069 0.3695 0.9231
vn 0.1215 0.3669 0.9223
vn 0.1504 0.7048 0.6933
vn 0.0597 0.3588 0.9315
vn 0.0672 0.7144 0.6965
vn -0.0236 0.3502 0.9364
vn -0.0936 0.3458 0.9336
vn -0.1587 0.3256 0.9321
vn 0.0798 0.7605 0.6444
vn 0.0927 0.7494 0.6556
vn 0.1049 0.7618 0.6393
vn -0.0177 0.4837 0.8751
vn -0.0878 0.4269 0.9000
vn 0.0679 0.6762 0.7335
vn 0.1627 0.6194 0.7680
vn 0.2531 0.6532 0.7137
vn -0.1214 0.2929 0.9484
vn 0.1010 0.2085 0.9728
vn 0.2140 0.2963 0.9308
vn -0.0415 -0.0708 0.9966
vn -0.0293 -0.0720 0.9970
vn -0.3349 -0.4314 0.8377
vn -0.2487 -0.4670 0.8485
vn -0.4638 -0.4689 0.7517
vn -0.4047 -0.3009 0.8635
vn -0.6752 -0.2635 0.6889
vn -0.2812 -0.5326 0.7983
vn -0.0719 -0.0905 0.9933
vn -0.1647 0.0972 0.9815
vn -0.2594 0.1308 0.9569
vn -0.2385 0.3370 0.9108
vn -0.1028 0.6137 0.7829
vn 0.0953 0.8193 0.5654
vn 0.0320 0.6878 0.7252
vn -0.0031 0.7422 0.6702
vn -0.0347 0.7656 0.6424
vn 0.0555 0.7548 0.6536
vn 0.0869 0.7768 0.6237
vn 0.1100 0.7916 0.6010
vn -0.1662 0.7776 0.6064
vn -0.2173 0.7208 0.6582
vn -0.2844 0.6422 0.7118
vn -0.0936 0.7087 0.6993
vn -0.4397 0.7465 0.4995
vn -0.4454 0.8819 0.1544
vn -0.6204 0.7737 0.1285
vn -0.5099 0.8100 -0.2898
vn -0.7242 0.6230 -0.2955
vn -0.8831 0.4647 0.0643
vn -0.9571 0.2896 0.0050
vn -0.6527 0.5925 0.4721
vn -0.4048 0.5815 0.7057
vn -0.6163 0.4458 0.6493
vn -0.5510 0.3567 0.7544
vn -0.3734 0.4621 0.8044
vn -0.2361 0.5416 0.8068
vn -0.1473 0.6351 0.7583
vn -0.0103 0.7210 0.6928
vn 0.0917 0.8147 0.5726
vn 0.1229 0.8118 0.5709
vn -0.0839 0.6422 0.7620
vn -0.0150 0.6956 0.7182
vn -0.2331 0.5470 0.8040
vn -0.3597 0.4326 0.8267
vn -0.5564 0.2537 0.7913
vn -0.4444 0.0690 0.8932
vn -0.2854 -0.0547 0.9568
vn -0.3097 -0.1898 0.9317
vn -0.8164 0.0793 0.5721
vn -0.8933 0.2166 0.3938
vn -0.9626 0.1455 0.2286
vn -0.9154 -0.0081 0.4025
vn -0.5240 -0.1236 0.8427
vn -0.5121 -0.0856 0.8547
vn -0.6055 -0.0951 0.7902
vn -0.7155 0.0068 0.6985
vn -0.8151 -0.0718 0.5749
vn 0.1611 0.0175 -0.9868
vn 0.2321 0.0301 -0.9722
vn 0.2113 -0.0256 -0.9771
vn 0.1286 -0.0536 -0.9903
vn 0.1854 -0.1604 -0.9695
vn 0.1211 -0.1392 -0.9828
vn 0.0745 -0.0114 -0.9972
vn 0.0760 -0.1134 -0.9906
vn 0.0835 -0.1198 -0.9893
vn 0.0379 -0.2036 -0.9783
vn -0.0496 -0.2136 -0.9757
vn -0.1068 -0.2466 -0.9632
vn -0.3464 -0.2831 -0.8944
vn -0.3316 -0.3314 -0.8833
vn -0.2492 -0.2740 -0.9289
vn -0.1404 -0.1215 -0.9826
vn 0.0339 -0.1453 -0.9888
vn -0.0748 0.0610 -0.9953
vn 0.0452 0.0395 -0.9982
vn -0.3918 -0.1085 -0.9136
vn -0.5400 -0.2561 -0.8017
vn -0.2656 0.0654 -0.9619
vn -0.5970 -0.1245 -0.7926
vn -0.7369 -0.2551 -0.6260
vn -0.4322 0.0416 -0.9008
vn -0.6181 -0.2820 -0.7338
vn -0.6330 -0.2484 -0.7332
vn -0.5719 -0.3595 -0.7374
vn -0.7925 -0.2878 -0.5376
vn -0.8282 -0.2931 -0.4778
vn -0.7815 -0.1548 -0.6044
vn -0.8582 -0.3511 -0.3744
vn -0.9083 -0.3043 -0.2870
vn -0.8394 -0.5035 -0.2049
vn -0.8935 -0.4430 -0.0737
vn -0.9366 -0.3268 -0.1267
vn -0.9071 -0.3548 0.2263
vn -0.8233 -0.5643 0.0613
vn -0.8716 -0.3214 0.3703
vn -0.8953 -0.2741 0.3512
vn -0.9250 -0.2768 0.2604
vn -0.9550 -0.2870 0.0744
vn -0.9556 -0.2388 0.1728
vn -0.9763 -0.2106 -0.0506
vn -0.9738 -0.2002 0.1075
vn -0.8066 -0.5483 -0.2209
vn -0.9139 -0.2214 -0.3403
vn -0.9572 -0.2619 -0.1228
vn -0.9094 -0.2556 -0.3282
vn -0.9657 -0.2555 0.0459
vn -0.8045 -0.3649 -0.4687
vn -0.5297 -0.5375 -0.6562
vn -0.8077 -0.4855 -0.3344
vn -0.2612 -0.5163 -0.8156
vn -0.0558 -0.3801 -0.9232
vn -0.9313 -0.3377 -0.1363
vn -0.9454 -0.3258 0.0109
vn -0.9118 -0.4065 -0.0579
vn -0.7501 -0.5821 -0.3138
vn -0.8937 -0.4421 -0.0764
vn -0.7164 -0.6331 -0.2931
vn -0.8999 -0.4096 -0.1500
vn -0.7471 -0.5563 -0.3637
vn -0.9251 -0.3175 -0.2083
vn -0.9481 -0.2462 -0.2015
vn -0.8102 -0.4255 -0.4032
vn -0.4960 -0.5981 -0.6295
vn -0.4003 -0.7326 -0.5505
vn -0.1875 -0.7347 -0.6519
vn -0.2658 -0.6265 -0.7327
vn -0.9789 -0.0687 -0.1927
vn -0.8403 -0.3480 -0.4157
vn -0.5461 -0.5276 -0.6507
vn -0.5604 -0.5232 -0.6421
vn -0.2938 -0.5919 -0.7506
vn -0.3644 -0.5486 -0.7525
vn -0.6164 -0.4325 -0.6580
vn -0.4462 -0.3873 -0.8068
vn -0.1107 -0.5403 -0.8342
vn -0.1631 -0.4185 -0.8935
vn -0.8460 -0.3462 -0.4055
vn -0.7882 -0.4063 -0.4623
vn -0.0449 -0.5717 -0.8192
vn -0.0150 -0.4645 -0.8854
vn -0.1004 -0.4307 -0.8969
vn -0.2203 -0.4238 -0.8785
vn -0.0043 -0.3436 -0.9391
vn 0.1279 -0.4987 -0.8573
vn 0.2123 -0.3474 -0.9134
vn -0.7510 -0.3268 -0.5738
vn -0.5175 -0.3776 -0.7679
vn -0.1724 -0.4489 -0.8768
vn -0.0607 -0.5073 -0.8597
vn -0.0333 -0.4447 -0.8951
vn -0.7830 -0.3543 -0.5113
vn -0.9393 -0.1923 -0.2843
vn -0.9220 -0.2401 -0.3037
vn -0.7788 -0.4279 -0.4587
vn -0.6985 -0.5244 -0.4869
vn -0.3659 -0.7430 -0.5603
vn -0.5037 -0.5916 -0.6295
vn -0.0522 -0.8850 -0.4627
vn -0.1737 -0.6942 -0.6985
vn -0.7149 -0.5442 -0.4391
vn -0.2156 -0.9052 -0.3661
vn 0.0909 -0.6928 -0.7153
vn 0.0607 -0.8825 -0.4663
vn 0.0926 -0.8807 -0.4646
vn 0.1040 -0.9764 -0.1892
vn 0.1442 -0.9763 -0.1613
vn 0.0810 -0.6656 -0.7419
vn 0.0762 -0.9626 -0.2598
vn -0.5436 -0.4510 -0.7079
vn -0.2254 -0.5012 -0.8354
vn 0.0630 -0.5456 -0.8357
vn 0.1878 -0.6001 -0.7776
vn 0.1249 -0.9911 0.0454
vn 0.0822 -0.9951 0.0556
vn 0.1694 -0.9799 0.1052
vn 0.2544 -0.9653 -0.0597
vn 0.3349 -0.9421 -0.0183
vn 0.0973 -0.9841 0.1485
vn 0.6656 -0.6551 -0.3576
vn 0.3299 -0.8387 -0.4332
vn -0.2528 -0.9052 -0.3416
vn -0.6808 -0.5915 -0.4320
vn -0.9203 -0.2349 -0.3127
vn -0.9780 -0.0780 -0.1933
vn -0.9703 -0.0842 -0.2266
vn -0.9886 -0.0182 -0.1495
vn -0.9341 -0.2042 -0.2929
vn -0.9903 -0.0594 -0.1253
vn -0.9938 -0.0184 -0.1095
vn -0.9861 -0.0730 -0.1490
vn -0.9437 -0.3118 -0.1108
vn -0.9060 -0.3548 -0.2309
vn -0.9627 -0.0897 -0.2554
vn -0.9768 0.0909 -0.1940
vn -0.9237 -0.1619 0.3472
vn -0.8855 -0.2447 0.3950
vn -0.8349 -0.2680 0.4808
vn -0.9746 -0.1522 0.1645
vn -0.8800 -0.4528 -0.1436
vn -0.9735 -0.1452 0.1768
vn -0.9372 -0.1742 0.3023
vn -0.9148 -0.3891 -0.1085
vn -0.9034 -0.2284 0.3629
vn -0.9553 -0.2187 0.1991
vn -0.8950 -0.2721 0.3535
vn -0.9522 -0.1654 0.2567
vn -0.8510 -0.1852 0.4914
vn -0.9341 -0.2819 0.2193
vn -0.9530 -0.2021 0.2257
vn -0.9255 -0.2047 0.3188
vn -0.8981 -0.2133 0.3847
vn -0.9024 -0.2585 0.3446
vn -0.9428 -0.2573 0.2122
vn -0.8385 -0.4899 -0.2385
vn -0.9075 -0.3664 0.2053
vn -0.8392 -0.2072 0.5028
vn -0.9304 -0.2504 0.2676
vn -0.9355 -0.2664 0.2320
vn -0.9246 -0.3037 0.2301
vn -0.9272 -0.0863 0.3646
vn -0.9537 -0.1232 0.2744
vn -0.9389 0.1310 0.3182
vn -0.9009 0.1037 0.4214
vn -0.8322 0.3322 0.4438
vn -0.8865 0.2998 0.3524
vn -0.8068 0.4001 0.4348
vn -0.8670 0.3599 0.3447
vn -0.9457 0.1980 0.2577
vn -0.9223 0.2827 0.2636
vn -0.7677 0.5172 0.3783
vn -0.8962 0.3727 0.2408
vn -0.9624 0.0465 0.2676
vn -0.9509 -0.1751 0.2551
vn -0.7371 0.4582 0.4967
vn -0.6634 0.4291 0.6131
vn -0.7986 0.4224 0.4288
vn -0.8977 0.3615 0.2519
vn -0.6604 0.4370 0.6106
vn -0.6161 0.3965 0.6806
vn -0.7786 0.3549 0.5175
vn -0.7983 0.3706 0.4748
vn -0.7388 0.3664 0.5656
vn -0.6786 0.3754 0.6313
vn -0.9124 -0.0654 0.4040
vn -0.8782 -0.1610 0.4503
vn -0.8482 -0.2118 0.4855
vn -0.8948 -0.0706 0.4407
vn -0.8443 -0.0849 0.5291
vn -0.7962 -0.1596 0.5835
vn -0.8013 -0.1891 0.5676
vn -0.7579 -0.1979 0.6216
vn -0.8743 -0.2956 0.3849
vn -0.8347 -0.5467 -0.0665
vn -0.8821 -0.4684 -0.0501
vn -0.9411 -0.2642 0.2111
vn -0.9531 -0.2992 0.0467
vn -0.8924 -0.4288 -0.1406
vn -0.8543 -0.5171 0.0519
vn -0.9295 -0.3627 -0.0665
vn -0.8379 -0.3159 0.4451
vn -0.9165 -0.2610 0.3030
vn -0.8887 -0.4184 -0.1877
vn -0.9041 -0.4085 -0.1256
vn 0.8404 0.4820 0.2479
vn -0.5662 -0.6212 -0.5417
vn -0.8350 -0.4748 -0.2780
vn 0.8482 0.4739 0.2366
vn -0.9264 -0.0299 0.3754
vn -0.8670 -0.1746 0.4667
vn 0.0081 0.3735 -0.9276
vn 0.0346 0.4695 -0.8823
vn -0.0815 0.4909 -0.8674
vn -0.0897 0.3817 -0.9199
vn -0.3613 0.4740 -0.8030
vn -0.3701 0.3725 -0.8510
vn -0.7208 0.3941 -0.5701
vn -0.6911 0.3043 -0.6556
vn -0.9613 0.1904 -0.1992
vn -0.9299 0.1584 -0.3321
vn -0.9974 -0.0142 0.0712
vn -0.9995 -0.0195 -0.0254
vn -0.9484 -0.1377 0.2857
vn -0.9710 -0.1451 0.1900
vn -0.9935 0.0071 -0.1134
vn -0.9847 -0.1190 0.1271
vn -0.9914 -0.1216 -0.0486
vn -0.9890 -0.1448 -0.0284
vn -0.8796 -0.2176 -0.4230
vn -0.5517 0.0561 -0.8322
vn -0.6659 -0.0713 -0.7426
vn -0.9703 -0.2380 0.0430
vn -0.6206 -0.5191 -0.5877
vn -0.7811 -0.5090 -0.3617
vn -0.5858 -0.6736 -0.4507
vn -0.8261 -0.5404 -0.1594
vn -0.8318 -0.5544 -0.0258
vn -0.5613 -0.7281 -0.3935
vn -0.9370 -0.3250 0.1278
vn -0.9565 -0.2895 -0.0355
vn -0.8447 -0.2108 -0.4919
vn -0.9677 -0.2473 0.0491
vn -0.9459 -0.2748 0.1723
vn -0.7966 -0.5507 -0.2493
vn -0.9123 -0.3369 0.2329
vn -0.8887 -0.1408 -0.4363
vn -0.8339 -0.5458 0.0818
vn -0.5361 -0.7654 -0.3561
vn -0.6752 -0.7293 -0.1103
vn -0.4550 -0.8143 -0.3605
vn -0.5399 -0.8217 -0.1827
vn -0.3863 -0.8467 -0.3658
vn -0.2756 -0.8832 -0.3796
vn -0.3912 -0.9130 -0.1160
vn -0.7270 -0.6270 0.2799
vn -0.5414 -0.7308 0.4157
vn -0.8499 -0.4132 0.3270
vn -0.1980 -0.9782 -0.0629
vn -0.2855 -0.8217 0.4932
vn -0.1273 -0.9106 -0.3932
vn -0.1000 -0.9946 -0.0262
vn -0.1372 -0.8485 0.5111
vn -0.0529 -0.9259 -0.3739
vn -0.6021 -0.4354 0.6693
vn -0.7756 -0.3793 0.5045
vn -0.7560 -0.3476 0.5546
vn -0.5942 -0.3955 0.7004
vn -0.7204 -0.3729 0.5848
vn -0.5893 -0.4069 0.6980
vn -0.3059 -0.4677 0.8293
vn -0.3366 -0.4967 0.8000
vn -0.1512 -0.4921 0.8573
vn -0.1754 -0.5338 0.8272
vn -0.8020 -0.3705 0.4685
vn -0.8298 -0.3393 0.4431
vn -0.3120 -0.4994 0.8082
vn -0.1508 -0.5124 0.8454
vn -0.8726 -0.3582 0.3319
vn -0.8621 -0.3500 0.3663
vn -0.7818 -0.3748 0.4984
vn -0.8513 -0.3710 0.3710
vn -0.9129 -0.3139 0.2609
vn -0.9020 -0.3478 0.2559
vn -0.9411 -0.3022 0.1519
vn -0.9010 -0.3239 0.2885
vn -0.8304 -0.3785 0.4088
vn -0.9536 -0.2922 0.0724
vn -0.8800 -0.3141 0.3563
vn -0.7843 -0.3454 0.5154
vn -0.7566 -0.3680 0.5405
vn -0.8452 -0.2591 -0.4675
vn -0.9350 -0.3458 0.0783
vn -0.7390 -0.5370 -0.4068
vn -0.9586 -0.2846 -0.0128
vn -0.6081 -0.5629 -0.5598
vn -0.4515 -0.5666 -0.6893
vn -0.6961 -0.3721 -0.6140
vn -0.9651 -0.2069 -0.1605
vn -0.9902 -0.0671 -0.1227
vn -0.9901 -0.1375 0.0277
vn -0.9902 0.0025 -0.1396
vn -0.9975 -0.0684 0.0159
vn -0.9752 -0.1975 0.1000
vn -0.9815 -0.1532 0.1150
vn -0.9522 0.0450 -0.3020
vn -0.8471 -0.0131 -0.5313
vn -0.5580 -0.2090 -0.8031
vn -0.9487 -0.2720 0.1611
vn -0.9620 -0.2254 0.1543
vn -0.9818 -0.1114 0.1537
vn -0.9973 -0.0132 0.0717
vn -0.9894 0.0232 -0.1432
vn -0.9950 0.0577 0.0812
vn -0.9926 0.0515 -0.1103
vn -0.9832 0.1781 -0.0405
vn -0.9801 0.1551 0.1243
vn -0.8789 0.4762 0.0292
vn -0.8665 0.4400 0.2358
vn -0.6239 0.7703 0.1321
vn -0.5862 0.7257 0.3602
vn -0.4215 0.8136 0.4004
vn -0.4314 0.8853 0.1736
vn -0.9674 0.1364 -0.2132
vn -0.6424 0.7491 -0.1620
vn -0.4353 0.8805 -0.1876
vn -0.4144 0.7486 -0.5176
vn -0.6095 0.6550 -0.4466
vn -0.8850 0.4368 -0.1610
vn -0.8443 0.3800 -0.3778
vn -0.5896 0.4570 -0.6660
vn -0.7962 0.2578 -0.5474
vn -0.9267 0.0894 -0.3651
vn -0.8194 0.0795 -0.5676
vn -0.4060 0.5307 -0.7440
vn -0.6459 0.1920 -0.7389
vn -0.6431 -0.0130 -0.7657
vn -0.8093 -0.0630 -0.5841
vn -0.4157 0.2687 -0.8689
vn -0.3973 0.0097 -0.9176
vn -0.3716 -0.0871 -0.9243
vn -0.6220 -0.1119 -0.7750
vn -0.3796 -0.0268 -0.9248
vn -0.6549 -0.0526 -0.7539
vn -0.8012 -0.1680 -0.5744
vn -0.8707 -0.2279 -0.4358
vn -0.8952 -0.0938 -0.4356
vn -0.8448 -0.0827 -0.5286
vn -0.9093 -0.1292 -0.3955
vn -0.2060 0.5519 -0.8081
vn -0.1942 0.8015 -0.5656
vn -0.1257 0.5534 -0.8234
vn -0.1086 0.8072 -0.5801
vn -0.1112 0.9645 -0.2396
vn -0.2054 0.9523 -0.2255
vn -0.2007 0.2831 -0.9379
vn -0.1154 0.2782 -0.9536
vn -0.1916 0.0242 -0.9812
vn -0.1068 0.0235 -0.9940
vn -0.1749 -0.0910 -0.9804
vn -0.0790 -0.0996 -0.9919
vn -0.1574 -0.0370 -0.9868
vn -0.0704 -0.0478 -0.9964
vn -0.2246 0.9623 0.1535
vn -0.1324 0.9822 0.1332
vn -0.1364 0.1748 -0.9751
vn -0.0472 0.1580 -0.9863
vn -0.3751 0.1823 -0.9089
vn -0.6626 0.1583 -0.7321
vn -0.8804 0.1145 -0.4603
vn -0.9752 0.0003 -0.2212
vn -0.9409 -0.1815 -0.2858
vn -0.8799 -0.2460 -0.4065
vn -0.9509 -0.0432 -0.3063
vn -0.6674 -0.2167 -0.7125
vn -0.7444 -0.2446 -0.6213
vn -0.5064 -0.0552 -0.8605
vn -0.9273 -0.0666 -0.3684
vn -0.9040 0.1630 -0.3952
vn -0.6698 0.2448 -0.7011
vn -0.3734 0.2939 -0.8799
vn -0.1119 0.2897 -0.9506
vn -0.0218 0.2758 -0.9610
vn 0.0639 0.2870 -0.9558
vn -0.3002 0.9492 0.0946
vn -0.3887 0.9212 -0.0192
vn -0.1287 0.1736 -0.9764
vn -0.1437 0.9271 0.3463
vn 0.3839 0.0194 -0.9232
vn 0.1163 -0.2478 -0.9618
vn -0.6259 0.5132 0.5873
vn 0.6423 0.3950 0.6568
vn 0.9572 0.0184 0.2890
vn 0.6583 0.5556 0.5080
vn 0.3478 0.7479 0.5654
vn -0.1793 0.7532 0.6329
vn 0.4991 0.5836 0.6405
vn 0.0166 0.4302 0.9026
vn -0.4707 0.6154 0.6323
vn -0.3924 0.2484 0.8856
vn -0.7981 0.0942 0.5952
vn -0.9248 -0.3792 -0.0311
vn -0.9196 -0.3748 0.1175
vn -0.9447 -0.2700 -0.1863
vn -0.9082 -0.3956 -0.1366
vn -0.7944 0.0922 -0.6004
vn -0.7308 -0.3543 -0.5835
vn -0.2456 -0.1160 -0.9624
vn -0.3860 0.3698 -0.8451
vn -0.5563 0.6928 -0.4589
vn -0.0085 0.8883 -0.4592
vn 0.1086 0.6066 -0.7876
vn 0.4503 0.8313 -0.3257
vn 0.5630 0.6280 -0.5372
vn -0.9016 0.2771 -0.3322
vn 0.5622 0.8005 -0.2075
vn 0.6477 0.7617 0.0154
vn 0.4995 0.8660 -0.0254
vn 0.4939 0.8665 0.0720
vn 0.6490 0.7605 0.0213
vn 0.4062 0.9134 0.0245
vn 0.5918 0.8057 -0.0254
vn 0.0617 0.9967 0.0536
vn -0.0233 0.9910 0.1319
vn 0.0017 0.9999 0.0158
vn -0.7214 0.6918 0.0311
vn -0.7642 0.6392 0.0863
vn -0.9889 0.1404 0.0495
vn -0.9920 0.1266 0.0027
vn 0.7124 0.5485 -0.4378
vn 0.8244 0.5661 -0.0010
vn 0.8381 0.4986 -0.2214
vn 0.8085 0.4280 -0.4039
vn 0.8902 0.3624 -0.2761
vn -0.9786 -0.1532 -0.1377
vn -0.9003 -0.4351 0.0084
vn -0.9816 -0.1910 0.0031
vn -0.9900 -0.0754 -0.1195
vn -0.9869 0.0404 -0.1560
vn -0.9381 -0.2578 -0.2313
vn -0.9355 -0.2097 -0.2843
vn -0.8711 -0.4538 -0.1876
vn -0.6195 -0.6856 -0.3824
vn -0.3472 -0.7082 -0.6147
vn -0.2137 -0.8702 -0.4439
vn 0.0490 -0.5967 -0.8009
vn 0.1456 -0.8880 -0.4362
vn 0.1952 -0.9459 -0.2592
vn 0.5261 -0.8162 -0.2388
vn 0.4785 -0.7703 -0.4216
vn -0.1246 -0.9571 -0.2614
vn 0.3247 -0.4934 -0.8070
vn 0.8404 -0.4992 -0.2110
vn 0.8068 -0.4565 -0.3752
vn 0.7349 -0.2313 -0.6375
vn 0.9733 0.0980 -0.2076
vn 0.9719 0.0151 -0.2351
vn 0.9862 0.0044 -0.1655
vn 0.9387 0.3319 -0.0932
vn 0.9384 0.3121 -0.1486
vn 0.9429 0.3002 -0.1441
vn 0.9855 0.1242 -0.1152
vn 0.9481 0.2914 -0.1270
vn 0.9557 -0.2403 -0.1701
vn 0.7933 -0.5808 -0.1823
vn 0.5326 -0.8191 -0.2130
vn 0.1866 -0.9583 -0.2166
vn -0.1181 -0.9691 -0.2166
vn -0.3630 -0.8988 -0.2456
vn -0.3984 -0.8719 -0.2846
vn -0.7218 -0.6158 -0.3159
vn -0.9497 -0.1753 -0.2595
vn -0.9697 0.1244 -0.2100
vn -0.9775 0.1739 -0.1197
vn -0.9840 0.1700 -0.0541
vn -0.9075 0.4202 -0.0009
vn -0.5684 0.8214 0.0472
vn -0.8990 0.4360 -0.0403
vn -0.5791 0.8153 -0.0012
vn 0.0635 0.9979 0.0124
vn 0.4194 0.9074 0.0269
vn 0.5889 0.8079 -0.0248
vn 0.7344 0.6780 -0.0313
vn 0.7388 0.6723 -0.0473
vn 0.7674 0.6410 -0.0171
vn 0.7934 0.6082 0.0269
vn -0.0523 0.9975 0.0484
vn -0.0259 0.9983 0.0522
vn 0.3931 0.9139 0.1011
vn 0.5517 0.8252 0.1215
vn -0.0187 0.9995 -0.0264
vn 0.6011 0.7981 0.0414
vn 0.5767 0.7965 0.1817
vn 0.3838 0.9200 0.0794
vn 0.5694 0.8157 0.1027
vn 0.6699 0.7315 0.1275
vn 0.6621 0.7158 0.2220
vn -0.7017 0.7125 0.0049
vn -0.8119 0.5838 -0.0080
vn -0.7972 0.6008 -0.0592
vn -0.0152 0.9928 -0.1190
vn -0.7659 0.6268 -0.1429
vn -0.9956 0.0539 -0.0761
vn -0.9802 0.0905 -0.1763
vn -0.7564 0.6028 -0.2540
vn -0.7474 0.5393 -0.3879
vn -0.9430 0.0977 -0.3183
vn -0.7372 0.5050 -0.4489
vn -0.9205 0.1018 -0.3773
vn -0.9974 0.0674 -0.0275
vn -0.9771 -0.1698 -0.1283
vn -0.9526 -0.1443 -0.2678
vn -0.9964 0.0842 0.0118
vn -0.9650 0.2604 -0.0310
vn -0.9968 0.0744 0.0286
vn -0.9617 -0.2523 0.1067
vn -0.9503 -0.2822 0.1318
vn -0.9970 0.0768 -0.0110
vn -0.9737 0.2236 -0.0445
vn -0.9472 -0.3203 0.0127
vn -0.6812 -0.6993 0.2168
vn -0.6952 -0.7161 0.0620
vn -0.6332 -0.7313 0.2534
vn -0.3691 -0.9215 0.1211
vn -0.2527 -0.9213 0.2956
vn -0.0508 -0.9348 0.3514
vn 0.1882 -0.9152 0.3563
vn 0.5803 -0.7102 0.3985
vn 0.5796 -0.7091 0.4015
vn 0.8609 -0.2986 0.4119
vn 0.9272 -0.0373 0.3727
vn 0.9134 0.2199 0.3425
vn 0.9521 -0.1652 0.2574
vn 0.9546 0.2445 0.1702
vn 0.8534 0.4315 0.2925
vn 0.9011 0.4086 0.1450
vn 0.8891 0.3475 0.2979
vn 0.9552 -0.0955 0.2802
vn 0.5893 -0.7368 0.3314
vn -0.0915 -0.9574 0.2739
vn -0.6481 -0.7381 0.1873
vn -0.9514 -0.3019 0.0611
vn -0.9489 -0.3155 0.0053
vn 0.9646 -0.1355 0.2263
vn 0.6111 -0.7415 0.2770
vn -0.1620 -0.9550 0.2483
vn 0.6069 -0.7738 0.1813
vn -0.1764 -0.9699 0.1677
vn 0.9836 -0.1239 0.1313
vn 0.9813 0.1656 0.0984
vn 0.9621 0.2372 0.1345
vn 0.9394 0.2977 0.1701
vn 0.9956 0.0861 0.0363
vn 0.9656 -0.2536 0.0579
vn 0.4983 -0.8621 0.0922
vn 0.5416 -0.8401 0.0293
vn 0.9789 -0.2025 0.0262
vn 0.5659 -0.8240 -0.0286
vn 0.9960 -0.0871 -0.0209
vn 0.9912 0.0960 0.0910
vn 0.9479 0.3063 0.0875
vn 0.9973 0.0712 0.0167
vn 0.9836 0.0854 0.1590
vn -0.1594 -0.9872 0.0064
vn -0.1325 -0.9874 0.0871
vn -0.1934 -0.9784 -0.0727
vn -0.3467 -0.9345 0.0810
vn -0.5707 -0.8187 0.0640
vn -0.6447 -0.7510 0.1430
vn -0.8761 -0.4788 -0.0571
vn -0.8752 -0.4453 -0.1893
vn -0.6250 -0.7794 -0.0439
vn -0.3728 -0.9254 0.0686
vn -0.6381 -0.7680 0.0555
vn -0.9046 -0.4212 -0.0655
vn -0.9566 -0.1689 -0.2373
vn -0.8937 -0.1238 -0.4313
vn -0.7026 0.3525 -0.6181
vn 0.0418 0.8845 -0.4647
vn -0.1256 0.9166 -0.3797
vn 0.3927 0.9057 -0.1599
vn 0.4541 0.8842 -0.1090
vn -0.0900 0.9299 -0.3567
vn 0.0225 0.9676 -0.2516
vn 0.4673 0.8558 -0.2220
vn 0.7719 0.6200 -0.1407
vn 0.6693 0.7428 -0.0187
vn 0.8625 0.4965 -0.0974
vn 0.7948 0.6058 0.0370
vn 0.8026 0.5925 -0.0693
vn 0.6255 0.7798 -0.0248
vn 0.7558 0.6544 0.0227
vn 0.7387 0.6671 0.0962
vn 0.6713 0.7207 0.1730
vn 0.6501 0.7470 -0.1392
vn 0.6687 0.7325 0.1273
vn 0.7695 0.6147 0.1735
vn 0.5999 0.7995 -0.0302
vn 0.1406 0.8470 -0.5127
vn -0.6322 0.2683 -0.7269
vn -0.7979 -0.3623 -0.4817
vn -0.8307 -0.5333 -0.1598
vn -0.9363 -0.3178 -0.1498
vn 0.7338 0.6663 0.1328
vn -0.8434 -0.5345 -0.0549
vn -0.6870 -0.7259 0.0339
vn -0.5303 -0.8475 -0.0227
vn -0.6638 -0.7426 -0.0889
vn -0.2720 -0.9579 -0.0917
vn 0.5643 -0.8247 -0.0389
vn 0.9989 0.0208 -0.0414
vn 0.9289 0.3702 0.0128
vn 0.9464 0.2218 0.2349
vn 0.7793 0.5531 0.2946
vn 0.7931 0.5413 0.2793
vn 0.5835 0.5032 0.6374
vn 0.6066 0.5434 0.5803
vn 0.0780 0.3336 0.9395
vn 0.0802 0.3872 0.9185
vn -0.4491 0.0993 0.8879
vn -0.3880 0.0641 0.9194
vn -0.7555 -0.2227 0.6162
vn -0.7788 -0.1405 0.6113
vn -0.7446 -0.2528 0.6178
vn -0.3544 0.0539 0.9335
vn 0.0738 0.2896 0.9543
vn 0.5708 0.4845 0.6629
vn -0.7799 -0.1059 0.6168
vn -0.9140 -0.3807 0.1405
vn -0.9159 -0.3684 -0.1596
vn -0.7123 -0.4889 -0.5035
vn -0.2564 -0.3727 -0.8918
vn -0.8887 -0.3781 0.2595
vn -0.9490 -0.2960 -0.1081
vn -0.7568 -0.3059 -0.5776
vn -0.4376 -0.2711 -0.8573
vn -0.7639 -0.2650 -0.5884
vn -0.4915 -0.1810 -0.8518
vn 0.7762 0.5000 0.3840
vn 0.8170 0.4818 0.3169
vn -0.1719 -0.0417 -0.9842
vn -0.0795 -0.0064 -0.9968
vn 0.3042 0.1038 -0.9469
vn 0.2571 0.2272 -0.9393
vn 0.7065 0.4672 -0.5316
vn 0.4566 0.3337 -0.8247
vn 0.4808 0.1959 -0.8547
vn -0.1026 -0.0923 -0.9904
vn 0.0538 -0.1100 -0.9925
vn 0.4833 0.0822 -0.8716
vn 0.5517 0.0408 -0.8331
vn 0.1551 -0.1259 -0.9798
vn 0.6507 -0.0437 -0.7581
vn 0.2680 -0.2515 -0.9300
vn 0.3973 -0.4057 -0.8231
vn 0.7227 -0.1368 -0.6775
vn 0.8384 0.1142 -0.5329
vn 0.8060 -0.0011 -0.5919
vn 0.9425 0.2867 -0.1719
vn 0.9125 0.3362 -0.2331
vn 0.6591 -0.3734 -0.6528
vn 0.4228 -0.6368 -0.6447
vn 0.4020 -0.7753 -0.4871
vn 0.5934 -0.3820 -0.7085
vn -0.4796 -0.8650 -0.1477
vn -0.2921 -0.8926 0.3435
vn -0.4153 -0.6681 0.6173
vn -0.3128 -0.5715 0.7587
vn -0.0638 -0.3054 0.9501
vn 0.2933 -0.9248 -0.2425
vn -0.1091 -0.8347 0.5398
vn 0.1422 -0.9278 0.3448
vn 0.3196 -0.8614 -0.3947
vn 0.1363 -0.8457 0.5160
vn -0.0863 -0.9586 -0.2714
vn -0.7480 -0.5765 0.3289
vn 0.8766 0.0248 -0.4806
vn -0.0514 0.4409 0.8961
vn -0.2272 -0.5096 0.8299
vn -0.4015 -0.6554 0.6397
vn 0.6583 -0.5733 0.4878
vn 0.5906 -0.5033 0.6308
vn 0.8125 -0.4643 0.3524
vn -0.2113 -0.3753 0.9025
vn -0.3662 -0.4254 0.8276
vn 0.8750 0.4260 0.2300
vn 0.9005 0.4304 0.0626
vn 0.8868 0.4420 -0.1348
vn 0.8762 0.4812 0.0267
vn 0.8589 0.5100 -0.0466
vn 0.8247 0.2415 -0.5114
vn 0.8181 0.3543 -0.4530
vn 0.8082 0.4617 -0.3655
vn 0.8337 0.5522 0.0074
vn 0.7609 0.5660 -0.3174
vn 0.8081 0.5890 0.0050
vn 0.8230 0.5623 0.0804
vn 0.8335 0.5513 0.0379
vn 0.6947 0.6405 -0.3273
vn 0.8274 0.5534 -0.0960
vn 0.8987 0.4371 -0.0368
vn 0.8874 0.4235 -0.1821
vn 0.8124 0.4953 -0.3076
vn 0.4875 0.4799 -0.7294
vn 0.6708 0.5346 -0.5141
vn 0.4744 -0.8741 0.1040
vn -0.2019 -0.4737 0.8572
vn -0.1085 -0.7718 0.6265
vn 0.4362 -0.8988 -0.0431
vn -0.1325 -0.1108 0.9850
vn -0.2463 0.0881 0.9652
vn -0.1042 -0.9242 0.3673
vn 0.1725 -0.9406 -0.2923
vn -0.2514 -0.9334 -0.2559
vn -0.2281 -0.9407 0.2513
vn -0.1845 -0.8363 0.5163
vn -0.5538 -0.7743 -0.3062
vn -0.1132 -0.6300 0.7683
vn 0.0420 -0.3427 0.9385
vn -0.2308 -0.7430 0.6282
vn -0.8777 -0.1973 -0.4367
vn -0.5101 -0.7867 -0.3477
vn -0.9406 0.3223 -0.1064
vn -0.0765 -0.9736 -0.2152
vn -0.5550 -0.0771 0.8283
vn -0.9906 0.1189 0.0676
vn -0.5821 -0.1509 0.7990
vn -0.8692 -0.1689 -0.4648
vn -0.6073 -0.4381 -0.6627
vn -0.1908 -0.5781 -0.7934
vn 0.3549 -0.6040 -0.7136
vn 0.6978 -0.5840 -0.4148
vn 0.6870 -0.7119 -0.1457
vn -0.6093 -0.7254 -0.3203
vn -0.8237 -0.5671 0.0043
vn -0.5471 -0.4070 0.7315
vn -0.0779 -0.4182 0.9050
vn 0.1706 -0.1935 0.9662
vn 0.3365 -0.0474 0.9405
vn 0.6020 0.1898 0.7756
vn 0.6109 0.3351 0.7173
vn -0.2017 -0.2232 0.9537
vn -0.7732 -0.3328 0.5398
vn -0.7102 -0.1784 0.6811
vn -0.8674 -0.3029 0.3949
vn -0.8811 -0.1987 0.4291
vn -0.9329 -0.3601 0.0006
vn -0.9517 -0.3062 0.0221
vn -0.8852 -0.1646 0.4352
vn -0.9068 -0.1973 0.3724
vn -0.7800 -0.0899 0.6193
vn -0.9059 -0.2754 0.3217
vn -0.9663 -0.2572 0.0039
vn -0.9533 -0.3001 -0.0351
vn -0.7505 -0.3171 -0.5798
vn -0.7680 -0.1155 0.6300
vn -0.4824 0.1098 0.8691
vn 0.0976 0.3536 0.9303
vn 0.5724 0.5198 0.6342
vn 0.7667 0.5747 0.2862
vn -0.4349 0.0607 0.8984
vn 0.1781 0.2272 0.9574
vn -0.2627 -0.0485 0.9636
vn 0.1966 0.0173 0.9803
vn 0.4906 0.2046 0.8470
vn 0.7952 0.3666 0.4829
vn 0.8842 0.3905 0.2565
vn 0.5385 0.3687 0.7577
vn 0.8670 0.4785 0.1394
vn 0.7972 0.5013 0.3365
vn -0.3257 0.9105 -0.2549
vn -0.1362 0.6312 -0.7636
vn -0.6020 0.2116 -0.7699
vn -0.8492 0.4369 -0.2965
vn -0.6644 -0.1717 -0.7274
vn -0.9358 -0.0513 -0.3489
vn 0.2902 0.9447 -0.1528
vn 0.3335 0.7235 -0.6044
vn -0.3780 0.9253 0.0316
vn 0.2027 0.9764 0.0744
vn -0.8913 0.4461 0.0810
vn -0.9980 -0.0322 0.0541
vn -0.2701 0.0233 -0.9625
vn 0.0851 0.2847 -0.9548
vn 0.4933 0.5440 -0.6788
vn -0.4871 -0.2286 -0.8429
vn -0.7091 -0.3608 -0.6058
vn -0.8839 -0.3214 -0.3396
vn -0.8441 -0.4505 -0.2907
vn -0.8739 -0.4792 -0.0815
vn -0.9540 -0.2994 -0.0142
vn -0.6322 -0.4578 -0.6251
vn -0.4161 -0.2624 -0.8706
vn -0.6657 -0.4734 -0.5769
vn -0.7555 -0.6477 -0.0987
vn -0.7972 -0.5611 -0.2229
vn -0.7347 -0.6357 0.2369
vn -0.6947 -0.6207 0.3635
vn -0.7276 -0.6857 -0.0209
vn -0.7120 -0.5597 -0.4240
vn -0.7155 -0.5843 -0.3829
vn -0.5643 -0.2152 -0.7970
vn -0.6674 -0.2102 -0.7144
vn -0.2971 0.1058 -0.9490
vn -0.3827 0.1665 -0.9087
vn -0.7298 -0.2680 -0.6289
vn -0.4621 0.2043 -0.8630
vn -0.6597 -0.5747 0.4843
vn -0.7272 -0.6864 -0.0029
vn -0.6749 -0.6276 0.3881
vn -0.7119 -0.7016 0.0310
vn -0.7159 -0.6645 -0.2143
vn -0.7358 -0.6066 -0.3010
vn -0.7380 -0.1298 -0.6622
vn -0.5426 0.2700 -0.7954
vn -0.7642 -0.2303 -0.6024
vn -0.7546 -0.5359 -0.3788
vn -0.6061 0.2525 -0.7543
vn -0.7011 -0.6160 -0.3591
vn 0.0750 0.3474 -0.9347
vn -0.1527 -0.0315 -0.9878
vn -0.1771 -0.0497 -0.9829
vn 0.2131 0.2142 -0.9533
vn 0.2376 0.2405 -0.9411
vn 0.5626 0.5004 -0.6581
vn 0.6694 0.4789 -0.5680
vn 0.7129 0.6903 -0.1232
vn 0.8378 0.5397 -0.0828
vn 0.6932 0.6960 0.1874
vn 0.7927 0.5690 0.2190
vn 0.9549 0.2877 -0.0732
vn 0.9134 0.3240 0.2466
vn 0.9498 0.2952 0.1033
vn 0.9287 0.2226 0.2964
vn 0.8664 0.3970 0.3028
vn 0.7969 0.3379 0.5007
vn 0.6274 0.7263 0.2809
vn 0.8484 0.4825 0.2176
vn 0.6939 0.6939 0.1925
vn 0.6284 0.7265 0.2782
vn 0.8747 0.3777 -0.3037
vn 0.9152 0.3989 -0.0578
vn 0.7727 0.6212 0.1309
vn 0.7200 0.6854 -0.1082
vn 0.6768 0.7360 0.0186
vn 0.6946 0.6998 -0.1671
vn 0.5903 0.8072 -0.0052
vn 0.3058 0.7724 -0.5567
vn 0.2598 0.7120 -0.6523
vn 0.0933 0.5709 -0.8157
vn 0.1517 0.4715 -0.8687
vn 0.4670 0.4735 -0.7468
vn 0.7401 0.4854 -0.4654
vn 0.6828 0.6138 -0.3962
vn 0.8546 0.5190 0.0144
vn -0.1569 0.1126 0.9812
vn -0.1972 0.0963 0.9756
vn -0.1265 0.0543 0.9905
vn -0.1054 0.1094 0.9884
vn -0.1859 0.0330 0.9820
vn -0.0888 0.0783 0.9930
vn -0.1141 0.0226 0.9932
vn -0.0901 0.0581 0.9942
vn -0.1043 0.0152 0.9944
vn -0.1598 -0.0002 0.9872
vn -0.1630 -0.0011 0.9866
vn -0.1508 -0.0073 0.9885
vn -0.0956 0.0118 0.9953
vn -0.0623 0.0310 0.9976
vn -0.0669 0.0385 0.9970
vn -0.1444 -0.0135 0.9894
vn -0.1296 -0.0177 0.9914
vn -0.0830 0.0060 0.9965
vn -0.0580 0.0083 0.9983
vn -0.0440 0.0234 0.9988
vn 0.0408 0.0244 0.9989
vn -0.0511 0.0618 0.9968
vn -0.1062 0.0003 0.9943
vn -0.0949 0.0490 0.9943
vn -0.0911 0.0523 0.9945
vn -0.0697 0.0733 0.9949
vn -0.0534 0.0923 0.9943
vn -0.0749 0.1600 0.9843
vn -0.0268 0.0921 0.9954
vn -0.0549 0.0923 0.9942
vn -0.0098 0.1001 0.9949
vn -0.8135 -0.5775 0.0686
vn -0.1754 0.0598 0.9827
vn -0.1535 -0.1466 0.9772
vn -0.1033 -0.1548 0.9825
vn -0.1051 0.0444 0.9935
vn -0.1261 0.2994 0.9458
vn -0.2027 0.3128 0.9279
vn -0.1350 0.5666 0.8128
vn -0.2273 0.5560 0.7995
vn -0.1513 0.7790 0.6085
vn -0.3604 0.5542 0.7503
vn -0.3344 0.3259 0.8843
vn -0.2264 0.7697 0.5969
vn -0.3245 0.0943 0.9412
vn -0.2883 -0.1258 0.9492
vn -0.5352 0.1049 0.8382
vn -0.5388 0.2923 0.7901
vn -0.6877 0.1062 0.7182
vn -0.6400 0.0269 0.7679
vn -0.4967 -0.0646 0.8655
vn -0.7186 0.2558 0.6467
vn -0.5303 0.5104 0.6770
vn -0.7031 0.4218 0.5725
vn -0.6477 0.5795 0.4946
vn -0.4960 0.6881 0.5296
vn -0.3591 0.7403 0.5684
vn -0.8168 0.2217 0.5327
vn -0.8376 0.3044 0.4536
vn -0.8384 0.3835 0.3872
vn -0.9639 0.1283 0.2331
vn -0.9452 0.1262 0.3010
vn -0.7857 0.1459 0.6012
vn -0.9226 0.1039 0.3716
vn -0.9448 0.0188 0.3272
vn -0.9642 0.0284 0.2637
vn -0.9706 -0.0738 0.2292
vn -0.9835 -0.0499 0.1737
vn -0.9574 -0.1776 0.2278
vn -0.9697 -0.1495 0.1935
vn -0.9807 0.0444 0.1903
vn -0.9620 -0.0177 0.2725
vn -0.9520 -0.2507 0.1758
vn -0.9405 -0.2437 0.2367
vn -0.9440 -0.2964 0.1449
vn -0.9448 -0.2819 0.1668
vn -0.9225 -0.2568 0.2882
vn -0.9436 -0.2383 0.2299
vn -0.9626 -0.1192 0.2434
vn -0.2500 0.8777 0.4089
vn -0.1555 0.8975 0.4126
vn -0.3954 -0.3470 0.8504
vn -0.3772 -0.4589 0.8044
vn -0.2033 -0.5040 0.8394
vn -0.2482 -0.3823 0.8901
vn -0.3702 -0.0643 0.9267
vn -0.2233 -0.0589 0.9730
vn -0.2789 0.0050 0.9603
vn -0.0986 0.0601 0.9933
vn -0.5422 -0.1339 0.8295
vn -0.4430 -0.0892 0.8921
vn -0.5996 -0.3602 0.7147
vn -0.6110 -0.2912 0.7361
vn -0.6425 -0.2831 0.7121
vn -0.6320 -0.1935 0.7504
vn -0.6013 -0.1244 0.7893
vn -0.2122 -0.1075 0.9713
vn -0.0815 -0.0800 0.9935
vn -0.1193 -0.2908 0.9493
vn -0.0823 -0.2806 0.9563
vn -0.0831 -0.2531 0.9639
vn -0.1264 -0.2460 0.9610
vn -0.2248 -0.2045 0.9527
vn -0.3629 -0.1211 0.9239
vn -0.1435 -0.3306 0.9328
vn -0.4234 -0.1238 0.8975
vn -0.1410 -0.3204 0.9367
vn -0.1804 -0.8951 -0.4078
vn -0.3376 -0.8505 -0.4033
vn -0.4064 -0.8197 -0.4038
vn -0.4640 -0.7726 -0.4334
vn -0.4752 -0.7405 -0.4753
vn -0.5052 -0.6650 -0.5501
vn -0.7114 -0.6720 -0.2059
vn -0.7920 -0.3695 0.4860
vn -0.8787 -0.2685 0.3947
vn -0.6603 -0.7292 -0.1798
vn -0.8286 -0.2036 0.5216
vn -0.7009 -0.2335 0.6739
vn -0.7871 -0.4019 0.4679
vn -0.9330 -0.1494 0.3275
vn -0.7829 -0.1734 0.5975
vn -0.9903 -0.0482 0.1301
vn -0.9859 0.1222 -0.1144
vn -0.7644 0.3686 -0.5289
vn -0.4166 0.5137 -0.7501
vn -0.1172 0.5773 -0.8081
vn 0.0660 0.5300 -0.8454
vn 0.0531 0.5176 -0.8540
vn -0.7370 -0.4305 0.5211
vn -0.5432 -0.8178 -0.1903
vn -0.3132 -0.9204 -0.2341
vn -0.1657 -0.9509 -0.2612
vn -0.1131 -0.9007 -0.4194
vn -0.5008 -0.5118 0.6980
vn -0.7227 -0.3078 0.6188
vn -0.7341 -0.2623 0.6263
vn -0.6260 -0.2173 0.7489
vn -0.6704 -0.3152 0.6717
vn -0.7206 -0.3184 0.6159
vn -0.4580 -0.3512 0.8166
vn -0.4482 -0.3505 0.8223
vn -0.2516 -0.3529 0.9012
vn -0.2885 -0.3349 0.8970
vn -0.2624 -0.5721 0.7771
vn -0.3524 -0.4940 0.7949
vn -0.1811 -0.5272 0.8302
vn -0.5856 -0.4032 0.7032
vn -0.6885 -0.3738 0.6214
vn -0.6465 -0.3315 0.6871
vn -0.6959 -0.3361 0.6346
vn -0.6586 -0.2738 0.7009
vn -0.6488 -0.2164 0.7296
vn -0.6995 -0.3003 0.6485
vn -0.6746 -0.2663 0.6885
vn -0.6853 0.0286 0.7277
vn -0.6853 0.1170 0.7188
vn -0.6360 0.2744 0.7212
vn -0.6355 0.0095 0.7720
vn -0.7057 -0.0844 0.7035
vn -0.4719 0.0524 0.8801
vn -0.6643 -0.1688 0.7282
vn -0.5638 -0.3885 0.7289
vn -0.4735 -0.3724 0.7982
vn -0.7171 -0.5624 0.4118
vn 0.0071 0.5949 -0.8038
vn -0.0063 -0.1453 0.9894
vn -0.0681 -0.0327 0.9971
vn -0.0566 0.0029 0.9984
vn -0.0390 -0.1256 0.9913
vn 0.0244 -0.0072 0.9997
vn -0.0284 0.0210 0.9994
vn -0.0454 0.2264 0.9730
vn 0.0166 0.2437 0.9697
vn -0.1059 0.0938 0.9899
vn -0.0913 -0.0072 0.9958
vn -0.0287 0.0918 0.9954
vn -0.0193 -0.0156 0.9997
vn -0.0120 -0.0051 0.9999
vn -0.0074 0.0854 0.9963
vn -0.0137 0.1922 0.9813
vn -0.0848 0.1697 0.9818
vn -0.1789 0.6384 0.7486
vn 0.0048 0.6041 0.7969
vn -0.0010 0.4670 0.8843
vn -0.0108 0.0506 0.9987
vn 0.0771 -0.0902 0.9929
vn 0.1211 0.0658 0.9905
vn 0.1674 0.1999 0.9654
vn 0.1412 0.3149 0.9386
vn 0.1542 0.3084 0.9387
vn 0.1245 0.2964 0.9469
vn -0.1423 -0.9208 0.3632
vn -0.1134 -0.9739 0.1965
vn 0.5656 -0.7900 0.2367
vn 0.5536 -0.7153 0.4265
vn 0.9881 -0.0320 0.1507
vn 0.9376 0.0761 0.3392
vn 0.8799 0.4491 0.1553
vn 0.7380 0.5266 0.4219
vn 0.5757 -0.8159 0.0532
vn -0.2039 -0.9781 -0.0418
vn 0.5714 -0.8206 0.0121
vn -0.2702 -0.9569 -0.1060
vn 0.9986 0.0033 -0.0527
vn 0.9150 0.3805 -0.1340
vn 0.9913 0.0428 -0.1248
vn 0.9056 0.3821 -0.1840
vn -0.6317 -0.7601 -0.1525
vn -0.6267 -0.7399 -0.2447
vn -0.7162 -0.6922 0.0895
vn -0.5260 -0.8495 0.0408
vn -0.5486 -0.7811 0.2981
vn -0.5303 -0.8148 0.2344
vn -0.6503 -0.7419 -0.1637
vn -0.7619 -0.5718 -0.3042
vn -0.7696 -0.5146 -0.3781
vn -0.5706 -0.7907 0.2219
vn -0.7475 -0.6628 0.0438
vn -0.5597 -0.8210 0.1132
vn -0.9052 -0.3149 -0.2853
vn -0.3027 -0.9487 0.0911
vn -0.7216 -0.6172 -0.3138
vn -0.6786 -0.7164 -0.1621
vn -0.7049 -0.6426 -0.3001
vn -0.6132 -0.7256 -0.3122
vn -0.6371 -0.6172 -0.4617
vn -0.6907 -0.5286 -0.4936
vn -0.6223 -0.5101 -0.5938
vn -0.6513 -0.4464 -0.6136
vn -0.7737 -0.4271 -0.4680
vn -0.6896 -0.2708 -0.6716
vn -0.7761 -0.3179 -0.5446
vn -0.6899 -0.1714 -0.7033
vn -0.5560 -0.0891 -0.8264
vn -0.5878 -0.2079 -0.7819
vn -0.6145 -0.3128 -0.7243
vn -0.3341 0.1788 -0.9254
vn -0.1932 0.1582 -0.9683
vn -0.0373 0.1571 -0.9869
vn 0.0578 0.1663 -0.9844
vn 0.0639 0.1302 -0.9894
vn 0.0916 0.0251 -0.9955
vn 0.0356 0.0641 -0.9973
vn -0.3724 0.0379 -0.9273
vn 0.1823 0.0759 -0.9803
vn 0.2355 0.0738 -0.9691
vn 0.0740 0.0954 -0.9927
vn 0.0332 0.1714 -0.9846
vn -0.3481 0.0475 -0.9363
vn -0.4971 -0.1015 -0.8617
vn -0.6256 -0.2889 -0.7247
vn -0.5632 -0.5285 -0.6353
vn -0.3081 0.2213 -0.9253
vn -0.1870 0.1750 -0.9666
vn -0.0212 0.2055 -0.9784
vn 0.0671 0.2229 -0.9725
vn 0.6001 0.7847 -0.1553
vn 0.5496 0.8219 0.1498
vn -0.0172 -0.6058 -0.7954
vn 0.0046 -0.6859 -0.7277
vn 0.2538 -0.6274 -0.7362
vn 0.2225 -0.5430 -0.8097
vn 0.3127 -0.5826 -0.7502
vn 0.3276 -0.6431 -0.6921
vn 0.2976 -0.6481 -0.7010
vn 0.2846 -0.6879 -0.6677
vn 0.2696 -0.6900 -0.6717
vn 0.2758 -0.4472 -0.8508
vn 0.1753 -0.6724 -0.7192
vn 0.2704 -0.6789 -0.6826
vn 0.2532 -0.6522 -0.7145
vn 0.2076 -0.7055 -0.6777
vn 0.1903 -0.6311 -0.7520
vn 0.2500 -0.5194 -0.8172
vn 0.2111 -0.4629 -0.8609
vn 0.2038 -0.3065 -0.9298
vn 0.1707 -0.2769 -0.9456
vn 0.1225 -0.4127 -0.9026
vn 0.1236 -0.2336 -0.9644
vn 0.0137 -0.7308 -0.6825
vn 0.0931 -0.7326 -0.6743
vn 0.0445 -0.5983 -0.8000
vn -0.1183 -0.7814 -0.6127
vn -0.3625 -0.7712 -0.5233
vn -0.4297 -0.6913 -0.5809
vn -0.1518 -0.7059 -0.6919
vn 0.0257 0.4385 -0.8984
vn -0.0742 0.5262 -0.8471
vn -0.2060 0.5314 -0.8217
vn -0.1450 0.4901 -0.8595
vn -0.0214 0.6170 -0.7866
vn -0.1136 0.4480 -0.8868
vn -0.1269 0.4255 -0.8960
vn -0.1155 0.4980 -0.8594
vn -0.0045 0.3128 -0.9498
vn 0.1389 0.2723 -0.9521
vn 0.0140 0.2518 -0.9677
vn -0.0416 0.3736 -0.9266
vn 0.0060 0.3259 -0.9454
vn 0.0330 0.4167 -0.9084
vn -0.0956 0.3825 -0.9190
vn -0.1109 0.3865 -0.9156
vn -0.2257 0.3439 -0.9115
vn -0.4335 0.2629 -0.8620
vn -0.5389 0.0300 -0.8418
vn -0.5647 0.0121 -0.8252
vn -0.5599 -0.0173 -0.8283
vn -0.5117 -0.2777 -0.8131
vn -0.5610 -0.4369 -0.7031
vn -0.9118 -0.3476 0.2189
vn -0.4120 -0.5540 0.7234
vn -0.6815 -0.7049 0.1968
vn -0.6252 -0.3012 -0.7200
vn -0.9292 -0.3664 0.0476
vn -0.9116 -0.4054 0.0682
vn -0.9034 -0.2829 -0.3223
vn -0.7931 -0.0095 -0.6090
vn -0.6710 0.3200 -0.6689
vn -0.1271 0.9774 -0.1691
vn 0.4356 -0.4414 -0.7845
vn 0.3539 -0.5862 -0.7288
vn 0.8622 -0.3863 -0.3276
vn 0.9814 -0.1912 -0.0151
vn -0.8859 -0.4636 -0.0175
vn -0.8698 -0.4930 0.0173
vn -0.7951 -0.4997 -0.3436
vn -0.8220 -0.4294 -0.3740
vn -0.6306 -0.5043 -0.5900
vn -0.6726 -0.3848 -0.6320
vn -0.8306 -0.3914 -0.3961
vn -0.6418 -0.2904 -0.7097
vn -0.4953 -0.1740 -0.8511
vn -0.3795 -0.1934 -0.9048
vn -0.2884 -0.2596 -0.9217
vn -0.1483 -0.4099 -0.9000
vn -0.0067 -0.5487 -0.8360
vn 0.1224 -0.7195 -0.6836
vn -0.3126 -0.8235 -0.4734
vn -0.5224 -0.6275 -0.5773
vn -0.7619 -0.5683 -0.3107
vn 0.8395 0.5393 0.0662
vn 0.2201 -0.1144 0.9687
vn 0.6223 0.0331 0.7821
vn -0.3118 -0.2633 0.9129
vn -0.5634 -0.3102 0.7657
vn -0.7106 -0.2699 0.6497
vn -0.6940 -0.2796 0.6635
vn -0.9489 -0.2157 0.2302
vn -0.9709 -0.2093 0.1167
vn -0.7182 -0.3794 0.5834
vn -0.2240 0.2977 0.9280
vn -0.9267 -0.0304 0.3746
vn -0.9653 0.0866 0.2463
vn -0.7273 0.1798 0.6623
vn -0.5280 0.3503 0.7737
vn -0.6728 -0.6746 -0.3037
vn -0.5461 -0.7935 -0.2684
vn 0.0935 0.9945 0.0467
vn -0.5249 0.8511 -0.0044
vn -0.8851 0.4621 -0.0546
vn 0.5743 0.8183 0.0221
vn 0.7366 0.6757 0.0310
vn 0.8190 0.5738 0.0021
vn -0.9992 -0.0109 -0.0390
vn -0.9024 -0.4231 -0.0813
vn -0.9787 -0.1966 -0.0585
vn -0.7814 -0.5990 -0.1749
vn -0.6459 -0.7563 -0.1041
vn -0.6496 -0.7373 -0.1853
vn -0.3873 -0.9182 -0.0833
vn -0.1056 -0.9944 0.0025
vn 0.0338 -0.9803 0.1944
vn 0.3941 -0.8734 0.2863
vn 0.7445 -0.5845 0.3226
vn 0.4024 -0.9123 0.0757
vn 0.8107 -0.5697 0.1347
vn 0.9960 -0.0771 0.0457
vn 0.9648 0.2619 0.0238
vn 0.9303 0.3648 0.0383
vn 0.5653 0.7138 0.4134
vn 0.5168 0.8178 0.2534
vn 0.5430 0.8357 0.0815
vn -0.3959 0.3370 0.8542
vn 0.9516 0.2208 0.2139
vn 0.9266 0.2999 0.2270
vn 0.9757 0.0774 0.2049
vn 0.9841 -0.0520 0.1699
vn 0.9131 0.3387 0.2270
vn 0.9135 0.3389 0.2253
vn 0.9276 0.3135 0.2031
vn 0.9581 0.2444 0.1493
vn -0.1425 -0.3076 -0.9408
vn 0.2878 -0.3607 -0.8872
vn -0.3120 0.8718 0.3776
vn -0.1071 0.8481 0.5189
vn 0.0707 0.8227 0.5641
vn 0.8078 -0.1816 0.5608
vn 0.7289 -0.1835 0.6595
vn 0.6595 -0.2996 0.6894
vn 0.5792 -0.2985 0.7585
vn 0.7730 -0.3019 0.5580
vn 0.4950 -0.3941 0.7744
vn 0.6165 -0.4138 0.6698
vn 0.7348 -0.3865 0.5573
vn 0.8104 -0.0866 0.5795
vn 0.4836 -0.4647 0.7418
vn 0.6303 -0.4678 0.6196
vn 0.4510 -0.3747 0.8101
vn 0.4096 -0.4215 0.8091
vn 0.8380 -0.2825 0.4668
vn 0.8585 -0.2083 0.4687
vn 0.8571 -0.1541 0.4915
vn 0.8673 -0.1789 0.4645
vn 0.4042 -0.4338 0.8052
vn 0.5004 -0.3682 0.7836
vn -0.7289 -0.1835 0.6595
vn -0.8078 -0.1816 0.5608
vn -0.6595 -0.2996 0.6894
vn -0.5792 -0.2985 0.7585
vn -0.7730 -0.3018 0.5580
vn -0.4950 -0.3941 0.7744
vn -0.6165 -0.4138 0.6698
vn -0.7349 -0.3865 0.5573
vn -0.8104 -0.0866 0.5794
vn -0.4836 -0.4647 0.7417
vn -0.6303 -0.4678 0.6196
vn -0.4510 -0.3746 0.8101
vn -0.4096 -0.4215 0.8091
vn -0.8380 -0.2825 0.4668
vn -0.8584 -0.2084 0.4687
vn -0.8571 -0.1541 0.4915
vn -0.8673 -0.1789 0.4645
vn -0.4043 -0.4338 0.8052
vn -0.5003 -0.3683 0.7836
vt 0.570601 1.185921
vt 0.570963 1.234654
vt 0.541206 1.174691
vt 0.541249 1.223345
vt 0.540926 1.230761
vt 0.570633 1.242076
vt 0.535827 1.228389
vt 0.576406 1.239660
vt 0.535636 1.238275
vt 0.565327 1.249599
vt 0.570459 1.137951
vt 0.575830 1.132916
vt 0.541608 1.126984
vt 0.570800 1.130595
vt 0.541921 1.119676
vt 0.576019 1.123127
vt 0.547129 1.112242
vt 0.528194 1.174632
vt 0.528154 1.223311
vt 0.584030 1.234553
vt 0.583604 1.185857
vt 0.583455 1.137924
vt 0.536258 1.121906
vt 0.528574 1.126847
vt 1.206785 1.355105
vt 1.207361 1.359515
vt 1.207718 1.362457
vt 1.203972 1.358786
vt 0.531314 0.490652
vt 0.558099 0.488102
vt 0.556312 0.514827
vt 0.530051 0.513951
vt 0.502700 0.487807
vt 0.500811 0.512454
vt 0.579193 0.520967
vt 0.583093 0.492957
vt 0.595646 0.526452
vt 0.604444 0.497096
vt 0.609713 0.527768
vt 0.623178 0.487955
vt 0.626877 0.528962
vt 0.630237 0.557660
vt 0.645920 0.526610
vt 0.648592 0.556926
vt 0.612451 0.553986
vt 0.594545 0.551982
vt 0.530409 0.536062
vt 0.501827 0.536896
vt 0.531106 0.540740
vt 0.504624 0.542138
vt 0.480031 0.543119
vt 0.482284 0.548807
vt 0.456357 0.550291
vt 0.459083 0.556130
vt 0.435292 0.561265
vt 0.437629 0.568865
vt 0.480003 0.543040
vt 0.475530 0.518210
vt 0.452698 0.522473
vt 0.433998 0.549132
vt 0.433911 0.523753
vt 0.410807 0.546177
vt 0.410807 0.520236
vt 0.422404 0.573685
vt 0.424157 0.578488
vt 0.410807 0.585706
vt 0.410807 0.589316
vt 0.471744 0.492969
vt 0.501660 0.485368
vt 0.532011 0.487044
vt 0.559195 0.485367
vt 0.503314 0.471756
vt 0.533320 0.470793
vt 0.502289 0.467226
vt 0.534156 0.467226
vt 0.561677 0.471450
vt 0.563233 0.467226
vt 0.473701 0.473402
vt 0.470027 0.467226
vt 0.471189 0.489708
vt 0.447669 0.473582
vt 0.442424 0.467226
vt 0.424927 0.467226
vt 0.426690 0.475081
vt 0.410807 0.467226
vt 0.410807 0.473938
vt 0.449474 0.492875
vt 0.431086 0.495059
vt 0.410807 0.487336
vt 0.450722 0.496839
vt 0.431563 0.499180
vt 0.410807 0.491993
vt 0.229645 0.670261
vt 0.242404 0.668922
vt 0.242417 0.666758
vt 0.227038 0.668155
vt 0.226088 0.685455
vt 0.222607 0.685241
vt 0.224009 0.700709
vt 0.221983 0.702652
vt 0.242448 0.699141
vt 0.242433 0.701535
vt 0.242305 0.685097
vt 0.280794 0.878970
vt 0.303434 0.877495
vt 0.303177 0.878598
vt 0.280753 0.879745
vt 0.303588 0.885327
vt 0.280464 0.885519
vt 0.303797 0.893511
vt 0.280106 0.892555
vt 0.303481 0.894884
vt 0.280035 0.893869
vt 0.324313 0.895868
vt 0.324595 0.894597
vt 0.322762 0.885522
vt 0.320344 0.878169
vt 0.320203 0.876928
vt 0.338416 0.896289
vt 0.338301 0.895127
vt 0.343366 0.892714
vt 0.341411 0.892667
vt 0.343022 0.880944
vt 0.340667 0.881140
vt 0.341558 0.870569
vt 0.339332 0.870774
vt 0.340660 0.861915
vt 0.338562 0.862109
vt 0.333097 0.870070
vt 0.332555 0.862698
vt 0.331507 0.869801
vt 0.338909 0.850237
vt 0.336950 0.850167
vt 0.338700 0.837131
vt 0.336479 0.836518
vt 0.338215 0.823767
vt 0.336264 0.823645
vt 0.338287 0.813365
vt 0.336513 0.813384
vt 0.338372 0.804307
vt 0.336655 0.804057
vt 0.338060 0.792835
vt 0.336595 0.792498
vt 0.331039 0.850635
vt 0.330147 0.837164
vt 0.330699 0.823926
vt 0.330833 0.814033
vt 0.331011 0.803829
vt 0.330769 0.792552
vt 0.343982 0.786980
vt 0.342334 0.786869
vt 0.337765 0.774523
vt 0.336293 0.775160
vt 0.330186 0.784130
vt 0.327595 0.775441
vt 0.324309 0.767700
vt 0.329211 0.824088
vt 0.329465 0.814069
vt 0.328207 0.837248
vt 0.329172 0.850791
vt 0.330872 0.862881
vt 0.329210 0.793017
vt 0.329344 0.804180
vt 0.328666 0.784308
vt 0.326070 0.775937
vt 0.322819 0.768431
vt 0.319260 0.755552
vt 0.320598 0.755051
vt 0.328910 0.761014
vt 0.330212 0.760237
vt 0.322441 0.743161
vt 0.324087 0.743135
vt 0.318928 0.727954
vt 0.317152 0.728056
vt 0.316996 0.715712
vt 0.315517 0.715403
vt 0.318196 0.710093
vt 0.317376 0.710641
vt 0.307195 0.703500
vt 0.305902 0.704298
vt 0.295689 0.695230
vt 0.294628 0.695961
vt 0.285999 0.684891
vt 0.284649 0.685597
vt 0.278986 0.674421
vt 0.277261 0.674703
vt 0.274376 0.661571
vt 0.272637 0.661892
vt 0.279810 0.645680
vt 0.281347 0.646047
vt 0.292337 0.629788
vt 0.291006 0.629599
vt 0.299687 0.620340
vt 0.298339 0.619937
vt 0.307956 0.612469
vt 0.306232 0.612194
vt 0.313245 0.608207
vt 0.312641 0.606915
vt 0.328313 0.606361
vt 0.328020 0.604783
vt 0.265100 0.678137
vt 0.275043 0.692465
vt 0.259642 0.663341
vt 0.265326 0.650105
vt 0.274051 0.636104
vt 0.282292 0.625633
vt 0.289751 0.616179
vt 0.296490 0.608451
vt 0.301947 0.601338
vt 0.287353 0.605511
vt 0.286411 0.603973
vt 0.301313 0.599680
vt 0.314756 0.598973
vt 0.314414 0.597156
vt 0.328063 0.596868
vt 0.327605 0.595424
vt 0.280337 0.611439
vt 0.281454 0.612614
vt 0.272671 0.620917
vt 0.273799 0.622096
vt 0.261208 0.634020
vt 0.262554 0.635318
vt 0.251068 0.649508
vt 0.252590 0.650636
vt 0.245436 0.664917
vt 0.247521 0.664964
vt 0.252386 0.684731
vt 0.254044 0.683943
vt 0.264736 0.702222
vt 0.266177 0.700546
vt 0.282003 0.715247
vt 0.283117 0.713183
vt 0.297996 0.723838
vt 0.298700 0.722292
vt 0.309159 0.728807
vt 0.310129 0.727731
vt 0.313854 0.740158
vt 0.315295 0.739518
vt 0.286869 0.703678
vt 0.300676 0.713077
vt 0.954096 0.673024
vt 0.930524 0.671297
vt 0.930357 0.669108
vt 0.953368 0.670732
vt 0.913376 0.669254
vt 0.914056 0.671652
vt 0.895109 0.671508
vt 0.895946 0.674024
vt 0.873188 0.675650
vt 0.873572 0.677708
vt 0.847216 0.669168
vt 0.845847 0.671233
vt 0.824541 0.663744
vt 0.824342 0.666149
vt 0.806652 0.659224
vt 0.807456 0.661142
vt 0.984806 0.656224
vt 0.983235 0.654349
vt 1.008230 0.647589
vt 1.008794 0.645650
vt 1.009350 0.657501
vt 1.011826 0.656849
vt 0.899399 0.696251
vt 0.917671 0.694521
vt 0.918308 0.697060
vt 0.900236 0.698616
vt 0.872759 0.701122
vt 0.873434 0.703709
vt 0.931916 0.694163
vt 0.934229 0.696663
vt 0.961767 0.695029
vt 0.962995 0.697450
vt 0.985253 0.681570
vt 0.986371 0.683776
vt 0.999009 0.674202
vt 1.010046 0.671137
vt 1.000133 0.676485
vt 1.010151 0.673379
vt 0.848701 0.691687
vt 0.830002 0.684709
vt 0.816418 0.681303
vt 0.807016 0.671264
vt 0.805066 0.670473
vt 0.792050 0.679547
vt 0.793699 0.681032
vt 0.778220 0.688865
vt 0.779379 0.690554
vt 0.829637 0.686873
vt 0.847655 0.693565
vt 0.817270 0.683567
vt 0.800394 0.691124
vt 0.801179 0.693147
vt 0.784327 0.702811
vt 0.785561 0.704266
vt 0.773454 0.711504
vt 0.774147 0.712964
vt 0.758728 0.711731
vt 0.748413 0.713698
vt 0.740277 0.712783
vt 0.726347 0.715680
vt 0.726542 0.713960
vt 0.710021 0.705464
vt 0.709822 0.707435
vt 0.689855 0.696868
vt 0.687460 0.681918
vt 0.667513 0.675145
vt 0.667428 0.673339
vt 0.689558 0.680374
vt 0.701871 0.688259
vt 0.702810 0.686323
vt 0.716634 0.694731
vt 0.717372 0.693071
vt 0.668253 0.690914
vt 0.689311 0.699308
vt 0.668379 0.693615
vt 0.721116 0.708407
vt 0.737550 0.693296
vt 0.737161 0.691389
vt 0.758914 0.691830
vt 0.758838 0.689916
vt 0.739544 0.706840
vt 0.759363 0.705910
vt 0.776477 0.706329
vt 0.411291 0.574441
vt 0.421729 0.573747
vt 0.421668 0.574907
vt 0.411547 0.575748
vt 0.401814 0.580729
vt 0.402420 0.582049
vt 0.389947 0.582356
vt 0.389852 0.580771
vt 0.420911 0.589280
vt 0.413210 0.587818
vt 0.420834 0.590740
vt 0.413442 0.589344
vt 0.403276 0.587267
vt 0.403550 0.588738
vt 0.390205 0.587592
vt 0.390612 0.589279
vt 0.380433 0.588389
vt 0.381234 0.590146
vt 0.370598 0.589864
vt 0.370901 0.591594
vt 0.359755 0.592301
vt 0.360169 0.593820
vt 0.349466 0.595512
vt 0.350061 0.597309
vt 0.379897 0.582500
vt 0.379962 0.580906
vt 0.368816 0.581820
vt 0.369164 0.583511
vt 0.357225 0.584256
vt 0.357831 0.585690
vt 0.346293 0.586912
vt 0.347204 0.588755
vt 0.336324 0.590853
vt 0.337574 0.592363
vt 0.338627 0.599488
vt 0.339236 0.601032
vt 0.187339 0.256003
vt 0.198281 0.251669
vt 0.206505 0.257297
vt 0.189242 0.261974
vt 0.175866 0.258809
vt 0.175666 0.264749
vt 0.163720 0.260051
vt 0.162313 0.265599
vt 0.157229 0.259930
vt 0.154051 0.264523
vt 0.153654 0.258842
vt 0.149385 0.262374
vt 0.214191 0.263445
vt 0.191119 0.268089
vt 0.175401 0.270432
vt 0.161720 0.270071
vt 0.151413 0.268094
vt 0.145209 0.266140
vt 0.156283 0.252345
vt 0.152144 0.251247
vt 0.160574 0.245992
vt 0.157406 0.241498
vt 0.170437 0.236970
vt 0.163251 0.234518
vt 0.152672 0.238260
vt 0.158786 0.229247
vt 0.167226 0.221608
vt 0.170312 0.228516
vt 0.176785 0.216550
vt 0.178213 0.224434
vt 0.185932 0.214990
vt 0.184783 0.224045
vt 0.191731 0.224685
vt 0.195765 0.216019
vt 0.180060 0.232487
vt 0.198365 0.227224
vt 0.189897 0.232945
vt 0.203564 0.230427
vt 0.196510 0.236483
vt 0.208979 0.235757
vt 0.202065 0.241043
vt 0.214255 0.242502
vt 0.206620 0.247126
vt 0.223236 0.236915
vt 0.229436 0.246632
vt 0.219959 0.250763
vt 0.233432 0.254641
vt 0.224686 0.258137
vt 0.236483 0.262856
vt 0.224808 0.262512
vt 0.216704 0.229279
vt 0.207580 0.221539
vt 0.214500 0.265369
vt 0.192015 0.269066
vt 0.175578 0.272140
vt 0.161599 0.271224
vt 0.151080 0.269126
vt 0.144508 0.266936
vt 0.145817 0.257298
vt 0.147700 0.249351
vt 0.147053 0.248968
vt 0.151813 0.237572
vt 0.145063 0.257816
vt 0.157841 0.228856
vt 0.166856 0.220586
vt 0.176582 0.215668
vt 0.186296 0.213860
vt 0.196883 0.214771
vt 0.208695 0.220673
vt 0.217374 0.228233
vt 0.223842 0.235944
vt 0.230681 0.246097
vt 0.235150 0.254520
vt 0.237484 0.263695
vt 0.410495 0.787879
vt 0.400447 0.782565
vt 0.403474 0.781290
vt 0.410589 0.786081
vt 0.410812 0.781858
vt 0.403264 0.775493
vt 0.411116 0.776074
vt 0.400691 0.775491
vt 0.401962 0.768734
vt 0.403614 0.769924
vt 0.411399 0.770699
vt 0.408174 0.766896
vt 0.411527 0.768275
vt 0.406327 0.765748
vt 0.411736 0.764307
vt 0.408892 0.763624
vt 0.411818 0.762748
vt 0.410404 0.762974
vt 0.406994 0.762462
vt 0.409212 0.761176
vt 0.411914 0.760930
vt 0.524774 0.777166
vt 0.535849 0.781840
vt 0.536160 0.784673
vt 0.523280 0.779770
vt 0.549234 0.775726
vt 0.547599 0.773602
vt 0.563874 0.763420
vt 0.561788 0.761102
vt 0.535417 0.764081
vt 0.525627 0.762203
vt 0.546286 0.756735
vt 0.558035 0.746532
vt 0.570897 0.756511
vt 0.569047 0.754264
vt 0.576826 0.749584
vt 0.575763 0.747304
vt 0.587258 0.739241
vt 0.586383 0.736965
vt 0.597095 0.739836
vt 0.596056 0.737250
vt 0.617853 0.725214
vt 0.616507 0.722581
vt 0.525347 0.758160
vt 0.535265 0.760455
vt 0.545874 0.753347
vt 0.556741 0.743676
vt 0.565145 0.736383
vt 0.566336 0.738992
vt 0.631865 0.715725
vt 0.629932 0.713382
vt 0.646282 0.706160
vt 0.645482 0.703196
vt 0.663162 0.698855
vt 0.662605 0.695350
vt 0.683409 0.713086
vt 0.683409 0.709392
vt 0.576210 0.729394
vt 0.575076 0.726840
vt 0.588117 0.719085
vt 0.587016 0.716151
vt 0.599077 0.708650
vt 0.597959 0.705849
vt 0.615686 0.694345
vt 0.615485 0.690799
vt 0.634282 0.681194
vt 0.633912 0.678281
vt 0.649724 0.669994
vt 0.659530 0.666007
vt 0.673264 0.670122
vt 0.683409 0.681420
vt 0.674671 0.668584
vt 0.683409 0.676350
vt 0.648383 0.668547
vt 0.673274 0.651802
vt 0.671035 0.653086
vt 0.650481 0.655056
vt 0.648232 0.654633
vt 0.650100 0.632187
vt 0.647533 0.632519
vt 0.649005 0.609606
vt 0.645743 0.608077
vt 0.673287 0.626668
vt 0.670677 0.628508
vt 0.674149 0.604348
vt 0.671947 0.604871
vt 0.658245 0.630692
vt 0.659052 0.653653
vt 0.657951 0.609415
vt 0.659536 0.607248
vt 0.671371 0.603229
vt 0.650821 0.607496
vt 0.683409 0.585706
vt 0.683409 0.589316
vt 0.631938 0.585374
vt 0.667600 0.587151
vt 0.654476 0.590364
vt 0.651625 0.584879
vt 0.669715 0.580148
vt 0.683409 0.571280
vt 0.613328 0.564704
vt 0.609937 0.568857
vt 0.593771 0.558141
vt 0.577964 0.543857
vt 0.555727 0.535739
vt 0.552819 0.542567
vt 0.576876 0.549850
vt 0.628650 0.586705
vt 0.446314 0.736369
vt 0.463127 0.749166
vt 0.461666 0.752681
vt 0.445265 0.740147
vt 0.428895 0.721607
vt 0.427287 0.725062
vt 0.470968 0.758237
vt 0.471313 0.754737
vt 0.482253 0.754200
vt 0.482191 0.751331
vt 0.506687 0.766745
vt 0.505069 0.769401
vt 0.507476 0.752116
vt 0.485812 0.737261
vt 0.507792 0.748700
vt 0.486989 0.734232
vt 0.467723 0.722255
vt 0.468025 0.718232
vt 0.446374 0.703702
vt 0.445578 0.707195
vt 0.427671 0.688539
vt 0.427384 0.692401
vt 0.410807 0.676350
vt 0.410807 0.681420
vt 0.421346 0.714916
vt 0.410807 0.713086
vt 0.410807 0.709392
vt 0.683409 0.473938
vt 0.663415 0.458658
vt 0.666038 0.454785
vt 0.683409 0.467226
vt 0.666757 0.476135
vt 0.683409 0.487336
vt 0.649746 0.460530
vt 0.683409 0.491993
vt 0.661068 0.475020
vt 0.659846 0.500417
vt 0.664698 0.523842
vt 0.646926 0.500888
vt 0.652745 0.496289
vt 0.656132 0.493758
vt 0.655810 0.474558
vt 0.650061 0.475328
vt 0.648676 0.493687
vt 0.644681 0.473551
vt 0.649484 0.465957
vt 0.683409 0.520236
vt 0.666971 0.552703
vt 0.683409 0.546177
vt 0.640163 0.474748
vt 0.622629 0.483120
vt 0.639057 0.473216
vt 0.604268 0.491257
vt 0.584586 0.487706
vt 0.588507 0.471155
vt 0.604123 0.473252
vt 0.620037 0.465881
vt 0.588551 0.467226
vt 0.604410 0.467226
vt 0.618787 0.462822
vt 0.635395 0.458374
vt 0.631510 0.454499
vt 0.649925 0.463262
vt 0.410807 0.571280
vt 0.902473 1.479996
vt 0.912247 1.460616
vt 0.917207 1.462942
vt 0.908128 1.479123
vt 0.934384 1.462468
vt 0.932505 1.483393
vt 0.956329 1.481785
vt 0.948141 1.461572
vt 0.955393 1.459848
vt 0.963966 1.479747
vt 0.924508 1.436142
vt 0.922514 1.435609
vt 0.934181 1.435387
vt 0.944478 1.434330
vt 0.948789 1.433810
vt 0.929070 1.413971
vt 0.925888 1.412811
vt 0.946305 1.412852
vt 0.931491 1.403215
vt 0.947729 1.403588
vt 0.941333 1.391495
vt 0.921670 1.392923
vt 0.927531 1.383114
vt 0.938256 1.377671
vt 0.957730 1.395484
vt 0.957382 1.387540
vt 0.950270 1.379862
vt 0.963535 1.386404
vt 0.962557 1.396807
vt 0.926768 1.404782
vt 0.951601 1.405553
vt 0.949592 1.412653
vt 0.917201 1.393115
vt 0.953153 1.378131
vt 0.938013 1.375770
vt 0.924857 1.382000
vt 1.034692 1.380218
vt 1.037631 1.358188
vt 1.042615 1.357995
vt 1.040771 1.350721
vt 1.048594 1.350321
vt 1.048230 1.357022
vt 1.031325 1.353520
vt 1.011844 1.378492
vt 1.022148 1.397420
vt 1.007675 1.387715
vt 1.019035 1.355299
vt 0.997540 1.368127
vt 1.007642 1.353353
vt 1.009659 1.343535
vt 0.998518 1.341872
vt 0.994645 1.350110
vt 0.990099 1.340407
vt 0.984746 1.347356
vt 0.974696 1.362501
vt 0.979497 1.348853
vt 0.974695 1.346334
vt 0.960076 1.347839
vt 0.980088 1.345135
vt 0.981648 1.346758
vt 0.961724 1.339291
vt 0.951672 1.339570
vt 0.945547 1.346419
vt 0.971598 1.338874
vt 0.980988 1.337752
vt 0.945450 1.338046
vt 0.940645 1.342650
vt 0.945271 1.323155
vt 0.954448 1.322220
vt 0.945186 1.315955
vt 0.953783 1.316072
vt 0.953805 1.311683
vt 0.962886 1.316011
vt 0.963065 1.311924
vt 0.955084 1.298179
vt 0.962723 1.298381
vt 0.971543 1.311500
vt 0.970016 1.297853
vt 0.980652 1.309623
vt 0.980500 1.297042
vt 0.944972 1.298136
vt 0.945106 1.309349
vt 0.971637 1.315754
vt 0.944882 1.290683
vt 0.954219 1.292502
vt 0.980425 1.290713
vt 0.970580 1.292155
vt 0.980726 1.315923
vt 0.971203 1.321344
vt 0.980806 1.322611
vt 0.970778 1.287961
vt 0.962473 1.288970
vt 0.962609 1.292552
vt 0.954172 1.288124
vt 0.944784 1.282415
vt 0.980316 1.281749
vt 0.962729 1.321238
vt 0.954244 1.280023
vt 0.962472 1.280606
vt 0.953452 1.272499
vt 0.962331 1.273231
vt 0.970462 1.279644
vt 0.970593 1.272224
vt 0.980234 1.274779
vt 0.980164 1.268981
vt 0.944626 1.269276
vt 0.944695 1.275073
vt 0.962281 1.265226
vt 0.969005 1.266482
vt 0.962597 1.258230
vt 0.952582 1.262058
vt 0.955407 1.265813
vt 0.971772 1.261784
vt 1.060364 1.421123
vt 1.036447 1.413339
vt 1.036523 1.396904
vt 1.062039 1.397196
vt 1.087895 1.423797
vt 1.090592 1.399590
vt 1.117200 1.425818
vt 1.118507 1.402040
vt 1.114758 1.452219
vt 1.085946 1.451057
vt 1.021706 1.408071
vt 1.115046 1.470588
vt 1.084276 1.469454
vt 1.082607 1.488664
vt 1.117426 1.485039
vt 1.147571 1.470847
vt 1.132112 1.449765
vt 1.148550 1.484022
vt 1.171712 1.468280
vt 1.157826 1.445793
vt 1.138643 1.423872
vt 1.172906 1.480832
vt 1.193109 1.465089
vt 1.173955 1.442848
vt 1.156191 1.421640
vt 1.154498 1.401476
vt 1.140288 1.401379
vt 1.172162 1.401732
vt 1.174474 1.418465
vt 1.189638 1.417462
vt 1.191855 1.439934
vt 1.208463 1.437614
vt 1.208463 1.415638
vt 1.187904 1.399077
vt 1.208463 1.461065
vt 1.193271 1.479449
vt 1.208463 1.479996
vt 1.208463 1.393408
vt 1.154719 1.385209
vt 1.143848 1.384603
vt 1.121807 1.383052
vt 1.142836 1.370298
vt 1.137641 1.369335
vt 1.148626 1.372077
vt 1.185584 1.386725
vt 1.208463 1.382487
vt 1.170657 1.384380
vt 1.169307 1.363201
vt 1.180284 1.362645
vt 1.186283 1.375243
vt 1.154698 1.365703
vt 1.169090 1.355096
vt 1.179658 1.354802
vt 1.192677 1.361069
vt 1.189759 1.353889
vt 1.208463 1.370828
vt 1.199254 1.352031
vt 1.206869 1.351793
vt 1.158812 1.355558
vt 1.160393 1.339411
vt 1.151575 1.338763
vt 1.160444 1.329497
vt 1.152486 1.328705
vt 1.144439 1.327886
vt 1.143060 1.336940
vt 1.169437 1.329622
vt 1.168873 1.338155
vt 1.178280 1.335278
vt 1.178199 1.328961
vt 1.135083 1.334528
vt 1.135279 1.326829
vt 1.161140 1.322180
vt 1.152882 1.321088
vt 1.153434 1.311016
vt 1.162264 1.312069
vt 1.144276 1.310141
vt 1.144260 1.320604
vt 1.169279 1.322868
vt 1.170628 1.312574
vt 1.178029 1.324628
vt 1.179630 1.311941
vt 1.188163 1.325210
vt 1.187997 1.311373
vt 1.197556 1.324984
vt 1.195815 1.310607
vt 1.206113 1.323023
vt 1.206113 1.310892
vt 1.135735 1.308865
vt 1.135443 1.320334
vt 1.197460 1.329226
vt 1.188086 1.329315
vt 1.171443 1.306990
vt 1.162538 1.304456
vt 1.153754 1.302741
vt 1.144581 1.302412
vt 1.206113 1.304347
vt 1.197665 1.306032
vt 1.135886 1.302878
vt 1.163497 1.298152
vt 1.153963 1.296217
vt 1.171072 1.300889
vt 1.144425 1.296021
vt 1.136045 1.296621
vt 1.178767 1.302926
vt 1.197621 1.301596
vt 1.187996 1.302400
vt 1.187888 1.306863
vt 1.178786 1.307362
vt 1.206113 1.297553
vt 1.179689 1.292526
vt 1.188124 1.292221
vt 1.180072 1.286055
vt 1.188028 1.286550
vt 1.197645 1.291051
vt 1.197157 1.284992
vt 1.206113 1.289352
vt 1.206113 1.281658
vt 1.171926 1.283488
vt 1.171802 1.291727
vt 1.161802 1.284905
vt 1.163176 1.292211
vt 1.153946 1.284472
vt 1.153954 1.291076
vt 1.146203 1.283494
vt 1.145039 1.289824
vt 1.136420 1.281890
vt 1.136238 1.289040
vt 1.154274 1.278298
vt 1.159403 1.279130
vt 1.149139 1.278243
vt 1.154691 1.271987
vt 1.162931 1.275357
vt 1.146318 1.274290
vt 0.976512 1.406426
vt 0.983218 1.405829
vt 0.983756 1.413757
vt 0.977901 1.417302
vt 0.963170 1.410291
vt 0.978818 1.389813
vt 0.990678 1.391852
vt 0.994208 1.381048
vt 0.970842 1.375375
vt 0.939637 1.361154
vt 0.939885 1.349677
vt 0.934070 1.348554
vt 0.920002 1.351016
vt 0.936314 1.346343
vt 0.937285 1.345953
vt 0.920203 1.344392
vt 0.909779 1.344741
vt 0.906339 1.350793
vt 0.929651 1.343098
vt 0.936314 1.344005
vt 0.902473 1.344005
vt 0.902473 1.347739
vt 0.902473 1.328647
vt 0.911029 1.327066
vt 0.902473 1.321026
vt 0.910973 1.321664
vt 0.919800 1.327304
vt 0.919912 1.322033
vt 0.928052 1.326881
vt 0.928453 1.321893
vt 0.936841 1.321764
vt 0.936697 1.328076
vt 0.928725 1.317955
vt 0.936973 1.315994
vt 0.927610 1.302255
vt 0.920158 1.302310
vt 0.919860 1.317833
vt 0.912841 1.301655
vt 0.910987 1.317829
vt 0.937259 1.303446
vt 0.902473 1.302948
vt 0.902473 1.315044
vt 0.902473 1.295908
vt 0.911912 1.296414
vt 0.937411 1.296860
vt 0.928959 1.297033
vt 0.929165 1.293495
vt 0.920435 1.293272
vt 0.920473 1.296995
vt 0.912798 1.292639
vt 0.902473 1.287502
vt 0.912665 1.283286
vt 0.920021 1.284179
vt 0.910950 1.275978
vt 0.919823 1.277012
vt 0.928229 1.284310
vt 0.928624 1.277250
vt 0.937770 1.281102
vt 0.937936 1.273822
vt 0.902473 1.271424
vt 0.902473 1.279186
vt 0.920006 1.269736
vt 0.928175 1.270361
vt 0.920783 1.262881
vt 0.910872 1.264693
vt 0.912262 1.269346
vt 0.929602 1.265595
vt 0.937574 1.289681
vt 1.111307 1.362296
vt 1.091233 1.377519
vt 1.117893 1.362957
vt 1.105046 1.361572
vt 1.060609 1.375500
vt 1.076477 1.359017
vt 1.083690 1.359172
vt 1.070289 1.358273
vt 1.058302 1.358112
vt 1.068287 1.351361
vt 1.057315 1.351891
vt 1.059001 1.350242
vt 1.059001 1.344812
vt 1.068061 1.345777
vt 1.059001 1.327757
vt 1.067948 1.329218
vt 1.068731 1.320139
vt 1.077037 1.329526
vt 1.077391 1.320203
vt 1.085264 1.320249
vt 1.085372 1.329430
vt 1.094181 1.320513
vt 1.094181 1.327462
vt 1.059001 1.320566
vt 1.085600 1.313280
vt 1.077374 1.313022
vt 1.077147 1.302697
vt 1.085770 1.302624
vt 1.067787 1.302756
vt 1.068209 1.313465
vt 1.094181 1.314143
vt 1.094181 1.301727
vt 1.059001 1.301678
vt 1.059001 1.313826
vt 1.085643 1.295186
vt 1.076915 1.295606
vt 1.067972 1.295333
vt 1.094181 1.296634
vt 1.059001 1.295912
vt 1.085776 1.286862
vt 1.077155 1.286868
vt 1.094181 1.288255
vt 1.068044 1.286902
vt 1.059001 1.289031
vt 1.085606 1.280819
vt 1.094181 1.281010
vt 1.085008 1.274669
vt 1.077254 1.274349
vt 1.077083 1.280922
vt 1.069349 1.274388
vt 1.068216 1.280922
vt 1.094181 1.274036
vt 1.059001 1.273330
vt 1.059001 1.280859
vt 1.077438 1.268747
vt 1.083242 1.269482
vt 1.071539 1.269242
vt 1.077352 1.263131
vt 1.087953 1.266102
vt 1.067069 1.265557
vt 1.104868 1.354598
vt 1.094232 1.361778
vt 1.096540 1.353653
vt 1.097546 1.351482
vt 1.097266 1.345741
vt 1.105834 1.347189
vt 1.097621 1.329834
vt 1.105890 1.331090
vt 1.106823 1.322225
vt 1.114898 1.332144
vt 1.115626 1.321906
vt 1.123466 1.322888
vt 1.123519 1.332177
vt 1.132811 1.323670
vt 1.132811 1.331257
vt 1.097621 1.323358
vt 1.124076 1.316243
vt 1.115966 1.315729
vt 1.115962 1.306025
vt 1.124545 1.306061
vt 1.106193 1.305557
vt 1.106548 1.315999
vt 1.132811 1.317386
vt 1.132811 1.305414
vt 1.097621 1.303996
vt 1.097621 1.316715
vt 1.124430 1.298538
vt 1.115632 1.298478
vt 1.106381 1.298020
vt 1.132811 1.298769
vt 1.097621 1.297631
vt 1.124391 1.290236
vt 1.115419 1.290371
vt 1.132811 1.290878
vt 1.106105 1.290722
vt 1.097621 1.290686
vt 1.124031 1.283633
vt 1.132811 1.282757
vt 1.122615 1.275552
vt 1.115005 1.275446
vt 1.115402 1.283814
vt 1.107698 1.274994
vt 1.106631 1.283144
vt 1.132811 1.275672
vt 1.097621 1.274714
vt 1.097621 1.281998
vt 1.115024 1.270260
vt 1.120510 1.270920
vt 1.109358 1.270629
vt 1.114676 1.265246
vt 1.124446 1.268414
vt 1.105454 1.267616
vt 1.138458 1.361027
vt 1.129147 1.363181
vt 1.134901 1.357333
vt 1.135472 1.355105
vt 1.134644 1.351793
vt 1.141570 1.353253
vt 1.149220 1.354218
vt 1.132811 1.352552
vt 1.122786 1.355693
vt 1.123439 1.347000
vt 1.132811 1.346471
vt 1.114570 1.347482
vt 1.113414 1.354701
vt 1.085262 1.352267
vt 1.094181 1.350538
vt 1.084904 1.345723
vt 1.094181 1.345044
vt 1.077098 1.346374
vt 1.076777 1.351690
vt 1.020200 1.345147
vt 1.029998 1.345155
vt 1.010757 1.325680
vt 1.001401 1.324893
vt 0.992672 1.324326
vt 0.984140 1.324879
vt 0.984211 1.318191
vt 0.992741 1.319414
vt 0.992861 1.315310
vt 1.001698 1.319907
vt 1.002256 1.315679
vt 0.994701 1.300916
vt 1.002225 1.301059
vt 1.011869 1.316079
vt 1.011396 1.301154
vt 1.021632 1.313789
vt 1.020978 1.301092
vt 0.984410 1.299311
vt 0.984276 1.311891
vt 1.029941 1.313189
vt 1.029011 1.300318
vt 1.038940 1.312148
vt 1.038742 1.300310
vt 1.047053 1.311745
vt 1.047123 1.300223
vt 1.055361 1.311763
vt 1.055486 1.299967
vt 1.047041 1.291737
vt 1.038200 1.291656
vt 1.029242 1.292059
vt 1.055562 1.292655
vt 1.020999 1.294649
vt 1.011507 1.295184
vt 1.038818 1.319471
vt 1.046571 1.318686
vt 1.038972 1.328822
vt 1.046972 1.327846
vt 1.030061 1.320419
vt 1.029736 1.329025
vt 1.055293 1.318241
vt 1.055212 1.325779
vt 1.021188 1.328657
vt 1.020797 1.320838
vt 1.011191 1.320597
vt 1.039823 1.343527
vt 1.047520 1.342012
vt 1.055050 1.341002
vt 1.054978 1.348324
vt 0.983978 1.340020
vt 0.983667 1.346906
vt 1.038687 1.273099
vt 1.046197 1.273135
vt 1.046851 1.278429
vt 1.038483 1.278658
vt 1.030595 1.272855
vt 1.029460 1.278135
vt 1.055718 1.278028
vt 1.055780 1.272232
vt 1.020469 1.270836
vt 1.020754 1.279539
vt 1.010339 1.274818
vt 1.010549 1.282105
vt 1.002200 1.275490
vt 1.002541 1.282336
vt 0.994796 1.275191
vt 0.995187 1.281706
vt 0.984708 1.271249
vt 0.984647 1.277047
vt 1.033299 1.267280
vt 1.002042 1.267241
vt 1.009157 1.267618
vt 1.002002 1.260478
vt 0.992360 1.264538
vt 0.994987 1.267959
vt 1.010983 1.263392
vt 1.029112 1.263570
vt 1.038972 1.267075
vt 1.044516 1.268053
vt 1.039210 1.261211
vt 1.048955 1.265151
vt 1.002445 1.291613
vt 1.011688 1.291144
vt 1.002371 1.295081
vt 0.994512 1.291001
vt 0.994652 1.294879
vt 1.021001 1.287168
vt 1.028880 1.284966
vt 1.038206 1.284775
vt 1.047043 1.284411
vt 1.055646 1.284881
vt 0.984478 1.292982
vt 0.984573 1.284017
vt 1.188469 1.279262
vt 1.182082 1.279130
vt 1.180997 1.273745
vt 1.189271 1.271779
vt 1.195252 1.278884
vt 1.198574 1.273773
vt 1.197258 1.334666
vt 1.206113 1.329430
vt 1.206113 1.337126
vt 1.188169 1.334447
vt 0.990186 1.201782
vt 0.999851 1.200987
vt 1.001033 1.212834
vt 0.991567 1.214203
vt 0.978940 1.202901
vt 0.979704 1.216472
vt 1.010137 1.208763
vt 1.010137 1.199573
vt 0.967275 1.202226
vt 0.967269 1.216226
vt 0.954086 1.198147
vt 0.953381 1.213961
vt 0.940810 1.197270
vt 0.939774 1.212209
vt 0.930305 1.197533
vt 0.929003 1.212480
vt 0.917617 1.202612
vt 0.917584 1.212577
vt 0.978372 1.191267
vt 0.988930 1.189544
vt 0.999268 1.190286
vt 1.010137 1.191437
vt 0.917647 1.193174
vt 0.929382 1.193097
vt 0.999891 1.184279
vt 0.988654 1.184370
vt 0.988023 1.176116
vt 1.000166 1.176152
vt 0.975594 1.177005
vt 0.977198 1.185429
vt 1.010137 1.185196
vt 1.010137 1.174300
vt 0.964782 1.176245
vt 0.966674 1.186031
vt 0.953142 1.178989
vt 0.954007 1.190173
vt 0.941060 1.179926
vt 0.941042 1.190103
vt 0.929253 1.178600
vt 0.929017 1.189769
vt 0.917708 1.173998
vt 0.917670 1.186267
vt 0.954567 1.193678
vt 0.941078 1.192781
vt 0.966363 1.193187
vt 0.917766 1.156468
vt 0.929751 1.161478
vt 0.932283 1.153134
vt 0.941069 1.162307
vt 0.940611 1.152619
vt 0.927827 1.147923
vt 0.940440 1.144758
vt 0.949252 1.153335
vt 0.953274 1.147620
vt 0.952133 1.162023
vt 0.964008 1.157869
vt 0.976468 1.161448
vt 0.979522 1.156049
vt 0.987358 1.161211
vt 0.987167 1.155387
vt 0.998000 1.161542
vt 0.994833 1.156178
vt 0.987479 1.147626
vt 1.000804 1.152132
vt 0.973993 1.151594
vt 1.010137 1.159419
vt 1.011473 1.217311
vt 1.021206 1.227066
vt 1.011359 1.237355
vt 0.998499 1.225844
vt 0.990673 1.226182
vt 1.003178 1.241205
vt 0.993060 1.242291
vt 0.982768 1.240965
vt 0.982738 1.226583
vt 0.967201 1.228852
vt 0.967457 1.241629
vt 0.950989 1.223386
vt 0.937769 1.221171
vt 0.948090 1.230327
vt 0.958007 1.236210
vt 0.934925 1.227174
vt 0.928400 1.225889
vt 0.927814 1.220536
vt 0.913546 1.230405
vt 0.913746 1.219722
vt 1.000499 1.421318
vt 1.008519 1.420205
vt 1.017995 1.438779
vt 1.002281 1.437233
vt 0.988527 1.420173
vt 0.984581 1.433772
vt 1.031417 1.432568
vt 1.016884 1.415036
vt 1.031249 1.458051
vt 1.054690 1.446045
vt 1.009656 1.455889
vt 1.053031 1.462803
vt 1.007393 1.478883
vt 0.990082 1.479777
vt 0.986462 1.455531
vt 0.965610 1.457825
vt 0.962307 1.430830
vt 0.977520 1.493000
vt 1.029126 1.479270
vt 1.049292 1.479747
vt 1.010673 1.496462
vt 1.029498 1.489093
vt 0.995574 1.501467
vt 0.902473 1.363521
vt 0.902473 1.353029
vt 0.902473 1.350086
vt 0.902473 1.382487
vt 0.902473 1.393408
vt 0.902473 1.415638
vt 0.902473 1.437614
vt 0.902473 1.461065
vt 0.584475 0.785520
vt 0.571690 0.789016
vt 0.571587 0.770747
vt 0.585421 0.762513
vt 0.605591 0.785896
vt 0.604785 0.763065
vt 0.624501 0.786395
vt 0.621314 0.764280
vt 0.562526 0.775193
vt 0.560197 0.796706
vt 0.643129 0.766618
vt 0.640009 0.789826
vt 0.653251 0.792773
vt 0.660814 0.769576
vt 0.665939 0.791743
vt 0.683409 0.770168
vt 0.683409 0.791736
vt 0.623007 0.808700
vt 0.605213 0.809892
vt 0.621279 0.827873
vt 0.606205 0.828160
vt 0.634605 0.828175
vt 0.636728 0.809665
vt 0.652039 0.810920
vt 0.651631 0.828355
vt 0.667345 0.827753
vt 0.666489 0.810598
vt 0.683409 0.825613
vt 0.683409 0.808912
vt 0.683409 0.851336
vt 0.668575 0.853290
vt 0.683409 0.881711
vt 0.670639 0.884367
vt 0.671512 0.919617
vt 0.657350 0.887509
vt 0.659181 0.921673
vt 0.671028 0.952102
vt 0.659239 0.953703
vt 0.669896 0.973219
vt 0.658100 0.973041
vt 0.683409 0.918136
vt 0.683409 0.953146
vt 0.683409 0.974816
vt 0.647803 0.924072
vt 0.646216 0.892889
vt 0.636171 0.926124
vt 0.635886 0.898556
vt 0.623937 0.901782
vt 0.624193 0.927420
vt 0.636721 0.953969
vt 0.625183 0.954041
vt 0.608106 0.929235
vt 0.608931 0.951873
vt 0.607427 0.903499
vt 0.647599 0.954303
vt 0.637503 0.975268
vt 0.647684 0.974037
vt 0.626301 0.975197
vt 0.638792 0.870254
vt 0.624649 0.880395
vt 0.607948 0.882544
vt 0.594442 0.904769
vt 0.595380 0.930532
vt 0.583099 0.904677
vt 0.583074 0.931246
vt 0.595591 0.951728
vt 0.583804 0.953263
vt 0.566305 0.933075
vt 0.566428 0.904946
vt 0.638361 0.990484
vt 0.646990 0.986048
vt 0.658179 0.983321
vt 0.670436 0.983265
vt 0.683409 0.989190
vt 0.548140 0.938598
vt 0.549695 0.904910
vt 0.530944 0.902712
vt 0.532864 0.928685
vt 0.505498 0.934642
vt 0.508064 0.899988
vt 0.483528 0.928999
vt 0.485575 0.896259
vt 0.480882 0.958996
vt 0.509815 0.866187
vt 0.486645 0.861678
vt 0.530124 0.868745
vt 0.548305 0.871755
vt 0.546419 0.844947
vt 0.530716 0.842959
vt 0.564145 0.872340
vt 0.560382 0.843615
vt 0.545955 0.823885
vt 0.558855 0.820892
vt 0.545606 0.803152
vt 0.569660 0.815216
vt 0.582052 0.812469
vt 0.528234 0.803551
vt 0.530052 0.823267
vt 0.509426 0.820682
vt 0.510594 0.840910
vt 0.485668 0.818306
vt 0.485770 0.836802
vt 0.467346 0.816997
vt 0.468159 0.835377
vt 0.443550 0.813769
vt 0.442235 0.831042
vt 0.426894 0.810173
vt 0.425407 0.828583
vt 0.483617 0.798298
vt 0.466998 0.796779
vt 0.466937 0.771285
vt 0.444781 0.772253
vt 0.443979 0.794763
vt 0.481363 0.773207
vt 0.504930 0.781015
vt 0.507804 0.800689
vt 0.410807 0.808912
vt 0.410807 0.825613
vt 0.427637 0.792295
vt 0.410807 0.791736
vt 0.410807 0.770168
vt 0.429168 0.771699
vt 0.410807 0.752198
vt 0.428489 0.753194
vt 0.410807 0.727635
vt 0.427763 0.740089
vt 0.444142 0.754272
vt 0.453594 0.761680
vt 0.586810 0.745816
vt 0.603125 0.747055
vt 0.617991 0.746190
vt 0.643688 0.747108
vt 0.662021 0.748635
vt 0.645312 0.720964
vt 0.663272 0.724810
vt 0.663782 0.711290
vt 0.683409 0.752198
vt 0.683409 0.727635
vt 0.631989 0.728395
vt 0.618916 0.736605
vt 0.486363 0.698804
vt 0.506446 0.705870
vt 0.507499 0.732822
vt 0.487858 0.724864
vt 0.465353 0.693326
vt 0.485497 0.671882
vt 0.507316 0.678114
vt 0.464961 0.665002
vt 0.446019 0.662797
vt 0.446213 0.691358
vt 0.521549 0.708728
vt 0.521193 0.679667
vt 0.485419 0.642332
vt 0.509561 0.648000
vt 0.486171 0.610055
vt 0.463417 0.607034
vt 0.464505 0.637639
vt 0.442608 0.604492
vt 0.445007 0.633849
vt 0.425536 0.599590
vt 0.427033 0.630703
vt 0.410807 0.624833
vt 0.508072 0.611708
vt 0.460749 0.575293
vt 0.484847 0.575521
vt 0.506227 0.575202
vt 0.427702 0.658906
vt 0.410807 0.653705
vt 0.531772 0.576414
vt 0.530917 0.614541
vt 0.530425 0.651644
vt 0.533304 0.680127
vt 0.532980 0.709241
vt 0.542022 0.707316
vt 0.545065 0.678834
vt 0.549161 0.703417
vt 0.556610 0.673811
vt 0.559430 0.701735
vt 0.570655 0.699006
vt 0.567990 0.669905
vt 0.584258 0.693069
vt 0.582528 0.666758
vt 0.598548 0.690004
vt 0.598027 0.665391
vt 0.581441 0.641375
vt 0.596729 0.640504
vt 0.579792 0.613033
vt 0.595891 0.613636
vt 0.578255 0.582852
vt 0.594876 0.584073
vt 0.565886 0.643425
vt 0.562418 0.728564
vt 0.611721 0.613625
vt 0.610894 0.585395
vt 0.631410 0.612191
vt 0.632559 0.635907
vt 0.613103 0.640271
vt 0.633722 0.659383
vt 0.614100 0.664541
vt 0.556950 0.578443
vt 0.563461 0.613530
vt 0.546629 0.616509
vt 0.553540 0.645884
vt 0.540868 0.647338
vt 0.424523 0.954902
vt 0.410807 0.953146
vt 0.410807 0.918136
vt 0.423589 0.919224
vt 0.410807 0.881711
vt 0.423585 0.882729
vt 0.439503 0.921882
vt 0.440053 0.885769
vt 0.453419 0.924893
vt 0.454523 0.891057
vt 0.470909 0.927195
vt 0.470869 0.893225
vt 0.438149 0.957158
vt 0.453016 0.957526
vt 0.469198 0.958377
vt 0.467324 0.985845
vt 0.453151 0.984856
vt 0.441045 0.855571
vt 0.469796 0.860745
vt 0.424544 0.853136
vt 0.410807 0.851336
vt 0.489177 0.968641
vt 0.509331 0.946719
vt 0.455721 0.998262
vt 0.442794 1.009665
vt 0.438744 0.983668
vt 0.423810 0.979726
vt 0.410807 0.974816
vt 0.410807 0.989190
vt 0.426926 1.005916
vt 0.434345 1.020611
vt 0.288017 0.673263
vt 0.286054 0.661479
vt 0.298245 0.661311
vt 0.299641 0.672272
vt 0.309344 0.671403
vt 0.307588 0.660811
vt 0.318189 0.670839
vt 0.317119 0.660465
vt 0.321610 0.681950
vt 0.312721 0.683498
vt 0.326195 0.692765
vt 0.317213 0.696075
vt 0.299058 0.647029
vt 0.309575 0.647723
vt 0.318832 0.648956
vt 0.326834 0.670590
vt 0.330378 0.680150
vt 0.335001 0.668864
vt 0.338144 0.678525
vt 0.333877 0.658618
vt 0.326758 0.659269
vt 0.334831 0.651590
vt 0.327897 0.649945
vt 0.330608 0.640232
vt 0.337759 0.641795
vt 0.340872 0.629880
vt 0.333932 0.629508
vt 0.339505 0.619229
vt 0.322919 0.638782
vt 0.326491 0.627663
vt 0.312261 0.636093
vt 0.316810 0.624676
vt 0.328859 0.616051
vt 0.337295 0.609588
vt 0.302303 0.632924
vt 0.287832 0.646145
vt 0.292001 0.684931
vt 0.302575 0.684073
vt 0.304914 0.693796
vt 0.322526 0.707420
vt 0.331554 0.701943
vt 0.335320 0.707870
vt 0.326739 0.715835
vt 0.341004 0.714469
vt 0.334799 0.723758
vt 0.328827 0.733824
vt 0.337520 0.741276
vt 0.333250 0.752584
vt 0.346218 0.747121
vt 0.341779 0.759198
vt 0.341619 0.767937
vt 0.355886 0.751850
vt 0.351417 0.763967
vt 0.366662 0.755507
vt 0.363310 0.766731
vt 0.377246 0.758253
vt 0.375357 0.768278
vt 0.384818 0.769618
vt 0.375741 0.775412
vt 0.384238 0.775902
vt 0.384095 0.782773
vt 0.375979 0.782920
vt 0.385972 0.760865
vt 0.364226 0.783179
vt 0.364171 0.774747
vt 0.367383 0.789847
vt 0.378474 0.789408
vt 0.356652 0.789702
vt 0.369170 0.800004
vt 0.379919 0.798869
vt 0.380491 0.810314
vt 0.371334 0.811178
vt 0.373642 0.821192
vt 0.362709 0.823650
vt 0.361370 0.812245
vt 0.350422 0.812362
vt 0.351208 0.823393
vt 0.350922 0.836632
vt 0.361731 0.836021
vt 0.374377 0.835789
vt 0.351321 0.849672
vt 0.352605 0.861736
vt 0.362280 0.861541
vt 0.361697 0.849526
vt 0.373388 0.849643
vt 0.373912 0.862044
vt 0.360514 0.871240
vt 0.364297 0.881654
vt 0.374098 0.873228
vt 0.382966 0.883675
vt 0.383092 0.895952
vt 0.405337 0.898887
vt 0.405312 0.886038
vt 0.364505 0.894042
vt 0.385808 0.874260
vt 0.405849 0.875830
vt 0.386753 0.863008
vt 0.406410 0.865185
vt 0.387058 0.850843
vt 0.407039 0.853242
vt 0.404861 0.909545
vt 0.384131 0.908519
vt 0.364987 0.906382
vt 0.384741 0.917597
vt 0.365615 0.915827
vt 0.404368 0.918904
vt 0.388513 0.837214
vt 0.407700 0.840683
vt 0.343861 0.901155
vt 0.346299 0.913982
vt 0.324548 0.898920
vt 0.326568 0.912185
vt 0.303369 0.898159
vt 0.304022 0.910486
vt 0.279809 0.897538
vt 0.279124 0.909799
vt 0.304474 0.921944
vt 0.278641 0.918975
vt 0.328000 0.924426
vt 0.278054 0.930118
vt 0.305477 0.934295
vt 0.277324 0.943984
vt 0.303337 0.945356
vt 0.330040 0.937118
vt 0.329764 0.946749
vt 0.354325 0.939555
vt 0.358245 0.948252
vt 0.377436 0.948624
vt 0.371412 0.938464
vt 0.367567 0.927284
vt 0.388222 0.938490
vt 0.385962 0.927746
vt 0.348727 0.926739
vt 0.403347 0.940055
vt 0.402898 0.948577
vt 0.390205 0.947304
vt 0.402528 0.955609
vt 0.392088 0.955298
vt 0.382463 0.955306
vt 0.403948 0.928643
vt 0.393873 0.962767
vt 0.386504 0.962826
vt 0.386964 0.968104
vt 0.395458 0.968552
vt 0.401829 0.968888
vt 0.402168 0.962447
vt 0.407590 0.647016
vt 0.413974 0.646983
vt 0.413717 0.656474
vt 0.409007 0.655305
vt 0.406355 0.637193
vt 0.413737 0.636921
vt 0.404533 0.624869
vt 0.412737 0.624642
vt 0.412407 0.613717
vt 0.403212 0.613654
vt 0.417907 0.646333
vt 0.418397 0.637036
vt 0.417323 0.657421
vt 0.412829 0.601636
vt 0.402838 0.600905
vt 0.420187 0.603046
vt 0.419633 0.613567
vt 0.419068 0.624293
vt 0.396797 0.637167
vt 0.394135 0.625148
vt 0.384596 0.632232
vt 0.399517 0.647782
vt 0.403056 0.656264
vt 0.388924 0.643458
vt 0.379893 0.640313
vt 0.385047 0.651486
vt 0.375827 0.648980
vt 0.364819 0.646637
vt 0.373038 0.658220
vt 0.362584 0.656901
vt 0.368431 0.636218
vt 0.358562 0.632789
vt 0.354315 0.644627
vt 0.348688 0.630050
vt 0.343923 0.642120
vt 0.374298 0.626825
vt 0.340990 0.656438
vt 0.342650 0.667037
vt 0.352202 0.656461
vt 0.352429 0.666768
vt 0.362432 0.666547
vt 0.371848 0.666625
vt 0.346300 0.676861
vt 0.342760 0.688009
vt 0.335730 0.690264
vt 0.340397 0.697781
vt 0.347750 0.695417
vt 0.342227 0.700939
vt 0.347160 0.706383
vt 0.352776 0.711034
vt 0.347526 0.720175
vt 0.359257 0.715363
vt 0.355121 0.725258
vt 0.342491 0.730262
vt 0.350755 0.735816
vt 0.367006 0.719826
vt 0.363461 0.729848
vt 0.375817 0.723923
vt 0.372783 0.733970
vt 0.382696 0.737530
vt 0.385323 0.727503
vt 0.388357 0.718093
vt 0.378700 0.714658
vt 0.394467 0.730220
vt 0.392411 0.740472
vt 0.402550 0.732389
vt 0.401230 0.742742
vt 0.408620 0.733584
vt 0.409129 0.724978
vt 0.413671 0.727566
vt 0.413309 0.734431
vt 0.408131 0.744136
vt 0.412772 0.744636
vt 0.412127 0.756882
vt 0.407467 0.755814
vt 0.403913 0.722689
vt 0.400176 0.753732
vt 0.396787 0.720356
vt 0.390642 0.750972
vt 0.380287 0.747938
vt 0.369787 0.744526
vt 0.414027 0.720797
vt 0.398365 0.714983
vt 0.390616 0.712999
vt 0.380692 0.709389
vt 0.392259 0.707334
vt 0.399254 0.709457
vt 0.404991 0.716682
vt 0.409663 0.718421
vt 0.405179 0.710639
vt 0.409185 0.710912
vt 0.414451 0.712473
vt 0.414988 0.702279
vt 0.410884 0.700851
vt 0.411365 0.693609
vt 0.415442 0.693651
vt 0.412054 0.688303
vt 0.408704 0.693076
vt 0.409399 0.687465
vt 0.415664 0.688935
vt 0.408846 0.698773
vt 0.405602 0.706114
vt 0.399705 0.704001
vt 0.391755 0.699999
vt 0.382937 0.703151
vt 0.372915 0.705003
vt 0.370543 0.710261
vt 0.363915 0.705943
vt 0.357951 0.702462
vt 0.353299 0.698395
vt 0.355016 0.693563
vt 0.350741 0.686522
vt 0.354847 0.675987
vt 0.363455 0.675449
vt 0.371945 0.676037
vt 0.358248 0.684913
vt 0.380848 0.666899
vt 0.382154 0.659858
vt 0.389356 0.661626
vt 0.392743 0.654302
vt 0.397984 0.659898
vt 0.393184 0.663175
vt 0.396791 0.663704
vt 0.388380 0.667547
vt 0.380611 0.675476
vt 0.388571 0.674988
vt 0.388980 0.681839
vt 0.382445 0.684275
vt 0.375186 0.686944
vt 0.365725 0.684157
vt 0.361408 0.692075
vt 0.360022 0.698360
vt 0.366710 0.700988
vt 0.368073 0.690754
vt 0.372565 0.697297
vt 0.378931 0.694956
vt 0.386087 0.692483
vt 0.392830 0.689593
vt 0.398570 0.695020
vt 0.404901 0.697216
vt 0.406142 0.691780
vt 0.394935 0.680182
vt 0.393206 0.670916
vt 0.397512 0.668962
vt 0.399072 0.673479
vt 0.407432 0.686088
vt 0.403374 0.690334
vt 0.405356 0.684403
vt 0.399012 0.687515
vt 0.402655 0.680003
vt 0.018486 0.942135
vt 0.019869 0.926511
vt 0.000742 0.922421
vt 0.000650 0.937475
vt 0.000848 0.904956
vt 0.020867 0.909223
vt 0.037472 0.944740
vt 0.041322 0.915010
vt 0.064551 0.921554
vt 0.068161 0.886677
vt 0.090316 0.902004
vt 0.095614 0.883045
vt 0.124232 0.893112
vt 0.125398 0.870865
vt 0.116450 0.913605
vt 0.106341 0.936590
vt 0.084488 0.927271
vt 0.097212 0.960602
vt 0.077935 0.953979
vt 0.125906 0.946733
vt 0.138777 0.925133
vt 0.115051 0.968814
vt 0.142128 0.957996
vt 0.156296 0.937647
vt 0.131847 0.975941
vt 0.148737 0.907846
vt 0.156550 0.890149
vt 0.161597 0.865810
vt 0.168173 0.921886
vt 0.181567 0.910038
vt 0.182177 0.885328
vt 0.179529 0.933892
vt 0.192855 0.924387
vt 0.200483 0.934623
vt 0.214754 0.928059
vt 0.208700 0.918752
vt 0.227387 0.924304
vt 0.220961 0.933929
vt 0.229636 0.933100
vt 0.240788 0.933226
vt 0.240871 0.919652
vt 0.224886 0.913240
vt 0.240941 0.908203
vt 0.221522 0.895684
vt 0.241043 0.891549
vt 0.191185 0.943632
vt 0.200641 0.901554
vt 0.221016 0.877746
vt 0.198140 0.882032
vt 0.241159 0.872539
vt 0.193516 0.858189
vt 0.167005 0.840260
vt 0.203235 0.837660
vt 0.125593 0.844624
vt 0.091549 0.860217
vt 0.220636 0.854259
vt 0.241308 0.848250
vt 0.241440 0.826645
vt 0.201958 0.807471
vt 0.241580 0.803653
vt 0.199657 0.778744
vt 0.241741 0.777367
vt 0.198434 0.752913
vt 0.241892 0.752592
vt 0.242041 0.728302
vt 0.199482 0.729085
vt 0.155985 0.729023
vt 0.157069 0.752637
vt 0.120426 0.752827
vt 0.116303 0.728898
vt 0.242375 0.711055
vt 0.200814 0.710813
vt 0.156706 0.710554
vt 0.157533 0.686007
vt 0.117082 0.710316
vt 0.114906 0.686023
vt 0.155660 0.660852
vt 0.113487 0.660611
vt 0.074819 0.685582
vt 0.073923 0.660342
vt 0.200832 0.661081
vt 0.199980 0.685461
vt 0.076021 0.710063
vt 0.035005 0.684863
vt 0.036278 0.660069
vt 0.002347 0.659795
vt 0.002200 0.683823
vt 0.033804 0.709797
vt 0.002043 0.709593
vt 0.154309 0.629672
vt 0.111873 0.629438
vt 0.072260 0.629282
vt 0.002532 0.629553
vt 0.036620 0.629291
vt 0.150649 0.607064
vt 0.195211 0.607461
vt 0.189262 0.577171
vt 0.144044 0.581180
vt 0.128166 0.560162
vt 0.100813 0.559228
vt 0.104140 0.582720
vt 0.059964 0.558208
vt 0.064981 0.584133
vt 0.140746 0.550034
vt 0.100131 0.542578
vt 0.033357 0.584754
vt 0.029633 0.558378
vt 0.002980 0.556228
vt 0.024249 0.529860
vt 0.003151 0.528512
vt 0.002802 0.585423
vt 0.064503 0.525032
vt 0.108583 0.606525
vt 0.069263 0.606413
vt 0.035429 0.606042
vt 0.002681 0.605203
vt 0.010831 0.507435
vt 0.000348 0.510403
vt -0.006138 0.470940
vt 0.029258 0.499491
vt 0.015203 0.471266
vt -0.022141 0.472354
vt 0.032581 0.492815
vt 0.066645 0.517412
vt 0.104522 0.527886
vt 0.146930 0.538915
vt 0.193838 0.554248
vt 0.242898 0.588059
vt 0.243039 0.565044
vt 0.242778 0.607740
vt 0.198115 0.630038
vt 0.242451 0.661250
vt 0.242638 0.630591
vt 0.286755 0.756105
vt 0.287169 0.762748
vt 0.276260 0.756853
vt 0.297193 0.760775
vt 0.295554 0.752272
vt 0.299110 0.771256
vt 0.309901 0.768907
vt 0.306718 0.757535
vt 0.312854 0.781250
vt 0.300194 0.781859
vt 0.314432 0.793838
vt 0.287841 0.771843
vt 0.276633 0.762497
vt 0.300401 0.794386
vt 0.288776 0.781778
vt 0.277696 0.778560
vt 0.277109 0.769692
vt 0.315414 0.805170
vt 0.289373 0.793948
vt 0.304978 0.746033
vt 0.316183 0.764048
vt 0.323484 0.781156
vt 0.278540 0.791326
vt 0.279336 0.803346
vt 0.300517 0.804927
vt 0.316164 0.817085
vt 0.300857 0.817890
vt 0.301610 0.830856
vt 0.324625 0.832547
vt 0.324576 0.843845
vt 0.302041 0.843813
vt 0.325625 0.853831
vt 0.302679 0.857212
vt 0.282755 0.841727
vt 0.281970 0.856633
vt 0.303377 0.873583
vt 0.280938 0.876232
vt 0.281488 0.829621
vt 0.280305 0.818003
vt 0.318503 0.873327
vt 0.327219 0.867736
vt 0.325895 0.816769
vt 0.325920 0.804847
vt 0.325514 0.793040
vt 0.313640 0.751447
vt 0.309741 0.740474
vt 0.306664 0.732984
vt 0.295824 0.740962
vt 0.289223 0.749829
vt 0.287939 0.743080
vt 0.283625 0.752213
vt 0.275975 0.752543
vt 0.294276 0.728815
vt 0.276163 0.721602
vt 0.284091 0.732403
vt 0.315734 0.018711
vt 0.297606 0.030365
vt 0.279062 0.003632
vt 0.296833 -0.009287
vt 0.260529 0.018109
vt 0.279165 0.043265
vt 0.243399 0.031816
vt 0.262075 0.055312
vt 0.227785 0.042714
vt 0.245481 0.065787
vt 0.210912 0.053067
vt 0.228988 0.076880
vt 0.193076 0.062933
vt 0.211810 0.089149
vt 0.245087 0.098895
vt 0.230579 0.113080
vt 0.220488 0.124405
vt 0.246010 0.132442
vt 0.237694 0.138757
vt 0.217712 0.132204
vt 0.204565 0.118514
vt 0.204569 0.108291
vt 0.192513 0.115446
vt 0.191371 0.124410
vt 0.178837 0.118659
vt 0.179016 0.129065
vt 0.162590 0.136127
vt 0.164492 0.124520
vt 0.182962 0.138428
vt 0.194897 0.131490
vt 0.200819 0.126852
vt 0.205546 0.146903
vt 0.190784 0.155277
vt 0.192490 0.105454
vt 0.168020 0.148546
vt 0.213569 0.140068
vt 0.225514 0.151121
vt 0.146290 0.143859
vt 0.150633 0.130684
vt 0.133600 0.148942
vt 0.137353 0.136399
vt 0.118680 0.155827
vt 0.123319 0.143247
vt 0.110126 0.148420
vt 0.106437 0.159939
vt 0.116092 0.162089
vt 0.105547 0.169000
vt 0.131831 0.157226
vt 0.096011 0.161868
vt 0.093545 0.175023
vt 0.100198 0.148250
vt 0.084776 0.164084
vt 0.079937 0.178153
vt 0.090993 0.148231
vt 0.107373 0.176451
vt 0.118809 0.167718
vt 0.124940 0.180530
vt 0.112126 0.189730
vt 0.132032 0.195932
vt 0.118806 0.204965
vt 0.101604 0.198318
vt 0.108410 0.211794
vt 0.090397 0.207259
vt 0.097927 0.218414
vt 0.146046 0.186069
vt 0.137626 0.170287
vt 0.095316 0.185249
vt 0.082859 0.196092
vt 0.152189 0.159560
vt 0.160522 0.175487
vt 0.155116 0.200118
vt 0.168208 0.190231
vt 0.175817 0.165144
vt 0.183202 0.180493
vt 0.198130 0.171448
vt 0.189341 0.195576
vt 0.174026 0.204202
vt 0.215687 0.162421
vt 0.162339 0.211172
vt 0.228551 0.167279
vt 0.231894 0.155742
vt 0.239498 0.167597
vt 0.242567 0.156739
vt 0.239736 0.142678
vt 0.250776 0.142799
vt 0.246230 0.163180
vt 0.251056 0.171951
vt 0.244304 0.176659
vt 0.257849 0.182679
vt 0.249795 0.186812
vt 0.238341 0.180018
vt 0.242884 0.187351
vt 0.263661 0.176223
vt 0.257779 0.167073
vt 0.249983 0.159525
vt 0.233988 0.170527
vt 0.233419 0.184061
vt 0.241498 0.195168
vt 0.254581 0.198307
vt 0.264796 0.191652
vt 0.266563 0.216961
vt 0.278520 0.204688
vt 0.292024 0.221754
vt 0.276864 0.233581
vt 0.304658 0.240182
vt 0.286906 0.253629
vt 0.317417 0.257463
vt 0.295296 0.272673
vt 0.306547 0.299929
vt 0.334559 0.276812
vt 0.301926 0.207144
vt 0.355063 0.295580
vt 0.356628 0.247670
vt 0.379321 0.255497
vt 0.368162 0.215732
vt 0.334855 0.236415
vt 0.344705 0.216105
vt 0.317410 0.225086
vt 0.327646 0.209643
vt 0.347266 0.192246
vt 0.332287 0.192935
vt 0.313299 0.191826
vt 0.324382 0.179775
vt 0.367927 0.188903
vt 0.341517 0.170625
vt 0.331389 0.150354
vt 0.314009 0.160740
vt 0.360189 0.162532
vt 0.347840 0.141280
vt 0.333768 0.120127
vt 0.318253 0.129854
vt 0.321386 0.102052
vt 0.305429 0.111667
vt 0.302415 0.141201
vt 0.288351 0.150205
vt 0.300824 0.171195
vt 0.291219 0.121856
vt 0.278411 0.132251
vt 0.388765 0.182841
vt 0.391267 0.215097
vt 0.413239 0.175251
vt 0.418874 0.216555
vt 0.404350 0.263494
vt 0.379203 0.154061
vt 0.400228 0.143877
vt 0.366272 0.131281
vt 0.384878 0.121138
vt 0.351327 0.109259
vt 0.370056 0.099181
vt 0.339025 0.091789
vt 0.358168 0.081571
vt 0.377446 0.313817
vt 0.327648 0.075116
vt 0.347323 0.065506
vt 0.309819 0.084876
vt 0.292699 0.095014
vt 0.276832 0.105130
vt 0.260610 0.117675
vt 0.266063 0.140944
vt 0.276208 0.159498
vt 0.287109 0.184932
vt 0.258010 0.147768
vt 0.266634 0.160285
vt 0.261759 0.163114
vt 0.272783 0.177788
vt 0.261445 0.086643
vt 0.277730 0.076296
vt 0.294773 0.065448
vt 0.313683 0.054156
vt 0.332490 0.043533
vt 0.757793 0.592779
vt 0.728707 0.594827
vt 0.728222 0.581814
vt 0.756687 0.579743
vt 0.696441 0.581236
vt 0.697492 0.595153
vt 0.786033 0.593007
vt 0.785440 0.577817
vt 0.663143 0.581979
vt 0.663834 0.596696
vt 0.662587 0.570124
vt 0.695158 0.566972
vt 0.726687 0.566506
vt 0.694893 0.552564
vt 0.725783 0.550622
vt 0.757328 0.564373
vt 0.754551 0.548750
vt 0.785028 0.561107
vt 0.817578 0.573639
vt 0.815027 0.555439
vt 0.851979 0.568345
vt 0.846663 0.549537
vt 0.880686 0.561670
vt 0.874617 0.544001
vt 0.895015 0.539337
vt 0.897877 0.559195
vt 0.897071 0.584385
vt 0.919683 0.581940
vt 0.915945 0.558426
vt 0.950070 0.582937
vt 0.947088 0.563657
vt 0.876352 0.585810
vt 0.979898 0.582147
vt 0.982687 0.600109
vt 0.952829 0.602244
vt 0.952997 0.628984
vt 0.982460 0.624128
vt 0.951426 0.662773
vt 0.982257 0.646749
vt 0.928829 0.660845
vt 0.925849 0.630060
vt 0.922180 0.603185
vt 0.896545 0.604393
vt 0.898594 0.632074
vt 0.871671 0.607103
vt 0.872745 0.634573
vt 0.977098 0.565203
vt 1.005801 0.580656
vt 1.005111 0.565939
vt 0.975790 0.550146
vt 1.004555 0.554084
vt 0.846888 0.588116
vt 0.815990 0.591777
vt 0.843349 0.607719
vt 0.844773 0.634475
vt 0.846011 0.660828
vt 0.821172 0.635251
vt 0.823373 0.656144
vt 0.816681 0.610585
vt 0.800038 0.635546
vt 0.787940 0.612253
vt 0.776476 0.637529
vt 0.757977 0.611879
vt 0.756217 0.638529
vt 0.757159 0.669272
vt 0.734995 0.670380
vt 0.732428 0.638393
vt 0.774649 0.669005
vt 0.730505 0.612289
vt 0.715245 0.672118
vt 0.712064 0.637758
vt 0.699991 0.611783
vt 0.664682 0.614791
vt 0.689881 0.637823
vt 0.690909 0.661090
vt 0.665743 0.637404
vt 0.666427 0.651989
vt 0.666855 0.661105
vt 0.790498 0.659766
vt 0.803903 0.651494
vt 0.876762 0.667282
vt 0.894370 0.663990
vt 0.912110 0.661798
vt 1.008380 0.636807
vt 1.007711 0.621364
vt 1.006650 0.598751
vt 0.940322 0.761328
vt 0.935936 0.727564
vt 0.961798 0.729006
vt 0.977653 0.765818
vt 0.943553 0.802184
vt 0.979305 0.802942
vt 0.985728 0.729945
vt 0.986524 0.698912
vt 1.011446 0.701005
vt 1.012843 0.730783
vt 0.911627 0.729071
vt 0.905160 0.762986
vt 0.908092 0.803831
vt 0.947133 0.841481
vt 0.910512 0.844615
vt 0.879584 0.847086
vt 0.880780 0.885778
vt 0.913149 0.884179
vt 0.914731 0.911245
vt 0.884530 0.914082
vt 0.916421 0.932423
vt 0.887365 0.936187
vt 0.876222 0.806446
vt 0.858776 0.885680
vt 0.862168 0.915629
vt 0.873611 0.765967
vt 0.887256 0.731786
vt 0.858168 0.734661
vt 0.839409 0.768249
vt 0.833243 0.736593
vt 0.851917 0.708066
vt 0.828072 0.712004
vt 0.807382 0.738058
vt 0.805481 0.715905
vt 0.809570 0.768210
vt 0.787447 0.717117
vt 0.783704 0.738631
vt 0.775736 0.768794
vt 0.762189 0.740452
vt 0.743218 0.771622
vt 0.740083 0.742106
vt 0.716683 0.744311
vt 0.708494 0.775559
vt 0.693137 0.747602
vt 0.710764 0.720868
vt 0.691727 0.722081
vt 0.671098 0.751575
vt 0.669782 0.723514
vt 0.672492 0.781303
vt 0.712296 0.813730
vt 0.747190 0.809728
vt 0.778550 0.807389
vt 0.810927 0.806557
vt 0.843335 0.806116
vt 0.845998 0.848173
vt 0.713611 0.850554
vt 0.751209 0.848958
vt 0.780788 0.847898
vt 0.752764 0.887574
vt 0.780976 0.888536
vt 0.715640 0.887854
vt 0.677422 0.886400
vt 0.675856 0.853003
vt 0.674382 0.821585
vt 0.699716 0.913347
vt 0.728247 0.912088
vt 0.754332 0.911900
vt 0.754672 0.940775
vt 0.728480 0.940419
vt 0.754427 0.957165
vt 0.729003 0.957519
vt 0.701475 0.940374
vt 0.700827 0.959831
vt 0.678765 0.915037
vt 0.679953 0.940367
vt 0.778747 0.938437
vt 0.780222 0.912024
vt 0.778672 0.955749
vt 0.802178 0.912270
vt 0.815946 0.888831
vt 0.814802 0.848750
vt 0.840605 0.886920
vt 0.843840 0.915449
vt 0.821222 0.913883
vt 0.805370 0.938180
vt 0.826208 0.936765
vt 0.847143 0.937353
vt 0.864908 0.937756
vt 0.887142 0.957160
vt 0.918080 0.950841
vt 0.946594 0.948915
vt 0.946428 0.929881
vt 0.974322 0.926116
vt 0.975834 0.948295
vt 0.947350 0.908175
vt 0.950331 0.882385
vt 0.978834 0.905416
vt 0.998260 0.902784
vt 0.999042 0.928096
vt 1.020733 0.898997
vt 1.021922 0.924327
vt 1.019390 0.870360
vt 0.981456 0.840215
vt 1.017824 0.836963
vt 1.016350 0.805544
vt 1.014332 0.762519
vt 0.984349 0.877816
vt 0.998919 0.949896
vt 1.022899 0.945175
vt 0.983320 0.972271
vt 0.946869 0.973981
vt 0.921968 0.975149
vt 0.889633 0.976666
vt 0.861419 0.977989
vt 0.866980 0.956846
vt 1.024081 0.970360
vt 0.846516 0.957328
vt 0.828214 0.955820
vt 0.807359 0.954591
vt 0.827724 0.979570
vt 0.781759 0.981726
vt 0.753130 0.983068
vt 0.726570 0.984314
vt 0.682113 0.986400
vt 0.680931 0.961215
vt 0.658235 0.477333
vt 0.690790 0.473918
vt 0.692665 0.511374
vt 0.659792 0.510525
vt 0.723494 0.510042
vt 0.720725 0.475105
vt 0.748006 0.470415
vt 0.749883 0.506437
vt 0.775474 0.500780
vt 0.773770 0.465625
vt 0.779123 0.526939
vt 0.752964 0.531756
vt 0.725411 0.534150
vt 0.694699 0.534917
vt 0.781574 0.545677
vt 0.811035 0.539469
vt 0.839825 0.531087
vt 0.867500 0.523929
vt 0.890425 0.519193
vt 0.805988 0.516886
vt 0.833717 0.503527
vt 0.856675 0.496454
vt 0.883619 0.493816
vt 0.853095 0.471055
vt 0.880020 0.470332
vt 0.906119 0.470320
vt 0.911213 0.496230
vt 0.919956 0.519809
vt 0.917687 0.539106
vt 0.946014 0.544296
vt 0.930236 0.476283
vt 0.926565 0.447955
vt 0.904341 0.442216
vt 0.901849 0.414311
vt 0.924543 0.417943
vt 0.924316 0.386329
vt 0.900743 0.384865
vt 0.923457 0.358688
vt 0.901238 0.359816
vt 0.900903 0.327286
vt 0.923164 0.327243
vt 0.946782 0.358958
vt 0.945260 0.328451
vt 0.968946 0.329235
vt 0.970084 0.360765
vt 0.921067 0.300650
vt 0.898546 0.299672
vt 0.917449 0.274999
vt 0.943632 0.301686
vt 0.941519 0.277534
vt 0.912908 0.251371
vt 0.939042 0.259135
vt 0.908389 0.229276
vt 0.937607 0.250966
vt 0.894042 0.272046
vt 0.888846 0.246822
vt 0.863247 0.244621
vt 0.867545 0.271632
vt 0.849433 0.245260
vt 0.851601 0.272813
vt 0.966364 0.277896
vt 0.967962 0.302235
vt 0.992692 0.301173
vt 0.991458 0.274856
vt 0.965860 0.259638
vt 0.990689 0.258473
vt 0.966026 0.254251
vt 0.990438 0.253106
vt 0.884472 0.227702
vt 0.858157 0.225864
vt 0.994075 0.330644
vt 0.995597 0.363094
vt 0.970783 0.391496
vt 0.997146 0.396114
vt 0.972682 0.423705
vt 0.947377 0.388553
vt 0.948936 0.421432
vt 0.951972 0.454018
vt 0.975360 0.458645
vt 0.954330 0.482964
vt 0.977360 0.489375
vt 1.000203 0.461293
vt 1.001760 0.494485
vt 0.958259 0.507367
vt 0.977443 0.512889
vt 1.002977 0.520437
vt 1.003840 0.538833
vt 0.974896 0.530999
vt 0.934611 0.501734
vt 0.944933 0.524079
vt 0.648813 0.276461
vt 0.675095 0.274852
vt 0.672384 0.294976
vt 0.649595 0.293141
vt 0.671947 0.318456
vt 0.650761 0.317988
vt 0.698133 0.295433
vt 0.700542 0.274102
vt 0.725465 0.274089
vt 0.724529 0.294914
vt 0.750912 0.293913
vt 0.748618 0.272727
vt 0.724033 0.319513
vt 0.696934 0.319539
vt 0.777644 0.287852
vt 0.773260 0.263053
vt 0.804863 0.281811
vt 0.800024 0.254608
vt 0.834710 0.275529
vt 0.829148 0.247253
vt 0.794335 0.235687
vt 0.826541 0.227463
vt 0.768248 0.249009
vt 0.745545 0.262127
vt 0.725339 0.265857
vt 0.700882 0.267167
vt 0.675386 0.268046
vt 0.648470 0.269146
vt 0.837521 0.306365
vt 0.808241 0.308857
vt 0.780678 0.314887
vt 0.751554 0.317947
vt 0.723591 0.343947
vt 0.696700 0.345249
vt 0.672608 0.345473
vt 0.652107 0.346684
vt 0.751600 0.344511
vt 0.782822 0.341355
vt 0.774951 0.367000
vt 0.792217 0.365056
vt 0.794185 0.393080
vt 0.815378 0.390256
vt 0.817396 0.421353
vt 0.795719 0.425176
vt 0.799402 0.456654
vt 0.773199 0.429815
vt 0.801262 0.491047
vt 0.829223 0.478238
vt 0.826942 0.446939
vt 0.850765 0.442851
vt 0.773442 0.395876
vt 0.747485 0.432952
vt 0.721715 0.435012
vt 0.693519 0.435915
vt 0.656633 0.443172
vt 0.748510 0.399035
vt 0.722769 0.400785
vt 0.749168 0.369918
vt 0.722640 0.371743
vt 0.696831 0.373537
vt 0.672726 0.376670
vt 0.653629 0.379134
vt 0.695620 0.404443
vt 0.655178 0.412154
vt 0.672835 0.409913
vt 1.237673 1.082366
vt 1.254235 1.090210
vt 1.248151 1.101492
vt 1.232308 1.094143
vt 1.261688 1.126610
vt 1.269372 1.111413
vt 1.219369 1.084317
vt 1.220401 1.096173
vt 1.241904 1.069746
vt 1.220675 1.071038
vt 1.262296 1.080494
vt 1.279081 1.104873
vt 1.242107 1.117343
vt 1.224858 1.108230
vt 1.211158 1.103707
vt 1.257649 1.152082
vt 1.267702 1.156785
vt 1.276557 1.135772
vt 1.278913 1.158926
vt 1.290389 1.158143
vt 1.288206 1.130421
vt 1.268943 1.172539
vt 1.254127 1.164875
vt 1.269730 1.187906
vt 1.284639 1.191540
vt 1.281825 1.174661
vt 1.294102 1.193279
vt 1.293848 1.221505
vt 1.286741 1.221471
vt 1.267452 1.208241
vt 1.263448 1.222618
vt 1.251675 1.176662
vt 1.243716 1.198254
vt 1.227376 1.159533
vt 1.218863 1.181364
vt 1.234680 1.219444
vt 1.210839 1.202814
vt 1.293848 1.242549
vt 1.286637 1.242751
vt 1.293848 1.266802
vt 1.287287 1.267025
vt 1.261575 1.268316
vt 1.259740 1.244593
vt 1.226958 1.234056
vt 1.204486 1.218849
vt 1.218354 1.251956
vt 1.233633 1.248101
vt 1.195274 1.241330
vt 1.236288 1.271218
vt 1.203866 1.147667
vt 1.192932 1.168651
vt 1.188487 1.142500
vt 1.174710 1.167883
vt 1.208452 1.138149
vt 1.231230 1.149752
vt 1.214621 1.127027
vt 1.196314 1.115582
vt 1.186007 1.125110
vt 1.186752 1.103367
vt 1.172432 1.115087
vt 1.178789 1.092877
vt 1.162584 1.108362
vt 1.159344 1.126266
vt 1.150101 1.120137
vt 1.136453 1.148635
vt 1.130139 1.144858
vt 1.112233 1.176344
vt 1.108128 1.172729
vt 1.089063 1.204258
vt 1.131862 1.192373
vt 1.109231 1.217869
vt 1.085186 1.202041
vt 1.176812 1.137426
vt 1.155152 1.165379
vt 1.129168 1.230137
vt 1.151831 1.207305
vt 1.109583 1.258655
vt 1.148842 1.240661
vt 1.086628 1.250766
vt 1.179317 1.234754
vt 1.183610 1.207714
vt 1.187426 1.190776
vt 1.171026 1.187576
vt 1.152542 1.189498
vt 1.125117 1.132684
vt 1.112688 1.146476
vt 1.096304 1.115227
vt 1.124827 1.107258
vt 1.106437 1.087429
vt 1.092740 1.155108
vt 1.069249 1.109056
vt 1.074536 1.156510
vt 1.054416 1.105547
vt 1.064538 1.067860
vt 1.082303 1.073758
vt 1.051608 1.066308
vt 1.041151 1.102326
vt 1.045176 1.153166
vt 1.059226 1.156492
vt 1.036489 1.066518
vt 1.009343 1.067803
vt 1.014945 1.098719
vt 0.989492 1.096052
vt 1.019672 1.139892
vt 0.992642 1.124021
vt 0.958143 1.097335
vt 0.987666 1.069341
vt 0.962142 1.068829
vt 0.926032 1.067934
vt 0.923912 1.099317
vt 0.886781 1.098420
vt 0.895789 1.077719
vt 0.894537 1.122235
vt 0.925480 1.128183
vt 0.957782 1.120792
vt 1.292378 1.175369
vt 0.168433 0.298934
vt 0.159937 0.306515
vt 0.152382 0.295324
vt 0.160131 0.291447
vt 0.177877 0.318957
vt 0.202161 0.307163
vt 0.213345 0.348820
vt 0.220647 0.336263
vt 0.265820 0.372472
vt 0.222601 0.319295
vt 0.194523 0.306586
vt 0.179299 0.294052
vt 0.169665 0.283310
vt 0.189712 0.285719
vt 0.206207 0.295260
vt 0.231547 0.302785
vt 0.219773 0.282000
vt 0.239719 0.286127
vt 0.266626 0.284480
vt 0.265719 0.302617
vt 0.264619 0.323090
vt 0.265113 0.347047
vt 0.249616 0.264801
vt 0.270799 0.261147
vt 0.261505 0.242463
vt 0.245524 0.250441
vt 0.202386 0.275754
vt 0.179455 0.276200
vt 0.151298 0.278891
vt 0.143318 0.285653
vt 0.141639 0.270797
vt 0.136386 0.275384
vt 0.133047 0.270439
vt 0.138661 0.266036
vt 0.129255 0.264821
vt 0.134870 0.260348
vt 0.124874 0.258330
vt 0.130368 0.253465
vt 0.136996 0.248160
vt 0.140951 0.253956
vt 0.121722 0.253662
vt 0.127088 0.248004
vt 0.115468 0.244398
vt 0.122339 0.238559
vt 0.129792 0.232173
vt 0.134021 0.242537
vt 0.141104 0.237594
vt 0.143646 0.243497
vt 0.108109 0.233497
vt 0.116343 0.228176
vt 0.125569 0.220821
vt 0.139434 0.210706
vt 0.141444 0.224313
vt 0.152103 0.217511
vt 0.149459 0.232060
vt 0.319991 0.325894
vt 0.332573 0.351518
vt 0.216617 0.178410
vt 0.222306 0.191227
vt 0.208211 0.200370
vt 0.202659 0.186749
vt 0.218367 0.212959
vt 0.231015 0.203176
vt 0.242050 0.213553
vt 0.230826 0.225337
vt 0.239994 0.238362
vt 0.252533 0.228338
vt 0.119129 0.125309
vt 0.129472 0.124330
vt 0.142524 0.120129
vt 0.155290 0.115644
vt 0.166527 0.113106
vt 0.177267 0.109272
vt 0.171962 0.103651
vt 0.171075 0.094587
vt 0.191303 0.093737
vt 0.157766 0.103857
vt 0.174298 0.070926
vt 0.157559 0.076284
vt 0.155182 0.095274
vt 0.177282 0.038362
vt 0.157527 0.051697
vt 0.191961 0.028453
vt 0.208532 0.017266
vt 0.221411 0.008572
vt 0.239925 -0.003926
vt 0.260064 -0.017521
vt 0.273247 -0.026421
vt 0.281121 -0.031736
vt 0.145070 0.105792
vt 0.128888 0.109778
vt 0.116174 0.108134
vt 0.103498 0.123675
vt 0.144188 0.099349
vt 0.129741 0.103592
vt 0.136441 0.084044
vt 0.146884 0.079755
vt 0.144758 0.060317
vt 0.137045 0.065524
vt 0.127121 0.072223
vt 0.126071 0.089778
vt 0.118628 0.077957
vt 0.114380 0.098269
vt 0.106290 0.086285
vt 0.118718 0.104696
vt 0.348286 0.799816
vt 0.359474 0.799863
vt 0.349805 0.780348
vt 0.351730 0.772345
vt 1.146446 1.362919
vt 0.392758 0.776443
vt 0.397240 0.776582
vt 0.396774 0.782546
vt 0.391991 0.782624
vt 0.397919 0.771436
vt 0.393569 0.770698
vt 0.394710 0.763234
vt 0.398965 0.764264
vt 0.391208 0.788908
vt 0.390752 0.797881
vt 0.399550 0.788865
vt 0.401052 0.797526
vt 0.409938 0.798184
vt 0.409282 0.810631
vt 0.392933 0.810130
vt 0.383512 0.821744
vt 0.398110 0.823766
vt 0.408484 0.825796
vt 1.293848 1.325896
vt 1.293848 1.344491
vt 1.280538 1.344391
vt 1.280657 1.325934
vt 1.281383 1.363977
vt 1.293848 1.365201
vt 1.280077 1.388116
vt 1.293849 1.390424
vt 1.267195 1.345212
vt 1.268142 1.326396
vt 1.248406 1.345847
vt 1.248406 1.328386
vt 1.268143 1.363397
vt 1.266790 1.389643
vt 1.248406 1.362107
vt 1.248406 1.392494
vt 1.269384 1.297093
vt 1.248406 1.297871
vt 1.286763 1.293566
vt 1.280118 1.305100
vt 1.293848 1.299074
vt 1.235242 1.138926
vt 1.203337 1.090306
vt 1.200095 1.076607
vt 0.609937 0.973799
vt 0.610937 0.988817
vt 0.627925 1.000684
vt 0.619041 1.016659
vt 0.596689 0.972799
vt 0.585016 0.973015
vt 0.598109 0.984340
vt 0.566716 0.955707
vt 0.608067 0.992974
vt 0.615167 1.019142
vt 0.207409 0.935203
vt 0.200522 0.950895
vt 0.209240 0.948079
vt 0.207066 0.969042
vt 0.191286 0.969915
vt 0.200675 0.990395
vt 0.181310 0.982516
vt 0.181879 0.955068
vt 0.168646 0.976252
vt 0.169638 0.947013
vt 0.156279 0.967201
vt 0.146673 0.984843
vt 0.156083 1.000137
vt 0.176264 0.996622
vt 0.125148 0.990440
vt 0.108485 0.987085
vt 0.090029 0.981628
vt 0.071801 0.975627
vt 0.054475 0.970267
vt 0.058239 0.949657
vt 0.032988 0.964341
vt 0.140700 0.994501
vt 0.016765 0.947370
vt 0.000615 0.943131
vt 0.029712 0.967460
vt 0.052729 0.975040
vt 0.138951 0.999757
vt 0.154340 1.005898
vt 0.177664 1.002448
vt 0.201911 0.996888
vt 0.123997 0.995882
vt 0.107416 0.991461
vt 0.088989 0.986371
vt 0.070389 0.980663
vt 0.075010 0.728298
vt 0.076601 0.752247
vt 0.038099 0.751552
vt 0.035474 0.726833
vt 0.001789 0.750983
vt 0.001636 0.776154
vt 0.031302 0.776852
vt 0.001478 0.801877
vt 0.030450 0.802870
vt 0.001946 0.725330
vt 0.058137 0.777075
vt 0.001355 0.822034
vt 0.029605 0.826049
vt 0.058595 0.803712
vt 0.057387 0.828714
vt 0.001187 0.849513
vt 0.027904 0.854394
vt 0.001014 0.877808
vt 0.024329 0.881561
vt 0.063485 0.857735
vt 0.042138 0.883387
vt 0.086004 0.777870
vt 0.087293 0.805984
vt 0.087243 0.834867
vt 0.124997 0.779226
vt 0.161061 0.779136
vt 0.164665 0.808793
vt 0.126276 0.809529
vt 0.661872 0.554872
vt 0.661009 0.536477
vt 0.391638 0.613404
vt 0.380815 0.619498
vt 0.365736 0.621435
vt 0.358882 0.612334
vt 0.349167 0.615711
vt 0.365814 0.606701
vt 0.391129 0.600484
vt 0.376077 0.602718
vt 0.377806 0.610023
vt 0.348309 0.606826
vt 0.318333 0.613345
vt 0.307423 0.622115
vt 0.552933 0.729810
vt 0.544110 0.734716
vt 0.534389 0.737612
vt 0.523872 0.737834
vt 0.814021 0.362862
vt 0.812066 0.338272
vt 0.837405 0.363162
vt 0.839868 0.389133
vt 0.860745 0.361904
vt 0.860553 0.386551
vt 0.846056 0.417568
vt 0.863210 0.415613
vt 0.879143 0.441391
vt 0.880134 0.414168
vt 0.878781 0.385513
vt 0.878404 0.360354
vt 0.876041 0.328532
vt 0.873102 0.302137
vt 0.855098 0.303716
vt 0.858615 0.328528
vt 0.837923 0.332800
vt 0.998600 0.427132
vt 0.632769 0.846775
vt 0.650636 0.854829
vt 0.618708 0.847839
vt 0.606717 0.849162
vt 0.591652 0.852452
vt 0.594242 0.879186
vt 0.583187 0.875490
vt 0.577777 0.844274
vt 0.585095 0.829996
vt 0.359832 0.740538
vt 0.822812 0.696056
vt 0.802645 0.700141
vt 0.769673 0.718482
vt 0.748701 0.719020
vt 0.727783 0.720210
vt 1.062770 1.227799
vt 1.075709 1.222330
vt 1.072046 1.243179
vt 0.683409 0.653705
vt 0.683409 0.624833
vt 1.152466 1.494941
vt 1.172757 1.497432
vt 1.194790 1.489611
vt 0.169184 0.300437
vt 0.152382 0.299080
vt 0.160688 0.308018
vt 0.178629 0.317454
vt 0.202161 0.307914
vt 0.213345 0.349572
vt 0.191981 0.247714
vt 0.178784 0.250116
vt 0.184887 0.240486
vt 0.165234 0.252077
vt 0.171562 0.243086
s 1
usemtl defaultSG
f 2/1/1 1/2/2 3/3/3
f 3/3/3 1/2/2 4/4/4
f 4/4/4 1/2/2 5/5/5
f 5/5/5 1/2/2 6/6/6
f 7/7/7 3/3/3 4/4/4
f 8/8/8 1/2/2 2/1/1
f 9/9/9 5/5/5 6/6/6
f 10/10/10 9/9/9 6/6/6
f 11/11/11 2/1/1 3/3/3
f 12/12/12 2/1/1 11/11/11
f 13/13/13 11/11/11 3/3/3
f 14/14/14 11/11/11 13/13/13
f 15/15/15 14/14/14 13/13/13
f 16/16/16 14/14/14 15/15/15
f 17/17/17 16/16/16 15/15/15
f 18/18/18 3/3/3 7/7/7
f 19/19/19 18/18/18 7/7/7
f 21/20/20 8/8/8 20/21/21
f 22/22/22 20/21/21 12/12/12
f 20/21/21 8/8/8 2/1/1
f 20/21/21 2/1/1 12/12/12
f 18/18/18 23/23/23 3/3/3
f 23/23/23 13/13/13 3/3/3
f 24/24/24 23/23/23 18/18/18
f 27/4/25 26/3/26 25/1/27
f 28/2/28 27/4/25 25/1/27
f 29/5/29 27/4/25 28/2/28
f 30/6/30 29/5/29 28/2/28
f 31/7/31 26/3/26 27/4/25
f 32/9/32 29/5/29 30/6/30
f 33/10/33 32/9/32 30/6/30
f 25/1/27 26/3/26 34/11/34
f 35/12/35 25/1/27 34/11/34
f 26/3/26 36/13/36 34/11/34
f 37/14/37 34/11/34 36/13/36
f 38/15/38 37/14/37 36/13/36
f 39/16/39 37/14/37 38/15/38
f 40/17/40 39/16/39 38/15/38
f 41/18/41 26/3/26 31/7/31
f 42/19/42 41/18/41 31/7/31
f 41/18/41 43/23/43 26/3/26
f 43/23/43 36/13/36 26/3/26
f 44/24/44 43/23/43 41/18/41
f 46/22/45 45/21/46 35/12/35
f 45/21/46 25/1/27 35/12/35
f 45/21/46 47/8/47 25/1/27
f 48/20/48 47/8/47 45/21/46
f 47/8/47 28/2/28 25/1/27
f 51/11/49 50/1/50 49/3/51
f 52/13/52 51/11/49 49/3/51
f 53/14/53 51/11/49 52/13/52
f 54/15/54 53/14/53 52/13/52
f 55/12/55 50/1/50 51/11/49
f 56/16/56 53/14/53 54/15/54
f 57/17/57 56/16/56 54/15/54
f 49/3/51 50/1/50 58/4/58
f 50/1/50 59/2/59 58/4/58
f 60/5/60 58/4/58 59/2/59
f 61/6/61 60/5/60 59/2/59
f 62/9/62 60/5/60 61/6/61
f 63/10/63 62/9/62 61/6/61
f 64/8/64 59/2/59 50/1/50
f 65/7/65 49/3/51 58/4/58
f 66/21/66 64/8/64 50/1/50
f 67/22/67 66/21/66 55/12/55
f 68/20/68 64/8/64 66/21/66
f 66/21/66 50/1/50 55/12/55
f 70/19/69 69/18/70 65/7/65
f 69/18/70 49/3/51 65/7/65
f 69/18/70 71/23/71 49/3/51
f 72/24/72 71/23/71 69/18/70
f 71/23/71 52/13/52 49/3/51
f 75/3/73 74/4/74 73/2/75
f 76/1/76 75/3/73 73/2/75
f 74/4/74 77/5/77 73/2/75
f 77/5/77 78/6/78 73/2/75
f 75/3/73 79/7/79 74/4/74
f 73/2/75 80/8/80 76/1/76
f 77/5/77 81/9/81 78/6/78
f 81/9/81 82/10/82 78/6/78
f 76/1/76 83/11/83 75/3/73
f 76/1/76 84/12/84 83/11/83
f 83/11/83 85/13/85 75/3/73
f 83/11/83 86/14/86 85/13/85
f 86/14/86 87/15/87 85/13/85
f 86/14/86 88/16/88 87/15/87
f 88/16/88 89/17/89 87/15/87
f 75/3/73 90/18/90 79/7/79
f 90/18/90 91/19/91 79/7/79
f 80/8/80 92/21/92 76/1/76
f 80/8/80 93/20/93 92/21/92
f 92/21/92 94/22/94 84/12/84
f 76/1/76 92/21/92 84/12/84
f 95/23/95 90/18/90 75/3/73
f 85/13/85 95/23/95 75/3/73
f 95/23/95 96/24/96 90/18/90
f 99/4/97 98/2/98 97/1/99
f 100/3/100 99/4/97 97/1/99
f 99/4/97 101/5/101 98/2/98
f 101/5/101 102/6/102 98/2/98
f 100/3/100 103/7/103 99/4/97
f 101/5/101 104/9/104 102/6/102
f 104/9/104 105/10/105 102/6/102
f 100/3/100 97/1/99 106/11/106
f 97/1/99 107/12/107 106/11/106
f 108/13/108 100/3/100 106/11/106
f 106/11/106 109/14/109 108/13/108
f 109/14/109 110/15/110 108/13/108
f 109/14/109 111/16/111 110/15/110
f 111/16/111 112/17/112 110/15/110
f 100/3/100 113/18/113 103/7/103
f 113/18/113 114/19/114 103/7/103
f 115/23/115 113/18/113 100/3/100
f 108/13/108 115/23/115 100/3/100
f 115/23/115 116/24/116 113/18/113
f 118/21/117 117/22/118 107/12/107
f 97/1/99 118/21/117 107/12/107
f 119/8/119 118/21/117 97/1/99
f 119/8/119 120/20/120 118/21/117
f 98/2/98 119/8/119 97/1/99
f 123/11/121 122/13/122 121/3/123
f 124/1/124 123/11/121 121/3/123
f 123/11/121 125/14/125 122/13/122
f 125/14/125 126/15/126 122/13/122
f 124/1/124 127/12/127 123/11/121
f 125/14/125 128/16/128 126/15/126
f 128/16/128 129/17/129 126/15/126
f 124/1/124 121/3/123 130/4/130
f 131/2/131 124/1/124 130/4/130
f 130/4/130 132/5/132 131/2/131
f 132/5/132 133/6/133 131/2/131
f 132/5/132 134/9/134 133/6/133
f 134/9/134 135/10/135 133/6/133
f 131/2/131 136/8/136 124/1/124
f 121/3/123 137/7/137 130/4/130
f 121/3/123 138/18/138 137/7/137
f 139/23/139 138/18/138 121/3/123
f 139/23/139 140/24/140 138/18/138
f 138/18/138 141/19/141 137/7/137
f 122/13/122 139/23/139 121/3/123
f 136/8/136 143/20/142 142/21/143
f 136/8/136 142/21/143 124/1/124
f 124/1/124 142/21/143 127/12/127
f 142/21/143 144/22/144 127/12/127
f 147/25/145 146/26/146 145/27/147
f 148/28/148 147/25/145 145/27/147
f 151/29/149 150/30/150 149/31/151
f 152/32/152 151/29/149 149/31/151
f 153/33/153 151/29/149 152/32/152
f 154/34/154 153/33/153 152/32/152
f 149/31/151 150/30/150 155/35/155
f 150/30/150 156/36/156 155/35/155
f 157/37/157 155/35/155 156/36/156
f 157/37/157 156/36/156 158/38/158
f 158/38/158 159/39/159 157/37/157
f 159/39/159 158/38/158 160/40/160
f 161/41/161 159/39/159 160/40/160
f 161/41/161 162/42/162 159/39/159
f 162/42/162 161/41/161 163/43/163
f 164/44/164 162/42/162 163/43/163
f 162/42/162 165/45/165 159/39/159
f 166/46/166 157/37/157 159/39/159
f 165/45/165 166/46/166 159/39/159
f 152/32/152 167/47/167 154/34/154
f 167/47/167 168/48/168 154/34/154
f 168/48/168 167/47/167 169/49/169
f 170/50/170 168/48/168 169/49/169
f 168/48/168 170/50/170 171/51/171
f 170/50/170 172/52/172 171/51/171
f 171/51/171 172/52/172 173/53/173
f 172/52/172 174/54/174 173/53/173
f 173/53/173 174/54/174 175/55/175
f 174/54/174 176/56/176 175/55/175
f 177/57/177 171/51/171 173/53/173
f 177/57/177 168/48/168 171/51/171
f 177/57/177 173/53/173 178/58/178
f 173/53/173 179/59/179 178/58/178
f 173/53/173 180/60/180 179/59/179
f 180/60/180 173/53/173 175/55/175
f 180/60/180 181/61/181 179/59/179
f 180/60/180 182/62/182 181/61/181
f 182/62/182 183/63/183 181/61/181
f 184/64/184 175/55/175 176/56/176
f 180/60/180 175/55/175 184/64/184
f 182/62/182 180/60/180 184/64/184
f 185/65/185 184/64/184 176/56/176
f 184/64/184 185/65/185 186/66/186
f 185/65/185 187/67/187 186/66/186
f 178/58/178 154/34/154 177/57/177
f 154/34/154 168/48/168 177/57/177
f 178/58/178 188/68/188 154/34/154
f 188/68/188 153/33/153 154/34/154
f 189/69/189 153/33/153 188/68/188
f 153/33/153 189/69/189 151/29/149
f 189/69/189 190/70/190 151/29/149
f 150/30/150 151/29/149 190/70/190
f 191/71/191 150/30/150 190/70/190
f 190/70/190 189/69/189 192/72/192
f 193/73/193 190/70/190 192/72/192
f 190/70/190 193/73/193 191/71/191
f 192/72/192 194/74/194 193/73/193
f 194/74/194 195/75/195 193/73/193
f 193/73/193 195/75/195 196/76/196
f 193/73/193 196/76/196 191/71/191
f 195/75/195 197/77/197 196/76/196
f 194/74/194 192/72/192 198/78/198
f 199/79/199 194/74/194 198/78/198
f 192/72/192 189/69/189 200/80/200
f 198/78/198 192/72/192 200/80/200
f 200/80/200 189/69/189 188/68/188
f 199/79/199 198/78/198 201/81/201
f 198/78/198 200/80/200 201/81/201
f 202/82/202 199/79/199 201/81/201
f 202/82/202 201/81/201 203/83/203
f 201/81/201 204/84/204 203/83/203
f 205/85/205 203/83/203 204/84/204
f 206/86/206 205/85/205 204/84/204
f 200/80/200 207/87/207 201/81/201
f 201/81/201 207/87/207 208/88/208
f 204/84/204 201/81/201 208/88/208
f 204/84/204 208/88/208 206/86/206
f 208/88/208 209/89/209 206/86/206
f 200/80/200 188/68/188 207/87/207
f 188/68/188 210/90/210 207/87/207
f 207/87/207 210/90/210 208/88/208
f 210/90/210 188/68/188 178/58/178
f 179/59/179 210/90/210 178/58/178
f 210/90/210 211/91/211 208/88/208
f 208/88/208 211/91/211 209/89/209
f 210/90/210 179/59/179 211/91/211
f 211/91/211 212/92/212 209/89/209
f 179/59/179 181/61/181 211/91/211
f 211/91/211 181/61/181 183/63/183
f 212/92/212 211/91/211 183/63/183
f 215/93/213 214/94/214 213/95/215
f 216/96/216 215/93/213 213/95/215
f 217/97/217 215/93/213 216/96/216
f 218/98/218 217/97/217 216/96/216
f 217/97/217 218/98/218 219/99/219
f 218/98/218 220/100/220 219/99/219
f 219/99/219 220/100/220 221/101/221
f 220/100/220 222/102/222 221/101/221
f 223/103/223 217/97/217 219/99/219
f 221/101/221 223/103/223 219/99/219
f 215/93/213 217/97/217 223/103/223
f 214/94/214 215/93/213 223/103/223
f 226/104/224 225/105/225 224/106/226
f 227/107/227 226/104/224 224/106/226
f 224/106/226 228/108/228 227/107/227
f 228/108/228 229/109/229 227/107/227
f 228/108/228 230/110/230 229/109/229
f 230/110/230 231/111/231 229/109/229
f 231/111/231 230/110/230 232/112/232
f 233/113/233 231/111/231 232/112/232
f 232/112/232 230/110/230 234/114/234
f 230/110/230 235/115/235 234/114/234
f 230/110/230 228/108/228 235/115/235
f 228/108/228 236/116/236 235/115/235
f 228/108/228 224/106/226 236/116/236
f 224/106/226 237/117/237 236/116/236
f 237/117/237 224/106/226 225/105/225
f 238/118/238 237/117/237 225/105/225
f 234/114/234 235/115/235 239/119/239
f 235/115/235 240/120/240 239/119/239
f 235/115/235 236/116/236 240/120/240
f 239/119/239 240/120/240 241/121/241
f 240/120/240 242/122/242 241/121/241
f 236/116/236 242/122/242 240/120/240
f 241/121/241 242/122/242 243/123/243
f 242/122/242 244/124/244 243/123/243
f 242/122/242 236/116/236 244/124/244
f 236/116/236 237/117/237 244/124/244
f 245/125/245 243/123/243 244/124/244
f 246/126/246 245/125/245 244/124/244
f 246/126/246 244/124/244 237/117/237
f 247/127/247 245/125/245 246/126/246
f 248/128/248 247/127/247 246/126/246
f 246/126/246 249/129/249 248/128/248
f 249/129/249 237/117/237 238/118/238
f 249/129/249 246/126/246 237/117/237
f 249/129/249 250/130/250 248/128/248
f 251/131/251 249/129/249 238/118/238
f 249/129/249 251/131/251 250/130/250
f 247/127/247 248/128/248 252/132/252
f 248/128/248 253/133/253 252/132/252
f 248/128/248 250/130/250 253/133/253
f 254/134/254 252/132/252 253/133/253
f 255/135/255 254/134/254 253/133/253
f 256/136/256 254/134/254 255/135/255
f 257/137/257 256/136/256 255/135/255
f 256/136/256 257/137/257 258/138/258
f 257/137/257 259/139/259 258/138/258
f 258/138/258 259/139/259 260/140/260
f 259/139/259 261/141/261 260/140/260
f 262/142/262 260/140/260 261/141/261
f 263/143/263 262/142/262 261/141/261
f 250/130/250 264/144/264 253/133/253
f 253/133/253 264/144/264 255/135/255
f 264/144/264 265/145/265 255/135/255
f 255/135/255 265/145/265 257/137/257
f 265/145/265 266/146/266 257/137/257
f 257/137/257 266/146/266 259/139/259
f 266/146/266 267/147/267 259/139/259
f 259/139/259 267/147/267 261/141/261
f 267/147/267 268/148/268 261/141/261
f 261/141/261 268/148/268 263/143/263
f 268/148/268 269/149/269 263/143/263
f 270/150/270 262/142/262 263/143/263
f 271/151/271 270/150/270 263/143/263
f 263/143/263 269/149/269 271/151/271
f 270/150/270 271/151/271 272/152/272
f 271/151/271 273/153/273 272/152/272
f 269/149/269 274/154/274 271/151/271
f 275/155/275 273/153/273 271/151/271
f 274/154/274 275/155/275 271/151/271
f 276/156/276 273/153/273 275/155/275
f 266/146/266 277/157/277 267/147/267
f 277/157/277 278/158/278 267/147/267
f 268/148/268 267/147/267 278/158/278
f 279/159/279 277/157/277 266/146/266
f 265/145/265 279/159/279 266/146/266
f 280/160/280 279/159/279 265/145/265
f 264/144/264 280/160/280 265/145/265
f 281/161/281 280/160/280 264/144/264
f 250/130/250 281/161/281 264/144/264
f 251/131/251 281/161/281 250/130/250
f 269/149/269 282/162/282 274/154/274
f 282/162/282 269/149/269 283/163/283
f 283/163/283 268/148/268 278/158/278
f 269/149/269 268/148/268 283/163/283
f 282/162/282 284/164/284 274/154/274
f 275/155/275 274/154/274 284/164/284
f 285/165/285 275/155/275 284/164/284
f 275/155/275 285/165/285 276/156/276
f 285/165/285 286/166/286 276/156/276
f 276/156/276 286/166/286 287/167/287
f 288/168/288 276/156/276 287/167/287
f 276/156/276 288/168/288 289/169/289
f 273/153/273 276/156/276 289/169/289
f 272/152/272 273/153/273 289/169/289
f 290/170/290 272/152/272 289/169/289
f 290/170/290 289/169/289 291/171/291
f 291/171/291 289/169/289 288/168/288
f 292/172/292 290/170/290 291/171/291
f 292/172/292 291/171/291 293/173/293
f 291/171/291 294/174/294 293/173/293
f 295/175/295 293/173/293 294/174/294
f 296/176/296 295/175/295 294/174/294
f 295/175/295 296/176/296 297/177/297
f 296/176/296 298/178/298 297/177/297
f 297/177/297 298/178/298 299/179/299
f 298/178/298 300/180/300 299/179/299
f 300/180/300 298/178/298 296/176/296
f 301/181/301 299/179/299 300/180/300
f 302/182/302 301/181/301 300/180/300
f 301/181/301 302/182/302 303/183/303
f 302/182/302 304/184/304 303/183/303
f 305/185/305 303/183/303 304/184/304
f 306/186/306 305/185/305 304/184/304
f 307/187/307 305/185/305 306/186/306
f 308/188/308 307/187/307 306/186/306
f 307/187/307 308/188/308 309/189/309
f 310/190/310 307/187/307 309/189/309
f 311/191/311 310/190/310 309/189/309
f 312/192/312 311/191/311 309/189/309
f 313/193/313 311/191/311 312/192/312
f 314/194/314 313/193/313 312/192/312
f 313/193/313 314/194/314 315/195/315
f 314/194/314 316/196/316 315/195/315
f 315/195/315 316/196/316 317/197/317
f 316/196/316 318/198/318 317/197/317
f 317/197/317 318/198/318 319/199/319
f 318/198/318 320/200/320 319/199/319
f 308/188/308 306/186/306 321/201/321
f 322/202/322 321/201/321 306/186/306
f 323/203/323 308/188/308 321/201/321
f 324/204/324 308/188/308 323/203/323
f 312/192/312 309/189/309 325/205/325
f 325/205/325 309/189/309 324/204/324
f 314/194/314 312/192/312 326/206/326
f 326/206/326 312/192/312 325/205/325
f 327/207/327 314/194/314 326/206/326
f 316/196/316 314/194/314 327/207/327
f 328/208/328 316/196/316 327/207/327
f 316/196/316 328/208/328 329/209/329
f 318/198/318 316/196/316 329/209/329
f 330/210/330 329/209/329 328/208/328
f 329/209/329 330/210/330 331/211/331
f 332/212/332 329/209/329 331/211/331
f 329/209/329 332/212/332 333/213/333
f 332/212/332 334/214/334 333/213/333
f 335/215/335 333/213/333 334/214/334
f 336/216/336 335/215/335 334/214/334
f 331/211/331 330/210/330 337/217/337
f 330/210/330 338/218/338 337/217/337
f 338/218/338 330/210/330 328/208/328
f 327/207/327 338/218/338 328/208/328
f 337/217/337 338/218/338 339/219/339
f 338/218/338 340/220/340 339/219/339
f 340/220/340 338/218/338 327/207/327
f 326/206/326 340/220/340 327/207/327
f 341/221/341 339/219/339 340/220/340
f 342/222/342 341/221/341 340/220/340
f 341/221/341 342/222/342 343/223/343
f 342/222/342 344/224/344 343/223/343
f 343/223/343 344/224/344 345/225/345
f 344/224/344 346/226/346 345/225/345
f 347/227/347 345/225/345 346/226/346
f 348/228/348 347/227/347 346/226/346
f 349/229/349 347/227/347 348/228/348
f 350/230/350 349/229/349 348/228/348
f 349/229/349 350/230/350 351/231/351
f 350/230/350 352/232/352 351/231/351
f 351/231/351 352/232/352 353/233/353
f 352/232/352 354/234/354 353/233/353
f 353/233/353 354/234/354 355/235/355
f 354/234/354 356/236/356 355/235/355
f 355/235/355 356/236/356 357/237/357
f 356/236/356 358/238/358 357/237/357
f 346/226/346 344/224/344 324/204/324
f 323/203/323 346/226/346 324/204/324
f 348/228/348 346/226/346 323/203/323
f 352/232/352 350/230/350 322/202/322
f 359/239/359 352/232/352 322/202/322
f 354/234/354 352/232/352 359/239/359
f 359/239/359 322/202/322 304/184/304
f 302/182/302 359/239/359 304/184/304
f 360/240/360 359/239/359 302/182/302
f 360/240/360 354/234/354 359/239/359
f 356/236/356 354/234/354 360/240/360
f 300/180/300 360/240/360 302/182/302
f 360/240/360 300/180/300 296/176/296
f 296/176/296 356/236/356 360/240/360
f 304/184/304 322/202/322 306/186/306
f 296/176/296 294/174/294 356/236/356
f 356/236/356 294/174/294 358/238/358
f 294/174/294 291/171/291 358/238/358
f 358/238/358 291/171/291 288/168/288
f 358/238/358 288/168/288 357/237/357
f 288/168/288 287/167/287 357/237/357
f 324/204/324 309/189/309 308/188/308
f 325/205/325 324/204/324 344/224/344
f 342/222/342 325/205/325 344/224/344
f 325/205/325 342/222/342 326/206/326
f 342/222/342 340/220/340 326/206/326
f 363/241/361 362/242/362 361/243/363
f 364/244/364 363/241/361 361/243/363
f 361/243/363 362/242/362 365/245/365
f 362/242/362 366/246/366 365/245/365
f 367/247/367 365/245/365 366/246/366
f 368/248/368 367/247/367 366/246/366
f 367/247/367 368/248/368 369/249/369
f 368/248/368 370/250/370 369/249/369
f 369/249/369 370/250/370 371/251/371
f 370/250/370 372/252/372 371/251/371
f 373/253/373 371/251/371 372/252/372
f 374/254/374 373/253/373 372/252/372
f 373/253/373 374/254/374 375/255/375
f 374/254/374 376/256/376 375/255/375
f 377/257/377 363/241/361 364/244/364
f 378/258/378 377/257/377 364/244/364
f 377/257/377 378/258/378 379/259/379
f 378/258/378 380/260/380 379/259/379
f 381/261/381 379/259/379 380/260/380
f 381/261/381 377/257/377 379/259/379
f 382/262/382 381/261/381 380/260/380
f 368/248/368 383/263/383 370/250/370
f 383/263/383 368/248/368 366/246/366
f 384/264/384 383/263/383 366/246/366
f 383/263/383 384/264/384 385/265/385
f 386/266/386 383/263/383 385/265/385
f 387/267/387 383/263/383 386/266/386
f 388/268/388 387/267/387 386/266/386
f 383/263/383 387/267/387 370/250/370
f 384/264/384 366/246/366 389/269/389
f 366/246/366 362/242/362 389/269/389
f 390/270/390 385/265/385 384/264/384
f 389/269/389 390/270/390 384/264/384
f 389/269/389 362/242/362 391/271/391
f 362/242/362 363/241/361 391/271/391
f 389/269/389 391/271/391 392/272/392
f 390/270/390 389/269/389 392/272/392
f 363/241/361 393/273/393 391/271/391
f 391/271/391 393/273/393 394/274/394
f 392/272/392 391/271/391 394/274/394
f 363/241/361 377/257/377 393/273/393
f 395/275/395 393/273/393 377/257/377
f 381/261/381 395/275/395 377/257/377
f 395/275/395 381/261/381 396/276/396
f 397/277/397 394/274/394 393/273/393
f 395/275/395 397/277/397 393/273/393
f 395/275/395 396/276/396 398/278/398
f 397/277/397 395/275/395 398/278/398
f 399/279/399 372/252/372 370/250/370
f 374/254/374 372/252/372 399/279/399
f 400/280/400 374/254/374 399/279/399
f 374/254/374 400/280/400 401/281/401
f 376/256/376 374/254/374 401/281/401
f 376/256/376 401/281/401 402/282/402
f 402/282/402 403/283/403 376/256/376
f 403/283/403 375/255/375 376/256/376
f 404/284/404 403/283/403 402/282/402
f 405/285/405 404/284/404 402/282/402
f 402/282/402 401/281/401 405/285/405
f 406/286/406 404/284/404 405/285/405
f 407/287/407 406/286/406 405/285/405
f 400/280/400 399/279/399 408/288/408
f 399/279/399 409/289/409 408/288/408
f 399/279/399 387/267/387 409/289/409
f 387/267/387 399/279/399 370/250/370
f 387/267/387 388/268/388 409/289/409
f 400/280/400 408/288/408 410/290/410
f 401/281/401 400/280/400 410/290/410
f 411/291/411 401/281/401 410/290/410
f 401/281/401 411/291/411 405/285/405
f 412/292/412 411/291/411 410/290/410
f 405/285/405 411/291/411 413/293/413
f 407/287/407 405/285/405 413/293/413
f 411/291/411 412/292/412 413/293/413
f 412/292/412 414/294/414 413/293/413
f 415/295/415 413/293/413 414/294/414
f 416/296/416 415/295/415 414/294/414
f 415/295/415 416/296/416 417/297/417
f 416/296/416 418/298/418 417/297/417
f 417/297/417 418/298/418 419/299/419
f 418/298/418 420/300/420 419/299/419
f 420/300/420 421/301/421 419/299/419
f 422/302/422 421/301/421 420/300/420
f 423/303/423 422/302/422 420/300/420
f 424/304/424 422/302/422 423/303/423
f 422/302/422 424/304/424 425/305/425
f 425/305/425 424/304/424 426/306/426
f 426/306/426 427/307/427 425/305/425
f 427/307/427 428/308/428 425/305/425
f 425/305/425 428/308/428 429/309/429
f 429/309/429 422/302/422 425/305/425
f 428/308/428 430/310/430 429/309/429
f 431/311/431 429/309/429 430/310/430
f 431/311/431 422/302/422 429/309/429
f 432/312/432 431/311/431 430/310/430
f 424/304/424 433/313/433 426/306/426
f 433/313/433 424/304/424 434/314/434
f 434/314/434 424/304/424 423/303/423
f 435/315/435 433/313/433 434/314/434
f 421/301/421 422/302/422 436/316/436
f 431/311/431 436/316/436 422/302/422
f 437/317/437 431/311/431 432/312/432
f 438/318/438 437/317/437 432/312/432
f 439/319/439 437/317/437 438/318/438
f 440/320/440 439/319/439 438/318/438
f 407/287/407 439/319/439 440/320/440
f 406/286/406 407/287/407 440/320/440
f 441/321/441 436/316/436 431/311/431
f 437/317/437 441/321/441 431/311/431
f 437/317/437 439/319/439 442/322/442
f 441/321/441 437/317/437 442/322/442
f 443/323/443 442/322/442 439/319/439
f 407/287/407 443/323/443 439/319/439
f 407/287/407 413/293/413 443/323/443
f 443/323/443 413/293/413 415/295/415
f 443/323/443 415/295/415 442/322/442
f 415/295/415 417/297/417 442/322/442
f 442/322/442 417/297/417 419/299/419
f 441/321/441 442/322/442 419/299/419
f 441/321/441 419/299/419 436/316/436
f 419/299/419 421/301/421 436/316/436
f 446/324/444 445/325/445 444/326/446
f 447/327/447 446/324/444 444/326/446
f 446/324/444 447/327/447 448/328/448
f 447/327/447 449/329/449 448/328/448
f 448/328/448 449/329/449 450/330/450
f 451/331/451 448/328/448 450/330/450
f 444/326/446 452/332/452 447/327/447
f 452/332/452 453/333/453 447/327/447
f 453/333/453 452/332/452 454/334/454
f 455/335/455 453/333/453 454/334/454
f 456/336/456 453/333/453 455/335/455
f 456/336/456 449/329/449 447/327/447
f 453/333/453 456/336/456 447/327/447
f 449/329/449 456/336/456 450/330/450
f 457/337/457 456/336/456 455/335/455
f 458/338/458 456/336/456 457/337/457
f 456/336/456 458/338/458 450/330/450
f 459/339/459 458/338/458 457/337/457
f 460/340/460 458/338/458 459/339/459
f 461/341/461 460/340/460 459/339/459
f 460/340/460 461/341/461 462/342/462
f 461/341/461 463/343/463 462/342/462
f 464/344/464 462/342/462 463/343/463
f 465/345/465 464/344/464 463/343/463
f 466/346/466 464/344/464 465/345/465
f 467/347/467 466/346/466 465/345/465
f 460/340/460 468/348/468 458/338/458
f 468/348/468 450/330/450 458/338/458
f 468/348/468 469/349/469 450/330/450
f 469/349/469 451/331/451 450/330/450
f 470/350/470 469/349/469 468/348/468
f 471/351/471 470/350/470 468/348/468
f 471/351/471 468/348/468 460/340/460
f 462/342/462 471/351/471 460/340/460
f 470/350/470 471/351/471 472/352/472
f 471/351/471 473/353/473 472/352/472
f 462/342/462 464/344/464 473/353/473
f 471/351/471 462/342/462 473/353/473
f 472/352/472 473/353/473 474/354/474
f 473/353/473 475/355/475 474/354/474
f 475/355/475 473/353/473 464/344/464
f 466/346/466 475/355/475 464/344/464
f 476/356/476 474/354/474 475/355/475
f 477/357/477 476/356/476 475/355/475
f 477/357/477 475/355/475 466/346/466
f 476/356/476 477/357/477 336/216/336
f 477/357/477 335/215/335 336/216/336
f 478/358/478 466/346/466 467/347/467
f 335/215/335 477/357/477 478/358/478
f 479/359/479 478/358/478 467/347/467
f 320/200/320 478/358/478 479/359/479
f 320/200/320 335/215/335 478/358/478
f 335/215/335 320/200/320 318/198/318
f 333/213/333 335/215/335 318/198/318
f 329/209/329 333/213/333 318/198/318
f 319/199/319 320/200/320 479/359/479
f 478/358/478 477/357/477 466/346/466
f 321/201/321 348/228/348 323/203/323
f 350/230/350 348/228/348 321/201/321
f 322/202/322 350/230/350 321/201/321
f 482/360/480 481/361/481 480/362/482
f 483/363/483 482/360/480 480/362/482
f 484/364/484 482/360/480 483/363/483
f 485/365/485 484/364/484 483/363/483
f 486/366/486 484/364/484 485/365/485
f 487/367/487 486/366/486 485/365/485
f 488/368/488 486/366/486 487/367/487
f 489/369/489 488/368/488 487/367/487
f 490/370/490 488/368/488 489/369/489
f 491/371/491 490/370/490 489/369/489
f 483/363/483 480/362/482 492/372/492
f 493/373/493 483/363/483 492/372/492
f 485/365/485 483/363/483 493/373/493
f 494/374/494 485/365/485 493/373/493
f 487/367/487 485/365/485 494/374/494
f 495/375/495 487/367/487 494/374/494
f 489/369/489 487/367/487 495/375/495
f 496/376/496 489/369/489 495/375/495
f 491/371/491 489/369/489 496/376/496
f 497/377/497 491/371/491 496/376/496
f 490/370/490 491/371/491 498/378/498
f 491/371/491 499/379/499 498/378/498
f 498/378/498 499/379/499 500/380/500
f 499/379/499 501/381/501 500/380/500
f 502/382/502 500/380/500 501/381/501
f 503/383/503 502/382/502 501/381/501
f 503/383/503 501/381/501 504/384/504
f 505/385/505 503/383/503 504/384/504
f 503/383/503 505/385/505 506/386/506
f 507/387/507 503/383/503 506/386/506
f 503/383/503 507/387/507 502/382/502
f 506/386/506 508/388/508 507/387/507
f 508/388/508 509/389/509 507/387/507
f 509/389/509 508/388/508 510/390/510
f 511/391/511 509/389/509 510/390/510
f 512/392/512 511/391/511 510/390/510
f 513/393/513 512/392/512 510/390/510
f 514/394/514 509/389/509 511/391/511
f 502/382/502 507/387/507 514/394/514
f 509/389/509 514/394/514 507/387/507
f 512/392/512 513/393/513 515/395/515
f 516/396/516 512/392/512 515/395/515
f 514/394/514 511/391/511 516/396/516
f 512/392/512 516/396/516 511/391/511
f 515/395/515 517/397/517 516/396/516
f 517/397/517 518/398/518 516/396/516
f 517/397/517 519/399/519 518/398/518
f 519/399/519 520/400/520 518/398/518
f 520/400/520 519/399/519 521/401/521
f 522/402/522 520/400/520 521/401/521
f 523/403/523 521/401/521 519/399/519
f 523/403/523 524/404/524 521/401/521
f 524/404/524 525/405/525 521/401/521
f 521/401/521 525/405/525 522/402/522
f 524/404/524 526/406/526 525/405/525
f 526/406/526 527/407/527 525/405/525
f 526/406/526 528/408/528 527/407/527
f 528/408/528 529/409/529 527/407/527
f 492/372/492 527/407/527 529/409/529
f 527/407/527 492/372/492 480/362/482
f 525/405/525 527/407/527 480/362/482
f 525/405/525 480/362/482 522/402/522
f 530/410/530 523/403/523 519/399/519
f 531/411/531 530/410/530 519/399/519
f 517/397/517 531/411/531 519/399/519
f 515/395/515 531/411/531 517/397/517
f 522/402/522 480/362/482 481/361/481
f 531/411/531 515/395/515 513/393/513
f 492/372/492 529/409/529 532/412/532
f 493/373/493 492/372/492 532/412/532
f 533/413/533 493/373/493 532/412/532
f 493/373/493 533/413/533 494/374/494
f 533/413/533 534/414/534 494/374/494
f 495/375/495 494/374/494 534/414/534
f 535/415/535 495/375/495 534/414/534
f 496/376/496 495/375/495 535/415/535
f 536/416/536 496/376/496 535/415/535
f 496/376/496 536/416/536 497/377/497
f 536/416/536 537/417/537 497/377/497
f 538/418/538 497/377/497 537/417/537
f 497/377/497 538/418/538 491/371/491
f 499/379/499 491/371/491 538/418/538
f 499/379/499 538/418/538 539/419/539
f 499/379/499 539/419/539 501/381/501
f 539/419/539 504/384/504 501/381/501
f 504/384/504 539/419/539 540/420/540
f 541/421/541 504/384/504 540/420/540
f 542/422/542 540/420/540 539/419/539
f 538/418/538 542/422/542 539/419/539
f 542/422/542 538/418/538 537/417/537
f 505/385/505 504/384/504 541/421/541
f 543/423/543 505/385/505 541/421/541
f 505/385/505 543/423/543 506/386/506
f 543/423/543 544/424/544 506/386/506
f 508/388/508 506/386/506 544/424/544
f 545/425/545 508/388/508 544/424/544
f 510/390/510 508/388/508 545/425/545
f 546/426/546 510/390/510 545/425/545
f 513/393/513 510/390/510 546/426/546
f 547/427/547 513/393/513 546/426/546
f 513/393/513 547/427/547 531/411/531
f 547/427/547 548/428/548 531/411/531
f 530/410/530 531/411/531 548/428/548
f 549/429/549 530/410/530 548/428/548
f 523/403/523 530/410/530 549/429/549
f 550/430/550 523/403/523 549/429/549
f 523/403/523 550/430/550 524/404/524
f 550/430/550 551/431/551 524/404/524
f 524/404/524 551/431/551 526/406/526
f 551/431/551 552/432/552 526/406/526
f 528/408/528 526/406/526 552/432/552
f 553/433/553 528/408/528 552/432/552
f 553/433/553 529/409/529 528/408/528
f 532/412/532 529/409/529 553/433/553
f 556/434/554 555/435/555 554/436/556
f 557/437/557 556/434/554 554/436/556
f 557/437/557 554/436/556 558/438/558
f 554/436/556 555/435/555 559/439/559
f 560/440/560 554/436/556 559/439/559
f 560/440/560 558/438/558 554/436/556
f 555/435/555 561/441/561 559/439/559
f 559/439/559 561/441/561 562/442/562
f 563/443/563 559/439/559 562/442/562
f 559/439/559 563/443/563 564/444/564
f 560/440/560 559/439/559 564/444/564
f 564/444/564 563/443/563 565/445/565
f 565/445/565 563/443/563 562/442/562
f 566/446/566 564/444/564 565/445/565
f 567/447/567 565/445/565 562/442/562
f 566/446/566 565/445/565 568/448/568
f 565/445/565 569/449/569 568/448/568
f 565/445/565 567/447/567 569/449/569
f 570/450/570 568/448/568 569/449/569
f 571/451/571 570/450/570 569/449/569
f 567/447/567 572/452/572 569/449/569
f 569/449/569 572/452/572 571/451/571
f 572/452/572 573/453/573 571/451/571
f 571/451/571 573/453/573 570/450/570
f 573/453/573 574/454/574 570/450/570
f 577/455/575 576/456/576 575/457/577
f 578/458/578 577/455/575 575/457/577
f 575/457/577 576/456/576 579/459/579
f 576/456/576 580/460/580 579/459/579
f 581/461/581 579/459/579 580/460/580
f 582/462/582 581/461/581 580/460/580
f 583/463/583 576/456/576 577/455/575
f 584/464/584 583/463/583 577/455/575
f 585/465/585 580/460/580 576/456/576
f 583/463/583 585/465/585 576/456/576
f 580/460/580 585/465/585 582/462/582
f 585/465/585 586/466/586 582/462/582
f 587/467/587 581/461/581 582/462/582
f 588/468/588 587/467/587 582/462/582
f 587/467/587 588/468/588 589/469/589
f 588/468/588 590/470/590 589/469/589
f 589/469/589 590/470/590 591/471/591
f 590/470/590 592/472/592 591/471/591
f 591/471/591 592/472/592 593/473/593
f 592/472/592 594/474/594 593/473/593
f 593/473/593 594/474/594 595/475/595
f 594/474/594 596/476/596 595/475/595
f 584/464/584 597/477/597 583/463/583
f 597/477/597 598/478/598 583/463/583
f 583/463/583 598/478/598 585/465/585
f 598/478/598 599/479/599 585/465/585
f 586/466/586 585/465/585 599/479/599
f 600/480/600 586/466/586 599/479/599
f 600/480/600 601/481/601 586/466/586
f 601/481/601 602/482/602 586/466/586
f 588/468/588 582/462/582 602/482/602
f 582/462/582 586/466/586 602/482/602
f 595/475/595 596/476/596 603/483/603
f 596/476/596 604/484/604 603/483/603
f 603/483/603 604/484/604 605/485/605
f 604/484/604 606/486/606 605/485/605
f 605/485/605 606/486/606 607/487/607
f 606/486/606 608/488/608 607/487/607
f 607/487/607 608/488/608 609/489/609
f 608/488/608 610/490/610 609/489/609
f 602/482/602 601/481/601 611/491/611
f 601/481/601 612/492/612 611/491/611
f 611/491/611 612/492/612 613/493/613
f 612/492/612 614/494/614 613/493/613
f 613/493/613 614/494/614 615/495/615
f 614/494/614 616/496/616 615/495/615
f 617/497/617 615/495/615 616/496/616
f 618/498/618 617/497/617 616/496/616
f 592/472/592 611/491/611 613/493/613
f 590/470/590 611/491/611 592/472/592
f 590/470/590 588/468/588 611/491/611
f 588/468/588 602/482/602 611/491/611
f 592/472/592 613/493/613 594/474/594
f 594/474/594 613/493/613 615/495/615
f 594/474/594 615/495/615 596/476/596
f 596/476/596 615/495/615 617/497/617
f 617/497/617 618/498/618 619/499/619
f 596/476/596 617/497/617 619/499/619
f 618/498/618 620/500/620 619/499/619
f 604/484/604 596/476/596 619/499/619
f 604/484/604 619/499/619 606/486/606
f 621/501/621 606/486/606 619/499/619
f 621/501/621 619/499/619 620/500/620
f 621/501/621 608/488/608 606/486/606
f 621/501/621 622/502/622 608/488/608
f 622/502/622 623/503/623 608/488/608
f 608/488/608 623/503/623 624/504/624
f 624/504/624 623/503/623 625/505/625
f 626/506/626 624/504/624 625/505/625
f 610/490/610 608/488/608 624/504/624
f 627/507/627 621/501/621 620/500/620
f 625/505/625 623/503/623 628/508/628
f 623/503/623 629/509/629 628/508/628
f 630/510/630 621/501/621 627/507/627
f 622/502/622 621/501/621 630/510/630
f 631/511/631 630/510/630 627/507/627
f 630/510/630 631/511/631 632/512/632
f 631/511/631 633/513/633 632/512/632
f 632/512/632 633/513/633 634/514/634
f 633/513/633 635/515/635 634/514/634
f 628/508/628 629/509/629 636/516/636
f 629/509/629 637/517/637 636/516/636
f 638/518/638 636/516/636 637/517/637
f 639/519/639 638/518/638 637/517/637
f 630/510/630 632/512/632 640/520/640
f 641/521/641 630/510/630 640/520/640
f 641/521/641 640/520/640 637/517/637
f 629/509/629 641/521/641 637/517/637
f 641/521/641 622/502/622 630/510/630
f 623/503/623 622/502/622 641/521/641
f 629/509/629 623/503/623 641/521/641
f 632/512/632 634/514/634 642/522/642
f 640/520/640 632/512/632 642/522/642
f 642/522/642 639/519/639 637/517/637
f 640/520/640 642/522/642 637/517/637
f 642/522/642 643/523/643 639/519/639
f 643/523/643 644/524/644 639/519/639
f 645/525/645 643/523/643 642/522/642
f 634/514/634 645/525/645 642/522/642
f 646/526/646 639/519/639 644/524/644
f 647/527/647 638/518/638 639/519/639
f 639/519/639 646/526/646 647/527/647
f 634/514/634 635/515/635 648/528/648
f 634/514/634 648/528/648 645/525/645
f 644/524/644 643/523/643 649/529/649
f 649/529/649 643/523/643 650/530/650
f 650/530/650 643/523/643 645/525/645
f 649/529/649 650/530/650 651/531/651
f 650/530/650 645/525/645 651/531/651
f 651/531/651 645/525/645 648/528/648
f 652/532/652 649/529/649 651/531/651
f 644/524/644 649/529/649 652/532/652
f 644/524/644 652/532/652 646/526/646
f 652/532/652 653/533/653 646/526/646
f 648/528/648 162/42/162 651/531/651
f 162/42/162 648/528/648 165/45/165
f 648/528/648 654/534/654 165/45/165
f 165/45/165 654/534/654 166/46/166
f 654/534/654 655/535/655 166/46/166
f 655/535/655 656/536/656 166/46/166
f 166/46/166 656/536/656 657/537/657
f 157/37/157 166/46/166 657/537/657
f 155/35/155 157/37/157 657/537/657
f 149/31/151 155/35/155 657/537/657
f 658/538/658 149/31/151 657/537/657
f 149/31/151 658/538/658 152/32/152
f 658/538/658 167/47/167 152/32/152
f 167/47/167 658/538/658 659/539/659
f 169/49/169 167/47/167 659/539/659
f 660/540/660 659/539/659 658/538/658
f 657/537/657 660/540/660 658/538/658
f 656/536/656 660/540/660 657/537/657
f 655/535/655 654/534/654 661/541/661
f 654/534/654 648/528/648 661/541/661
f 635/515/635 661/541/661 648/528/648
f 664/542/662 663/543/663 662/544/664
f 665/545/665 664/542/662 662/544/664
f 666/546/666 664/542/662 665/545/665
f 667/547/667 666/546/666 665/545/665
f 668/548/668 662/544/664 663/543/663
f 669/549/669 668/548/668 663/543/663
f 668/548/668 669/549/669 670/550/670
f 669/549/669 671/551/671 670/550/670
f 670/550/670 671/551/671 672/552/672
f 673/553/673 670/550/670 672/552/672
f 673/553/673 672/552/672 578/458/578
f 672/552/672 577/455/575 578/458/578
f 577/455/575 672/552/672 674/554/674
f 584/464/584 577/455/575 674/554/674
f 672/552/672 671/551/671 675/555/675
f 674/554/674 672/552/672 675/555/675
f 671/551/671 669/549/669 675/555/675
f 674/554/674 676/556/676 584/464/584
f 676/556/676 597/477/597 584/464/584
f 674/554/674 675/555/675 677/557/677
f 676/556/676 674/554/674 677/557/677
f 675/555/675 669/549/669 678/558/678
f 663/543/663 678/558/678 669/549/669
f 678/558/678 663/543/663 664/542/662
f 675/555/675 678/558/678 679/559/679
f 677/557/677 675/555/675 679/559/679
f 679/559/679 678/558/678 680/560/680
f 678/558/678 681/561/681 680/560/680
f 681/561/681 678/558/678 664/542/662
f 681/561/681 664/542/662 666/546/666
f 682/562/682 680/560/680 681/561/681
f 683/563/683 682/562/682 681/561/681
f 683/563/683 681/561/681 666/546/666
f 682/562/682 683/563/683 684/564/684
f 683/563/683 685/565/685 684/564/684
f 683/563/683 666/546/666 686/566/686
f 685/565/685 683/563/683 686/566/686
f 667/547/667 686/566/686 666/546/666
f 686/566/686 667/547/667 687/567/687
f 687/567/687 688/568/688 686/566/686
f 685/565/685 686/566/686 688/568/688
f 691/569/689 690/570/690 689/571/691
f 692/572/692 691/569/689 689/571/691
f 690/570/690 691/569/689 693/573/693
f 691/569/689 694/574/694 693/573/693
f 695/575/695 690/570/690 693/573/693
f 694/574/694 696/576/696 693/573/693
f 696/576/696 697/577/697 693/573/693
f 698/578/698 697/577/697 696/576/696
f 699/579/699 698/578/698 696/576/696
f 698/578/698 699/579/699 163/43/163
f 700/580/700 698/578/698 163/43/163
f 698/578/698 700/580/700 701/581/701
f 698/578/698 701/581/701 702/582/702
f 702/582/702 697/577/697 698/578/698
f 702/582/702 701/581/701 703/583/703
f 702/582/702 703/583/703 697/577/697
f 701/581/701 704/584/704 703/583/703
f 704/584/704 701/581/701 705/585/705
f 705/585/705 701/581/701 700/580/700
f 706/586/706 704/584/704 705/585/705
f 704/584/704 706/586/706 707/587/707
f 703/583/703 704/584/704 707/587/707
f 700/580/700 163/43/163 161/41/161
f 160/40/160 700/580/700 161/41/161
f 708/588/708 699/579/699 696/576/696
f 709/589/709 699/579/699 708/588/708
f 710/590/710 709/589/709 708/588/708
f 709/589/709 710/590/710 653/533/653
f 709/589/709 653/533/653 652/532/652
f 709/589/709 652/532/652 651/531/651
f 164/44/164 709/589/709 651/531/651
f 162/42/162 164/44/164 651/531/651
f 709/589/709 164/44/164 699/579/699
f 164/44/164 163/43/163 699/579/699
f 706/586/706 705/585/705 711/591/711
f 706/586/706 711/591/711 707/587/707
f 700/580/700 160/40/160 711/591/711
f 711/591/711 160/40/160 712/592/712
f 713/593/713 711/591/711 712/592/712
f 712/592/712 160/40/160 714/594/714
f 160/40/160 158/38/158 714/594/714
f 714/594/714 158/38/158 715/595/715
f 158/38/158 156/36/156 715/595/715
f 715/595/715 156/36/156 191/71/191
f 156/36/156 150/30/150 191/71/191
f 715/595/715 716/596/716 714/594/714
f 715/595/715 191/71/191 716/596/716
f 716/596/716 717/597/717 714/594/714
f 712/592/712 714/594/714 717/597/717
f 718/598/718 712/592/712 717/597/717
f 713/593/713 712/592/712 718/598/718
f 191/71/191 196/76/196 716/596/716
f 716/596/716 196/76/196 719/599/719
f 717/597/717 716/596/716 719/599/719
f 196/76/196 197/77/197 719/599/719
f 720/600/720 717/597/717 719/599/719
f 717/597/717 720/600/720 721/601/721
f 718/598/718 717/597/717 721/601/721
f 722/602/722 718/598/718 721/601/721
f 723/603/723 722/602/722 721/601/721
f 722/602/722 713/593/713 718/598/718
f 713/593/713 722/602/722 695/575/695
f 713/593/713 695/575/695 724/604/724
f 695/575/695 693/573/693 724/604/724
f 693/573/693 697/577/697 724/604/724
f 724/604/724 697/577/697 703/583/703
f 707/587/707 724/604/724 703/583/703
f 711/591/711 724/604/724 707/587/707
f 711/591/711 713/593/713 724/604/724
f 700/580/700 711/591/711 705/585/705
f 725/605/725 182/62/182 184/64/184
f 184/64/184 186/66/186 725/605/725
f 728/606/726 727/607/727 726/608/728
f 729/609/729 728/606/726 726/608/728
f 726/608/728 730/610/730 729/609/729
f 730/610/730 731/611/731 729/609/729
f 731/611/731 730/610/730 732/612/732
f 730/610/730 733/613/733 732/612/732
f 732/612/732 733/613/733 734/614/734
f 735/615/735 732/612/732 734/614/734
f 726/608/728 727/607/727 736/616/736
f 727/607/727 737/617/737 736/616/736
f 726/608/728 736/616/736 738/618/738
f 730/610/730 726/608/728 738/618/738
f 730/610/730 738/618/738 739/619/739
f 733/613/733 730/610/730 739/619/739
f 733/613/733 739/619/739 740/620/740
f 734/614/734 733/613/733 740/620/740
f 741/621/741 736/616/736 737/617/737
f 736/616/736 741/621/741 738/618/738
f 742/622/742 741/621/741 737/617/737
f 738/618/738 741/621/741 743/623/743
f 738/618/738 743/623/743 739/619/739
f 743/623/743 741/621/741 744/624/744
f 744/624/744 741/621/741 742/622/742
f 745/625/745 743/623/743 744/624/744
f 745/625/745 744/624/744 746/626/746
f 744/624/744 747/627/747 746/626/746
f 747/627/747 748/628/748 746/626/746
f 748/628/748 749/629/749 746/626/746
f 750/630/750 745/625/745 746/626/746
f 746/626/746 751/631/751 750/630/750
f 752/632/752 751/631/751 746/626/746
f 746/626/746 749/629/749 752/632/752
f 750/630/750 751/631/751 753/633/753
f 754/634/754 750/630/750 753/633/753
f 750/630/750 754/634/754 745/625/745
f 755/635/755 744/624/744 742/622/742
f 744/624/744 755/635/755 747/627/747
f 745/625/745 756/636/756 743/623/743
f 754/634/754 756/636/756 745/625/745
f 756/636/756 757/637/757 743/623/743
f 743/623/743 757/637/757 739/619/739
f 757/637/757 740/620/740 739/619/739
f 755/635/755 758/638/758 747/627/747
f 747/627/747 758/638/758 748/628/748
f 751/631/751 752/632/752 759/639/759
f 753/633/753 751/631/751 759/639/759
f 760/640/760 759/639/759 752/632/752
f 749/629/749 760/640/760 752/632/752
f 761/641/761 760/640/760 749/629/749
f 748/628/748 761/641/761 749/629/749
f 758/638/758 761/641/761 748/628/748
f 764/25/762 763/28/763 762/27/764
f 765/26/765 764/25/762 762/27/764
f 768/29/766 767/32/767 766/31/768
f 769/30/769 768/29/766 766/31/768
f 768/29/766 770/33/770 767/32/767
f 770/33/770 771/34/771 767/32/767
f 769/30/769 766/31/768 772/35/772
f 773/36/773 769/30/769 772/35/772
f 772/35/772 774/37/774 773/36/773
f 773/36/773 774/37/774 775/38/775
f 776/39/776 775/38/775 774/37/774
f 775/38/775 776/39/776 777/40/777
f 776/39/776 778/41/778 777/40/777
f 779/42/779 778/41/778 776/39/776
f 778/41/778 779/42/779 780/43/780
f 779/42/779 781/44/781 780/43/780
f 782/45/782 779/42/779 776/39/776
f 783/46/783 782/45/782 776/39/776
f 774/37/774 783/46/783 776/39/776
f 784/69/784 770/33/770 768/29/766
f 774/37/774 772/35/772 785/537/785
f 783/46/783 774/37/774 785/537/785
f 772/35/772 766/31/768 785/537/785
f 766/31/768 786/538/786 785/537/785
f 786/538/786 766/31/768 767/32/767
f 787/47/787 786/538/786 767/32/767
f 787/47/787 767/32/767 771/34/771
f 788/48/788 787/47/787 771/34/771
f 787/47/787 788/48/788 789/49/789
f 788/48/788 790/50/790 789/49/789
f 790/50/790 788/48/788 791/51/791
f 792/52/792 790/50/790 791/51/791
f 792/52/792 791/51/791 793/53/793
f 794/54/794 792/52/792 793/53/793
f 794/54/794 793/53/793 795/55/795
f 796/56/796 794/54/794 795/55/795
f 791/51/791 797/57/797 793/53/793
f 788/48/788 771/34/771 797/57/797
f 788/48/788 797/57/797 791/51/791
f 793/53/793 797/57/797 798/58/798
f 771/34/771 798/58/798 797/57/797
f 799/59/799 793/53/793 798/58/798
f 800/60/800 793/53/793 799/59/799
f 793/53/793 800/60/800 795/55/795
f 801/61/801 800/60/800 799/59/799
f 802/62/802 800/60/800 801/61/801
f 803/63/803 802/62/802 801/61/801
f 795/55/795 804/64/804 796/56/796
f 800/60/800 802/62/802 804/64/804
f 795/55/795 800/60/800 804/64/804
f 804/64/804 805/65/805 796/56/796
f 805/65/805 804/64/804 806/66/806
f 807/67/807 805/65/805 806/66/806
f 808/90/808 799/59/799 798/58/798
f 809/68/809 808/90/808 798/58/798
f 809/68/809 798/58/798 771/34/771
f 770/33/770 809/68/809 771/34/771
f 770/33/770 784/69/784 809/68/809
f 784/69/784 810/80/810 809/68/809
f 784/69/784 811/72/811 810/80/810
f 784/69/784 812/70/812 811/72/811
f 812/70/812 784/69/784 768/29/766
f 768/29/766 769/30/769 812/70/812
f 769/30/769 813/71/813 812/70/812
f 812/70/812 814/73/814 811/72/811
f 814/73/814 812/70/812 813/71/813
f 815/74/815 811/72/811 814/73/814
f 816/75/816 815/74/815 814/73/814
f 816/75/816 814/73/814 817/76/817
f 817/76/817 814/73/814 813/71/813
f 818/77/818 816/75/816 817/76/817
f 811/72/811 815/74/815 819/78/819
f 811/72/811 819/78/819 810/80/810
f 815/74/815 820/79/820 819/78/819
f 819/78/819 820/79/820 821/81/821
f 810/80/810 819/78/819 821/81/821
f 820/79/820 822/82/822 821/81/821
f 821/81/821 822/82/822 823/83/823
f 824/84/824 821/81/821 823/83/823
f 823/83/823 825/85/825 824/84/824
f 825/85/825 826/86/826 824/84/824
f 821/81/821 824/84/824 827/88/827
f 827/88/827 824/84/824 826/86/826
f 828/87/828 821/81/821 827/88/827
f 828/87/828 810/80/810 821/81/821
f 829/89/829 827/88/827 826/86/826
f 809/68/809 810/80/810 828/87/828
f 808/90/808 809/68/809 828/87/828
f 808/90/808 828/87/828 827/88/827
f 830/91/830 808/90/808 827/88/827
f 830/91/830 827/88/827 829/89/829
f 831/92/831 830/91/830 829/89/829
f 799/59/799 808/90/808 830/91/830
f 801/61/801 799/59/799 830/91/830
f 830/91/830 831/92/831 803/63/803
f 801/61/801 830/91/830 803/63/803
f 834/93/832 833/96/833 832/95/834
f 835/94/835 834/93/832 832/95/834
f 834/93/832 836/97/836 833/96/833
f 836/97/836 837/98/837 833/96/833
f 837/98/837 836/97/836 838/99/838
f 839/100/839 837/98/837 838/99/838
f 839/100/839 838/99/838 840/101/840
f 841/102/841 839/100/839 840/101/840
f 842/103/842 840/101/840 838/99/838
f 836/97/836 842/103/842 838/99/838
f 834/93/832 835/94/835 842/103/842
f 836/97/836 834/93/832 842/103/842
f 845/104/843 844/107/844 843/106/845
f 846/105/846 845/104/843 843/106/845
f 847/108/847 843/106/845 844/107/844
f 848/109/848 847/108/847 844/107/844
f 849/110/849 847/108/847 848/109/848
f 850/111/850 849/110/849 848/109/848
f 849/110/849 850/111/850 851/112/851
f 850/111/850 852/113/852 851/112/851
f 849/110/849 851/112/851 853/114/853
f 854/115/854 849/110/849 853/114/853
f 847/108/847 849/110/849 854/115/854
f 855/116/855 847/108/847 854/115/854
f 843/106/845 847/108/847 855/116/855
f 856/117/856 843/106/845 855/116/855
f 843/106/845 856/117/856 846/105/846
f 856/117/856 857/118/857 846/105/846
f 854/115/854 853/114/853 858/119/858
f 859/120/859 854/115/854 858/119/858
f 855/116/855 854/115/854 859/120/859
f 859/120/859 858/119/858 860/121/860
f 861/122/861 859/120/859 860/121/860
f 861/122/861 855/116/855 859/120/859
f 861/122/861 860/121/860 862/123/862
f 863/124/863 861/122/861 862/123/862
f 855/116/855 861/122/861 863/124/863
f 856/117/856 855/116/855 863/124/863
f 862/123/862 864/125/864 863/124/863
f 864/125/864 865/126/865 863/124/863
f 863/124/863 865/126/865 856/117/856
f 864/125/864 866/127/866 865/126/865
f 866/127/866 867/128/867 865/126/865
f 868/129/868 865/126/865 867/128/867
f 856/117/856 868/129/868 857/118/857
f 865/126/865 868/129/868 856/117/856
f 869/130/869 868/129/868 867/128/867
f 868/129/868 870/131/870 857/118/857
f 870/131/870 868/129/868 869/130/869
f 867/128/867 866/127/866 871/132/871
f 872/133/872 867/128/867 871/132/871
f 869/130/869 867/128/867 872/133/872
f 871/132/871 873/134/873 872/133/872
f 873/134/873 874/135/874 872/133/872
f 873/134/873 875/136/875 874/135/874
f 875/136/875 876/137/876 874/135/874
f 876/137/876 875/136/875 877/138/877
f 878/139/878 876/137/876 877/138/877
f 878/139/878 877/138/877 879/140/879
f 880/141/880 878/139/878 879/140/879
f 879/140/879 881/142/881 880/141/880
f 881/142/881 882/143/882 880/141/880
f 883/144/883 869/130/869 872/133/872
f 883/144/883 872/133/872 874/135/874
f 884/145/884 883/144/883 874/135/874
f 884/145/884 874/135/874 876/137/876
f 885/146/885 884/145/884 876/137/876
f 885/146/885 876/137/876 878/139/878
f 886/147/886 885/146/885 878/139/878
f 886/147/886 878/139/878 880/141/880
f 887/148/887 886/147/886 880/141/880
f 887/148/887 880/141/880 882/143/882
f 888/149/888 887/148/887 882/143/882
f 881/142/881 889/150/889 882/143/882
f 889/150/889 890/151/890 882/143/882
f 888/149/888 882/143/882 890/151/890
f 890/151/890 889/150/889 891/152/891
f 892/153/892 890/151/890 891/152/891
f 893/154/893 888/149/888 890/151/890
f 894/155/894 893/154/893 890/151/890
f 892/153/892 894/155/894 890/151/890
f 892/153/892 895/156/895 894/155/894
f 896/157/896 885/146/885 886/147/886
f 897/158/897 896/157/896 886/147/886
f 886/147/886 887/148/887 897/158/897
f 898/159/898 884/145/884 885/146/885
f 896/157/896 898/159/898 885/146/885
f 899/160/899 883/144/883 884/145/884
f 898/159/898 899/160/899 884/145/884
f 887/148/887 900/163/900 897/158/897
f 887/148/887 888/149/888 900/163/900
f 888/149/888 901/162/901 900/163/900
f 901/162/901 888/149/888 893/154/893
f 902/164/902 901/162/901 893/154/893
f 893/154/893 894/155/894 902/164/902
f 894/155/894 903/165/903 902/164/902
f 903/165/903 894/155/894 895/156/895
f 904/166/904 903/165/903 895/156/895
f 892/153/892 891/152/891 905/169/905
f 895/156/895 892/153/892 905/169/905
f 891/152/891 906/170/906 905/169/905
f 907/168/907 895/156/895 905/169/905
f 895/156/895 907/168/907 908/167/908
f 904/166/904 895/156/895 908/167/908
f 905/169/905 906/170/906 909/171/909
f 905/169/905 909/171/909 907/168/907
f 906/170/906 910/172/910 909/171/909
f 909/171/909 910/172/910 911/173/911
f 912/174/912 909/171/909 911/173/911
f 911/173/911 913/175/913 912/174/912
f 913/175/913 914/176/914 912/174/912
f 914/176/914 913/175/913 915/177/915
f 916/178/916 914/176/914 915/177/915
f 916/178/916 915/177/915 917/179/917
f 918/180/918 916/178/916 917/179/917
f 916/178/916 918/180/918 914/176/914
f 917/179/917 919/181/919 918/180/918
f 919/181/919 920/182/920 918/180/918
f 920/182/920 919/181/919 921/183/921
f 922/184/922 920/182/920 921/183/921
f 921/183/921 923/185/923 922/184/922
f 923/185/923 924/186/924 922/184/922
f 923/185/923 925/187/925 924/186/924
f 925/187/925 926/188/926 924/186/924
f 926/188/926 925/187/925 927/189/927
f 925/187/925 928/190/928 927/189/927
f 928/190/928 929/191/929 927/189/927
f 929/191/929 930/192/930 927/189/927
f 929/191/929 931/193/931 930/192/930
f 931/193/931 932/194/932 930/192/930
f 932/194/932 931/193/931 933/195/933
f 934/196/934 932/194/932 933/195/933
f 934/196/934 933/195/933 935/197/935
f 936/198/936 934/196/934 935/197/935
f 936/198/936 935/197/935 937/199/937
f 938/200/938 936/198/936 937/199/937
f 924/186/924 926/188/926 939/201/939
f 939/201/939 940/202/940 924/186/924
f 926/188/926 941/203/941 939/201/939
f 926/188/926 942/204/942 941/203/941
f 930/192/930 932/194/932 943/206/943
f 932/194/932 944/207/944 943/206/943
f 932/194/932 934/196/934 944/207/944
f 934/196/934 945/208/945 944/207/944
f 934/196/934 936/198/936 946/209/946
f 945/208/945 934/196/934 946/209/946
f 946/209/946 947/210/947 945/208/945
f 947/210/947 946/209/946 948/211/948
f 946/209/946 949/212/949 948/211/948
f 949/212/949 946/209/946 950/213/950
f 950/213/950 946/209/946 936/198/936
f 951/214/951 949/212/949 950/213/950
f 950/213/950 952/215/952 951/214/951
f 952/215/952 953/216/953 951/214/951
f 947/210/947 948/211/948 954/217/954
f 955/218/955 947/210/947 954/217/954
f 955/218/955 944/207/944 945/208/945
f 947/210/947 955/218/955 945/208/945
f 955/218/955 954/217/954 956/219/956
f 957/220/957 955/218/955 956/219/956
f 957/220/957 943/206/943 944/207/944
f 955/218/955 957/220/957 944/207/944
f 956/219/956 958/221/958 957/220/957
f 958/221/958 959/222/959 957/220/957
f 959/222/959 958/221/958 960/223/960
f 961/224/961 959/222/959 960/223/960
f 961/224/961 960/223/960 962/225/962
f 963/226/963 961/224/961 962/225/962
f 962/225/962 964/227/964 963/226/963
f 964/227/964 965/228/965 963/226/963
f 964/227/964 966/229/966 965/228/965
f 966/229/966 967/230/967 965/228/965
f 967/230/967 966/229/966 968/231/968
f 969/232/969 967/230/967 968/231/968
f 969/232/969 968/231/968 970/233/970
f 971/234/971 969/232/969 970/233/970
f 971/234/971 970/233/970 972/235/972
f 973/236/973 971/234/971 972/235/972
f 973/236/973 972/235/972 974/237/974
f 975/238/975 973/236/973 974/237/974
f 961/224/961 963/226/963 942/204/942
f 963/226/963 941/203/941 942/204/942
f 963/226/963 965/228/965 941/203/941
f 967/230/967 969/232/969 940/202/940
f 969/232/969 976/239/976 940/202/940
f 969/232/969 971/234/971 976/239/976
f 940/202/940 976/239/976 922/184/922
f 976/239/976 920/182/920 922/184/922
f 976/239/976 977/240/977 920/182/920
f 971/234/971 977/240/977 976/239/976
f 971/234/971 973/236/973 977/240/977
f 977/240/977 918/180/918 920/182/920
f 918/180/918 977/240/977 914/176/914
f 973/236/973 914/176/914 977/240/977
f 940/202/940 922/184/922 924/186/924
f 912/174/912 914/176/914 973/236/973
f 912/174/912 973/236/973 975/238/975
f 909/171/909 912/174/912 975/238/975
f 909/171/909 975/238/975 907/168/907
f 907/168/907 975/238/975 974/237/974
f 908/167/908 907/168/907 974/237/974
f 927/189/927 978/205/978 942/204/942
f 927/189/927 930/192/930 978/205/978
f 930/192/930 943/206/943 978/205/978
f 959/222/959 978/205/978 943/206/943
f 978/205/978 959/222/959 961/224/961
f 942/204/942 978/205/978 961/224/961
f 927/189/927 942/204/942 926/188/926
f 957/220/957 959/222/959 943/206/943
f 981/241/979 980/244/980 979/243/981
f 982/242/982 981/241/979 979/243/981
f 982/242/982 979/243/981 983/245/983
f 984/246/984 982/242/982 983/245/983
f 983/245/983 985/247/985 984/246/984
f 985/247/985 986/248/986 984/246/984
f 986/248/986 985/247/985 987/249/987
f 988/250/988 986/248/986 987/249/987
f 988/250/988 987/249/987 989/251/989
f 990/252/990 988/250/988 989/251/989
f 989/251/989 991/253/991 990/252/990
f 991/253/991 992/254/992 990/252/990
f 992/254/992 991/253/991 993/255/993
f 994/256/994 992/254/992 993/255/993
f 981/241/979 995/257/995 980/244/980
f 995/257/995 996/258/996 980/244/980
f 996/258/996 995/257/995 997/259/997
f 998/260/998 996/258/996 997/259/997
f 997/259/997 999/261/999 998/260/998
f 995/257/995 999/261/999 997/259/997
f 999/261/999 1000/262/1000 998/260/998
f 1001/263/1001 986/248/986 988/250/988
f 986/248/986 1001/263/1001 984/246/984
f 1001/263/1001 1002/264/1002 984/246/984
f 1002/264/1002 1001/263/1001 1003/265/1003
f 1001/263/1001 1004/266/1004 1003/265/1003
f 1001/263/1001 1005/267/1005 1004/266/1004
f 1005/267/1005 1006/268/1006 1004/266/1004
f 1005/267/1005 1001/263/1001 988/250/988
f 984/246/984 1002/264/1002 1007/269/1007
f 982/242/982 984/246/984 1007/269/1007
f 1008/270/1008 1007/269/1007 1002/264/1002
f 1003/265/1003 1008/270/1008 1002/264/1002
f 982/242/982 1007/269/1007 1009/271/1009
f 981/241/979 982/242/982 1009/271/1009
f 1007/269/1007 1008/270/1008 1010/272/1010
f 1009/271/1009 1007/269/1007 1010/272/1010
f 1011/273/1011 981/241/979 1009/271/1009
f 1009/271/1009 1010/272/1010 1012/274/1012
f 1011/273/1011 1009/271/1009 1012/274/1012
f 995/257/995 981/241/979 1011/273/1011
f 1011/273/1011 1013/275/1013 995/257/995
f 1013/275/1013 999/261/999 995/257/995
f 999/261/999 1013/275/1013 1014/276/1014
f 1015/277/1015 1013/275/1013 1011/273/1011
f 1012/274/1012 1015/277/1015 1011/273/1011
f 1013/275/1013 1015/277/1015 1016/278/1016
f 1014/276/1014 1013/275/1013 1016/278/1016
f 1017/279/1017 1005/267/1005 988/250/988
f 1005/267/1005 1017/279/1017 1018/289/1018
f 1006/268/1006 1005/267/1005 1018/289/1018
f 1018/289/1018 1017/279/1017 1019/288/1019
f 1017/279/1017 1020/280/1020 1019/288/1019
f 992/254/992 1020/280/1020 1017/279/1017
f 990/252/990 992/254/992 1017/279/1017
f 1020/280/1020 992/254/992 1021/281/1021
f 992/254/992 994/256/994 1021/281/1021
f 1021/281/1021 994/256/994 1022/282/1022
f 1023/283/1023 1022/282/1022 994/256/994
f 993/255/993 1023/283/1023 994/256/994
f 1023/283/1023 1024/284/1024 1022/282/1022
f 1024/284/1024 1025/285/1025 1022/282/1022
f 1021/281/1021 1022/282/1022 1025/285/1025
f 1024/284/1024 1026/286/1026 1025/285/1025
f 1026/286/1026 1027/287/1027 1025/285/1025
f 990/252/990 1017/279/1017 988/250/988
f 1020/280/1020 1021/281/1021 1028/290/1028
f 1019/288/1019 1020/280/1020 1028/290/1028
f 1021/281/1021 1029/291/1029 1028/290/1028
f 1029/291/1029 1021/281/1021 1025/285/1025
f 1029/291/1029 1030/292/1030 1028/290/1028
f 1025/285/1025 1027/287/1027 1031/293/1031
f 1029/291/1029 1025/285/1025 1031/293/1031
f 1030/292/1030 1029/291/1029 1031/293/1031
f 1032/294/1032 1030/292/1030 1031/293/1031
f 1031/293/1031 1033/295/1033 1032/294/1032
f 1033/295/1033 1034/296/1034 1032/294/1032
f 1034/296/1034 1033/295/1033 1035/297/1035
f 1036/298/1036 1034/296/1034 1035/297/1035
f 1036/298/1036 1035/297/1035 1037/299/1037
f 1038/300/1038 1036/298/1036 1037/299/1037
f 1039/301/1039 1038/300/1038 1037/299/1037
f 1039/301/1039 1040/302/1040 1038/300/1038
f 1040/302/1040 1041/303/1041 1038/300/1038
f 1040/302/1040 1042/304/1042 1041/303/1041
f 1042/304/1042 1040/302/1040 1043/305/1043
f 1042/304/1042 1043/305/1043 1044/306/1044
f 1045/307/1045 1044/306/1044 1043/305/1043
f 1046/308/1046 1045/307/1045 1043/305/1043
f 1046/308/1046 1043/305/1043 1047/309/1047
f 1040/302/1040 1047/309/1047 1043/305/1043
f 1048/310/1048 1046/308/1046 1047/309/1047
f 1047/309/1047 1049/311/1049 1048/310/1048
f 1040/302/1040 1049/311/1049 1047/309/1047
f 1049/311/1049 1050/312/1050 1048/310/1048
f 1051/313/1051 1042/304/1042 1044/306/1044
f 1042/304/1042 1051/313/1051 1052/314/1052
f 1042/304/1042 1052/314/1052 1041/303/1041
f 1051/313/1051 1053/315/1053 1052/314/1052
f 1040/302/1040 1039/301/1039 1054/316/1054
f 1054/316/1054 1049/311/1049 1040/302/1040
f 1049/311/1049 1055/317/1055 1050/312/1050
f 1055/317/1055 1056/318/1056 1050/312/1050
f 1055/317/1055 1057/319/1057 1056/318/1056
f 1057/319/1057 1058/320/1058 1056/318/1056
f 1057/319/1057 1027/287/1027 1058/320/1058
f 1027/287/1027 1026/286/1026 1058/320/1058
f 1059/321/1059 1055/317/1055 1049/311/1049
f 1054/316/1054 1059/321/1059 1049/311/1049
f 1055/317/1055 1059/321/1059 1060/322/1060
f 1057/319/1057 1055/317/1055 1060/322/1060
f 1061/323/1061 1027/287/1027 1057/319/1057
f 1060/322/1060 1061/323/1061 1057/319/1057
f 1031/293/1031 1027/287/1027 1061/323/1061
f 1031/293/1031 1061/323/1061 1033/295/1033
f 1033/295/1033 1061/323/1061 1060/322/1060
f 1035/297/1035 1033/295/1033 1060/322/1060
f 1060/322/1060 1059/321/1059 1037/299/1037
f 1035/297/1035 1060/322/1060 1037/299/1037
f 1037/299/1037 1059/321/1059 1054/316/1054
f 1039/301/1039 1037/299/1037 1054/316/1054
f 1062/161/1062 869/130/869 883/144/883
f 899/160/899 1062/161/1062 883/144/883
f 1062/161/1062 870/131/870 869/130/869
f 1065/324/1063 1064/327/1064 1063/326/1065
f 1066/325/1066 1065/324/1063 1063/326/1065
f 1064/327/1064 1065/324/1063 1067/328/1067
f 1068/329/1068 1064/327/1064 1067/328/1067
f 1068/329/1068 1067/328/1067 1069/330/1069
f 1067/328/1067 1070/331/1070 1069/330/1069
f 1071/332/1071 1063/326/1065 1064/327/1064
f 1072/333/1072 1071/332/1071 1064/327/1064
f 1071/332/1071 1072/333/1072 1073/334/1073
f 1072/333/1072 1074/335/1074 1073/334/1073
f 1072/333/1072 1075/336/1075 1074/335/1074
f 1075/336/1075 1072/333/1072 1064/327/1064
f 1068/329/1068 1075/336/1075 1064/327/1064
f 1075/336/1075 1068/329/1068 1069/330/1069
f 1075/336/1075 1076/337/1076 1074/335/1074
f 1075/336/1075 1077/338/1077 1076/337/1076
f 1077/338/1077 1075/336/1075 1069/330/1069
f 1077/338/1077 1078/339/1078 1076/337/1076
f 1077/338/1077 1079/340/1079 1078/339/1078
f 1079/340/1079 1080/341/1080 1078/339/1078
f 1080/341/1080 1079/340/1079 1081/342/1081
f 1082/343/1082 1080/341/1080 1081/342/1081
f 1081/342/1081 1083/344/1083 1082/343/1082
f 1083/344/1083 1084/345/1084 1082/343/1082
f 1083/344/1083 1085/346/1085 1084/345/1084
f 1085/346/1085 1086/347/1086 1084/345/1084
f 1087/348/1087 1079/340/1079 1077/338/1077
f 1069/330/1069 1087/348/1087 1077/338/1077
f 1088/349/1088 1087/348/1087 1069/330/1069
f 1070/331/1070 1088/349/1088 1069/330/1069
f 1088/349/1088 1089/350/1089 1087/348/1087
f 1089/350/1089 1090/351/1090 1087/348/1087
f 1090/351/1090 1081/342/1081 1079/340/1079
f 1087/348/1087 1090/351/1090 1079/340/1079
f 1090/351/1090 1089/350/1089 1091/352/1091
f 1092/353/1092 1090/351/1090 1091/352/1091
f 1081/342/1081 1090/351/1090 1092/353/1092
f 1083/344/1083 1081/342/1081 1092/353/1092
f 1092/353/1092 1091/352/1091 1093/354/1093
f 1094/355/1094 1092/353/1092 1093/354/1093
f 1094/355/1094 1085/346/1085 1083/344/1083
f 1092/353/1092 1094/355/1094 1083/344/1083
f 1093/354/1093 1095/356/1095 1094/355/1094
f 1095/356/1095 1096/357/1096 1094/355/1094
f 1094/355/1094 1096/357/1096 1085/346/1085
f 1096/357/1096 1095/356/1095 953/216/953
f 952/215/952 1096/357/1096 953/216/953
f 1085/346/1085 1097/358/1097 1086/347/1086
f 1096/357/1096 1097/358/1097 1085/346/1085
f 1096/357/1096 952/215/952 1097/358/1097
f 952/215/952 938/200/938 1097/358/1097
f 938/200/938 952/215/952 936/198/936
f 952/215/952 950/213/950 936/198/936
f 1097/358/1097 938/200/938 1098/359/1098
f 938/200/938 937/199/937 1098/359/1098
f 1097/358/1097 1098/359/1098 1086/347/1086
f 965/228/965 939/201/939 941/203/941
f 965/228/965 967/230/967 939/201/939
f 967/230/967 940/202/940 939/201/939
f 1101/360/1099 1100/363/1100 1099/362/1101
f 1102/361/1102 1101/360/1099 1099/362/1101
f 1101/360/1099 1103/364/1103 1100/363/1100
f 1103/364/1103 1104/365/1104 1100/363/1100
f 1103/364/1103 1105/366/1105 1104/365/1104
f 1105/366/1105 1106/367/1106 1104/365/1104
f 1105/366/1105 1107/368/1107 1106/367/1106
f 1107/368/1107 1108/369/1108 1106/367/1106
f 1107/368/1107 1109/370/1109 1108/369/1108
f 1109/370/1109 1110/371/1110 1108/369/1108
f 1099/362/1101 1100/363/1100 1111/372/1111
f 1100/363/1100 1112/373/1112 1111/372/1111
f 1100/363/1100 1104/365/1104 1112/373/1112
f 1104/365/1104 1113/374/1113 1112/373/1112
f 1104/365/1104 1106/367/1106 1113/374/1113
f 1106/367/1106 1114/375/1114 1113/374/1113
f 1106/367/1106 1108/369/1108 1114/375/1114
f 1108/369/1108 1115/376/1115 1114/375/1114
f 1108/369/1108 1110/371/1110 1115/376/1115
f 1110/371/1110 1116/377/1116 1115/376/1115
f 1110/371/1110 1109/370/1109 1117/378/1117
f 1118/379/1118 1110/371/1110 1117/378/1117
f 1118/379/1118 1117/378/1117 1119/380/1119
f 1120/381/1120 1118/379/1118 1119/380/1119
f 1119/380/1119 1121/382/1121 1120/381/1120
f 1121/382/1121 1122/383/1122 1120/381/1120
f 1120/381/1120 1122/383/1122 1123/384/1123
f 1122/383/1122 1124/385/1124 1123/384/1123
f 1124/385/1124 1122/383/1122 1125/386/1125
f 1122/383/1122 1126/387/1126 1125/386/1125
f 1126/387/1126 1122/383/1122 1121/382/1121
f 1127/388/1127 1125/386/1125 1126/387/1126
f 1128/389/1128 1127/388/1127 1126/387/1126
f 1127/388/1127 1128/389/1128 1129/390/1129
f 1128/389/1128 1130/391/1130 1129/390/1129
f 1130/391/1130 1131/392/1131 1129/390/1129
f 1131/392/1131 1132/393/1132 1129/390/1129
f 1128/389/1128 1133/394/1133 1130/391/1130
f 1126/387/1126 1121/382/1121 1133/394/1133
f 1133/394/1133 1128/389/1128 1126/387/1126
f 1132/393/1132 1131/392/1131 1134/395/1134
f 1131/392/1131 1135/396/1135 1134/395/1134
f 1130/391/1130 1133/394/1133 1135/396/1135
f 1135/396/1135 1131/392/1131 1130/391/1130
f 1136/397/1136 1134/395/1134 1135/396/1135
f 1137/398/1137 1136/397/1136 1135/396/1135
f 1138/399/1138 1136/397/1136 1137/398/1137
f 1139/400/1139 1138/399/1138 1137/398/1137
f 1138/399/1138 1139/400/1139 1140/401/1140
f 1139/400/1139 1141/402/1141 1140/401/1140
f 1140/401/1140 1142/403/1142 1138/399/1138
f 1143/404/1143 1142/403/1142 1140/401/1140
f 1144/405/1144 1143/404/1143 1140/401/1140
f 1144/405/1144 1140/401/1140 1141/402/1141
f 1145/406/1145 1143/404/1143 1144/405/1144
f 1146/407/1146 1145/406/1145 1144/405/1144
f 1147/408/1147 1145/406/1145 1146/407/1146
f 1148/409/1148 1147/408/1147 1146/407/1146
f 1146/407/1146 1111/372/1111 1148/409/1148
f 1146/407/1146 1144/405/1144 1099/362/1101
f 1111/372/1111 1146/407/1146 1099/362/1101
f 1099/362/1101 1144/405/1144 1141/402/1141
f 1142/403/1142 1149/410/1149 1138/399/1138
f 1150/411/1150 1136/397/1136 1138/399/1138
f 1149/410/1149 1150/411/1150 1138/399/1138
f 1099/362/1101 1141/402/1141 1102/361/1102
f 1148/409/1148 1111/372/1111 1151/412/1151
f 1111/372/1111 1112/373/1112 1151/412/1151
f 1112/373/1112 1152/413/1152 1151/412/1151
f 1152/413/1152 1112/373/1112 1113/374/1113
f 1153/414/1153 1152/413/1152 1113/374/1113
f 1113/374/1113 1114/375/1114 1153/414/1153
f 1114/375/1114 1154/415/1154 1153/414/1153
f 1114/375/1114 1115/376/1115 1154/415/1154
f 1115/376/1115 1155/416/1155 1154/415/1154
f 1155/416/1155 1115/376/1115 1116/377/1116
f 1156/417/1156 1155/416/1155 1116/377/1116
f 1116/377/1116 1157/418/1157 1156/417/1156
f 1157/418/1157 1116/377/1116 1110/371/1110
f 1110/371/1110 1118/379/1118 1157/418/1157
f 1157/418/1157 1118/379/1118 1158/419/1158
f 1158/419/1158 1118/379/1118 1120/381/1120
f 1123/384/1123 1158/419/1158 1120/381/1120
f 1158/419/1158 1123/384/1123 1159/420/1159
f 1123/384/1123 1160/421/1160 1159/420/1159
f 1161/422/1161 1157/418/1157 1158/419/1158
f 1159/420/1159 1161/422/1161 1158/419/1158
f 1157/418/1157 1161/422/1161 1156/417/1156
f 1123/384/1123 1124/385/1124 1160/421/1160
f 1124/385/1124 1162/423/1162 1160/421/1160
f 1162/423/1162 1124/385/1124 1125/386/1125
f 1163/424/1163 1162/423/1162 1125/386/1125
f 1125/386/1125 1127/388/1127 1163/424/1163
f 1127/388/1127 1164/425/1164 1163/424/1163
f 1127/388/1127 1129/390/1129 1164/425/1164
f 1129/390/1129 1165/426/1165 1164/425/1164
f 1129/390/1129 1132/393/1132 1165/426/1165
f 1132/393/1132 1166/427/1166 1165/426/1165
f 1166/427/1166 1132/393/1132 1150/411/1150
f 1134/395/1134 1150/411/1150 1132/393/1132
f 1150/411/1150 1134/395/1134 1136/397/1136
f 1167/428/1167 1166/427/1166 1150/411/1150
f 1150/411/1150 1149/410/1149 1167/428/1167
f 1149/410/1149 1168/429/1168 1167/428/1167
f 1149/410/1149 1142/403/1142 1168/429/1168
f 1142/403/1142 1169/430/1169 1168/429/1168
f 1169/430/1169 1142/403/1142 1143/404/1143
f 1170/431/1170 1169/430/1169 1143/404/1143
f 1170/431/1170 1143/404/1143 1145/406/1145
f 1171/432/1171 1170/431/1170 1145/406/1145
f 1145/406/1145 1147/408/1147 1171/432/1171
f 1147/408/1147 1172/433/1172 1171/432/1171
f 1148/409/1148 1172/433/1172 1147/408/1147
f 1148/409/1148 1151/412/1151 1172/433/1172
f 1175/434/1173 1174/437/1174 1173/436/1175
f 1176/435/1176 1175/434/1173 1173/436/1175
f 1173/436/1175 1174/437/1174 1177/438/1177
f 1176/435/1176 1173/436/1175 1178/439/1178
f 1173/436/1175 1179/440/1179 1178/439/1178
f 1173/436/1175 1177/438/1177 1179/440/1179
f 1180/441/1180 1176/435/1176 1178/439/1178
f 1180/441/1180 1178/439/1178 1181/442/1181
f 1178/439/1178 1182/443/1182 1181/442/1181
f 1182/443/1182 1178/439/1178 1183/444/1183
f 1178/439/1178 1179/440/1179 1183/444/1183
f 1182/443/1182 1183/444/1183 1184/445/1184
f 1182/443/1182 1184/445/1184 1181/442/1181
f 1183/444/1183 1185/446/1185 1184/445/1184
f 1184/445/1184 1186/447/1186 1181/442/1181
f 1184/445/1184 1185/446/1185 1187/448/1187
f 1188/449/1188 1184/445/1184 1187/448/1187
f 1186/447/1186 1184/445/1184 1188/449/1188
f 1187/448/1187 1189/450/1189 1188/449/1188
f 1189/450/1189 1190/451/1190 1188/449/1188
f 1191/452/1191 1186/447/1186 1188/449/1188
f 1191/452/1191 1188/449/1188 1190/451/1190
f 1192/453/1192 1191/452/1191 1190/451/1190
f 1192/453/1192 1190/451/1190 1189/450/1189
f 1193/454/1193 1192/453/1192 1189/450/1189
f 1196/455/1194 1195/458/1195 1194/457/1196
f 1197/456/1197 1196/455/1194 1194/457/1196
f 1197/456/1197 1194/457/1196 1198/459/1198
f 1199/460/1199 1197/456/1197 1198/459/1198
f 1198/459/1198 1200/461/1200 1199/460/1199
f 1200/461/1200 1201/462/1201 1199/460/1199
f 1197/456/1197 1202/463/1202 1196/455/1194
f 1202/463/1202 1203/464/1203 1196/455/1194
f 1204/465/1204 1202/463/1202 1197/456/1197
f 1199/460/1199 1204/465/1204 1197/456/1197
f 1204/465/1204 1199/460/1199 1201/462/1201
f 1205/466/1205 1204/465/1204 1201/462/1201
f 1200/461/1200 1206/467/1206 1201/462/1201
f 1206/467/1206 1207/468/1207 1201/462/1201
f 1207/468/1207 1206/467/1206 1208/469/1208
f 1209/470/1209 1207/468/1207 1208/469/1208
f 1209/470/1209 1208/469/1208 1210/471/1210
f 1211/472/1211 1209/470/1209 1210/471/1210
f 1211/472/1211 1210/471/1210 1212/473/1212
f 1213/474/1213 1211/472/1211 1212/473/1212
f 1213/474/1213 1212/473/1212 1214/475/1214
f 1215/476/1215 1213/474/1213 1214/475/1214
f 1216/477/1216 1203/464/1203 1202/463/1202
f 1217/478/1217 1216/477/1216 1202/463/1202
f 1217/478/1217 1202/463/1202 1204/465/1204
f 1218/479/1218 1217/478/1217 1204/465/1204
f 1204/465/1204 1205/466/1205 1218/479/1218
f 1205/466/1205 1219/480/1219 1218/479/1218
f 1220/481/1220 1219/480/1219 1205/466/1205
f 1221/482/1221 1220/481/1220 1205/466/1205
f 1201/462/1201 1207/468/1207 1221/482/1221
f 1205/466/1205 1201/462/1201 1221/482/1221
f 1215/476/1215 1214/475/1214 1222/483/1222
f 1223/484/1223 1215/476/1215 1222/483/1222
f 1223/484/1223 1222/483/1222 1224/485/1224
f 1225/486/1225 1223/484/1223 1224/485/1224
f 1225/486/1225 1224/485/1224 1226/487/1226
f 1227/488/1227 1225/486/1225 1226/487/1226
f 1227/488/1227 1226/487/1226 1228/489/1228
f 1229/490/1229 1227/488/1227 1228/489/1228
f 1220/481/1220 1221/482/1221 1230/491/1230
f 1231/492/1231 1220/481/1220 1230/491/1230
f 1231/492/1231 1230/491/1230 1232/493/1232
f 1233/494/1233 1231/492/1231 1232/493/1232
f 1233/494/1233 1232/493/1232 1234/495/1234
f 1235/496/1235 1233/494/1233 1234/495/1234
f 1234/495/1234 1236/497/1236 1235/496/1235
f 1236/497/1236 1237/498/1237 1235/496/1235
f 1230/491/1230 1211/472/1211 1232/493/1232
f 1230/491/1230 1209/470/1209 1211/472/1211
f 1207/468/1207 1209/470/1209 1230/491/1230
f 1221/482/1221 1207/468/1207 1230/491/1230
f 1232/493/1232 1211/472/1211 1213/474/1213
f 1232/493/1232 1213/474/1213 1234/495/1234
f 1234/495/1234 1213/474/1213 1215/476/1215
f 1234/495/1234 1215/476/1215 1236/497/1236
f 1237/498/1237 1236/497/1236 1238/499/1238
f 1236/497/1236 1215/476/1215 1238/499/1238
f 1239/500/1239 1237/498/1237 1238/499/1238
f 1215/476/1215 1223/484/1223 1238/499/1238
f 1238/499/1238 1223/484/1223 1225/486/1225
f 1225/486/1225 1240/501/1240 1238/499/1238
f 1238/499/1238 1240/501/1240 1239/500/1239
f 1227/488/1227 1240/501/1240 1225/486/1225
f 1241/502/1241 1240/501/1240 1227/488/1227
f 1242/503/1242 1241/502/1241 1227/488/1227
f 1242/503/1242 1227/488/1227 1243/504/1243
f 1242/503/1242 1243/504/1243 1244/505/1244
f 1243/504/1243 1245/506/1245 1244/505/1244
f 1227/488/1227 1229/490/1229 1243/504/1243
f 1240/501/1240 1246/507/1246 1239/500/1239
f 1242/503/1242 1244/505/1244 1247/508/1247
f 1248/509/1248 1242/503/1242 1247/508/1247
f 1240/501/1240 1249/510/1249 1246/507/1246
f 1240/501/1240 1241/502/1241 1249/510/1249
f 1249/510/1249 1250/511/1250 1246/507/1246
f 1250/511/1250 1249/510/1249 1251/512/1251
f 1252/513/1252 1250/511/1250 1251/512/1251
f 1252/513/1252 1251/512/1251 1253/514/1253
f 1254/515/1254 1252/513/1252 1253/514/1253
f 1248/509/1248 1247/508/1247 1255/516/1255
f 1256/517/1256 1248/509/1248 1255/516/1255
f 1255/516/1255 1257/518/1257 1256/517/1256
f 1257/518/1257 1258/519/1258 1256/517/1256
f 1251/512/1251 1249/510/1249 1259/520/1259
f 1249/510/1249 1260/521/1260 1259/520/1259
f 1260/521/1260 1248/509/1248 1256/517/1256
f 1259/520/1259 1260/521/1260 1256/517/1256
f 1241/502/1241 1260/521/1260 1249/510/1249
f 1242/503/1242 1248/509/1248 1260/521/1260
f 1241/502/1241 1242/503/1242 1260/521/1260
f 1251/512/1251 1259/520/1259 1261/522/1261
f 1253/514/1253 1251/512/1251 1261/522/1261
f 1261/522/1261 1259/520/1259 1256/517/1256
f 1258/519/1258 1261/522/1261 1256/517/1256
f 1262/523/1262 1261/522/1261 1258/519/1258
f 1263/524/1263 1262/523/1262 1258/519/1258
f 1264/525/1264 1253/514/1253 1261/522/1261
f 1262/523/1262 1264/525/1264 1261/522/1261
f 1258/519/1258 1265/526/1265 1263/524/1263
f 1257/518/1257 1266/527/1266 1258/519/1258
f 1265/526/1265 1258/519/1258 1266/527/1266
f 1254/515/1254 1253/514/1253 1267/528/1267
f 1267/528/1267 1253/514/1253 1264/525/1264
f 1268/541/1268 1254/515/1254 1267/528/1267
f 1262/523/1262 1263/524/1263 1269/529/1269
f 1262/523/1262 1269/529/1269 1270/530/1270
f 1262/523/1262 1270/530/1270 1264/525/1264
f 1270/530/1270 1269/529/1269 1271/531/1271
f 1264/525/1264 1270/530/1270 1271/531/1271
f 1264/525/1264 1271/531/1271 1267/528/1267
f 1269/529/1269 1272/532/1272 1271/531/1271
f 1269/529/1269 1263/524/1263 1272/532/1272
f 1272/532/1272 1263/524/1263 1265/526/1265
f 1273/533/1273 1272/532/1272 1265/526/1265
f 779/42/779 1267/528/1267 1271/531/1271
f 1267/528/1267 779/42/779 782/45/782
f 1274/534/1274 1267/528/1267 782/45/782
f 1267/528/1267 1274/534/1274 1268/541/1268
f 1274/534/1274 782/45/782 783/46/783
f 1275/535/1275 1274/534/1274 783/46/783
f 1274/534/1274 1275/535/1275 1268/541/1268
f 1276/536/1276 1275/535/1275 783/46/783
f 1276/536/1276 783/46/783 785/537/785
f 1277/540/1277 1276/536/1276 785/537/785
f 1277/540/1277 785/537/785 786/538/786
f 1278/539/1278 1277/540/1277 786/538/786
f 786/538/786 787/47/787 1278/539/1278
f 787/47/787 789/49/789 1278/539/1278
f 781/44/781 779/42/779 1271/531/1271
f 1273/533/1273 1279/589/1279 1272/532/1272
f 1280/590/1280 1279/589/1279 1273/533/1273
f 1279/589/1279 1280/590/1280 1281/588/1281
f 1282/579/1282 1279/589/1279 1281/588/1281
f 781/44/781 1279/589/1279 1282/579/1282
f 1282/579/1282 1281/588/1281 1283/576/1283
f 1284/578/1284 1282/579/1282 1283/576/1283
f 1282/579/1282 1284/578/1284 780/43/780
f 780/43/780 781/44/781 1282/579/1282
f 1284/578/1284 1285/580/1285 780/43/780
f 1285/580/1285 1284/578/1284 1286/581/1286
f 1286/581/1286 1284/578/1284 1287/582/1287
f 1286/581/1286 1287/582/1287 1288/583/1288
f 1289/584/1289 1286/581/1286 1288/583/1288
f 1286/581/1286 1289/584/1289 1290/585/1290
f 1286/581/1286 1290/585/1290 1285/580/1285
f 1289/584/1289 1291/586/1291 1290/585/1290
f 1291/586/1291 1289/584/1289 1292/587/1292
f 1289/584/1289 1288/583/1288 1292/587/1292
f 780/43/780 1285/580/1285 778/41/778
f 1285/580/1285 777/40/777 778/41/778
f 1290/585/1290 1291/586/1291 1293/591/1293
f 777/40/777 1285/580/1285 1293/591/1293
f 1293/591/1293 1291/586/1291 1292/587/1292
f 1293/591/1293 1285/580/1285 1290/585/1290
f 1288/583/1288 1287/582/1287 1294/577/1294
f 1294/577/1294 1287/582/1287 1284/578/1284
f 1294/577/1294 1284/578/1284 1283/576/1283
f 1294/577/1294 1283/576/1283 1295/573/1295
f 1283/576/1283 1296/574/1296 1295/573/1295
f 1296/574/1296 1297/569/1297 1295/573/1295
f 1297/569/1297 1298/570/1298 1295/573/1295
f 1298/570/1298 1297/569/1297 1299/571/1299
f 1297/569/1297 1300/572/1300 1299/571/1299
f 1298/570/1298 1301/575/1301 1295/573/1295
f 777/40/777 1293/591/1293 1302/592/1302
f 1293/591/1293 1303/593/1303 1302/592/1302
f 777/40/777 1302/592/1302 1304/594/1304
f 775/38/775 777/40/777 1304/594/1304
f 775/38/775 1304/594/1304 1305/595/1305
f 773/36/773 775/38/775 1305/595/1305
f 773/36/773 1305/595/1305 813/71/813
f 769/30/769 773/36/773 813/71/813
f 1306/596/1306 1305/595/1305 1304/594/1304
f 813/71/813 1305/595/1305 1306/596/1306
f 1307/597/1307 1306/596/1306 1304/594/1304
f 1304/594/1304 1302/592/1302 1307/597/1307
f 1302/592/1302 1308/598/1308 1307/597/1307
f 1302/592/1302 1303/593/1303 1308/598/1308
f 817/76/817 813/71/813 1306/596/1306
f 817/76/817 1306/596/1306 1309/599/1309
f 1306/596/1306 1307/597/1307 1309/599/1309
f 818/77/818 817/76/817 1309/599/1309
f 1307/597/1307 1310/600/1310 1309/599/1309
f 1307/597/1307 1308/598/1308 1311/601/1311
f 1310/600/1310 1307/597/1307 1311/601/1311
f 1308/598/1308 1312/602/1312 1311/601/1311
f 1303/593/1303 1312/602/1312 1308/598/1308
f 1312/602/1312 1313/603/1313 1311/601/1311
f 1312/602/1312 1303/593/1303 1301/575/1301
f 1301/575/1301 1303/593/1303 1314/604/1314
f 1295/573/1295 1301/575/1301 1314/604/1314
f 1294/577/1294 1295/573/1295 1314/604/1314
f 1294/577/1294 1314/604/1314 1288/583/1288
f 1314/604/1314 1292/587/1292 1288/583/1288
f 1314/604/1314 1293/591/1293 1292/587/1292
f 1303/593/1303 1293/591/1293 1314/604/1314
f 1317/542/1315 1316/545/1316 1315/544/1317
f 1318/543/1318 1317/542/1315 1315/544/1317
f 1317/542/1315 1319/546/1319 1316/545/1316
f 1319/546/1319 1320/547/1320 1316/545/1316
f 1315/544/1317 1321/548/1321 1318/543/1318
f 1321/548/1321 1322/549/1322 1318/543/1318
f 1322/549/1322 1321/548/1321 1323/550/1323
f 1324/551/1324 1322/549/1322 1323/550/1323
f 1324/551/1324 1323/550/1323 1325/552/1325
f 1323/550/1323 1326/553/1326 1325/552/1325
f 1325/552/1325 1326/553/1326 1195/458/1195
f 1196/455/1194 1325/552/1325 1195/458/1195
f 1325/552/1325 1196/455/1194 1327/554/1327
f 1196/455/1194 1203/464/1203 1327/554/1327
f 1325/552/1325 1327/554/1327 1328/555/1328
f 1324/551/1324 1325/552/1325 1328/555/1328
f 1322/549/1322 1324/551/1324 1328/555/1328
f 1329/556/1329 1327/554/1327 1203/464/1203
f 1216/477/1216 1329/556/1329 1203/464/1203
f 1327/554/1327 1329/556/1329 1330/557/1330
f 1328/555/1328 1327/554/1327 1330/557/1330
f 1322/549/1322 1328/555/1328 1331/558/1331
f 1331/558/1331 1318/543/1318 1322/549/1322
f 1318/543/1318 1331/558/1331 1317/542/1315
f 1328/555/1328 1330/557/1330 1332/559/1332
f 1331/558/1331 1328/555/1328 1332/559/1332
f 1331/558/1331 1332/559/1332 1333/560/1333
f 1334/561/1334 1331/558/1331 1333/560/1333
f 1331/558/1331 1334/561/1334 1317/542/1315
f 1317/542/1315 1334/561/1334 1319/546/1319
f 1333/560/1333 1335/562/1335 1334/561/1334
f 1335/562/1335 1336/563/1336 1334/561/1334
f 1334/561/1334 1336/563/1336 1319/546/1319
f 1336/563/1336 1335/562/1335 1337/564/1337
f 1338/565/1338 1336/563/1336 1337/564/1337
f 1319/546/1319 1336/563/1336 1339/566/1339
f 1336/563/1336 1338/565/1338 1339/566/1339
f 1339/566/1339 1320/547/1320 1319/546/1319
f 1320/547/1320 1339/566/1339 1340/567/1340
f 1341/568/1341 1340/567/1340 1339/566/1339
f 1339/566/1339 1338/565/1338 1341/568/1341
f 802/62/802 1342/605/1342 804/64/804
f 806/66/806 804/64/804 1342/605/1342
f 1279/589/1279 781/44/781 1271/531/1271
f 1272/532/1272 1279/589/1279 1271/531/1271
f 1345/606/1343 1344/609/1344 1343/608/1345
f 1346/607/1346 1345/606/1343 1343/608/1345
f 1347/610/1347 1343/608/1345 1344/609/1344
f 1348/611/1348 1347/610/1347 1344/609/1344
f 1347/610/1347 1348/611/1348 1349/612/1349
f 1350/613/1350 1347/610/1347 1349/612/1349
f 1350/613/1350 1349/612/1349 1351/614/1351
f 1349/612/1349 1352/615/1352 1351/614/1351
f 1346/607/1346 1343/608/1345 1353/616/1353
f 1354/617/1354 1346/607/1346 1353/616/1353
f 1343/608/1345 1347/610/1347 1355/618/1355
f 1353/616/1353 1343/608/1345 1355/618/1355
f 1347/610/1347 1350/613/1350 1356/619/1356
f 1355/618/1355 1347/610/1347 1356/619/1356
f 1350/613/1350 1351/614/1351 1357/620/1357
f 1356/619/1356 1350/613/1350 1357/620/1357
f 1353/616/1353 1358/621/1358 1354/617/1354
f 1358/621/1358 1353/616/1353 1355/618/1355
f 1358/621/1358 1359/622/1359 1354/617/1354
f 1358/621/1358 1355/618/1355 1360/623/1360
f 1360/623/1360 1355/618/1355 1356/619/1356
f 1358/621/1358 1360/623/1360 1361/624/1361
f 1358/621/1358 1361/624/1361 1359/622/1359
f 1360/623/1360 1362/625/1362 1361/624/1361
f 1361/624/1361 1362/625/1362 1363/626/1363
f 1364/627/1364 1361/624/1361 1363/626/1363
f 1365/628/1365 1364/627/1364 1363/626/1363
f 1366/629/1366 1365/628/1365 1363/626/1363
f 1362/625/1362 1367/630/1367 1363/626/1363
f 1368/631/1368 1363/626/1363 1367/630/1367
f 1368/631/1368 1369/632/1369 1363/626/1363
f 1366/629/1366 1363/626/1363 1369/632/1369
f 1368/631/1368 1367/630/1367 1370/633/1370
f 1367/630/1367 1371/634/1371 1370/633/1370
f 1371/634/1371 1367/630/1367 1362/625/1362
f 1361/624/1361 1372/635/1372 1359/622/1359
f 1372/635/1372 1361/624/1361 1364/627/1364
f 1373/636/1373 1362/625/1362 1360/623/1360
f 1373/636/1373 1371/634/1371 1362/625/1362
f 1374/637/1374 1373/636/1373 1360/623/1360
f 1374/637/1374 1360/623/1360 1356/619/1356
f 1357/620/1357 1374/637/1374 1356/619/1356
f 1375/638/1375 1372/635/1372 1364/627/1364
f 1375/638/1375 1364/627/1364 1365/628/1365
f 1368/631/1368 1370/633/1370 1376/639/1376
f 1369/632/1369 1368/631/1368 1376/639/1376
f 1377/640/1377 1366/629/1366 1369/632/1369
f 1376/639/1376 1377/640/1377 1369/632/1369
f 1378/641/1378 1365/628/1365 1366/629/1366
f 1377/640/1377 1378/641/1378 1366/629/1366
f 1378/641/1378 1375/638/1375 1365/628/1365
f 1799/642/1379 1798/643/1380 1797/644/1381
f 1800/645/1382 1797/644/1381 1798/643/1380
f 1797/644/1381 1800/645/1382 1801/646/1383
f 1802/647/1384 1797/644/1381 1801/646/1383
f 1803/648/1385 1800/645/1382 1798/643/1380
f 1803/648/1385 1798/643/1380 1799/642/1379
f 1803/648/1385 1799/642/1379 1804/649/1386
f 1799/642/1379 1805/650/1387 1804/649/1386
f 1805/650/1387 1806/651/1388 1804/649/1386
f 1804/649/1386 1807/652/1389 1803/648/1385
f 1807/652/1389 1804/649/1386 1808/653/1390
f 1809/654/1391 1807/652/1389 1808/653/1390
f 1809/654/1391 1810/655/1392 1807/652/1389
f 1811/656/1393 1810/655/1392 1809/654/1391
f 1812/657/1394 1811/656/1393 1809/654/1391
f 1812/657/1394 1809/654/1391 1808/653/1390
f 1813/658/1395 1811/656/1393 1812/657/1394
f 1814/659/1396 1813/658/1395 1812/657/1394
f 1812/657/1394 1815/660/1397 1814/659/1396
f 1815/660/1397 1812/657/1394 1808/653/1390
f 1815/660/1397 1816/661/1398 1814/659/1396
f 1817/662/1399 1816/661/1398 1815/660/1397
f 1818/663/1400 1817/662/1399 1815/660/1397
f 1817/662/1399 1819/664/1401 1816/661/1398
f 1819/664/1401 1820/665/1402 1816/661/1398
f 1816/661/1398 1820/665/1402 1814/659/1396
f 1818/663/1400 1821/666/1403 1817/662/1399
f 1822/667/1404 1821/666/1403 1818/663/1400
f 1823/668/1405 1822/667/1404 1818/663/1400
f 1821/666/1403 1824/669/1406 1817/662/1399
f 1817/662/1399 1824/669/1406 1819/664/1401
f 1824/669/1406 1825/670/1407 1819/664/1401
f 1826/671/1408 1822/667/1404 1823/668/1405
f 1827/672/1409 1826/671/1408 1823/668/1405
f 1826/671/1408 1828/673/1410 1822/667/1404
f 1828/673/1410 1829/674/1411 1822/667/1404
f 1822/667/1404 1829/674/1411 1821/666/1403
f 1828/673/1410 1830/675/1412 1829/674/1411
f 1830/675/1412 1831/676/1413 1829/674/1411
f 1832/677/1414 1831/676/1413 1830/675/1412
f 1831/676/1413 1832/677/1414 1833/678/1415
f 1832/677/1414 1834/679/1416 1833/678/1415
f 1832/677/1414 1835/680/1417 1834/679/1416
f 1835/680/1417 1836/681/1418 1834/679/1416
f 1834/679/1416 1836/681/1418 1837/682/1419
f 1836/681/1418 1838/683/1420 1837/682/1419
f 1837/682/1419 1838/683/1420 1839/684/1421
f 1838/683/1420 1840/685/1422 1839/684/1421
f 1841/686/1423 1835/680/1417 1832/677/1414
f 1842/687/1424 1841/686/1423 1832/677/1414
f 1842/687/1424 1832/677/1414 1830/675/1412
f 1834/679/1416 1837/682/1419 1843/688/1425
f 1833/678/1415 1834/679/1416 1843/688/1425
f 1841/686/1423 1844/689/1426 1835/680/1417
f 1844/689/1426 1845/690/1427 1835/680/1417
f 1835/680/1417 1845/690/1427 1836/681/1418
f 1840/685/1422 1838/683/1420 1846/691/1428
f 1838/683/1420 1847/692/1429 1846/691/1428
f 1848/693/1430 1843/688/1425 1837/682/1419
f 1839/684/1421 1848/693/1430 1837/682/1419
f 1849/694/1431 1843/688/1425 1848/693/1430
f 1850/695/1432 1849/694/1431 1848/693/1430
f 1847/692/1429 1851/696/1433 1846/691/1428
f 1852/697/1434 1851/696/1433 1847/692/1429
f 1853/698/1435 1852/697/1434 1847/692/1429
f 1853/698/1435 1847/692/1429 1838/683/1420
f 1854/699/1436 1852/697/1434 1853/698/1435
f 1845/690/1427 1854/699/1436 1853/698/1435
f 1854/699/1436 1845/690/1427 1844/689/1426
f 1855/700/1437 1854/699/1436 1844/689/1426
f 1851/696/1433 1856/701/1438 1846/691/1428
f 1849/694/1431 1850/695/1432 1825/670/1407
f 1824/669/1406 1849/694/1431 1825/670/1407
f 1857/702/1439 1849/694/1431 1824/669/1406
f 1821/666/1403 1857/702/1439 1824/669/1406
f 1829/674/1411 1857/702/1439 1821/666/1403
f 1857/702/1439 1833/678/1415 1849/694/1431
f 1833/678/1415 1843/688/1425 1849/694/1431
f 1831/676/1413 1833/678/1415 1857/702/1439
f 1829/674/1411 1831/676/1413 1857/702/1439
f 1854/699/1436 1858/703/1440 1852/697/1434
f 1858/703/1440 1859/704/1441 1852/697/1434
f 1852/697/1434 1859/704/1441 1851/696/1433
f 1858/703/1440 1860/705/1442 1859/704/1441
f 1860/705/1442 1861/706/1443 1859/704/1441
f 1859/704/1441 1861/706/1443 1862/707/1444
f 1861/706/1443 1863/708/1445 1862/707/1444
f 1862/707/1444 1863/708/1445 1864/709/1446
f 1862/707/1444 1864/709/1446 1856/701/1438
f 1863/708/1445 1865/710/1447 1864/709/1446
f 1866/711/1448 1860/705/1442 1858/703/1440
f 1867/712/1449 1866/711/1448 1858/703/1440
f 1861/706/1443 1868/713/1450 1863/708/1445
f 1868/713/1450 1869/714/1451 1863/708/1445
f 1869/714/1451 1868/713/1450 1870/715/1452
f 1870/715/1452 1868/713/1450 1871/716/1453
f 1868/713/1450 1872/717/1454 1871/716/1453
f 1872/717/1454 1868/713/1450 1861/706/1443
f 1860/705/1442 1872/717/1454 1861/706/1443
f 1872/717/1454 1860/705/1442 1866/711/1448
f 1871/716/1453 1872/717/1454 1866/711/1448
f 1873/718/1455 1869/714/1451 1870/715/1452
f 1873/718/1455 1865/710/1447 1863/708/1445
f 1869/714/1451 1873/718/1455 1863/708/1445
f 1867/712/1449 1858/703/1440 1854/699/1436
f 1855/700/1437 1867/712/1449 1854/699/1436
f 1851/696/1433 1862/707/1444 1856/701/1438
f 1859/704/1441 1862/707/1444 1851/696/1433
f 1876/719/1456 1875/720/1457 1874/721/1458
f 1877/722/1459 1876/719/1456 1874/721/1458
f 1878/723/1460 1876/719/1456 1877/722/1459
f 1879/724/1461 1878/723/1460 1877/722/1459
f 1880/725/1462 1878/723/1460 1879/724/1461
f 1881/726/1463 1880/725/1462 1879/724/1461
f 1880/725/1462 1882/727/1464 1878/723/1460
f 1882/727/1464 1883/728/1465 1878/723/1460
f 1874/721/1458 1875/720/1457 1884/729/1466
f 1805/650/1387 1874/721/1458 1884/729/1466
f 1883/728/1465 1882/727/1464 1885/730/1467
f 1886/731/1468 1883/728/1465 1885/730/1467
f 1886/731/1468 1885/730/1467 1887/732/1469
f 1885/730/1467 1888/733/1470 1887/732/1469
f 1885/730/1467 1889/734/1471 1888/733/1470
f 1885/730/1467 1890/735/1472 1889/734/1471
f 1885/730/1467 1882/727/1464 1890/735/1472
f 1890/735/1472 1882/727/1464 1880/725/1462
f 1889/734/1471 1891/736/1473 1888/733/1470
f 1891/736/1473 1889/734/1471 1892/737/1474
f 1889/734/1471 1893/738/1475 1892/737/1474
f 1890/735/1472 1893/738/1475 1889/734/1471
f 1893/738/1475 1890/735/1472 1894/739/1476
f 1894/739/1476 1890/735/1472 1880/725/1462
f 1894/739/1476 1880/725/1462 1881/726/1463
f 1895/740/1477 1891/736/1473 1892/737/1474
f 1892/737/1474 1896/741/1478 1895/740/1477
f 1892/737/1474 1897/742/1479 1896/741/1478
f 1893/738/1475 1897/742/1479 1892/737/1474
f 1897/742/1479 1893/738/1475 1898/743/1480
f 1898/743/1480 1893/738/1475 1894/739/1476
f 1899/744/1481 1898/743/1480 1894/739/1476
f 1900/745/1482 1899/744/1481 1894/739/1476
f 1898/743/1480 1899/744/1481 1901/746/1483
f 1902/747/1484 1898/743/1480 1901/746/1483
f 1897/742/1479 1898/743/1480 1902/747/1484
f 1897/742/1479 1902/747/1484 1903/748/1485
f 1904/749/1486 1897/742/1479 1903/748/1485
f 1897/742/1479 1904/749/1486 1896/741/1478
f 1904/749/1486 1903/748/1485 1905/750/1487
f 1903/748/1485 1906/751/1488 1905/750/1487
f 1902/747/1484 1901/746/1483 1907/752/1489
f 1903/748/1485 1902/747/1484 1907/752/1489
f 1903/748/1485 1907/752/1489 1906/751/1488
f 1904/749/1486 1905/750/1487 1908/753/1490
f 1896/741/1478 1904/749/1486 1908/753/1490
f 1896/741/1478 1909/754/1491 1895/740/1477
f 1896/741/1478 1908/753/1490 1909/754/1491
f 1908/753/1490 1910/755/1492 1909/754/1491
f 1907/752/1489 1911/756/1493 1906/751/1488
f 1899/744/1481 1900/745/1482 1912/757/1494
f 1900/745/1482 1913/758/1495 1912/757/1494
f 1913/758/1495 1900/745/1482 1914/759/1496
f 1913/758/1495 1914/759/1496 1915/760/1497
f 1914/759/1496 1916/761/1498 1915/760/1497
f 1915/760/1497 1917/762/1499 1913/758/1495
f 1913/758/1495 1917/762/1499 1912/757/1494
f 1907/752/1489 1918/763/1500 1911/756/1493
f 1918/763/1500 1919/764/1501 1911/756/1493
f 1907/752/1489 1901/746/1483 1918/763/1500
f 1901/746/1483 1920/765/1502 1918/763/1500
f 1920/765/1502 1912/757/1494 1921/766/1503
f 1920/765/1502 1921/766/1503 1922/767/1504
f 1923/768/1505 1920/765/1502 1922/767/1504
f 1918/763/1500 1923/768/1505 1919/764/1501
f 1923/768/1505 1918/763/1500 1920/765/1502
f 1912/757/1494 1924/769/1506 1921/766/1503
f 1917/762/1499 1915/760/1497 1924/769/1506
f 1917/762/1499 1924/769/1506 1912/757/1494
f 1921/766/1503 1925/770/1507 1922/767/1504
f 1925/770/1507 1926/771/1508 1922/767/1504
f 1922/767/1504 1926/771/1508 1927/772/1509
f 1923/768/1505 1922/767/1504 1927/772/1509
f 1926/771/1508 1928/773/1510 1927/772/1509
f 1927/772/1509 1928/773/1510 1381/28/1511
f 1927/772/1509 1381/28/1511 1929/774/1512
f 1923/768/1505 1927/772/1509 1929/774/1512
f 1923/768/1505 1929/774/1512 1919/764/1501
f 1381/28/1511 1379/27/1513 1929/774/1512
f 1928/773/1510 1930/775/1514 1381/28/1511
f 1381/28/1511 1930/775/1514 1380/25/1515
f 1930/775/1514 1931/776/1516 1380/25/1515
f 1932/777/1517 1925/770/1507 1921/766/1503
f 1924/769/1506 1932/777/1517 1921/766/1503
f 1932/777/1517 1933/778/1518 1925/770/1507
f 1934/779/1519 1933/778/1518 1932/777/1517
f 1935/780/1520 1933/778/1518 1934/779/1519
f 1936/781/1521 1935/780/1520 1934/779/1519
f 1936/781/1521 1934/779/1519 1937/782/1522
f 1934/779/1519 1938/783/1523 1937/782/1522
f 1935/780/1520 1939/784/1524 1933/778/1518
f 1939/784/1524 1940/785/1525 1933/778/1518
f 1940/785/1525 1939/784/1524 1941/786/1526
f 1939/784/1524 1942/787/1527 1941/786/1526
f 1938/783/1523 1943/788/1528 1937/782/1522
f 1943/788/1528 1944/789/1529 1937/782/1522
f 1945/790/1530 1935/780/1520 1936/781/1521
f 1935/780/1520 1945/790/1530 1939/784/1524
f 1946/791/1531 1945/790/1530 1936/781/1521
f 1936/781/1521 1937/782/1522 1946/791/1531
f 1946/791/1531 1947/792/1532 1945/790/1530
f 1947/792/1532 1948/793/1533 1945/790/1530
f 1949/794/1534 1947/792/1532 1946/791/1531
f 1950/795/1535 1949/794/1534 1946/791/1531
f 1937/782/1522 1944/789/1529 1950/795/1535
f 1937/782/1522 1950/795/1535 1946/791/1531
f 1945/790/1530 1948/793/1533 1951/796/1536
f 1945/790/1530 1951/796/1536 1939/784/1524
f 1948/793/1533 1952/797/1537 1951/796/1536
f 1951/796/1536 1952/797/1537 1953/798/1538
f 1953/798/1538 1942/787/1527 1939/784/1524
f 1951/796/1536 1953/798/1538 1939/784/1524
f 1952/797/1537 1954/799/1539 1953/798/1538
f 1953/798/1538 1954/799/1539 1955/800/1540
f 1954/799/1539 1956/801/1541 1955/800/1540
f 1955/800/1540 1956/801/1541 1957/802/1542
f 1956/801/1541 1958/803/1543 1957/802/1542
f 1957/802/1542 1958/803/1543 1959/804/1544
f 1958/803/1543 1960/805/1545 1959/804/1544
f 1961/806/1546 1949/794/1534 1950/795/1535
f 1962/807/1547 1961/806/1546 1950/795/1535
f 1955/800/1540 1957/802/1542 1963/808/1548
f 1964/809/1549 1955/800/1540 1963/808/1548
f 1953/798/1538 1955/800/1540 1964/809/1549
f 1942/787/1527 1953/798/1538 1964/809/1549
f 1952/797/1537 1965/810/1550 1954/799/1539
f 1965/810/1550 1952/797/1537 1948/793/1533
f 1966/811/1551 1965/810/1550 1948/793/1533
f 1966/811/1551 1948/793/1533 1947/792/1532
f 1967/812/1552 1966/811/1551 1947/792/1532
f 1967/812/1552 1947/792/1532 1968/813/1553
f 1947/792/1532 1949/794/1534 1968/813/1553
f 1949/794/1534 1961/806/1546 1968/813/1553
f 1960/805/1545 1958/803/1543 1969/814/1554
f 1958/803/1543 1970/815/1555 1969/814/1554
f 1961/806/1546 1971/816/1556 1968/813/1553
f 1972/817/1557 1966/811/1551 1967/812/1552
f 1966/811/1551 1972/817/1557 1965/810/1550
f 1973/818/1558 1972/817/1557 1967/812/1552
f 1967/812/1552 1968/813/1553 1973/818/1558
f 1972/817/1557 1974/819/1559 1965/810/1550
f 1968/813/1553 1971/816/1556 1975/820/1560
f 1968/813/1553 1975/820/1560 1973/818/1558
f 1971/816/1556 1976/821/1561 1975/820/1560
f 1974/819/1559 1977/822/1562 1965/810/1550
f 1970/815/1555 1978/823/1563 1969/814/1554
f 1979/824/1564 1978/823/1563 1970/815/1555
f 1980/825/1565 1979/824/1564 1970/815/1555
f 1977/822/1562 1979/824/1564 1980/825/1565
f 1980/825/1565 1970/815/1555 1958/803/1543
f 1981/826/1566 1977/822/1562 1980/825/1565
f 1977/822/1562 1981/826/1566 1965/810/1550
f 1965/810/1550 1981/826/1566 1954/799/1539
f 1978/823/1563 1982/827/1567 1969/814/1554
f 1956/801/1541 1980/825/1565 1958/803/1543
f 1981/826/1566 1980/825/1565 1956/801/1541
f 1954/799/1539 1981/826/1566 1956/801/1541
f 1977/822/1562 1983/828/1568 1979/824/1564
f 1983/828/1568 1984/829/1569 1979/824/1564
f 1979/824/1564 1984/829/1569 1978/823/1563
f 1983/828/1568 1985/830/1570 1984/829/1569
f 1985/830/1570 1986/831/1571 1984/829/1569
f 1984/829/1569 1986/831/1571 1987/832/1572
f 1978/823/1563 1987/832/1572 1982/827/1567
f 1984/829/1569 1987/832/1572 1978/823/1563
f 1986/831/1571 1988/833/1573 1987/832/1572
f 1987/832/1572 1988/833/1573 1989/834/1574
f 1987/832/1572 1989/834/1574 1982/827/1567
f 1988/833/1573 1990/835/1575 1989/834/1574
f 1991/836/1576 1985/830/1570 1983/828/1568
f 1992/837/1577 1991/836/1576 1983/828/1568
f 1993/838/1578 1991/836/1576 1992/837/1577
f 1994/839/1579 1993/838/1578 1992/837/1577
f 1995/840/1580 1993/838/1578 1994/839/1579
f 1996/841/1581 1995/840/1580 1994/839/1579
f 1997/842/1582 1995/840/1580 1996/841/1581
f 1998/843/1583 1997/842/1582 1996/841/1581
f 1999/844/1584 1997/842/1582 1998/843/1583
f 2000/845/1585 1999/844/1584 1998/843/1583
f 1995/840/1580 2001/846/1586 1993/838/1578
f 2001/846/1586 2002/847/1587 1993/838/1578
f 1993/838/1578 2002/847/1587 1991/836/1576
f 2003/848/1588 2001/846/1586 1995/840/1580
f 1997/842/1582 2003/848/1588 1995/840/1580
f 2003/848/1588 1997/842/1582 1999/844/1584
f 2001/846/1586 2004/849/1589 2002/847/1587
f 2004/849/1589 2005/850/1590 2002/847/1587
f 2002/847/1587 2005/850/1590 1991/836/1576
f 2006/851/1591 2004/849/1589 2001/846/1586
f 2003/848/1588 2006/851/1591 2001/846/1586
f 2006/851/1591 2003/848/1588 1999/844/1584
f 1994/839/1579 1992/837/1577 1974/819/1559
f 1974/819/1559 1992/837/1577 1977/822/1562
f 1992/837/1577 1983/828/1568 1977/822/1562
f 1998/843/1583 1996/841/1581 1973/818/1558
f 1973/818/1558 1996/841/1581 1972/817/1557
f 1972/817/1557 1994/839/1579 1974/819/1559
f 1996/841/1581 1994/839/1579 1972/817/1557
f 1975/820/1560 1998/843/1583 1973/818/1558
f 2000/845/1585 1998/843/1583 1975/820/1560
f 1976/821/1561 2000/845/1585 1975/820/1560
f 2009/852/1592 2008/853/1593 2007/854/1594
f 2010/855/1595 2009/852/1592 2007/854/1594
f 2010/855/1595 2011/856/1596 2009/852/1592
f 2009/852/1592 2012/857/1597 2008/853/1593
f 2012/857/1597 2009/852/1592 2011/856/1596
f 2012/857/1597 2013/858/1598 2008/853/1593
f 2012/857/1597 2014/859/1599 2013/858/1598
f 1806/651/1388 2013/858/1598 2014/859/1599
f 1804/649/1386 1806/651/1388 2014/859/1599
f 2012/857/1597 2011/856/1596 1580/634/1600
f 2012/857/1597 1580/634/1600 1579/633/1601
f 1808/653/1390 1804/649/1386 2014/859/1599
f 1815/660/1397 1808/653/1390 2014/859/1599
f 2015/860/1602 1815/660/1397 2014/859/1599
f 1579/633/1601 2015/860/1602 2012/857/1597
f 2014/859/1599 2012/857/1597 2015/860/1602
f 2016/861/1603 1815/660/1397 2015/860/1602
f 2016/861/1603 1818/663/1400 1815/660/1397
f 1818/663/1400 2016/861/1603 1823/668/1405
f 2016/861/1603 2017/862/1604 1823/668/1405
f 2018/863/1605 2017/862/1604 2016/861/1603
f 2019/864/1606 2018/863/1605 2016/861/1603
f 2018/863/1605 2020/865/1607 2017/862/1604
f 2020/865/1607 2021/866/1608 2017/862/1604
f 2017/862/1604 2021/866/1608 1823/668/1405
f 2019/864/1606 2022/867/1609 2018/863/1605
f 2023/868/1610 2022/867/1609 2019/864/1606
f 2024/869/1611 2023/868/1610 2019/864/1606
f 2022/867/1609 2025/870/1612 2018/863/1605
f 2018/863/1605 2025/870/1612 2020/865/1607
f 2025/870/1612 2026/871/1613 2020/865/1607
f 2027/872/1614 2023/868/1610 2024/869/1611
f 2028/873/1615 2027/872/1614 2024/869/1611
f 2027/872/1614 2029/874/1616 2023/868/1610
f 2029/874/1616 2030/875/1617 2023/868/1610
f 2023/868/1610 2030/875/1617 2022/867/1609
f 2029/874/1616 2031/876/1618 2030/875/1617
f 2031/876/1618 2032/877/1619 2030/875/1617
f 2030/875/1617 2032/877/1619 2033/878/1620
f 2030/875/1617 2033/878/1620 2022/867/1609
f 2022/867/1609 2033/878/1620 2025/870/1612
f 2032/877/1619 2034/879/1621 2033/878/1620
f 2033/878/1620 2034/879/1621 2035/880/1622
f 2033/878/1620 2035/880/1622 2025/870/1612
f 2025/870/1612 2035/880/1622 2026/871/1613
f 2034/879/1621 2036/881/1623 2035/880/1622
f 2035/880/1622 2036/881/1623 2037/882/1624
f 2038/883/1625 2035/880/1622 2037/882/1624
f 2035/880/1622 2038/883/1625 2026/871/1613
f 2037/882/1624 2036/881/1623 2039/884/1626
f 2040/885/1627 2037/882/1624 2039/884/1626
f 2039/884/1626 2041/886/1628 2040/885/1627
f 2042/887/1629 2041/886/1628 2039/884/1626
f 2043/888/1630 2042/887/1629 2039/884/1626
f 2043/888/1630 2039/884/1626 2036/881/1623
f 2034/879/1621 2043/888/1630 2036/881/1623
f 2044/889/1631 2042/887/1629 2043/888/1630
f 2045/890/1632 2044/889/1631 2043/888/1630
f 2045/890/1632 2032/877/1619 2031/876/1618
f 2045/890/1632 2043/888/1630 2034/879/1621
f 2032/877/1619 2045/890/1632 2034/879/1621
f 2041/886/1628 2046/891/1633 2040/885/1627
f 2047/892/1634 2044/889/1631 2045/890/1632
f 2048/893/1635 2047/892/1634 2045/890/1632
f 2047/892/1634 2049/894/1636 2044/889/1631
f 2049/894/1636 2050/895/1637 2044/889/1631
f 2044/889/1631 2050/895/1637 2042/887/1629
f 2046/891/1633 2041/886/1628 2051/896/1638
f 2041/886/1628 2052/897/1639 2051/896/1638
f 2048/893/1635 2045/890/1632 2031/876/1618
f 2052/897/1639 2053/898/1640 2051/896/1638
f 2054/899/1641 2053/898/1640 2052/897/1639
f 2055/900/1642 2054/899/1641 2052/897/1639
f 2055/900/1642 2052/897/1639 2041/886/1628
f 2042/887/1629 2055/900/1642 2041/886/1628
f 2050/895/1637 2055/900/1642 2042/887/1629
f 2056/901/1643 2054/899/1641 2055/900/1642
f 2050/895/1637 2056/901/1643 2055/900/1642
f 2056/901/1643 2050/895/1637 2049/894/1636
f 2057/902/1644 2056/901/1643 2049/894/1636
f 2056/901/1643 2058/903/1645 2054/899/1641
f 2058/903/1645 2059/904/1646 2054/899/1641
f 2054/899/1641 2059/904/1646 2053/898/1640
f 2058/903/1645 2060/905/1647 2059/904/1646
f 2060/905/1647 2061/906/1648 2059/904/1646
f 2059/904/1646 2061/906/1648 2062/907/1649
f 2059/904/1646 2062/907/1649 2053/898/1640
f 2061/906/1648 2063/908/1650 2062/907/1649
f 2062/907/1649 2063/908/1650 2064/909/1651
f 2063/908/1650 2065/910/1652 2064/909/1651
f 2066/911/1653 2060/905/1647 2058/903/1645
f 2067/912/1654 2066/911/1653 2058/903/1645
f 2067/912/1654 2058/903/1645 2056/901/1643
f 2057/902/1644 2067/912/1654 2056/901/1643
f 2061/906/1648 2068/913/1655 2063/908/1650
f 2068/913/1655 2069/914/1656 2063/908/1650
f 2069/914/1656 2068/913/1655 2070/915/1657
f 2070/915/1657 2068/913/1655 2071/916/1658
f 2068/913/1655 2072/917/1659 2071/916/1658
f 2072/917/1659 2068/913/1655 2061/906/1648
f 2060/905/1647 2072/917/1659 2061/906/1648
f 2072/917/1659 2060/905/1647 2066/911/1653
f 2071/916/1658 2072/917/1659 2066/911/1653
f 2073/918/1660 2069/914/1656 2070/915/1657
f 2073/918/1660 2065/910/1652 2063/908/1650
f 2069/914/1656 2073/918/1660 2063/908/1650
f 2062/907/1649 2064/909/1651 2074/919/1661
f 2053/898/1640 2062/907/1649 2074/919/1661
f 2053/898/1640 2074/919/1661 2051/896/1638
f 2076/920/1662 1914/759/1496 2075/921/1663
f 2076/920/1662 2077/922/1664 1914/759/1496
f 2078/923/1665 2076/920/1662 2075/921/1663
f 1914/759/1496 1881/726/1463 2075/921/1663
f 1881/726/1463 1879/724/1461 2075/921/1663
f 2075/921/1663 1879/724/1461 2079/924/1666
f 2080/925/1667 2075/921/1663 2079/924/1666
f 2080/925/1667 2081/926/1668 2075/921/1663
f 2082/927/1669 2080/925/1667 2079/924/1666
f 1879/724/1461 1877/722/1459 2079/924/1666
f 2079/924/1666 1877/722/1459 1799/642/1379
f 1877/722/1459 1874/721/1458 1799/642/1379
f 1805/650/1387 1799/642/1379 1874/721/1458
f 1900/745/1482 1881/726/1463 1914/759/1496
f 1900/745/1482 1894/739/1476 1881/726/1463
f 2083/928/1670 2082/927/1669 2079/924/1666
f 1802/647/1384 2083/928/1670 2079/924/1666
f 2082/927/1669 2084/929/1671 2080/925/1667
f 2083/928/1670 2084/929/1671 2082/927/1669
f 2084/929/1671 2083/928/1670 2085/930/1672
f 2086/931/1673 2084/929/1671 2085/930/1672
f 2086/931/1673 2087/932/1674 2084/929/1671
f 2087/932/1674 2088/933/1675 2084/929/1671
f 2087/932/1674 2089/934/1676 2088/933/1675
f 2089/934/1676 2090/935/1677 2088/933/1675
f 2090/935/1677 2089/934/1676 2091/936/1678
f 2092/937/1679 2090/935/1677 2091/936/1678
f 2093/938/1680 2092/937/1679 2091/936/1678
f 2093/938/1680 2094/939/1681 2092/937/1679
f 2094/939/1681 2095/940/1682 2092/937/1679
f 2094/939/1681 2096/941/1683 2095/940/1682
f 2096/941/1683 2097/942/1684 2095/940/1682
f 2089/934/1676 2098/943/1685 2091/936/1678
f 2099/944/1686 2094/939/1681 2093/938/1680
f 2094/939/1681 2099/944/1686 2096/941/1683
f 2100/945/1687 2099/944/1686 2093/938/1680
f 2093/938/1680 2091/936/1678 2100/945/1687
f 2100/945/1687 2101/946/1688 2099/944/1686
f 2101/946/1688 2102/947/1689 2099/944/1686
f 2103/948/1690 2101/946/1688 2100/945/1687
f 2104/949/1691 2103/948/1690 2100/945/1687
f 2091/936/1678 2098/943/1685 2104/949/1691
f 2091/936/1678 2104/949/1691 2100/945/1687
f 2099/944/1686 2102/947/1689 2105/950/1692
f 2099/944/1686 2105/950/1692 2096/941/1683
f 2102/947/1689 2106/951/1693 2105/950/1692
f 2107/952/1694 2103/948/1690 2104/949/1691
f 2108/953/1695 2107/952/1694 2104/949/1691
f 2098/943/1685 2108/953/1695 2104/949/1691
f 2109/954/1696 2102/947/1689 2101/946/1688
f 2110/955/1697 2109/954/1696 2101/946/1688
f 2101/946/1688 2103/948/1690 2111/956/1698
f 2110/955/1697 2101/946/1688 2111/956/1698
f 2103/948/1690 2107/952/1694 2111/956/1698
f 2112/957/1699 2106/951/1693 2102/947/1689
f 2109/954/1696 2112/957/1699 2102/947/1689
f 2107/952/1694 2113/958/1700 2111/956/1698
f 2114/959/1701 2109/954/1696 2110/955/1697
f 2109/954/1696 2114/959/1701 2112/957/1699
f 2115/960/1702 2114/959/1701 2110/955/1697
f 2110/955/1697 2111/956/1698 2115/960/1702
f 2114/959/1701 2116/961/1703 2112/957/1699
f 2111/956/1698 2113/958/1700 2117/962/1704
f 2111/956/1698 2117/962/1704 2115/960/1702
f 2113/958/1700 2118/963/1705 2117/962/1704
f 2114/959/1701 2119/964/1706 2116/961/1703
f 2119/964/1706 2120/965/1707 2116/961/1703
f 2119/964/1706 2121/966/1708 2120/965/1707
f 2122/967/1709 2121/966/1708 2119/964/1706
f 2123/968/1710 2122/967/1709 2119/964/1706
f 2123/968/1710 2119/964/1706 2114/959/1701
f 2115/960/1702 2123/968/1710 2114/959/1701
f 2124/969/1711 2122/967/1709 2123/968/1710
f 2125/970/1712 2124/969/1711 2123/968/1710
f 2125/970/1712 2123/968/1710 2115/960/1702
f 2117/962/1704 2125/970/1712 2115/960/1702
f 2121/966/1708 2126/971/1713 2120/965/1707
f 2127/972/1714 2124/969/1711 2125/970/1712
f 2128/973/1715 2127/972/1714 2125/970/1712
f 2128/973/1715 2125/970/1712 2117/962/1704
f 2118/963/1705 2128/973/1715 2117/962/1704
f 2122/967/1709 2129/974/1716 2121/966/1708
f 2129/974/1716 2130/975/1717 2121/966/1708
f 2121/966/1708 2130/975/1717 2126/971/1713
f 2131/976/1718 2129/974/1716 2122/967/1709
f 2124/969/1711 2131/976/1718 2122/967/1709
f 2131/976/1718 2124/969/1711 2127/972/1714
f 2129/974/1716 2132/977/1719 2130/975/1717
f 2132/977/1719 2133/978/1720 2130/975/1717
f 2130/975/1717 2133/978/1720 2126/971/1713
f 2134/979/1721 2132/977/1719 2129/974/1716
f 2131/976/1718 2134/979/1721 2129/974/1716
f 2134/979/1721 2131/976/1718 2127/972/1714
f 2137/980/1722 2136/981/1723 2135/982/1724
f 2138/983/1725 2137/980/1722 2135/982/1724
f 2138/983/1725 2139/984/1726 2137/980/1722
f 2139/984/1726 2140/985/1727 2137/980/1722
f 2139/984/1726 2141/986/1728 2140/985/1727
f 2141/986/1728 2142/987/1729 2140/985/1727
f 2142/987/1729 2141/986/1728 2143/988/1730
f 2144/989/1731 2142/987/1729 2143/988/1730
f 2145/990/1732 2144/989/1731 2143/988/1730
f 2145/990/1732 2146/991/1733 2144/989/1731
f 2146/991/1733 2147/992/1734 2144/989/1731
f 2146/991/1733 2148/993/1735 2147/992/1734
f 2148/993/1735 2149/994/1736 2147/992/1734
f 2141/986/1728 2150/995/1737 2143/988/1730
f 2151/996/1738 2146/991/1733 2145/990/1732
f 2146/991/1733 2151/996/1738 2148/993/1735
f 2152/997/1739 2151/996/1738 2145/990/1732
f 2145/990/1732 2143/988/1730 2152/997/1739
f 2152/997/1739 2153/998/1740 2151/996/1738
f 2153/998/1740 2154/999/1741 2151/996/1738
f 2155/1000/1742 2153/998/1740 2152/997/1739
f 2156/1001/1743 2155/1000/1742 2152/997/1739
f 2143/988/1730 2150/995/1737 2156/1001/1743
f 2143/988/1730 2156/1001/1743 2152/997/1739
f 2151/996/1738 2154/999/1741 2157/1002/1744
f 2151/996/1738 2157/1002/1744 2148/993/1735
f 2154/999/1741 2158/1003/1745 2157/1002/1744
f 2159/1004/1746 2155/1000/1742 2156/1001/1743
f 2160/1005/1747 2159/1004/1746 2156/1001/1743
f 2150/995/1737 2160/1005/1747 2156/1001/1743
f 2161/1006/1748 2154/999/1741 2153/998/1740
f 2162/1007/1749 2161/1006/1748 2153/998/1740
f 2153/998/1740 2155/1000/1742 2163/1008/1750
f 2162/1007/1749 2153/998/1740 2163/1008/1750
f 2155/1000/1742 2159/1004/1746 2163/1008/1750
f 2164/1009/1751 2158/1003/1745 2154/999/1741
f 2161/1006/1748 2164/1009/1751 2154/999/1741
f 2159/1004/1746 2165/1010/1752 2163/1008/1750
f 2166/1011/1753 2161/1006/1748 2162/1007/1749
f 2161/1006/1748 2166/1011/1753 2164/1009/1751
f 2167/1012/1754 2166/1011/1753 2162/1007/1749
f 2162/1007/1749 2163/1008/1750 2167/1012/1754
f 2166/1011/1753 2168/1013/1755 2164/1009/1751
f 2163/1008/1750 2165/1010/1752 2169/1014/1756
f 2163/1008/1750 2169/1014/1756 2167/1012/1754
f 2165/1010/1752 2170/1015/1757 2169/1014/1756
f 2166/1011/1753 2171/1016/1758 2168/1013/1755
f 2171/1016/1758 2172/1017/1759 2168/1013/1755
f 2171/1016/1758 2173/1018/1760 2172/1017/1759
f 2174/1019/1761 2173/1018/1760 2171/1016/1758
f 2175/1020/1762 2174/1019/1761 2171/1016/1758
f 2175/1020/1762 2171/1016/1758 2166/1011/1753
f 2167/1012/1754 2175/1020/1762 2166/1011/1753
f 2176/1021/1763 2174/1019/1761 2175/1020/1762
f 2177/1022/1764 2176/1021/1763 2175/1020/1762
f 2177/1022/1764 2175/1020/1762 2167/1012/1754
f 2169/1014/1756 2177/1022/1764 2167/1012/1754
f 2173/1018/1760 2178/1023/1765 2172/1017/1759
f 2179/1024/1766 2176/1021/1763 2177/1022/1764
f 2180/1025/1767 2179/1024/1766 2177/1022/1764
f 2180/1025/1767 2177/1022/1764 2169/1014/1756
f 2170/1015/1757 2180/1025/1767 2169/1014/1756
f 2174/1019/1761 2181/1026/1768 2173/1018/1760
f 2181/1026/1768 2182/1027/1769 2173/1018/1760
f 2173/1018/1760 2182/1027/1769 2178/1023/1765
f 2183/1028/1770 2181/1026/1768 2174/1019/1761
f 2176/1021/1763 2183/1028/1770 2174/1019/1761
f 2183/1028/1770 2176/1021/1763 2179/1024/1766
f 2181/1026/1768 2184/1029/1771 2182/1027/1769
f 2184/1029/1771 2185/1030/1772 2182/1027/1769
f 2182/1027/1769 2185/1030/1772 2178/1023/1765
f 2186/1031/1773 2184/1029/1771 2181/1026/1768
f 2183/1028/1770 2186/1031/1773 2181/1026/1768
f 2186/1031/1773 2183/1028/1770 2179/1024/1766
f 2189/1032/1774 2188/1033/1775 2187/1034/1776
f 2190/1035/1777 2189/1032/1774 2187/1034/1776
f 2190/1035/1777 2191/1036/1778 2189/1032/1774
f 2191/1036/1778 2192/1037/1779 2189/1032/1774
f 2191/1036/1778 1943/788/1528 2192/1037/1779
f 1943/788/1528 1938/783/1523 2192/1037/1779
f 2192/1037/1779 1938/783/1523 2193/1038/1780
f 1938/783/1523 1934/779/1519 2193/1038/1780
f 2193/1038/1780 1934/779/1519 1932/777/1517
f 2187/1034/1776 2188/1033/1775 2194/1039/1781
f 2188/1033/1775 2195/1040/1782 2194/1039/1781
f 2195/1040/1782 2196/1041/1783 2194/1039/1781
f 2196/1041/1783 2197/1042/1784 2194/1039/1781
f 2196/1041/1783 2147/992/1734 2197/1042/1784
f 2144/989/1731 2147/992/1734 2196/1041/1783
f 2198/1043/1785 2144/989/1731 2196/1041/1783
f 2198/1043/1785 2196/1041/1783 2195/1040/1782
f 2142/987/1729 2144/989/1731 2198/1043/1785
f 2140/985/1727 2142/987/1729 2198/1043/1785
f 2147/992/1734 2149/994/1736 2197/1042/1784
f 2140/985/1727 2198/1043/1785 2199/1044/1786
f 2199/1044/1786 2198/1043/1785 2195/1040/1782
f 2076/920/1662 2199/1044/1786 2195/1040/1782
f 2137/980/1722 2199/1044/1786 2076/920/1662
f 2137/980/1722 2140/985/1727 2199/1044/1786
f 2078/923/1665 2137/980/1722 2076/920/1662
f 2077/922/1664 2076/920/1662 2195/1040/1782
f 2136/981/1723 2137/980/1722 2078/923/1665
f 2136/981/1723 2078/923/1665 2075/921/1663
f 2081/926/1668 2136/981/1723 2075/921/1663
f 2081/926/1668 2200/1045/1787 2136/981/1723
f 2136/981/1723 2200/1045/1787 2201/1046/1788
f 2200/1045/1787 2202/1047/1789 2201/1046/1788
f 2202/1047/1789 2203/1048/1790 2201/1046/1788
f 2202/1047/1789 2095/940/1682 2203/1048/1790
f 2092/937/1679 2095/940/1682 2202/1047/1789
f 2204/1049/1791 2092/937/1679 2202/1047/1789
f 2204/1049/1791 2202/1047/1789 2200/1045/1787
f 2090/935/1677 2092/937/1679 2204/1049/1791
f 2088/933/1675 2090/935/1677 2204/1049/1791
f 2095/940/1682 2097/942/1684 2203/1048/1790
f 2135/982/1724 2136/981/1723 2201/1046/1788
f 2081/926/1668 2080/925/1667 2200/1045/1787
f 2080/925/1667 2205/1050/1792 2200/1045/1787
f 2088/933/1675 2204/1049/1791 2205/1050/1792
f 2205/1050/1792 2204/1049/1791 2200/1045/1787
f 2084/929/1671 2205/1050/1792 2080/925/1667
f 2084/929/1671 2088/933/1675 2205/1050/1792
f 1810/655/1392 2206/1051/1793 1807/652/1389
f 1807/652/1389 2206/1051/1793 1803/648/1385
f 2206/1051/1793 2207/1052/1794 1803/648/1385
f 1810/655/1392 2208/1053/1795 2206/1051/1793
f 2209/1054/1796 2208/1053/1795 1810/655/1392
f 1811/656/1393 2209/1054/1796 1810/655/1392
f 2210/1055/1797 2209/1054/1796 1811/656/1393
f 1813/658/1395 2210/1055/1797 1811/656/1393
f 2211/1056/1798 2210/1055/1797 1813/658/1395
f 2211/1056/1798 2212/1057/1799 2210/1055/1797
f 2212/1057/1799 2213/1058/1800 2210/1055/1797
f 2210/1055/1797 2213/1058/1800 2209/1054/1796
f 2214/1059/1801 2213/1058/1800 2212/1057/1799
f 2213/1058/1800 2214/1059/1801 2215/1060/1802
f 2209/1054/1796 2215/1060/1802 2208/1053/1795
f 2213/1058/1800 2215/1060/1802 2209/1054/1796
f 2214/1059/1801 2216/1061/1803 2215/1060/1802
f 2214/1059/1801 2217/1062/1804 2216/1061/1803
f 2217/1062/1804 2218/1063/1805 2216/1061/1803
f 2216/1061/1803 2218/1063/1805 2219/1064/1806
f 2218/1063/1805 2220/1065/1807 2219/1064/1806
f 2219/1064/1806 2220/1065/1807 2221/1066/1808
f 2220/1065/1807 2222/1067/1809 2221/1066/1808
f 2223/1068/1810 2217/1062/1804 2214/1059/1801
f 2224/1069/1811 2223/1068/1810 2214/1059/1801
f 2224/1069/1811 2214/1059/1801 2212/1057/1799
f 2221/1066/1808 2222/1067/1809 2225/1070/1812
f 2222/1067/1809 2226/1071/1813 2225/1070/1812
f 2225/1070/1812 2226/1071/1813 2227/1072/1814
f 2226/1071/1813 2228/1073/1815 2227/1072/1814
f 2227/1072/1814 2228/1073/1815 2229/1074/1816
f 2228/1073/1815 2230/1075/1817 2229/1074/1816
f 2229/1074/1816 2230/1075/1817 2231/1076/1818
f 2230/1075/1817 2232/1077/1819 2231/1076/1818
f 2233/1078/1820 2230/1075/1817 2228/1073/1815
f 2234/1079/1821 2233/1078/1820 2228/1073/1815
f 2228/1073/1815 2226/1071/1813 2235/1080/1822
f 2234/1079/1821 2228/1073/1815 2235/1080/1822
f 2226/1071/1813 2222/1067/1809 2235/1080/1822
f 2236/1081/1823 2232/1077/1819 2230/1075/1817
f 2233/1078/1820 2236/1081/1823 2230/1075/1817
f 2222/1067/1809 2237/1082/1824 2235/1080/1822
f 2222/1067/1809 2220/1065/1807 2237/1082/1824
f 2220/1065/1807 2238/1083/1825 2237/1082/1824
f 2227/1072/1814 2229/1074/1816 2239/1084/1826
f 2229/1074/1816 2240/1085/1827 2239/1084/1826
f 2239/1084/1826 2240/1085/1827 2241/1086/1828
f 2240/1085/1827 2242/1087/1829 2241/1086/1828
f 2239/1084/1826 2241/1086/1828 2243/1088/1830
f 2241/1086/1828 2244/1089/1831 2243/1088/1830
f 2240/1085/1827 2245/1090/1832 2242/1087/1829
f 2245/1090/1832 2246/1091/1833 2242/1087/1829
f 2244/1089/1831 2247/1092/1834 2243/1088/1830
f 2247/1092/1834 2248/1093/1835 2243/1088/1830
f 2247/1092/1834 2208/1053/1795 2248/1093/1835
f 2208/1053/1795 2249/1094/1836 2248/1093/1835
f 2240/1085/1827 2229/1074/1816 2245/1090/1832
f 2229/1074/1816 2231/1076/1818 2245/1090/1832
f 2248/1093/1835 2249/1094/1836 2219/1064/1806
f 2216/1061/1803 2219/1064/1806 2249/1094/1836
f 2215/1060/1802 2216/1061/1803 2249/1094/1836
f 2215/1060/1802 2249/1094/1836 2208/1053/1795
f 2221/1066/1808 2248/1093/1835 2219/1064/1806
f 2248/1093/1835 2221/1066/1808 2225/1070/1812
f 2243/1088/1830 2248/1093/1835 2225/1070/1812
f 2243/1088/1830 2225/1070/1812 2227/1072/1814
f 2239/1084/1826 2243/1088/1830 2227/1072/1814
f 2208/1053/1795 2247/1092/1834 2206/1051/1793
f 2206/1051/1793 2247/1092/1834 2207/1052/1794
f 2247/1092/1834 2244/1089/1831 2207/1052/1794
f 2207/1052/1794 2244/1089/1831 2250/1095/1837
f 2244/1089/1831 2241/1086/1828 2250/1095/1837
f 2250/1095/1837 2241/1086/1828 2251/1096/1838
f 2241/1086/1828 2242/1087/1829 2251/1096/1838
f 2251/1096/1838 2242/1087/1829 2252/1097/1839
f 2251/1096/1838 2252/1097/1839 2253/1098/1840
f 1801/646/1383 2251/1096/1838 2253/1098/1840
f 2250/1095/1837 2251/1096/1838 1801/646/1383
f 2242/1087/1829 2246/1091/1833 2252/1097/1839
f 2083/928/1670 1801/646/1383 2253/1098/1840
f 2085/930/1672 2083/928/1670 2253/1098/1840
f 2207/1052/1794 2250/1095/1837 1800/645/1382
f 1800/645/1382 2250/1095/1837 1801/646/1383
f 1803/648/1385 2207/1052/1794 1800/645/1382
f 1802/647/1384 1801/646/1383 2083/928/1670
f 1797/644/1381 1802/647/1384 2079/924/1666
f 1799/642/1379 1797/644/1381 2079/924/1666
f 2254/1099/1841 1813/658/1395 1814/659/1396
f 2255/1100/1842 2254/1099/1841 1814/659/1396
f 2254/1099/1841 2211/1056/1798 1813/658/1395
f 1820/665/1402 2255/1100/1842 1814/659/1396
f 2258/1101/1843 2257/1102/1844 2256/1103/1845
f 2259/1104/1846 2258/1101/1843 2256/1103/1845
f 2260/1105/1847 2258/1101/1843 2259/1104/1846
f 2261/1106/1848 2260/1105/1847 2259/1104/1846
f 2256/1103/1845 2257/1102/1844 2262/1107/1849
f 2257/1102/1844 2263/1108/1850 2262/1107/1849
f 2264/1109/1851 2260/1105/1847 2261/1106/1848
f 2265/1110/1852 2264/1109/1851 2261/1106/1848
f 2266/1111/1853 2264/1109/1851 2265/1110/1852
f 2267/1112/1854 2266/1111/1853 2265/1110/1852
f 2268/1113/1855 2266/1111/1853 2267/1112/1854
f 2269/1114/1856 2268/1113/1855 2267/1112/1854
f 2270/1115/1857 2268/1113/1855 2269/1114/1856
f 2271/1116/1858 2270/1115/1857 2269/1114/1856
f 2272/1117/1859 2270/1115/1857 2271/1116/1858
f 2273/1118/1860 2272/1117/1859 2271/1116/1858
f 2260/1105/1847 2274/1119/1861 2258/1101/1843
f 2274/1119/1861 2260/1105/1847 2264/1109/1851
f 2268/1113/1855 2275/1120/1862 2266/1111/1853
f 2275/1120/1862 2276/1121/1863 2266/1111/1853
f 2276/1121/1863 2275/1120/1862 2277/1122/1864
f 2277/1122/1864 2275/1120/1862 2278/1123/1865
f 2275/1120/1862 2279/1124/1866 2278/1123/1865
f 2279/1124/1866 2275/1120/1862 2268/1113/1855
f 2270/1115/1857 2279/1124/1866 2268/1113/1855
f 2279/1124/1866 2270/1115/1857 2272/1117/1859
f 2278/1123/1865 2279/1124/1866 2272/1117/1859
f 2280/1125/1867 2276/1121/1863 2277/1122/1864
f 2276/1121/1863 2280/1125/1867 2266/1111/1853
f 2280/1125/1867 2264/1109/1851 2266/1111/1853
f 2281/1126/1868 2274/1119/1861 2264/1109/1851
f 2274/1119/1861 2281/1126/1868 2282/1127/1869
f 2274/1119/1861 2282/1127/1869 2258/1101/1843
f 2258/1101/1843 2282/1127/1869 2257/1102/1844
f 2282/1127/1869 2283/1128/1870 2257/1102/1844
f 2282/1127/1869 2284/1129/1871 2283/1128/1870
f 2281/1126/1868 2284/1129/1871 2282/1127/1869
f 2284/1129/1871 2285/1130/1872 2283/1128/1870
f 2283/1128/1870 2285/1130/1872 2263/1108/1850
f 2257/1102/1844 2283/1128/1870 2263/1108/1850
f 2287/1131/1873 2286/1132/1874 2238/1083/1825
f 2288/1133/1875 2287/1131/1873 2238/1083/1825
f 2289/1134/1876 2287/1131/1873 2288/1133/1875
f 2290/1135/1877 2289/1134/1876 2288/1133/1875
f 2238/1083/1825 2286/1132/1874 2237/1082/1824
f 2286/1132/1874 2291/1136/1878 2237/1082/1824
f 2237/1082/1824 2291/1136/1878 2292/1137/1879
f 2235/1080/1822 2237/1082/1824 2292/1137/1879
f 2235/1080/1822 2292/1137/1879 2293/1138/1880
f 2234/1079/1821 2235/1080/1822 2293/1138/1880
f 2293/1138/1880 2294/1139/1881 2234/1079/1821
f 2294/1139/1881 2233/1078/1820 2234/1079/1821
f 2233/1078/1820 2294/1139/1881 2236/1081/1823
f 2294/1139/1881 2295/1140/1882 2236/1081/1823
f 2288/1133/1875 2238/1083/1825 2220/1065/1807
f 2218/1063/1805 2288/1133/1875 2220/1065/1807
f 2290/1135/1877 2288/1133/1875 2218/1063/1805
f 2217/1062/1804 2290/1135/1877 2218/1063/1805
f 2296/1141/1883 2290/1135/1877 2217/1062/1804
f 2223/1068/1810 2296/1141/1883 2217/1062/1804
f 2294/1139/1881 2256/1103/1845 2295/1140/1882
f 2256/1103/1845 2262/1107/1849 2295/1140/1882
f 2259/1104/1846 2256/1103/1845 2294/1139/1881
f 2293/1138/1880 2259/1104/1846 2294/1139/1881
f 2261/1106/1848 2259/1104/1846 2293/1138/1880
f 2292/1137/1879 2261/1106/1848 2293/1138/1880
f 2265/1110/1852 2261/1106/1848 2292/1137/1879
f 2291/1136/1878 2265/1110/1852 2292/1137/1879
f 2267/1112/1854 2265/1110/1852 2291/1136/1878
f 2286/1132/1874 2267/1112/1854 2291/1136/1878
f 2269/1114/1856 2267/1112/1854 2286/1132/1874
f 2287/1131/1873 2269/1114/1856 2286/1132/1874
f 2271/1116/1858 2269/1114/1856 2287/1131/1873
f 2289/1134/1876 2271/1116/1858 2287/1131/1873
f 2297/1142/1884 2289/1134/1876 2296/1141/1883
f 2273/1118/1860 2271/1116/1858 2289/1134/1876
f 2297/1142/1884 2273/1118/1860 2289/1134/1876
f 2289/1134/1876 2290/1135/1877 2296/1141/1883
f 2300/1143/1885 2299/1144/1886 2298/1145/1887
f 2301/1146/1888 2300/1143/1885 2298/1145/1887
f 2302/1147/1889 2300/1143/1885 2301/1146/1888
f 2303/1148/1890 2302/1147/1889 2301/1146/1888
f 2300/1143/1885 2302/1147/1889 1988/833/1573
f 2302/1147/1889 2303/1148/1890 1988/833/1573
f 1986/831/1571 2300/1143/1885 1988/833/1573
f 2299/1144/1886 2300/1143/1885 1986/831/1571
f 1985/830/1570 2299/1144/1886 1986/831/1571
f 2303/1148/1890 1990/835/1575 1988/833/1573
f 2299/1144/1886 1985/830/1570 1991/836/1576
f 2298/1145/1887 2299/1144/1886 1991/836/1576
f 2305/1149/1891 1963/808/1548 2304/1150/1892
f 2306/1151/1893 2305/1149/1891 2304/1150/1892
f 2304/1150/1892 1963/808/1548 1957/802/1542
f 1959/804/1544 2304/1150/1892 1957/802/1542
f 2305/1149/1891 2306/1151/1893 1931/776/1516
f 1930/775/1514 2305/1149/1891 1931/776/1516
f 2307/1152/1894 2305/1149/1891 1930/775/1514
f 1928/773/1510 2307/1152/1894 1930/775/1514
f 1941/786/1526 2307/1152/1894 1928/773/1510
f 1926/771/1508 1941/786/1526 1928/773/1510
f 1940/785/1525 1941/786/1526 1926/771/1508
f 1925/770/1507 1940/785/1525 1926/771/1508
f 1933/778/1518 1940/785/1525 1925/770/1507
f 1964/809/1549 1963/808/1548 2305/1149/1891
f 2307/1152/1894 1964/809/1549 2305/1149/1891
f 1942/787/1527 1964/809/1549 2307/1152/1894
f 1941/786/1526 1942/787/1527 2307/1152/1894
f 1944/789/1529 1962/807/1547 1950/795/1535
f 2310/1153/1895 2309/1154/1896 2308/1155/1897
f 2311/1156/1898 2310/1153/1895 2308/1155/1897
f 2312/1157/1899 2310/1153/1895 2311/1156/1898
f 2313/1158/1900 2312/1157/1899 2311/1156/1898
f 2308/1155/1897 2309/1154/1896 2314/1159/1901
f 2309/1154/1896 2315/1160/1902 2314/1159/1901
f 2316/1161/1903 2312/1157/1899 2313/1158/1900
f 2317/1162/1904 2316/1161/1903 2313/1158/1900
f 2318/1163/1905 2316/1161/1903 2317/1162/1904
f 2319/1164/1906 2318/1163/1905 2317/1162/1904
f 2320/1165/1907 2318/1163/1905 2319/1164/1906
f 2321/1166/1908 2320/1165/1907 2319/1164/1906
f 2322/1167/1909 2320/1165/1907 2321/1166/1908
f 2323/1168/1910 2322/1167/1909 2321/1166/1908
f 2324/1169/1911 2322/1167/1909 2323/1168/1910
f 2325/1170/1912 2324/1169/1911 2323/1168/1910
f 2310/1153/1895 2312/1157/1899 2326/1171/1913
f 2312/1157/1899 2316/1161/1903 2326/1171/1913
f 2327/1172/1914 2310/1153/1895 2326/1171/1913
f 2327/1172/1914 2328/1173/1915 2310/1153/1895
f 2328/1173/1915 2309/1154/1896 2310/1153/1895
f 2329/1174/1916 2315/1160/1902 2309/1154/1896
f 2328/1173/1915 2329/1174/1916 2309/1154/1896
f 2324/1169/1911 2330/1175/1917 2322/1167/1909
f 2330/1175/1917 2331/1176/1918 2322/1167/1909
f 2322/1167/1909 2331/1176/1918 2320/1165/1907
f 2332/1177/1919 2328/1173/1915 2327/1172/1914
f 2328/1173/1915 2332/1177/1919 2329/1174/1916
f 2333/1178/1920 2332/1177/1919 2327/1172/1914
f 2327/1172/1914 2326/1171/1913 2333/1178/1920
f 2333/1178/1920 2334/1179/1921 2332/1177/1919
f 2334/1179/1921 2335/1180/1922 2332/1177/1919
f 2336/1181/1923 2334/1179/1921 2333/1178/1920
f 2337/1182/1924 2336/1181/1923 2333/1178/1920
f 2326/1171/1913 2337/1182/1924 2333/1178/1920
f 2332/1177/1919 2335/1180/1922 2338/1183/1925
f 2332/1177/1919 2338/1183/1925 2329/1174/1916
f 2335/1180/1922 2339/1184/1926 2338/1183/1925
f 2340/1185/1927 2336/1181/1923 2337/1182/1924
f 2341/1186/1928 2340/1185/1927 2337/1182/1924
f 2342/1187/1929 2340/1185/1927 2341/1186/1928
f 2343/1188/1930 2342/1187/1929 2341/1186/1928
f 2344/1189/1931 2342/1187/1929 2343/1188/1930
f 2345/1190/1932 2344/1189/1931 2343/1188/1930
f 2346/1191/1933 2344/1189/1931 2345/1190/1932
f 2347/1192/1934 2346/1191/1933 2345/1190/1932
f 2348/1193/1935 2346/1191/1933 2347/1192/1934
f 2349/1194/1936 2348/1193/1935 2347/1192/1934
f 2345/1190/1932 2343/1188/1930 2350/1195/1937
f 2351/1196/1938 2345/1190/1932 2350/1195/1937
f 2347/1192/1934 2345/1190/1932 2351/1196/1938
f 2331/1176/1918 2347/1192/1934 2351/1196/1938
f 2352/1197/1939 2341/1186/1928 2337/1182/1924
f 2343/1188/1930 2341/1186/1928 2352/1197/1939
f 2350/1195/1937 2343/1188/1930 2352/1197/1939
f 2318/1163/1905 2350/1195/1937 2352/1197/1939
f 2351/1196/1938 2350/1195/1937 2318/1163/1905
f 2316/1161/1903 2318/1163/1905 2352/1197/1939
f 2316/1161/1903 2352/1197/1939 2326/1171/1913
f 2326/1171/1913 2352/1197/1939 2337/1182/1924
f 2347/1192/1934 2331/1176/1918 2330/1175/1917
f 2349/1194/1936 2347/1192/1934 2330/1175/1917
f 2348/1193/1935 2353/1198/1940 2346/1191/1933
f 2353/1198/1940 2354/1199/1941 2346/1191/1933
f 2355/1200/1942 2354/1199/1941 2353/1198/1940
f 2354/1199/1941 2355/1200/1942 2356/1201/1943
f 2355/1200/1942 2357/1202/1944 2356/1201/1943
f 2357/1202/1944 2355/1200/1942 2358/1203/1945
f 2358/1203/1945 2355/1200/1942 2353/1198/1940
f 2359/1204/1946 2357/1202/1944 2358/1203/1945
f 2360/1205/1947 2357/1202/1944 2359/1204/1946
f 2361/1206/1948 2360/1205/1947 2359/1204/1946
f 2357/1202/1944 2360/1205/1947 2362/1207/1949
f 2356/1201/1943 2357/1202/1944 2362/1207/1949
f 2360/1205/1947 2361/1206/1948 2362/1207/1949
f 2361/1206/1948 2363/1208/1950 2362/1207/1949
f 2354/1199/1941 2356/1201/1943 2344/1189/1931
f 2346/1191/1933 2354/1199/1941 2344/1189/1931
f 2356/1201/1943 2362/1207/1949 2342/1187/1929
f 2344/1189/1931 2356/1201/1943 2342/1187/1929
f 2362/1207/1949 2363/1208/1950 2340/1185/1927
f 2342/1187/1929 2362/1207/1949 2340/1185/1927
f 2340/1185/1927 2363/1208/1950 2336/1181/1923
f 2363/1208/1950 2364/1209/1951 2336/1181/1923
f 2365/1210/1952 2364/1209/1951 2363/1208/1950
f 2364/1209/1951 2365/1210/1952 2366/1211/1953
f 2365/1210/1952 2367/1212/1954 2366/1211/1953
f 2366/1211/1953 2367/1212/1954 2368/1213/1955
f 2367/1212/1954 2369/1214/1956 2368/1213/1955
f 2367/1212/1954 2370/1215/1957 2369/1214/1956
f 2370/1215/1957 2371/1216/1958 2369/1214/1956
f 2372/1217/1959 2370/1215/1957 2367/1212/1954
f 2365/1210/1952 2372/1217/1959 2367/1212/1954
f 2372/1217/1959 2365/1210/1952 2363/1208/1950
f 2369/1214/1956 2371/1216/1958 2373/1218/1960
f 2368/1213/1955 2369/1214/1956 2373/1218/1960
f 2364/1209/1951 2366/1211/1953 2334/1179/1921
f 2336/1181/1923 2364/1209/1951 2334/1179/1921
f 2366/1211/1953 2368/1213/1955 2335/1180/1922
f 2334/1179/1921 2366/1211/1953 2335/1180/1922
f 2368/1213/1955 2373/1218/1960 2339/1184/1926
f 2335/1180/1922 2368/1213/1955 2339/1184/1926
f 2376/1219/1961 2375/1220/1962 2374/1221/1963
f 2377/1222/1964 2376/1219/1961 2374/1221/1963
f 2376/1219/1961 2377/1222/1964 2314/1159/1901
f 2377/1222/1964 2308/1155/1897 2314/1159/1901
f 2311/1156/1898 2308/1155/1897 2377/1222/1964
f 2378/1223/1965 2311/1156/1898 2377/1222/1964
f 2377/1222/1964 2379/1224/1966 2378/1223/1965
f 2377/1222/1964 2374/1221/1963 2379/1224/1966
f 2379/1224/1966 2380/1225/1967 2378/1223/1965
f 2380/1225/1967 2381/1226/1968 2378/1223/1965
f 2381/1226/1968 2382/1227/1969 2378/1223/1965
f 2382/1227/1969 2381/1226/1968 2383/1228/1970
f 2381/1226/1968 2384/1229/1971 2383/1228/1970
f 2378/1223/1965 2382/1227/1969 2313/1158/1900
f 2311/1156/1898 2378/1223/1965 2313/1158/1900
f 2313/1158/1900 2382/1227/1969 2383/1228/1970
f 2317/1162/1904 2313/1158/1900 2383/1228/1970
f 2317/1162/1904 2383/1228/1970 2385/1230/1972
f 2319/1164/1906 2317/1162/1904 2385/1230/1972
f 2319/1164/1906 2385/1230/1972 2386/1231/1973
f 2386/1231/1973 2385/1230/1972 2387/1232/1974
f 2387/1232/1974 2385/1230/1972 2388/1233/1975
f 2388/1233/1975 2383/1228/1970 2384/1229/1971
f 2388/1233/1975 2385/1230/1972 2383/1228/1970
f 2389/1234/1976 2386/1231/1973 2387/1232/1974
f 2386/1231/1973 2389/1234/1976 2390/1235/1977
f 2391/1236/1978 2386/1231/1973 2390/1235/1977
f 2391/1236/1978 2390/1235/1977 2392/1237/1979
f 2393/1238/1980 2391/1236/1978 2392/1237/1979
f 2321/1166/1908 2319/1164/1906 2386/1231/1973
f 2386/1231/1973 2391/1236/1978 2323/1168/1910
f 2321/1166/1908 2386/1231/1973 2323/1168/1910
f 2391/1236/1978 2393/1238/1980 2323/1168/1910
f 2393/1238/1980 2325/1170/1912 2323/1168/1910
f 2396/1239/1981 2395/1240/1982 2394/1241/1983
f 2397/1242/1984 2396/1239/1981 2394/1241/1983
f 2396/1239/1981 2397/1242/1984 2398/1243/1985
f 2397/1242/1984 2399/1244/1986 2398/1243/1985
f 2394/1241/1983 2395/1240/1982 2400/1245/1987
f 2395/1240/1982 2401/1246/1988 2400/1245/1987
f 2401/1246/1988 1884/729/1466 2400/1245/1987
f 1884/729/1466 1875/720/1457 2400/1245/1987
f 2400/1245/1987 2402/1247/1989 2394/1241/1983
f 2403/1248/1990 2402/1247/1989 2400/1245/1987
f 2404/1249/1991 2397/1242/1984 2394/1241/1983
f 2402/1247/1989 2404/1249/1991 2394/1241/1983
f 2403/1248/1990 2405/1250/1992 2402/1247/1989
f 2405/1250/1992 2403/1248/1990 1883/728/1465
f 1878/723/1460 1883/728/1465 2403/1248/1990
f 1876/719/1456 1878/723/1460 2403/1248/1990
f 1876/719/1456 2403/1248/1990 2400/1245/1987
f 1875/720/1457 1876/719/1456 2400/1245/1987
f 1886/731/1468 2405/1250/1992 1883/728/1465
f 2404/1249/1991 2402/1247/1989 2406/1251/1993
f 2404/1249/1991 2406/1251/1993 2407/1252/1994
f 2408/1253/1995 2404/1249/1991 2407/1252/1994
f 2408/1253/1995 2407/1252/1994 1575/615/1996
f 2409/1254/1997 2408/1253/1995 1575/615/1996
f 2409/1254/1997 2410/1255/1998 2408/1253/1995
f 2410/1255/1998 2399/1244/1986 2408/1253/1995
f 1575/615/1996 2407/1252/1994 2411/1256/1999
f 2402/1247/1989 2412/1257/2000 2406/1251/1993
f 2402/1247/1989 2405/1250/1992 2412/1257/2000
f 2405/1250/1992 2413/1258/2001 2412/1257/2000
f 2413/1258/2001 2405/1250/1992 1886/731/1468
f 1887/732/1469 2413/1258/2001 1886/731/1468
f 2406/1251/1993 2412/1257/2000 2414/1259/2002
f 2412/1257/2000 2415/1260/2003 2414/1259/2002
f 2412/1257/2000 2413/1258/2001 2415/1260/2003
f 2411/1256/1999 2407/1252/1994 2416/1261/2004
f 2406/1251/1993 2414/1259/2002 2416/1261/2004
f 2416/1261/2004 2407/1252/1994 2406/1251/1993
f 2409/1254/1997 1575/615/1996 1574/614/2005
f 2409/1254/1997 1574/614/2005 2410/1255/1998
f 1574/614/2005 1577/620/2006 2410/1255/1998
f 2011/856/1596 2410/1255/1998 1577/620/2006
f 1583/637/2007 2011/856/1596 1577/620/2006
f 2011/856/1596 1583/637/2007 1580/634/1600
f 1583/637/2007 1582/636/2008 1580/634/1600
f 2010/855/1595 2399/1244/1986 2410/1255/1998
f 2399/1244/1986 2010/855/1595 2398/1243/1985
f 2010/855/1595 2007/854/1594 2398/1243/1985
f 2010/855/1595 2410/1255/1998 2011/856/1596
f 2408/1253/1995 2399/1244/1986 2397/1242/1984
f 2404/1249/1991 2408/1253/1995 2397/1242/1984
f 2418/1262/2009 2417/1263/2010 2024/869/1611
f 2019/864/1606 2418/1262/2009 2024/869/1611
f 2418/1262/2009 2019/864/1606 2016/861/1603
f 2417/1263/2010 2419/1264/2011 2024/869/1611
f 2419/1264/2011 2028/873/1615 2024/869/1611
f 2418/1262/2009 2016/861/1603 1586/640/2012
f 1586/640/2012 2016/861/1603 2015/860/1602
f 2420/1265/2013 2418/1262/2009 1586/640/2012
f 2015/860/1602 1585/639/2014 1586/640/2012
f 2015/860/1602 1579/633/1601 1585/639/2014
f 2420/1265/2013 1586/640/2012 1587/641/2015
f 2421/1266/2016 2420/1265/2013 1587/641/2015
f 1584/638/2017 2421/1266/2016 1587/641/2015
f 1584/638/2017 2422/1267/2018 2421/1266/2016
f 1578/622/2019 2422/1267/2018 1584/638/2017
f 2422/1267/2018 1578/622/2019 1576/617/2020
f 2423/1268/2021 2422/1267/2018 1576/617/2020
f 2424/1269/2022 2423/1268/2021 1576/617/2020
f 1572/607/2023 2424/1269/2022 1576/617/2020
f 2424/1269/2022 1572/607/2023 1573/606/2024
f 1581/635/2025 1578/622/2019 1584/638/2017
f 2021/866/1608 1827/672/1409 1823/668/1405
f 2427/1270/2026 2426/1271/2027 2425/1272/2028
f 2428/1273/2029 2427/1270/2026 2425/1272/2028
f 2429/1274/2030 2427/1270/2026 2428/1273/2029
f 2430/1275/2031 2429/1274/2030 2428/1273/2029
f 2429/1274/2030 2430/1275/2031 2431/1276/2032
f 2430/1275/2031 2432/1277/2033 2431/1276/2032
f 2425/1272/2028 2426/1271/2027 2433/1278/2034
f 2426/1271/2027 2434/1279/2035 2433/1278/2034
f 2432/1277/2033 2435/1280/2036 2431/1276/2032
f 2435/1280/2036 2436/1281/2037 2431/1276/2032
f 2437/1282/2038 2436/1281/2037 2435/1280/2036
f 2435/1280/2036 2438/1283/2039 2437/1282/2038
f 2439/1284/2040 2437/1282/2038 2438/1283/2039
f 2439/1284/2040 2438/1283/2039 2440/1285/2041
f 2440/1285/2041 2441/1286/2042 2439/1284/2040
f 2431/1276/2032 2442/1287/2043 2429/1274/2030
f 2442/1287/2043 2443/1288/2044 2429/1274/2030
f 2443/1288/2044 2442/1287/2043 2444/1289/2045
f 2445/1290/2046 2443/1288/2044 2444/1289/2045
f 2444/1289/2045 2442/1287/2043 2446/1291/2047
f 2442/1287/2043 2447/1292/2048 2446/1291/2047
f 2436/1281/2037 2437/1282/2038 2447/1292/2048
f 2437/1282/2038 2448/1293/2049 2447/1292/2048
f 2437/1282/2038 2439/1284/2040 2448/1293/2049
f 2431/1276/2032 2436/1281/2037 2447/1292/2048
f 2442/1287/2043 2431/1276/2032 2447/1292/2048
f 2447/1292/2048 2448/1293/2049 2449/1294/2050
f 2446/1291/2047 2447/1292/2048 2449/1294/2050
f 2449/1294/2050 2448/1293/2049 2450/1295/2051
f 2448/1293/2049 2451/1296/2052 2450/1295/2051
f 2439/1284/2040 2451/1296/2052 2448/1293/2049
f 2439/1284/2040 2441/1286/2042 2451/1296/2052
f 2450/1295/2051 2451/1296/2052 2452/1297/2053
f 2451/1296/2052 2453/1298/2054 2452/1297/2053
f 2441/1286/2042 2453/1298/2054 2451/1296/2052
f 2452/1297/2053 2454/1299/2055 2450/1295/2051
f 2454/1299/2055 2455/1300/2056 2450/1295/2051
f 2450/1295/2051 2455/1300/2056 2449/1294/2050
f 2454/1299/2055 2456/1301/2057 2455/1300/2056
f 2456/1301/2057 2457/1302/2058 2455/1300/2056
f 2457/1302/2058 2456/1301/2057 2458/1303/2059
f 2457/1302/2058 2458/1303/2059 2459/1304/2060
f 2457/1302/2058 2459/1304/2060 2455/1300/2056
f 2458/1303/2059 2460/1305/2061 2459/1304/2060
f 2458/1303/2059 2461/1306/2062 2460/1305/2061
f 2461/1306/2062 2462/1307/2063 2460/1305/2061
f 2461/1306/2062 2463/1308/2064 2462/1307/2063
f 2463/1308/2064 2464/1309/2065 2462/1307/2063
f 2456/1301/2057 2465/1310/2066 2458/1303/2059
f 2458/1303/2059 2465/1310/2066 2461/1306/2062
f 2465/1310/2066 2466/1311/2067 2461/1306/2062
f 2461/1306/2062 2466/1311/2067 2463/1308/2064
f 2466/1311/2067 2467/1312/2068 2463/1308/2064
f 2459/1304/2060 2460/1305/2061 2468/1313/2069
f 2469/1314/2070 2459/1304/2060 2468/1313/2069
f 2469/1314/2070 2468/1313/2069 2470/1315/2071
f 2471/1316/2072 2469/1314/2070 2470/1315/2071
f 2471/1316/2072 2470/1315/2071 2472/1317/2073
f 2470/1315/2071 2473/1318/2074 2472/1317/2073
f 2470/1315/2071 2474/1319/2075 2473/1318/2074
f 2470/1315/2071 2468/1313/2069 2474/1319/2075
f 2474/1319/2075 2475/1320/2076 2473/1318/2074
f 2473/1318/2074 2475/1320/2076 2476/1321/2077
f 2475/1320/2076 2477/1322/2078 2476/1321/2077
f 2473/1318/2074 2476/1321/2077 2478/1323/2079
f 2472/1317/2073 2473/1318/2074 2478/1323/2079
f 2468/1313/2069 2479/1324/2080 2474/1319/2075
f 2474/1319/2075 2479/1324/2080 2480/1325/2081
f 2474/1319/2075 2480/1325/2081 2475/1320/2076
f 2479/1324/2080 2481/1326/2082 2480/1325/2081
f 2480/1325/2081 2482/1327/2083 2475/1320/2076
f 2475/1320/2076 2482/1327/2083 2477/1322/2078
f 2469/1314/2070 2471/1316/2072 2483/1328/2084
f 2471/1316/2072 2472/1317/2073 2483/1328/2084
f 2472/1317/2073 2484/1329/2085 2483/1328/2084
f 2472/1317/2073 2478/1323/2079 2484/1329/2085
f 2478/1323/2079 2485/1330/2086 2484/1329/2085
f 2486/1331/2087 2478/1323/2079 2476/1321/2077
f 2478/1323/2079 2486/1331/2087 2485/1330/2086
f 2487/1332/2088 2486/1331/2087 2476/1321/2077
f 2486/1331/2087 2487/1332/2088 2488/1333/2089
f 2487/1332/2088 2489/1334/2090 2488/1333/2089
f 2487/1332/2088 2490/1335/2091 2489/1334/2090
f 2476/1321/2077 2477/1322/2078 2490/1335/2091
f 2487/1332/2088 2476/1321/2077 2490/1335/2091
f 2490/1335/2091 2491/1336/2092 2489/1334/2090
f 2488/1333/2089 2489/1334/2090 2492/1337/2093
f 2493/1338/2094 2488/1333/2089 2492/1337/2093
f 2480/1325/2081 2481/1326/2082 2494/1339/2095
f 2480/1325/2081 2494/1339/2095 2482/1327/2083
f 2481/1326/2082 2495/1340/2096 2494/1339/2095
f 2481/1326/2082 2464/1309/2065 2495/1340/2096
f 2481/1326/2082 2479/1324/2080 2464/1309/2065
f 2479/1324/2080 2462/1307/2063 2464/1309/2065
f 2460/1305/2061 2462/1307/2063 2479/1324/2080
f 2468/1313/2069 2460/1305/2061 2479/1324/2080
f 2464/1309/2065 2496/1341/2097 2495/1340/2096
f 2497/1342/2098 2496/1341/2097 2464/1309/2065
f 2463/1308/2064 2497/1342/2098 2464/1309/2065
f 2463/1308/2064 2467/1312/2068 2497/1342/2098
f 2467/1312/2068 2498/1343/2099 2497/1342/2098
f 2493/1338/2094 2492/1337/2093 2499/1344/2100
f 2500/1345/2101 2493/1338/2094 2499/1344/2100
f 2500/1345/2101 2499/1344/2100 2501/1346/2102
f 2499/1344/2100 2502/1347/2103 2501/1346/2102
f 2502/1347/2103 2503/1348/2104 2501/1346/2102
f 2503/1348/2104 2504/1349/2105 2501/1346/2102
f 2504/1349/2105 2503/1348/2104 2505/1350/2106
f 2506/1351/2107 2504/1349/2105 2505/1350/2106
f 2503/1348/2104 2507/1352/2108 2505/1350/2106
f 2508/1353/2109 2504/1349/2105 2506/1351/2107
f 2501/1346/2102 2504/1349/2105 2508/1353/2109
f 2509/1354/2110 2508/1353/2109 2506/1351/2107
f 2510/1355/2111 2501/1346/2102 2508/1353/2109
f 2501/1346/2102 2510/1355/2111 2500/1345/2101
f 2510/1355/2111 2511/1356/2112 2500/1345/2101
f 2511/1356/2112 2510/1355/2111 2512/1357/2113
f 2510/1355/2111 2513/1358/2114 2512/1357/2113
f 2500/1345/2101 2511/1356/2112 2493/1338/2094
f 2511/1356/2112 2514/1359/2115 2493/1338/2094
f 2511/1356/2112 2512/1357/2113 2514/1359/2115
f 2512/1357/2113 2515/1360/2116 2514/1359/2115
f 2512/1357/2113 2516/1361/2117 2515/1360/2116
f 2516/1361/2117 2517/1362/2118 2515/1360/2116
f 2434/1279/2035 2517/1362/2118 2516/1361/2117
f 2518/1363/2119 2434/1279/2035 2516/1361/2117
f 1523/459/2120 2434/1279/2035 2518/1363/2119
f 2519/1364/2121 2517/1362/2118 2434/1279/2035
f 2517/1362/2118 2519/1364/2121 2515/1360/2116
f 2426/1271/2027 2519/1364/2121 2434/1279/2035
f 2520/1365/2122 2519/1364/2121 2426/1271/2027
f 2427/1270/2026 2520/1365/2122 2426/1271/2027
f 2443/1288/2044 2520/1365/2122 2427/1270/2026
f 2429/1274/2030 2443/1288/2044 2427/1270/2026
f 2518/1363/2119 2516/1361/2117 2521/1366/2123
f 2516/1361/2117 2522/1367/2124 2521/1366/2123
f 2521/1366/2123 2522/1367/2124 2523/1368/2125
f 2523/1368/2125 2522/1367/2124 2513/1358/2114
f 2524/1369/2126 2523/1368/2125 2513/1358/2114
f 2525/1370/2127 2523/1368/2125 2524/1369/2126
f 2526/1371/2128 2525/1370/2127 2524/1369/2126
f 2527/1372/2129 2525/1370/2127 2526/1371/2128
f 2528/1373/2130 2527/1372/2129 2526/1371/2128
f 2529/1374/2131 2527/1372/2129 2528/1373/2130
f 2530/1375/2132 2529/1374/2131 2528/1373/2130
f 2531/1376/2133 2529/1374/2131 2530/1375/2132
f 2532/1377/2134 2531/1376/2133 2530/1375/2132
f 2533/1378/2135 2525/1370/2127 2527/1372/2129
f 2534/1379/2136 2533/1378/2135 2527/1372/2129
f 2533/1378/2135 2534/1379/2136 2535/1380/2137
f 2535/1380/2137 2534/1379/2136 2536/1381/2138
f 2534/1379/2136 2537/1382/2139 2536/1381/2138
f 2527/1372/2129 2529/1374/2131 2537/1382/2139
f 2534/1379/2136 2527/1372/2129 2537/1382/2139
f 2538/1383/2140 2533/1378/2135 2535/1380/2137
f 2538/1383/2140 2539/1384/2141 2533/1378/2135
f 2539/1384/2141 2540/1385/2142 2533/1378/2135
f 2533/1378/2135 2540/1385/2142 2525/1370/2127
f 2540/1385/2142 2523/1368/2125 2525/1370/2127
f 2540/1385/2142 2521/1366/2123 2523/1368/2125
f 2541/1386/2143 2531/1376/2133 2532/1377/2134
f 2542/1387/2144 2541/1386/2143 2532/1377/2134
f 2529/1374/2131 2531/1376/2133 2543/1388/2145
f 2537/1382/2139 2529/1374/2131 2543/1388/2145
f 2536/1381/2138 2537/1382/2139 2543/1388/2145
f 2531/1376/2133 2541/1386/2143 2544/1389/2146
f 2543/1388/2145 2531/1376/2133 2544/1389/2146
f 2543/1388/2145 2544/1389/2146 2545/1390/2147
f 2546/1391/2148 2536/1381/2138 2543/1388/2145
f 2545/1390/2147 2546/1391/2148 2543/1388/2145
f 1522/458/2149 2521/1366/2123 2540/1385/2142
f 2539/1384/2141 1522/458/2149 2540/1385/2142
f 2546/1391/2148 2545/1390/2147 2547/1392/2150
f 2548/1393/2151 2546/1391/2148 2547/1392/2150
f 2548/1393/2151 2547/1392/2150 2549/1394/2152
f 2550/1395/2153 2548/1393/2151 2549/1394/2152
f 2548/1393/2151 2551/1396/2154 2546/1391/2148
f 2548/1393/2151 2550/1395/2153 2551/1396/2154
f 2551/1396/2154 2536/1381/2138 2546/1391/2148
f 1522/458/2149 1521/457/2155 2521/1366/2123
f 2536/1381/2138 2551/1396/2154 2552/1397/2156
f 2535/1380/2137 2536/1381/2138 2552/1397/2156
f 2535/1380/2137 2552/1397/2156 1559/544/2157
f 1559/544/2157 1562/548/2158 2535/1380/2137
f 2538/1383/2140 2535/1380/2137 1562/548/2158
f 1563/550/2159 2538/1383/2140 1562/548/2158
f 2538/1383/2140 1563/550/2159 2539/1384/2141
f 1522/458/2149 2539/1384/2141 1564/553/2160
f 1563/550/2159 1564/553/2160 2539/1384/2141
f 2550/1395/2153 2549/1394/2152 1571/567/2161
f 1561/547/2162 2550/1395/2153 1571/567/2161
f 2551/1396/2154 2550/1395/2153 1561/547/2162
f 1560/545/2163 2551/1396/2154 1561/547/2162
f 1560/545/2163 1559/544/2157 2552/1397/2156
f 2551/1396/2154 1560/545/2163 2552/1397/2156
f 2518/1363/2119 2521/1366/2123 1521/457/2155
f 2518/1363/2119 1521/457/2155 1523/459/2120
f 2433/1278/2034 1523/459/2120 1524/461/2164
f 2433/1278/2034 1524/461/2164 1525/467/2165
f 2425/1272/2028 2433/1278/2034 1525/467/2165
f 1526/469/2166 2425/1272/2028 1525/467/2165
f 2428/1273/2029 2425/1272/2028 1526/469/2166
f 2553/1398/2167 2428/1273/2029 1526/469/2166
f 1523/459/2120 2433/1278/2034 2434/1279/2035
f 2430/1275/2031 2428/1273/2029 2553/1398/2167
f 2554/1399/2168 2430/1275/2031 2553/1398/2167
f 2432/1277/2033 2430/1275/2031 2554/1399/2168
f 2555/1400/2169 2432/1277/2033 2554/1399/2168
f 2432/1277/2033 2555/1400/2169 2435/1280/2036
f 2555/1400/2169 2556/1401/2170 2435/1280/2036
f 2438/1283/2039 2435/1280/2036 2556/1401/2170
f 2557/1402/2171 2438/1283/2039 2556/1401/2170
f 2556/1401/2170 2558/1403/2172 2557/1402/2171
f 2558/1403/2172 2559/1404/2173 2557/1402/2171
f 2559/1404/2173 2558/1403/2172 2560/1405/2174
f 2440/1285/2041 2438/1283/2039 2557/1402/2171
f 2561/1406/2175 2440/1285/2041 2557/1402/2171
f 2557/1402/2171 2559/1404/2173 2561/1406/2175
f 2559/1404/2173 2562/1407/2176 2561/1406/2175
f 2562/1407/2176 2559/1404/2173 2560/1405/2174
f 2554/1399/2168 2553/1398/2167 1527/471/2177
f 1528/473/2178 2554/1399/2168 1527/471/2177
f 1526/469/2166 1527/471/2177 2553/1398/2167
f 2563/1408/2179 2558/1403/2172 2556/1401/2170
f 2563/1408/2179 2556/1401/2170 2555/1400/2169
f 2563/1408/2179 2555/1400/2169 2564/1409/2180
f 2564/1409/2180 2555/1400/2169 2554/1399/2168
f 2554/1399/2168 1528/473/2178 2564/1409/2180
f 1528/473/2178 1529/475/2181 2564/1409/2180
f 2564/1409/2180 1529/475/2181 2563/1408/2179
f 1529/475/2181 1535/483/2182 2563/1408/2179
f 2558/1403/2172 2563/1408/2179 1535/483/2182
f 1536/485/2183 2558/1403/2172 1535/483/2182
f 1536/485/2183 1537/487/2184 2560/1405/2174
f 2562/1407/2176 2560/1405/2174 1537/487/2184
f 2558/1403/2172 1536/485/2183 2560/1405/2174
f 1538/489/2185 2562/1407/2176 1537/487/2184
f 2567/1410/2186 2566/1411/2187 2565/1412/2188
f 2568/1413/2189 2567/1410/2186 2565/1412/2188
f 2569/1414/2190 2567/1410/2186 2568/1413/2189
f 1567/559/2191 2569/1414/2190 2568/1413/2189
f 2567/1410/2186 2570/1415/2192 2566/1411/2187
f 2570/1415/2192 2571/1416/2193 2566/1411/2187
f 2572/1417/2194 2570/1415/2192 2567/1410/2186
f 2569/1414/2190 2572/1417/2194 2567/1410/2186
f 2573/1418/2195 2572/1417/2194 2569/1414/2190
f 2574/1419/2196 2573/1418/2195 2569/1414/2190
f 2574/1419/2196 2569/1414/2190 1567/559/2191
f 2566/1411/2187 2571/1416/2193 2575/1420/2197
f 2565/1412/2188 2566/1411/2187 2575/1420/2197
f 2571/1416/2193 2576/1421/2198 2575/1420/2197
f 2570/1415/2192 2577/1422/2199 2571/1416/2193
f 2577/1422/2199 2578/1423/2200 2571/1416/2193
f 2576/1421/2198 2571/1416/2193 2578/1423/2200
f 2577/1422/2199 2579/1424/2201 2578/1423/2200
f 2580/1425/2202 2579/1424/2201 2577/1422/2199
f 2581/1426/2203 2580/1425/2202 2577/1422/2199
f 2581/1426/2203 2577/1422/2199 2570/1415/2192
f 2572/1417/2194 2581/1426/2203 2570/1415/2192
f 2582/1427/2204 2580/1425/2202 2581/1426/2203
f 2583/1428/2205 2582/1427/2204 2581/1426/2203
f 2583/1428/2205 2581/1426/2203 2572/1417/2194
f 2573/1418/2195 2583/1428/2205 2572/1417/2194
f 2584/1429/2206 2582/1427/2204 2583/1428/2205
f 2585/1430/2207 2584/1429/2206 2583/1428/2205
f 2585/1430/2207 2583/1428/2205 2573/1418/2195
f 1388/67/2208 2584/1429/2206 2585/1430/2207
f 2586/1431/2209 1388/67/2208 2585/1430/2207
f 2579/1424/2201 2587/1432/2210 2578/1423/2200
f 2584/1429/2206 1387/65/2211 2582/1427/2204
f 1387/65/2211 2584/1429/2206 1388/67/2208
f 1387/65/2211 1386/56/2212 2582/1427/2204
f 2582/1427/2204 1386/56/2212 2580/1425/2202
f 1386/56/2212 2588/1433/2213 2580/1425/2202
f 2580/1425/2202 2588/1433/2213 2579/1424/2201
f 2588/1433/2213 2589/1434/2214 2579/1424/2201
f 2579/1424/2201 2589/1434/2214 2587/1432/2210
f 2589/1434/2214 2590/1435/2215 2587/1432/2210
f 2586/1431/2209 2585/1430/2207 2591/1436/2216
f 2591/1436/2216 2585/1430/2207 2573/1418/2195
f 2592/1437/2217 2586/1431/2209 2591/1436/2216
f 2587/1432/2210 2590/1435/2215 2593/1438/2218
f 2593/1438/2218 2590/1435/2215 1382/49/2219
f 2590/1435/2215 1383/50/2220 1382/49/2219
f 1383/50/2220 2590/1435/2215 2589/1434/2214
f 2594/1439/2221 2587/1432/2210 2593/1438/2218
f 2578/1423/2200 2587/1432/2210 2594/1439/2221
f 2595/1440/2222 2578/1423/2200 2594/1439/2221
f 2576/1421/2198 2578/1423/2200 2595/1440/2222
f 2576/1421/2198 2595/1440/2222 2596/1441/2223
f 2575/1420/2197 2576/1421/2198 2596/1441/2223
f 2597/1442/2224 2575/1420/2197 2596/1441/2223
f 2598/1443/2225 2597/1442/2224 2596/1441/2223
f 2596/1441/2223 2599/1444/2226 2598/1443/2225
f 2599/1444/2226 2596/1441/2223 2595/1440/2222
f 2599/1444/2226 2600/1445/2227 2598/1443/2225
f 2600/1445/2227 2599/1444/2226 2601/1446/2228
f 2602/1447/2229 2600/1445/2227 2601/1446/2228
f 2602/1447/2229 2601/1446/2228 2603/1448/2230
f 2601/1446/2228 2604/1449/2231 2603/1448/2230
f 2603/1448/2230 2604/1449/2231 2605/1450/2232
f 2604/1449/2231 2606/1451/2233 2605/1450/2232
f 2605/1450/2232 2606/1451/2233 2607/1452/2234
f 2606/1451/2233 2608/1453/2235 2607/1452/2234
f 2606/1451/2233 2609/1454/2236 2608/1453/2235
f 2609/1454/2236 2610/1455/2237 2608/1453/2235
f 2609/1454/2236 2611/1456/2238 2610/1455/2237
f 2611/1456/2238 2612/1457/2239 2610/1455/2237
f 2611/1456/2238 2613/1458/2240 2612/1457/2239
f 2613/1458/2240 2614/1459/2241 2612/1457/2239
f 2615/1460/2242 2609/1454/2236 2606/1451/2233
f 2604/1449/2231 2615/1460/2242 2606/1451/2233
f 2603/1448/2230 1539/492/2243 2602/1447/2229
f 2603/1448/2230 1540/494/2244 1539/492/2243
f 2603/1448/2230 2605/1450/2232 1540/494/2244
f 1540/494/2244 2605/1450/2232 2607/1452/2234
f 1539/492/2243 2616/1461/2245 2602/1447/2229
f 2612/1457/2239 2614/1459/2241 2617/1462/2246
f 2614/1459/2241 2618/1463/2247 2617/1462/2246
f 2617/1462/2246 2618/1463/2247 2619/1464/2248
f 2617/1462/2246 2619/1464/2248 2620/1465/2249
f 2621/1466/2250 2617/1462/2246 2620/1465/2249
f 2612/1457/2239 2617/1462/2246 2621/1466/2250
f 2610/1455/2237 2612/1457/2239 2621/1466/2250
f 2620/1465/2249 2619/1464/2248 1549/513/2251
f 2619/1464/2248 1550/515/2252 1549/513/2251
f 2618/1463/2247 1558/541/2253 2619/1464/2248
f 1550/515/2252 2619/1464/2248 1558/541/2253
f 2621/1466/2250 2620/1465/2249 2622/1467/2254
f 2623/1468/2255 2621/1466/2250 2622/1467/2254
f 2610/1455/2237 2621/1466/2250 2623/1468/2255
f 2608/1453/2235 2610/1455/2237 2623/1468/2255
f 2608/1453/2235 2623/1468/2255 1542/498/2256
f 2607/1452/2234 2608/1453/2235 1542/498/2256
f 1541/496/2257 1540/494/2244 2607/1452/2234
f 2607/1452/2234 1542/498/2256 1541/496/2257
f 2623/1468/2255 2622/1467/2254 1543/500/2258
f 1542/498/2256 2623/1468/2255 1543/500/2258
f 1548/511/2259 2622/1467/2254 2620/1465/2249
f 1549/513/2251 1548/511/2259 2620/1465/2249
f 2622/1467/2254 1548/511/2259 1546/507/2260
f 1543/500/2258 2622/1467/2254 1546/507/2260
f 1558/541/2253 2618/1463/2247 1554/535/2261
f 1554/535/2261 2618/1463/2247 1555/536/2262
f 2618/1463/2247 2614/1459/2241 1555/536/2262
f 2614/1459/2241 2613/1458/2240 1555/536/2262
f 2613/1458/2240 1557/540/2263 1555/536/2262
f 1557/540/2263 2613/1458/2240 1556/539/2264
f 2613/1458/2240 2624/1469/2265 1556/539/2264
f 2624/1469/2265 2593/1438/2218 1556/539/2264
f 2593/1438/2218 1382/49/2219 1556/539/2264
f 2625/1470/2266 2624/1469/2265 2613/1458/2240
f 2611/1456/2238 2625/1470/2266 2613/1458/2240
f 2625/1470/2266 2611/1456/2238 2609/1454/2236
f 2615/1460/2242 2625/1470/2266 2609/1454/2236
f 2624/1469/2265 2625/1470/2266 2626/1471/2267
f 2626/1471/2267 2593/1438/2218 2624/1469/2265
f 2594/1439/2221 2593/1438/2218 2626/1471/2267
f 2625/1470/2266 2615/1460/2242 2627/1472/2268
f 2627/1472/2268 2626/1471/2267 2625/1470/2266
f 2627/1472/2268 2615/1460/2242 2604/1449/2231
f 2601/1446/2228 2627/1472/2268 2604/1449/2231
f 2627/1472/2268 2628/1473/2269 2626/1471/2267
f 2628/1473/2269 2594/1439/2221 2626/1471/2267
f 2628/1473/2269 2595/1440/2222 2594/1439/2221
f 2599/1444/2226 2628/1473/2269 2627/1472/2268
f 2601/1446/2228 2599/1444/2226 2627/1472/2268
f 2628/1473/2269 2599/1444/2226 2595/1440/2222
f 2631/1474/2270 2630/1475/2271 2629/1476/2272
f 2632/1477/2273 2631/1474/2270 2629/1476/2272
f 2632/1477/2273 2629/1476/2272 2633/1478/2274
f 2634/1479/2275 2632/1477/2273 2633/1478/2274
f 2635/1480/2276 2632/1477/2273 2634/1479/2275
f 2632/1477/2273 2635/1480/2276 2631/1474/2270
f 2636/1481/2277 2635/1480/2276 2634/1479/2275
f 2637/1482/2278 2635/1480/2276 2636/1481/2277
f 2638/1483/2279 2637/1482/2278 2636/1481/2277
f 2639/1484/2280 2637/1482/2278 2638/1483/2279
f 2640/1485/2281 2639/1484/2280 2638/1483/2279
f 2635/1480/2276 2641/1486/2282 2631/1474/2270
f 2635/1480/2276 2637/1482/2278 2642/1487/2283
f 2641/1486/2282 2635/1480/2276 2642/1487/2283
f 2643/1488/2284 2642/1487/2283 2637/1482/2278
f 2639/1484/2280 2643/1488/2284 2637/1482/2278
f 2643/1488/2284 2644/1489/2285 2642/1487/2283
f 2644/1489/2285 2645/1490/2286 2642/1487/2283
f 2641/1486/2282 2642/1487/2283 2645/1490/2286
f 2638/1483/2279 2636/1481/2277 2646/1491/2287
f 2638/1483/2279 2647/1492/2288 2640/1485/2281
f 2647/1492/2288 2638/1483/2279 2646/1491/2287
f 2636/1481/2277 2634/1479/2275 2648/1493/2289
f 2646/1491/2287 2636/1481/2277 2648/1493/2289
f 2634/1479/2275 2633/1478/2274 2649/1494/2290
f 2648/1493/2289 2634/1479/2275 2649/1494/2290
f 2647/1492/2288 2646/1491/2287 2530/1375/2132
f 2528/1373/2130 2647/1492/2288 2530/1375/2132
f 2509/1354/2110 2647/1492/2288 2528/1373/2130
f 2640/1485/2281 2647/1492/2288 2509/1354/2110
f 2526/1371/2128 2509/1354/2110 2528/1373/2130
f 2508/1353/2109 2509/1354/2110 2526/1371/2128
f 2524/1369/2126 2508/1353/2109 2526/1371/2128
f 2510/1355/2111 2508/1353/2109 2524/1369/2126
f 2513/1358/2114 2510/1355/2111 2524/1369/2126
f 2646/1491/2287 2648/1493/2289 2532/1377/2134
f 2530/1375/2132 2646/1491/2287 2532/1377/2134
f 2648/1493/2289 2649/1494/2290 2542/1387/2144
f 2532/1377/2134 2648/1493/2289 2542/1387/2144
f 2513/1358/2114 2522/1367/2124 2512/1357/2113
f 2522/1367/2124 2516/1361/2117 2512/1357/2113
f 2640/1485/2281 2509/1354/2110 2506/1351/2107
f 2640/1485/2281 2506/1351/2107 2639/1484/2280
f 2506/1351/2107 2505/1350/2106 2639/1484/2280
f 2639/1484/2280 2505/1350/2106 2643/1488/2284
f 2505/1350/2106 2507/1352/2108 2643/1488/2284
f 2643/1488/2284 2507/1352/2108 2644/1489/2285
f 2644/1489/2285 2507/1352/2108 2650/1495/2291
f 2507/1352/2108 2651/1496/2292 2650/1495/2291
f 2503/1348/2104 2651/1496/2292 2507/1352/2108
f 2651/1496/2292 2503/1348/2104 2502/1347/2103
f 2644/1489/2285 2652/1497/2293 2645/1490/2286
f 2653/1498/2294 2645/1490/2286 2652/1497/2293
f 2653/1498/2294 2654/1499/2295 2645/1490/2286
f 2654/1499/2295 2641/1486/2282 2645/1490/2286
f 2641/1486/2282 2654/1499/2295 2655/1500/2296
f 2631/1474/2270 2641/1486/2282 2655/1500/2296
f 2631/1474/2270 2655/1500/2296 2656/1501/2297
f 2630/1475/2271 2631/1474/2270 2656/1501/2297
f 2656/1501/2297 2655/1500/2296 2657/1502/2298
f 2655/1500/2296 2658/1503/2299 2657/1502/2298
f 2654/1499/2295 2653/1498/2294 2658/1503/2299
f 2655/1500/2296 2654/1499/2295 2658/1503/2299
f 2658/1503/2299 2653/1498/2294 2659/1504/2300
f 2662/1505/2301 2661/1506/2302 2660/1507/2303
f 2663/1508/2304 2662/1505/2301 2660/1507/2303
f 2664/1509/2305 2663/1508/2304 2660/1507/2303
f 2665/1510/2306 2664/1509/2305 2660/1507/2303
f 2664/1509/2305 2665/1510/2306 2666/1511/2307
f 2665/1510/2306 2667/1512/2308 2666/1511/2307
f 2664/1509/2305 2666/1511/2307 2668/1513/2309
f 2669/1514/2310 2664/1509/2305 2668/1513/2309
f 2669/1514/2310 2668/1513/2309 2670/1515/2311
f 2671/1516/2312 2669/1514/2310 2670/1515/2311
f 2665/1510/2306 2660/1507/2303 2672/1517/2313
f 2673/1518/2314 2665/1510/2306 2672/1517/2313
f 2665/1510/2306 2673/1518/2314 2667/1512/2308
f 2673/1518/2314 2674/1519/2315 2667/1512/2308
f 2668/1513/2309 2666/1511/2307 2675/1520/2316
f 2676/1521/2317 2668/1513/2309 2675/1520/2316
f 2670/1515/2311 2668/1513/2309 2676/1521/2317
f 2676/1521/2317 2675/1520/2316 2677/1522/2318
f 2678/1523/2319 2676/1521/2317 2677/1522/2318
f 2677/1522/2318 2675/1520/2316 2679/1524/2320
f 2675/1520/2316 2680/1525/2321 2679/1524/2320
f 2666/1511/2307 2667/1512/2308 2680/1525/2321
f 2675/1520/2316 2666/1511/2307 2680/1525/2321
f 2679/1524/2320 2680/1525/2321 2681/1526/2322
f 2680/1525/2321 2682/1527/2323 2681/1526/2322
f 2667/1512/2308 2674/1519/2315 2682/1527/2323
f 2680/1525/2321 2667/1512/2308 2682/1527/2323
f 2681/1526/2322 2682/1527/2323 2683/1528/2324
f 2684/1529/2325 2681/1526/2322 2683/1528/2324
f 2685/1530/2326 2684/1529/2325 2683/1528/2324
f 2686/1531/2327 2685/1530/2326 2683/1528/2324
f 2686/1531/2327 2687/1532/2328 2685/1530/2326
f 2682/1527/2323 2674/1519/2315 2688/1533/2329
f 2683/1528/2324 2682/1527/2323 2688/1533/2329
f 2683/1528/2324 2688/1533/2329 2686/1531/2327
f 2688/1533/2329 2689/1534/2330 2686/1531/2327
f 2687/1532/2328 2686/1531/2327 2689/1534/2330
f 2688/1533/2329 2674/1519/2315 2690/1535/2331
f 2674/1519/2315 2673/1518/2314 2690/1535/2331
f 2691/1536/2332 2689/1534/2330 2688/1533/2329
f 2690/1535/2331 2691/1536/2332 2688/1533/2329
f 2691/1536/2332 2692/1537/2333 2689/1534/2330
f 2689/1534/2330 2692/1537/2333 2687/1532/2328
f 2693/1538/2334 2687/1532/2328 2692/1537/2333
f 2694/1539/2335 2690/1535/2331 2673/1518/2314
f 2691/1536/2332 2690/1535/2331 2694/1539/2335
f 2672/1517/2313 2694/1539/2335 2673/1518/2314
f 1436/191/2336 2694/1539/2335 2672/1517/2313
f 2695/1540/2337 1436/191/2336 2672/1517/2313
f 2672/1517/2313 2660/1507/2303 2695/1540/2337
f 2660/1507/2303 2661/1506/2302 2695/1540/2337
f 1435/190/2338 2695/1540/2337 2661/1506/2302
f 1436/191/2336 2695/1540/2337 1435/190/2338
f 1434/187/2339 1435/190/2338 2661/1506/2302
f 1433/185/2340 1434/187/2339 2661/1506/2302
f 2662/1505/2301 1433/185/2340 2661/1506/2302
f 1433/185/2340 2662/1505/2301 1432/183/2341
f 2662/1505/2301 2696/1541/2342 1432/183/2341
f 2696/1541/2342 2662/1505/2301 2663/1508/2304
f 2697/1542/2343 2696/1541/2342 2663/1508/2304
f 2663/1508/2304 2664/1509/2305 2697/1542/2343
f 2664/1509/2305 2669/1514/2310 2697/1542/2343
f 1431/181/2344 2696/1541/2342 2697/1542/2343
f 1432/183/2341 2696/1541/2342 1431/181/2344
f 2698/1543/2345 1431/181/2344 2697/1542/2343
f 2697/1542/2343 2669/1514/2310 2698/1543/2345
f 2669/1514/2310 2671/1516/2312 2698/1543/2345
f 2698/1543/2345 2671/1516/2312 1430/179/2346
f 2698/1543/2345 1430/179/2346 1431/181/2344
f 1430/179/2346 2671/1516/2312 1429/177/2347
f 2671/1516/2312 2699/1544/2348 1429/177/2347
f 2699/1544/2348 2671/1516/2312 2670/1515/2311
f 2700/1545/2349 2699/1544/2348 2670/1515/2311
f 2699/1544/2348 2700/1545/2349 2701/1546/2350
f 2702/1547/2351 2699/1544/2348 2701/1546/2350
f 2702/1547/2351 2701/1546/2350 2703/1548/2352
f 2704/1549/2353 2702/1547/2351 2703/1548/2352
f 1427/173/2354 2702/1547/2351 2704/1549/2353
f 2705/1550/2355 1427/173/2354 2704/1549/2353
f 1426/172/2356 1427/173/2354 2705/1550/2355
f 1426/172/2356 2705/1550/2355 2706/1551/2357
f 2707/1552/2358 1426/172/2356 2706/1551/2357
f 1425/170/2359 1426/172/2356 2707/1552/2358
f 2707/1552/2358 2706/1551/2357 2708/1553/2360
f 2709/1554/2361 2707/1552/2358 2708/1553/2360
f 1425/170/2359 2707/1552/2358 2709/1554/2361
f 2709/1554/2361 2710/1555/2362 1425/170/2359
f 2708/1553/2360 2711/1556/2363 2709/1554/2361
f 2711/1556/2363 2712/1557/2364 2709/1554/2361
f 2709/1554/2361 2712/1557/2364 2710/1555/2362
f 2712/1557/2364 2711/1556/2363 2713/1558/2365
f 2714/1559/2366 2712/1557/2364 2713/1558/2365
f 2714/1559/2366 2713/1558/2365 2715/1560/2367
f 2716/1561/2368 2714/1559/2366 2715/1560/2367
f 2717/1562/2369 2716/1561/2368 2715/1560/2367
f 2718/1563/2370 2716/1561/2368 2717/1562/2369
f 2719/1564/2371 2718/1563/2370 2717/1562/2369
f 2718/1563/2370 2719/1564/2371 2720/1565/2372
f 2721/1566/2373 2718/1563/2370 2720/1565/2372
f 2722/1567/2374 2717/1562/2369 2715/1560/2367
f 2721/1566/2373 2723/1568/2375 2718/1563/2370
f 2723/1568/2375 2724/1569/2376 2718/1563/2370
f 2724/1569/2376 2714/1559/2366 2716/1561/2368
f 2718/1563/2370 2724/1569/2376 2716/1561/2368
f 2725/1570/2377 2723/1568/2375 2721/1566/2373
f 2726/1571/2378 2725/1570/2377 2721/1566/2373
f 2726/1571/2378 2721/1566/2373 2720/1565/2372
f 2723/1568/2375 2725/1570/2377 2727/1572/2379
f 2728/1573/2380 2725/1570/2377 2726/1571/2378
f 2729/1574/2381 2728/1573/2380 2726/1571/2378
f 2729/1574/2381 2730/1575/2382 2728/1573/2380
f 2730/1575/2382 2731/1576/2383 2728/1573/2380
f 2730/1575/2382 2732/1577/2384 2731/1576/2383
f 2731/1576/2383 2732/1577/2384 2733/1578/2385
f 2734/1579/2386 2731/1576/2383 2733/1578/2385
f 2735/1580/2387 2734/1579/2386 2733/1578/2385
f 2736/1581/2388 2735/1580/2387 2733/1578/2385
f 2737/1582/2389 2736/1581/2388 2733/1578/2385
f 2738/1583/2390 2737/1582/2389 2733/1578/2385
f 2739/1584/2391 2738/1583/2390 2733/1578/2385
f 2739/1584/2391 2733/1578/2385 2732/1577/2384
f 2740/1585/2392 2737/1582/2389 2738/1583/2390
f 2740/1585/2392 1406/132/2393 2737/1582/2389
f 1406/132/2393 1407/134/2394 2737/1582/2389
f 2737/1582/2389 1407/134/2394 2736/1581/2388
f 2740/1585/2392 2741/1586/2395 1406/132/2393
f 2741/1586/2395 1404/127/2396 1406/132/2393
f 1404/127/2396 2741/1586/2395 1403/125/2397
f 2742/1587/2398 2741/1586/2395 2740/1585/2392
f 2743/1588/2399 2742/1587/2398 2740/1585/2392
f 2743/1588/2399 2740/1585/2392 2738/1583/2390
f 2743/1588/2399 2738/1583/2390 2739/1584/2391
f 2742/1587/2398 2743/1588/2399 2744/1589/2400
f 2744/1589/2400 2743/1588/2399 2739/1584/2391
f 2745/1590/2401 2742/1587/2398 2744/1589/2400
f 2746/1591/2402 2742/1587/2398 2745/1590/2401
f 2741/1586/2395 2742/1587/2398 2746/1591/2402
f 2741/1586/2395 2746/1591/2402 1403/125/2397
f 1403/125/2397 2746/1591/2402 2747/1592/2403
f 1402/123/2404 1403/125/2397 2747/1592/2403
f 2747/1592/2403 2746/1591/2402 2748/1593/2405
f 2748/1593/2405 2746/1591/2402 2745/1590/2401
f 2747/1592/2403 2748/1593/2405 2749/1594/2406
f 2747/1592/2403 2749/1594/2406 2750/1595/2407
f 2750/1595/2407 2749/1594/2406 2751/1596/2408
f 2749/1594/2406 2752/1597/2409 2751/1596/2408
f 2753/1598/2410 2747/1592/2403 2750/1595/2407
f 1402/123/2404 2747/1592/2403 2753/1598/2410
f 2749/1594/2406 2754/1599/2411 2752/1597/2409
f 2748/1593/2405 2754/1599/2411 2749/1594/2406
f 2754/1599/2411 2755/1600/2412 2752/1597/2409
f 2754/1599/2411 2756/1601/2413 2755/1600/2412
f 2748/1593/2405 2745/1590/2401 2756/1601/2413
f 2754/1599/2411 2748/1593/2405 2756/1601/2413
f 2756/1601/2413 2757/1602/2414 2755/1600/2412
f 2756/1601/2413 2758/1603/2415 2757/1602/2414
f 2745/1590/2401 2744/1589/2400 2758/1603/2415
f 2756/1601/2413 2745/1590/2401 2758/1603/2415
f 2758/1603/2415 2759/1604/2416 2757/1602/2414
f 2751/1596/2408 2760/1605/2417 2750/1595/2407
f 2760/1605/2417 2761/1606/2418 2750/1595/2407
f 2750/1595/2407 2761/1606/2418 2753/1598/2410
f 2761/1606/2418 2762/1607/2419 2753/1598/2410
f 2761/1606/2418 2763/1608/2420 2762/1607/2419
f 2763/1608/2420 2764/1609/2421 2762/1607/2419
f 2765/1610/2422 2763/1608/2420 2761/1606/2418
f 2760/1605/2417 2765/1610/2422 2761/1606/2418
f 2758/1603/2415 2766/1611/2423 2759/1604/2416
f 2758/1603/2415 2744/1589/2400 2766/1611/2423
f 2744/1589/2400 2739/1584/2391 2766/1611/2423
f 2766/1611/2423 2767/1612/2424 2759/1604/2416
f 2768/1613/2425 2762/1607/2419 2764/1609/2421
f 2753/1598/2410 2762/1607/2419 2768/1613/2425
f 1401/121/2426 2753/1598/2410 2768/1613/2425
f 1401/121/2426 1402/123/2404 2753/1598/2410
f 2769/1614/2427 2768/1613/2425 2764/1609/2421
f 2768/1613/2425 2769/1614/2427 2770/1615/2428
f 2769/1614/2427 2771/1616/2429 2770/1615/2428
f 2770/1615/2428 2771/1616/2429 2772/1617/2430
f 2771/1616/2429 2773/1618/2431 2772/1617/2430
f 2774/1619/2432 2772/1617/2430 2773/1618/2431
f 2775/1620/2433 2774/1619/2432 2773/1618/2431
f 2775/1620/2433 2773/1618/2431 2776/1621/2434
f 2776/1621/2434 2773/1618/2431 2771/1616/2429
f 2777/1622/2435 2775/1620/2433 2776/1621/2434
f 2778/1623/2436 2776/1621/2434 2771/1616/2429
f 2778/1623/2436 2771/1616/2429 2769/1614/2427
f 2779/1624/2437 2777/1622/2435 2776/1621/2434
f 2780/1625/2438 2779/1624/2437 2776/1621/2434
f 2780/1625/2438 2776/1621/2434 2778/1623/2436
f 2781/1626/2439 2779/1624/2437 2780/1625/2438
f 2782/1627/2440 2781/1626/2439 2780/1625/2438
f 2782/1627/2440 2780/1625/2438 2783/1628/2441
f 2783/1628/2441 2780/1625/2438 2778/1623/2436
f 2784/1629/2442 2782/1627/2440 2783/1628/2441
f 2784/1629/2442 2783/1628/2441 2785/1630/2443
f 2786/1631/2444 2784/1629/2442 2785/1630/2443
f 2785/1630/2443 2787/1632/2445 2786/1631/2444
f 2788/1633/2446 2787/1632/2445 2785/1630/2443
f 2788/1633/2446 2785/1630/2443 2789/1634/2447
f 2788/1633/2446 2789/1634/2447 2790/1635/2448
f 2788/1633/2446 2790/1635/2448 2787/1632/2445
f 2789/1634/2447 2791/1636/2449 2790/1635/2448
f 2785/1630/2443 2792/1637/2450 2789/1634/2447
f 2783/1628/2441 2778/1623/2436 2792/1637/2450
f 2785/1630/2443 2783/1628/2441 2792/1637/2450
f 2792/1637/2450 2769/1614/2427 2789/1634/2447
f 2792/1637/2450 2778/1623/2436 2769/1614/2427
f 2769/1614/2427 2764/1609/2421 2789/1634/2447
f 2791/1636/2449 2789/1634/2447 2764/1609/2421
f 2793/1638/2451 2790/1635/2448 2791/1636/2449
f 2793/1638/2451 2794/1639/2452 2790/1635/2448
f 2794/1639/2452 2795/1640/2453 2790/1635/2448
f 2790/1635/2448 2795/1640/2453 2787/1632/2445
f 2794/1639/2452 2796/1641/2454 2795/1640/2453
f 2796/1641/2454 2797/1642/2455 2795/1640/2453
f 2787/1632/2445 2795/1640/2453 2797/1642/2455
f 2798/1643/2456 2787/1632/2445 2797/1642/2455
f 2799/1644/2457 2793/1638/2451 2791/1636/2449
f 2763/1608/2420 2791/1636/2449 2764/1609/2421
f 2799/1644/2457 2791/1636/2449 2763/1608/2420
f 2765/1610/2422 2799/1644/2457 2763/1608/2420
f 2798/1643/2456 2797/1642/2455 2800/1645/2458
f 2801/1646/2459 2798/1643/2456 2800/1645/2458
f 2801/1646/2459 2800/1645/2458 2802/1647/2460
f 2800/1645/2458 2803/1648/2461 2802/1647/2460
f 2804/1649/2462 2803/1648/2461 2800/1645/2458
f 2805/1650/2463 2804/1649/2462 2800/1645/2458
f 2805/1650/2463 2800/1645/2458 2797/1642/2455
f 2796/1641/2454 2805/1650/2463 2797/1642/2455
f 2808/1651/2464 2807/1652/2465 2806/1653/2466
f 2809/1654/2467 2808/1651/2464 2806/1653/2466
f 2808/1651/2464 2810/1655/2468 2807/1652/2465
f 2810/1655/2468 2811/1656/2469 2807/1652/2465
f 2811/1656/2469 2810/1655/2468 2812/1657/2470
f 2813/1658/2471 2811/1656/2469 2812/1657/2470
f 2813/1658/2471 2812/1657/2470 2814/1659/2472
f 2812/1657/2470 2815/1660/2473 2814/1659/2472
f 2807/1652/2465 2811/1656/2469 2816/1661/2474
f 2811/1656/2469 2817/1662/2475 2816/1661/2474
f 2807/1652/2465 2816/1661/2474 2818/1663/2476
f 2806/1653/2466 2807/1652/2465 2818/1663/2476
f 2814/1659/2472 2815/1660/2473 2819/1664/2477
f 2815/1660/2473 2820/1665/2478 2819/1664/2477
f 2814/1659/2472 2819/1664/2477 2821/1666/2479
f 2821/1666/2479 2819/1664/2477 1484/334/2480
f 2819/1664/2477 1485/335/2481 1484/334/2480
f 2819/1664/2477 2820/1665/2478 1485/335/2481
f 2822/1667/2482 2814/1659/2472 2821/1666/2479
f 2813/1658/2471 2814/1659/2472 2822/1667/2482
f 2823/1668/2483 2813/1658/2471 2822/1667/2482
f 2823/1668/2483 2817/1662/2475 2811/1656/2469
f 2813/1658/2471 2823/1668/2483 2811/1656/2469
f 2812/1657/2470 2810/1655/2468 2824/1669/2484
f 2825/1670/2485 2812/1657/2470 2824/1669/2484
f 2824/1669/2484 2826/1671/2486 2825/1670/2485
f 2827/1672/2487 2824/1669/2484 2810/1655/2468
f 2808/1651/2464 2827/1672/2487 2810/1655/2468
f 2828/1673/2488 2827/1672/2487 2808/1651/2464
f 2809/1654/2467 2828/1673/2488 2808/1651/2464
f 2827/1672/2487 2829/1674/2489 2824/1669/2484
f 2826/1671/2486 2824/1669/2484 2829/1674/2489
f 2829/1674/2489 2830/1675/2490 2826/1671/2486
f 2830/1675/2490 2829/1674/2489 2831/1676/2491
f 2832/1677/2492 2830/1675/2490 2831/1676/2491
f 2832/1677/2492 2833/1678/2493 2830/1675/2490
f 2832/1677/2492 2834/1679/2494 2833/1678/2493
f 2834/1679/2494 2835/1680/2495 2833/1678/2493
f 2833/1678/2493 2836/1681/2496 2830/1675/2490
f 2837/1682/2497 2836/1681/2496 2833/1678/2493
f 2838/1683/2498 2837/1682/2497 2833/1678/2493
f 2838/1683/2498 2833/1678/2493 2835/1680/2495
f 2839/1684/2499 2837/1682/2497 2838/1683/2498
f 2840/1685/2500 2839/1684/2499 2838/1683/2498
f 2839/1684/2499 2840/1685/2500 2685/1530/2326
f 2840/1685/2500 2684/1529/2325 2685/1530/2326
f 2836/1681/2496 2841/1686/2501 2830/1675/2490
f 2841/1686/2501 2826/1671/2486 2830/1675/2490
f 2681/1526/2322 2684/1529/2325 2840/1685/2500
f 2842/1687/2502 2681/1526/2322 2840/1685/2500
f 2679/1524/2320 2681/1526/2322 2842/1687/2502
f 2842/1687/2502 2843/1688/2503 2679/1524/2320
f 2843/1688/2503 2677/1522/2318 2679/1524/2320
f 2843/1688/2503 2842/1687/2502 2844/1689/2504
f 2844/1689/2504 2838/1683/2498 2835/1680/2495
f 2840/1685/2500 2838/1683/2498 2844/1689/2504
f 2842/1687/2502 2840/1685/2500 2844/1689/2504
f 2844/1689/2504 2835/1680/2495 2845/1690/2505
f 2845/1690/2505 2843/1688/2503 2844/1689/2504
f 2835/1680/2495 2846/1691/2506 2845/1690/2505
f 2835/1680/2495 2834/1679/2494 2846/1691/2506
f 2834/1679/2494 2847/1692/2507 2846/1691/2506
f 2678/1523/2319 2677/1522/2318 2843/1688/2503
f 2848/1693/2508 2678/1523/2319 2843/1688/2503
f 2843/1688/2503 2845/1690/2505 2848/1693/2508
f 2678/1523/2319 2848/1693/2508 2849/1694/2509
f 2849/1694/2509 2850/1695/2510 2678/1523/2319
f 2850/1695/2510 2676/1521/2317 2678/1523/2319
f 2850/1695/2510 2670/1515/2311 2676/1521/2317
f 2700/1545/2349 2670/1515/2311 2850/1695/2510
f 2851/1696/2511 2700/1545/2349 2850/1695/2510
f 2851/1696/2511 2850/1695/2510 2849/1694/2509
f 2852/1697/2512 2851/1696/2511 2849/1694/2509
f 2700/1545/2349 2851/1696/2511 2853/1698/2513
f 2853/1698/2513 2851/1696/2511 2852/1697/2512
f 2701/1546/2350 2700/1545/2349 2853/1698/2513
f 2701/1546/2350 2853/1698/2513 2854/1699/2514
f 2703/1548/2352 2701/1546/2350 2854/1699/2514
f 2703/1548/2352 2854/1699/2514 2855/1700/2515
f 2856/1701/2516 2703/1548/2352 2855/1700/2515
f 2856/1701/2516 2855/1700/2515 2857/1702/2517
f 2858/1703/2518 2856/1701/2516 2857/1702/2517
f 2859/1704/2519 2856/1701/2516 2858/1703/2518
f 2860/1705/2520 2859/1704/2519 2858/1703/2518
f 2858/1703/2518 2857/1702/2517 2861/1706/2521
f 2862/1707/2522 2858/1703/2518 2861/1706/2521
f 2858/1703/2518 2862/1707/2522 2860/1705/2520
f 2862/1707/2522 2861/1706/2521 2863/1708/2523
f 2864/1709/2524 2862/1707/2522 2863/1708/2523
f 2865/1710/2525 2864/1709/2524 2863/1708/2523
f 2866/1711/2526 2865/1710/2525 2863/1708/2523
f 2867/1712/2527 2866/1711/2526 2863/1708/2523
f 2868/1713/2528 2867/1712/2527 2863/1708/2523
f 2868/1713/2528 2863/1708/2523 2861/1706/2521
f 2865/1710/2525 2866/1711/2526 2869/1714/2529
f 2870/1715/2530 2865/1710/2525 2869/1714/2529
f 2869/1714/2529 2871/1716/2531 2870/1715/2530
f 2871/1716/2531 2872/1717/2532 2870/1715/2530
f 2871/1716/2531 2873/1718/2533 2872/1717/2532
f 2874/1719/2534 2873/1718/2533 2871/1716/2531
f 2873/1718/2533 2874/1719/2534 2875/1720/2535
f 2876/1721/2536 2873/1718/2533 2875/1720/2535
f 2877/1722/2537 2873/1718/2533 2876/1721/2536
f 2873/1718/2533 2877/1722/2537 2872/1717/2532
f 2878/1723/2538 2877/1722/2537 2876/1721/2536
f 2877/1722/2537 2878/1723/2538 2879/1724/2539
f 2880/1725/2540 2877/1722/2537 2879/1724/2539
f 2881/1726/2541 2874/1719/2534 2871/1716/2531
f 2877/1722/2537 2880/1725/2540 2882/1727/2542
f 2872/1717/2532 2877/1722/2537 2882/1727/2542
f 2870/1715/2530 2872/1717/2532 2882/1727/2542
f 2871/1716/2531 2869/1714/2529 2883/1728/2543
f 2881/1726/2541 2871/1716/2531 2883/1728/2543
f 2884/1729/2544 2870/1715/2530 2882/1727/2542
f 2870/1715/2530 2884/1729/2544 2885/1730/2545
f 2865/1710/2525 2870/1715/2530 2885/1730/2545
f 2885/1730/2545 2884/1729/2544 2722/1567/2374
f 2865/1710/2525 2885/1730/2545 2864/1709/2524
f 2885/1730/2545 2886/1731/2546 2864/1709/2524
f 2887/1732/2547 2875/1720/2535 2874/1719/2534
f 2883/1728/2543 2888/1733/2548 2881/1726/2541
f 2888/1733/2548 2883/1728/2543 2889/1734/2549
f 2883/1728/2543 2867/1712/2527 2889/1734/2549
f 2866/1711/2526 2867/1712/2527 2883/1728/2543
f 2869/1714/2529 2866/1711/2526 2883/1728/2543
f 2890/1735/2550 2889/1734/2549 2867/1712/2527
f 2868/1713/2528 2890/1735/2550 2867/1712/2527
f 2889/1734/2549 2891/1736/2551 2888/1733/2548
f 2889/1734/2549 2890/1735/2550 2891/1736/2551
f 2891/1736/2551 2892/1737/2552 2888/1733/2548
f 2888/1733/2548 2892/1737/2552 2893/1738/2553
f 2888/1733/2548 2893/1738/2553 2881/1726/2541
f 2893/1738/2553 2894/1739/2554 2881/1726/2541
f 2894/1739/2554 2887/1732/2547 2874/1719/2534
f 2894/1739/2554 2874/1719/2534 2881/1726/2541
f 2892/1737/2552 2895/1740/2555 2893/1738/2553
f 2893/1738/2553 2895/1740/2555 2894/1739/2554
f 2895/1740/2555 2896/1741/2556 2894/1739/2554
f 2894/1739/2554 2896/1741/2556 2887/1732/2547
f 2896/1741/2556 2897/1742/2557 2887/1732/2547
f 2898/1743/2558 2897/1742/2557 2896/1741/2556
f 2899/1744/2559 2898/1743/2558 2896/1741/2556
f 2898/1743/2558 2899/1744/2559 2900/1745/2560
f 2901/1746/2561 2898/1743/2558 2900/1745/2560
f 2901/1746/2561 2900/1745/2560 2902/1747/2562
f 2900/1745/2560 2903/1748/2563 2902/1747/2562
f 2903/1748/2563 2904/1749/2564 2902/1747/2562
f 2905/1750/2565 2901/1746/2561 2902/1747/2562
f 2900/1745/2560 2899/1744/2559 2906/1751/2566
f 2903/1748/2563 2900/1745/2560 2906/1751/2566
f 2907/1752/2567 2906/1751/2566 2899/1744/2559
f 2896/1741/2556 2907/1752/2567 2899/1744/2559
f 2896/1741/2556 2895/1740/2555 2907/1752/2567
f 2895/1740/2555 2892/1737/2552 2907/1752/2567
f 2892/1737/2552 2908/1753/2568 2907/1752/2567
f 2892/1737/2552 2891/1736/2551 2908/1753/2568
f 2891/1736/2551 2909/1754/2569 2908/1753/2568
f 2910/1755/2570 2909/1754/2569 2891/1736/2551
f 2890/1735/2550 2910/1755/2570 2891/1736/2551
f 2910/1755/2570 2890/1735/2550 2911/1756/2571
f 2912/1757/2572 2911/1756/2571 2890/1735/2550
f 2868/1713/2528 2912/1757/2572 2890/1735/2550
f 2912/1757/2572 2868/1713/2528 2861/1706/2521
f 2912/1757/2572 2861/1706/2521 2857/1702/2517
f 2913/1758/2573 2912/1757/2572 2857/1702/2517
f 2911/1756/2571 2912/1757/2572 2913/1758/2573
f 2857/1702/2517 2855/1700/2515 2913/1758/2573
f 2855/1700/2515 2914/1759/2574 2913/1758/2573
f 2855/1700/2515 2854/1699/2514 2914/1759/2574
f 2854/1699/2514 2915/1760/2575 2914/1759/2574
f 2915/1760/2575 2854/1699/2514 2853/1698/2513
f 2852/1697/2512 2915/1760/2575 2853/1698/2513
f 2916/1761/2576 2915/1760/2575 2852/1697/2512
f 2917/1762/2577 2916/1761/2576 2852/1697/2512
f 2852/1697/2512 2849/1694/2509 2917/1762/2577
f 2848/1693/2508 2917/1762/2577 2849/1694/2509
f 2848/1693/2508 2918/1763/2578 2917/1762/2577
f 2845/1690/2505 2918/1763/2578 2848/1693/2508
f 2845/1690/2505 2846/1691/2506 2918/1763/2578
f 2846/1691/2506 2919/1764/2579 2918/1763/2578
f 2919/1764/2579 2846/1691/2506 2847/1692/2507
f 2920/1765/2580 2919/1764/2579 2847/1692/2507
f 2918/1763/2578 2921/1766/2581 2917/1762/2577
f 2916/1761/2576 2917/1762/2577 2921/1766/2581
f 2918/1763/2578 2919/1764/2579 2921/1766/2581
f 2847/1692/2507 2922/1767/2582 2920/1765/2580
f 2922/1767/2582 2847/1692/2507 2834/1679/2494
f 2923/1768/2583 2922/1767/2582 2834/1679/2494
f 2923/1768/2583 2834/1679/2494 2832/1677/2492
f 2831/1676/2491 2923/1768/2583 2832/1677/2492
f 2924/1769/2584 2923/1768/2583 2831/1676/2491
f 2925/1770/2585 2924/1769/2584 2831/1676/2491
f 2831/1676/2491 2829/1674/2489 2925/1770/2585
f 2827/1672/2487 2925/1770/2585 2829/1674/2489
f 2827/1672/2487 2828/1673/2488 2925/1770/2585
f 2828/1673/2488 2926/1771/2586 2925/1770/2585
f 2927/1772/2587 2924/1769/2584 2925/1770/2585
f 2926/1771/2586 2927/1772/2587 2925/1770/2585
f 2926/1771/2586 2928/1773/2588 2927/1772/2587
f 2929/1774/2589 2922/1767/2582 2923/1768/2583
f 2924/1769/2584 2929/1774/2589 2923/1768/2583
f 2929/1774/2589 2924/1769/2584 2927/1772/2587
f 2922/1767/2582 2930/1775/2590 2920/1765/2580
f 2922/1767/2582 2929/1774/2589 2931/1776/2591
f 2930/1775/2590 2922/1767/2582 2931/1776/2591
f 2931/1776/2591 2932/1777/2592 2930/1775/2590
f 2932/1777/2592 2933/1778/2593 2930/1775/2590
f 2930/1775/2590 2933/1778/2593 2934/1779/2594
f 2920/1765/2580 2930/1775/2590 2934/1779/2594
f 2920/1765/2580 2934/1779/2594 2935/1780/2595
f 2935/1780/2595 2919/1764/2579 2920/1765/2580
f 2919/1764/2579 2935/1780/2595 2921/1766/2581
f 2921/1766/2581 2935/1780/2595 2936/1781/2596
f 2921/1766/2581 2936/1781/2596 2916/1761/2576
f 2916/1761/2576 2936/1781/2596 2937/1782/2597
f 2916/1761/2576 2937/1782/2597 2915/1760/2575
f 2937/1782/2597 2914/1759/2574 2915/1760/2575
f 2914/1759/2574 2937/1782/2597 2938/1783/2598
f 2938/1783/2598 2937/1782/2597 2936/1781/2596
f 2913/1758/2573 2914/1759/2574 2938/1783/2598
f 2938/1783/2598 2911/1756/2571 2913/1758/2573
f 2935/1780/2595 2939/1784/2599 2936/1781/2596
f 2934/1779/2594 2939/1784/2599 2935/1780/2595
f 2938/1783/2598 2936/1781/2596 2939/1784/2599
f 2939/1784/2599 2934/1779/2594 2940/1785/2600
f 2911/1756/2571 2938/1783/2598 2940/1785/2600
f 2940/1785/2600 2938/1783/2598 2939/1784/2599
f 2941/1786/2601 2940/1785/2600 2934/1779/2594
f 2910/1755/2570 2940/1785/2600 2941/1786/2601
f 2910/1755/2570 2911/1756/2571 2940/1785/2600
f 2941/1786/2601 2942/1787/2602 2910/1755/2570
f 2933/1778/2593 2942/1787/2602 2941/1786/2601
f 2934/1779/2594 2933/1778/2593 2941/1786/2601
f 2909/1754/2569 2910/1755/2570 2942/1787/2602
f 2933/1778/2593 2932/1777/2592 2942/1787/2602
f 2932/1777/2592 2943/1788/2603 2942/1787/2602
f 2909/1754/2569 2942/1787/2602 2943/1788/2603
f 2943/1788/2603 2944/1789/2604 2909/1754/2569
f 2908/1753/2568 2909/1754/2569 2944/1789/2604
f 2944/1789/2604 2945/1790/2605 2908/1753/2568
f 2907/1752/2567 2908/1753/2568 2945/1790/2605
f 2906/1751/2566 2907/1752/2567 2945/1790/2605
f 2903/1748/2563 2906/1751/2566 2945/1790/2605
f 2946/1791/2606 2903/1748/2563 2945/1790/2605
f 2943/1788/2603 2932/1777/2592 2947/1792/2607
f 2932/1777/2592 2931/1776/2591 2947/1792/2607
f 2948/1793/2608 2947/1792/2607 2931/1776/2591
f 2931/1776/2591 2929/1774/2589 2948/1793/2608
f 2927/1772/2587 2948/1793/2608 2929/1774/2589
f 2949/1794/2609 2948/1793/2608 2927/1772/2587
f 2928/1773/2588 2949/1794/2609 2927/1772/2587
f 2950/1795/2610 2947/1792/2607 2948/1793/2608
f 2948/1793/2608 2949/1794/2609 2950/1795/2610
f 2904/1749/2564 2903/1748/2563 2946/1791/2606
f 2951/1796/2611 2904/1749/2564 2946/1791/2606
f 2946/1791/2606 2945/1790/2605 2952/1797/2612
f 2951/1796/2611 2946/1791/2606 2952/1797/2612
f 2945/1790/2605 2944/1789/2604 2952/1797/2612
f 2952/1797/2612 2953/1798/2613 2951/1796/2611
f 2953/1798/2613 2952/1797/2612 2954/1799/2614
f 2954/1799/2614 2952/1797/2612 2944/1789/2604
f 2944/1789/2604 2943/1788/2603 2954/1799/2614
f 2947/1792/2607 2954/1799/2614 2943/1788/2603
f 2947/1792/2607 2950/1795/2610 2955/1800/2615
f 2954/1799/2614 2947/1792/2607 2955/1800/2615
f 2954/1799/2614 2955/1800/2615 2953/1798/2613
f 2958/1801/2616 2957/1802/2617 2956/1803/2618
f 2959/1804/2619 2958/1801/2616 2956/1803/2618
f 2960/1805/2620 2956/1803/2618 2957/1802/2617
f 2961/1806/2621 2960/1805/2620 2957/1802/2617
f 2957/1802/2617 2958/1801/2616 2962/1807/2622
f 2963/1808/2623 2957/1802/2617 2962/1807/2622
f 2961/1806/2621 2957/1802/2617 2963/1808/2623
f 2964/1809/2624 2963/1808/2623 2962/1807/2622
f 2963/1808/2623 2964/1809/2624 2965/1810/2625
f 2966/1811/2626 2965/1810/2625 2964/1809/2624
f 2966/1811/2626 2967/1812/2627 2965/1810/2625
f 2966/1811/2626 2968/1813/2628 2967/1812/2627
f 2968/1813/2628 2969/1814/2629 2967/1812/2627
f 2970/1815/2630 2968/1813/2628 2966/1811/2626
f 2970/1815/2630 2966/1811/2626 2971/1816/2631
f 2966/1811/2626 2972/1817/2632 2971/1816/2631
f 2966/1811/2626 2964/1809/2624 2972/1817/2632
f 2973/1818/2633 2971/1816/2631 2972/1817/2632
f 2974/1819/2634 2973/1818/2633 2972/1817/2632
f 2970/1815/2630 2971/1816/2631 2975/1820/2635
f 2976/1821/2636 2970/1815/2630 2975/1820/2635
f 2977/1822/2637 2975/1820/2635 2971/1816/2631
f 2973/1818/2633 2977/1822/2637 2971/1816/2631
f 2976/1821/2636 2975/1820/2635 2978/1823/2638
f 2975/1820/2635 2977/1822/2637 2978/1823/2638
f 2979/1824/2639 2976/1821/2636 2978/1823/2638
f 2977/1822/2637 2980/1825/2640 2978/1823/2638
f 2981/1826/2641 2976/1821/2636 2979/1824/2639
f 2981/1826/2641 2968/1813/2628 2970/1815/2630
f 2976/1821/2636 2981/1826/2641 2970/1815/2630
f 2981/1826/2641 2982/1827/2642 2968/1813/2628
f 2969/1814/2629 2968/1813/2628 2982/1827/2642
f 2982/1827/2642 2983/1828/2643 2969/1814/2629
f 2984/1829/2644 2981/1826/2641 2979/1824/2639
f 2982/1827/2642 2981/1826/2641 2984/1829/2644
f 2985/1830/2645 2982/1827/2642 2984/1829/2644
f 2986/1831/2646 2983/1828/2643 2982/1827/2642
f 2984/1829/2644 2987/1832/2647 2985/1830/2645
f 2984/1829/2644 2979/1824/2639 2987/1832/2647
f 2987/1832/2647 2988/1833/2648 2985/1830/2645
f 2988/1833/2648 2987/1832/2647 2989/1834/2649
f 2988/1833/2648 2989/1834/2649 2990/1835/2650
f 2991/1836/2651 2988/1833/2648 2990/1835/2650
f 2990/1835/2650 2992/1837/2652 2991/1836/2651
f 2992/1837/2652 2990/1835/2650 2993/1838/2653
f 2993/1838/2653 2990/1835/2650 2989/1834/2649
f 2994/1839/2654 2992/1837/2652 2993/1838/2653
f 2994/1839/2654 2995/1840/2655 2992/1837/2652
f 2995/1840/2655 2996/1841/2656 2992/1837/2652
f 2992/1837/2652 2996/1841/2656 2997/1842/2657
f 2992/1837/2652 2997/1842/2657 2991/1836/2651
f 2996/1841/2656 2998/1843/2658 2997/1842/2657
f 2997/1842/2657 2998/1843/2658 2999/1844/2659
f 2998/1843/2658 3000/1845/2660 2999/1844/2659
f 2987/1832/2647 3001/1846/2661 2989/1834/2649
f 2997/1842/2657 2999/1844/2659 3002/1847/2662
f 2991/1836/2651 2997/1842/2657 3002/1847/2662
f 2991/1836/2651 3002/1847/2662 2988/1833/2648
f 3002/1847/2662 2985/1830/2645 2988/1833/2648
f 2982/1827/2642 2985/1830/2645 3002/1847/2662
f 2986/1831/2646 2982/1827/2642 3002/1847/2662
f 3002/1847/2662 2999/1844/2659 3003/1848/2663
f 3004/1849/2664 3002/1847/2662 3003/1848/2663
f 3004/1849/2664 2986/1831/2646 3002/1847/2662
f 2999/1844/2659 3000/1845/2660 3005/1850/2665
f 3003/1848/2663 2999/1844/2659 3005/1850/2665
f 2986/1831/2646 3004/1849/2664 3006/1851/2666
f 3006/1851/2666 3004/1849/2664 3003/1848/2663
f 2983/1828/2643 2986/1831/2646 3006/1851/2666
f 3007/1852/2667 2983/1828/2643 3006/1851/2666
f 3008/1853/2668 3007/1852/2667 3006/1851/2666
f 2983/1828/2643 3007/1852/2667 3009/1854/2669
f 2983/1828/2643 3009/1854/2669 2969/1814/2629
f 2969/1814/2629 3009/1854/2669 3010/1855/2670
f 2969/1814/2629 3010/1855/2670 2967/1812/2627
f 2967/1812/2627 3010/1855/2670 2965/1810/2625
f 3008/1853/2668 3006/1851/2666 3011/1856/2671
f 3011/1856/2671 3006/1851/2666 3003/1848/2663
f 3011/1856/2671 3003/1848/2663 3005/1850/2665
f 3012/1857/2672 3011/1856/2671 3005/1850/2665
f 3011/1856/2671 3012/1857/2672 3013/1858/2673
f 3008/1853/2668 3011/1856/2671 3013/1858/2673
f 3014/1859/2674 3008/1853/2668 3013/1858/2673
f 3015/1860/2675 3014/1859/2674 3013/1858/2673
f 3016/1861/2676 3014/1859/2674 3015/1860/2675
f 3017/1862/2677 3016/1861/2676 3015/1860/2675
f 3018/1863/2678 3016/1861/2676 3017/1862/2677
f 3019/1864/2679 3018/1863/2678 3017/1862/2677
f 3018/1863/2678 3019/1864/2679 3020/1865/2680
f 3021/1866/2681 3018/1863/2678 3020/1865/2680
f 3021/1866/2681 3022/1867/2682 3018/1863/2678
f 3022/1867/2682 3023/1868/2683 3018/1863/2678
f 3024/1869/2684 3023/1868/2683 3022/1867/2682
f 3025/1870/2685 3024/1869/2684 3022/1867/2682
f 3021/1866/2681 3020/1865/2680 3026/1871/2686
f 3027/1872/2687 3021/1866/2681 3026/1871/2686
f 3021/1866/2681 3027/1872/2687 3022/1867/2682
f 3027/1872/2687 3028/1873/2688 3022/1867/2682
f 3025/1870/2685 3022/1867/2682 3028/1873/2688
f 3029/1874/2689 3028/1873/2688 3027/1872/2687
f 3030/1875/2690 3028/1873/2688 3029/1874/2689
f 3030/1875/2690 3025/1870/2685 3028/1873/2688
f 3031/1876/2691 3030/1875/2690 3029/1874/2689
f 3031/1876/2691 3029/1874/2689 3032/1877/2692
f 3033/1878/2693 3031/1876/2691 3032/1877/2692
f 3034/1879/2694 3031/1876/2691 3033/1878/2693
f 3035/1880/2695 3034/1879/2694 3033/1878/2693
f 3032/1877/2692 3029/1874/2689 3036/1881/2696
f 3029/1874/2689 3037/1882/2697 3036/1881/2696
f 3037/1882/2697 3029/1874/2689 3027/1872/2687
f 3038/1883/2698 3030/1875/2690 3031/1876/2691
f 3034/1879/2694 3038/1883/2698 3031/1876/2691
f 3039/1884/2699 3034/1879/2694 3035/1880/2695
f 3040/1885/2700 3039/1884/2699 3035/1880/2695
f 3040/1885/2700 3041/1886/2701 3039/1884/2699
f 3041/1886/2701 3042/1887/2702 3039/1884/2699
f 3039/1884/2699 3042/1887/2702 3043/1888/2703
f 3043/1888/2703 3038/1883/2698 3034/1879/2694
f 3039/1884/2699 3043/1888/2703 3034/1879/2694
f 3042/1887/2702 3044/1889/2704 3043/1888/2703
f 3033/1878/2693 3032/1877/2692 3045/1890/2705
f 3046/1891/2706 3033/1878/2693 3045/1890/2705
f 3035/1880/2695 3033/1878/2693 3046/1891/2706
f 3047/1892/2707 3035/1880/2695 3046/1891/2706
f 3040/1885/2700 3035/1880/2695 3047/1892/2707
f 3048/1893/2708 3041/1886/2701 3040/1885/2700
f 3049/1894/2709 3048/1893/2708 3040/1885/2700
f 3049/1894/2709 3040/1885/2700 3047/1892/2707
f 3046/1891/2706 3045/1890/2705 3050/1895/2710
f 3050/1895/2710 3045/1890/2705 3051/1896/2711
f 3050/1895/2710 3051/1896/2711 3052/1897/2712
f 3053/1898/2713 3050/1895/2710 3052/1897/2712
f 3054/1899/2714 3053/1898/2713 3052/1897/2712
f 3053/1898/2713 3054/1899/2714 3055/1900/2715
f 3056/1901/2716 3053/1898/2713 3055/1900/2715
f 3056/1901/2716 3055/1900/2715 3057/1902/2717
f 3058/1903/2718 3056/1901/2716 3057/1902/2717
f 3055/1900/2715 3054/1899/2714 3059/1904/2719
f 3059/1904/2719 3054/1899/2714 3052/1897/2712
f 3060/1905/2720 3055/1900/2715 3059/1904/2719
f 3055/1900/2715 3060/1905/2720 3057/1902/2717
f 3058/1903/2718 3057/1902/2717 3061/1906/2721
f 3057/1902/2717 3062/1907/2722 3061/1906/2721
f 3062/1907/2722 3063/1908/2723 3061/1906/2721
f 3063/1908/2723 3062/1907/2722 3064/1909/2724
f 3062/1907/2722 3057/1902/2717 3064/1909/2724
f 3065/1910/2725 3063/1908/2723 3064/1909/2724
f 3063/1908/2723 3066/1911/2726 3061/1906/2721
f 3057/1902/2717 3067/1912/2727 3064/1909/2724
f 3060/1905/2720 3067/1912/2727 3057/1902/2717
f 3056/1901/2716 3068/1913/2728 3053/1898/2713
f 3068/1913/2728 3050/1895/2710 3053/1898/2713
f 3069/1914/2729 3068/1913/2728 3056/1901/2716
f 3058/1903/2718 3069/1914/2729 3056/1901/2716
f 3070/1915/2730 3069/1914/2729 3058/1903/2718
f 3061/1906/2721 3070/1915/2730 3058/1903/2718
f 3061/1906/2721 3066/1911/2726 3071/1916/2731
f 3070/1915/2730 3061/1906/2721 3071/1916/2731
f 3065/1910/2725 3064/1909/2724 3072/1917/2732
f 3073/1918/2733 3065/1910/2725 3072/1917/2732
f 3073/1918/2733 3072/1917/2732 3074/1919/2734
f 3072/1917/2732 3075/1920/2735 3074/1919/2734
f 3064/1909/2724 3067/1912/2727 3075/1920/2735
f 3072/1917/2732 3064/1909/2724 3075/1920/2735
f 3075/1920/2735 3076/1921/2736 3074/1919/2734
f 3077/1922/2737 3073/1918/2733 3074/1919/2734
f 3076/1921/2736 3075/1920/2735 3078/1923/2738
f 3068/1913/2728 3046/1891/2706 3050/1895/2710
f 3047/1892/2707 3046/1891/2706 3068/1913/2728
f 3069/1914/2729 3047/1892/2707 3068/1913/2728
f 3049/1894/2709 3047/1892/2707 3069/1914/2729
f 3070/1915/2730 3049/1894/2709 3069/1914/2729
f 3070/1915/2730 3071/1916/2731 3048/1893/2708
f 3049/1894/2709 3070/1915/2730 3048/1893/2708
f 3078/1923/2738 3075/1920/2735 3079/1924/2739
f 3075/1920/2735 3067/1912/2727 3079/1924/2739
f 3079/1924/2739 3067/1912/2727 3080/1925/2740
f 3067/1912/2727 3060/1905/2720 3080/1925/2740
f 3080/1925/2740 3060/1905/2720 3059/1904/2719
f 3081/1926/2741 3080/1925/2740 3059/1904/2719
f 3082/1927/2742 3081/1926/2741 3059/1904/2719
f 3052/1897/2712 3082/1927/2742 3059/1904/2719
f 3082/1927/2742 3052/1897/2712 3083/1928/2743
f 3084/1929/2744 3082/1927/2742 3083/1928/2743
f 3052/1897/2712 3051/1896/2711 3083/1928/2743
f 3051/1896/2711 3085/1930/2745 3083/1928/2743
f 3051/1896/2711 3086/1931/2746 3085/1930/2745
f 3045/1890/2705 3086/1931/2746 3051/1896/2711
f 3045/1890/2705 3032/1877/2692 3086/1931/2746
f 3032/1877/2692 3036/1881/2696 3086/1931/2746
f 3086/1931/2746 3036/1881/2696 3087/1932/2747
f 3088/1933/2748 3086/1931/2746 3087/1932/2747
f 3086/1931/2746 3088/1933/2748 3085/1930/2745
f 1389/95/2749 3087/1932/2747 3036/1881/2696
f 1390/96/2750 1389/95/2749 3036/1881/2696
f 1390/96/2750 3036/1881/2696 3037/1882/2697
f 1391/98/2751 1390/96/2750 3037/1882/2697
f 1392/100/2752 1391/98/2751 3037/1882/2697
f 3027/1872/2687 1392/100/2752 3037/1882/2697
f 1392/100/2752 3027/1872/2687 1393/102/2753
f 3027/1872/2687 3026/1871/2686 1393/102/2753
f 3091/1934/2754 3090/1935/2755 3089/1936/2756
f 3090/1935/2755 3091/1934/2754 3092/1937/2757
f 3091/1934/2754 3093/1938/2758 3092/1937/2757
f 3090/1935/2755 3092/1937/2757 3094/1939/2759
f 3095/1940/2760 3094/1939/2759 3092/1937/2757
f 3096/1941/2761 3095/1940/2760 3092/1937/2757
f 3096/1941/2761 3092/1937/2757 3093/1938/2758
f 3095/1940/2760 3097/1942/2762 3094/1939/2759
f 3097/1942/2762 3098/1943/2763 3094/1939/2759
f 3099/1944/2764 3098/1943/2763 3097/1942/2762
f 3094/1939/2759 3098/1943/2763 3100/1945/2765
f 3090/1935/2755 3094/1939/2759 3100/1945/2765
f 3090/1935/2755 3100/1945/2765 3101/1946/2766
f 3090/1935/2755 3101/1946/2766 3089/1936/2756
f 3099/1944/2764 3102/1947/2767 3098/1943/2763
f 3098/1943/2763 3102/1947/2767 3103/1948/2768
f 3098/1943/2763 3103/1948/2768 3100/1945/2765
f 3103/1948/2768 3104/1949/2769 3100/1945/2765
f 3104/1949/2769 3105/1950/2770 3100/1945/2765
f 3100/1945/2765 3105/1950/2770 3101/1946/2766
f 3099/1944/2764 3106/1951/2771 3102/1947/2767
f 3102/1947/2767 3107/1952/2772 3103/1948/2768
f 3093/1938/2758 3108/1953/2773 3096/1941/2761
f 3109/1954/2774 3095/1940/2760 3096/1941/2761
f 3095/1940/2760 3109/1954/2774 3110/1955/2775
f 3110/1955/2775 3097/1942/2762 3095/1940/2760
f 3099/1944/2764 3097/1942/2762 3110/1955/2775
f 3111/1956/2776 3104/1949/2769 3103/1948/2768
f 3111/1956/2776 3103/1948/2768 3107/1952/2772
f 3111/1956/2776 3107/1952/2772 3112/1957/2777
f 3112/1957/2777 3107/1952/2772 3113/1958/2778
f 3107/1952/2772 3102/1947/2767 3113/1958/2778
f 3106/1951/2771 3113/1958/2778 3102/1947/2767
f 3114/1959/2779 3113/1958/2778 3106/1951/2771
f 3112/1957/2777 3113/1958/2778 3115/1960/2780
f 3114/1959/2779 3115/1960/2780 3113/1958/2778
f 3116/1961/2781 3115/1960/2780 3114/1959/2779
f 3114/1959/2779 3117/1962/2782 3116/1961/2781
f 3116/1961/2781 3117/1962/2782 3118/1963/2783
f 3119/1964/2784 3116/1961/2781 3118/1963/2783
f 3119/1964/2784 3118/1963/2783 3120/1965/2785
f 3121/1966/2786 3119/1964/2784 3120/1965/2785
f 3122/1967/2787 3119/1964/2784 3121/1966/2786
f 3119/1964/2784 3122/1967/2787 3116/1961/2781
f 3123/1968/2788 3122/1967/2787 3121/1966/2786
f 3123/1968/2788 3121/1966/2786 3124/1969/2789
f 3125/1970/2790 3123/1968/2788 3124/1969/2789
f 3122/1967/2787 3126/1971/2791 3116/1961/2781
f 3115/1960/2780 3116/1961/2781 3126/1971/2791
f 3127/1972/2792 3115/1960/2780 3126/1971/2791
f 3115/1960/2780 3127/1972/2792 3112/1957/2777
f 3128/1973/2793 3124/1969/2789 3121/1966/2786
f 3121/1966/2786 3120/1965/2785 3128/1973/2793
f 3120/1965/2785 3129/1974/2794 3128/1973/2793
f 3124/1969/2789 1394/105/2795 3125/1970/2790
f 1394/105/2795 1395/104/2796 3125/1970/2790
f 3124/1969/2789 3128/1973/2793 1399/118/2797
f 1394/105/2795 3124/1969/2789 1399/118/2797
f 1405/131/2798 1399/118/2797 3128/1973/2793
f 3129/1974/2794 1405/131/2798 3128/1973/2793
f 1418/161/2799 1405/131/2798 3129/1974/2794
f 1418/161/2799 3129/1974/2794 3120/1965/2785
f 1418/161/2799 3120/1965/2785 1417/160/2800
f 1417/160/2800 3120/1965/2785 3118/1963/2783
f 1417/160/2800 3118/1963/2783 1416/159/2801
f 1416/159/2801 3118/1963/2783 3117/1962/2782
f 1416/159/2801 3117/1962/2782 1414/157/2802
f 1414/157/2802 3117/1962/2782 3130/1975/2803
f 3117/1962/2782 3114/1959/2779 3130/1975/2803
f 3131/1976/2804 3130/1975/2803 3114/1959/2779
f 3106/1951/2771 3131/1976/2804 3114/1959/2779
f 3132/1977/2805 3131/1976/2804 3106/1951/2771
f 3099/1944/2764 3132/1977/2805 3106/1951/2771
f 3132/1977/2805 3099/1944/2764 3110/1955/2775
f 1414/157/2802 3130/1975/2803 1415/158/2806
f 3130/1975/2803 3131/1976/2804 1420/163/2807
f 1415/158/2806 3130/1975/2803 1420/163/2807
f 1419/162/2808 1420/163/2807 3131/1976/2804
f 3132/1977/2805 1419/162/2808 3131/1976/2804
f 3132/1977/2805 3110/1955/2775 1421/164/2809
f 1419/162/2808 3132/1977/2805 1421/164/2809
f 1421/164/2809 3110/1955/2775 1422/165/2810
f 1422/165/2810 3110/1955/2775 1423/166/2811
f 3110/1955/2775 3109/1954/2774 1423/166/2811
f 1423/166/2811 3109/1954/2774 1424/167/2812
f 3109/1954/2774 3133/1978/2813 1424/167/2812
f 3096/1941/2761 3133/1978/2813 3109/1954/2774
f 3133/1978/2813 3096/1941/2761 3108/1953/2773
f 3134/1979/2814 3133/1978/2813 3108/1953/2773
f 3135/1980/2815 3134/1979/2814 3108/1953/2773
f 3136/1981/2816 3135/1980/2815 3108/1953/2773
f 3108/1953/2773 3093/1938/2758 3136/1981/2816
f 3093/1938/2758 3137/1982/2817 3136/1981/2816
f 3137/1982/2817 3138/1983/2818 3136/1981/2816
f 3093/1938/2758 3091/1934/2754 3137/1982/2817
f 3137/1982/2817 3091/1934/2754 3139/1984/2819
f 3091/1934/2754 3089/1936/2756 3139/1984/2819
f 3089/1936/2756 3140/1985/2820 3139/1984/2819
f 3141/1986/2821 3135/1980/2815 3136/1981/2816
f 3141/1986/2821 1443/233/2822 3135/1980/2815
f 1443/233/2822 3141/1986/2821 1442/231/2823
f 3141/1986/2821 3142/1987/2824 1442/231/2823
f 3143/1988/2825 3136/1981/2816 3138/1983/2818
f 3143/1988/2825 3141/1986/2821 3136/1981/2816
f 3141/1986/2821 3143/1988/2825 3142/1987/2824
f 1441/229/2826 1442/231/2823 3142/1987/2824
f 1444/235/2827 3135/1980/2815 1443/233/2822
f 3135/1980/2815 1444/235/2827 3134/1979/2814
f 1444/235/2827 1445/237/2828 3134/1979/2814
f 3133/1978/2813 3134/1979/2814 1445/237/2828
f 3133/1978/2813 1445/237/2828 1424/167/2812
f 3146/1989/2829 3145/1990/2830 3144/1991/2831
f 3147/1992/2832 3146/1989/2829 3144/1991/2831
f 3144/1991/2831 3145/1990/2830 3148/1993/2833
f 3145/1990/2830 3149/1994/2834 3148/1993/2833
f 3148/1993/2833 3149/1994/2834 3150/1995/2835
f 3149/1994/2834 3151/1996/2836 3150/1995/2835
f 3150/1995/2835 3151/1996/2836 3152/1997/2837
f 3151/1996/2836 3153/1998/2838 3152/1997/2837
f 3152/1997/2837 3153/1998/2838 3154/1999/2839
f 3153/1998/2838 3155/2000/2840 3154/1999/2839
f 3154/1999/2839 3155/2000/2840 3156/2001/2841
f 3155/2000/2840 3157/2002/2842 3156/2001/2841
f 3155/2000/2840 3158/2003/2843 3157/2002/2842
f 3158/2003/2843 3159/2004/2844 3157/2002/2842
f 3157/2002/2842 3159/2004/2844 3160/2005/2845
f 3159/2004/2844 3161/2006/2846 3160/2005/2845
f 3161/2006/2846 3162/2007/2847 3160/2005/2845
f 3163/2008/2848 3160/2005/2845 3162/2007/2847
f 3163/2008/2848 3164/2009/2849 3160/2005/2845
f 3164/2009/2849 3165/2010/2850 3160/2005/2845
f 3165/2010/2850 3157/2002/2842 3160/2005/2845
f 3164/2009/2849 3166/2011/2851 3165/2010/2850
f 3167/2012/2852 3166/2011/2851 3164/2009/2849
f 3168/2013/2853 3166/2011/2851 3167/2012/2852
f 3169/2014/2854 3168/2013/2853 3167/2012/2852
f 3169/2014/2854 3170/2015/2855 3168/2013/2853
f 3170/2015/2855 3171/2016/2856 3168/2013/2853
f 3172/2017/2857 3169/2014/2854 3167/2012/2852
f 3173/2018/2858 3172/2017/2857 3167/2012/2852
f 3174/2019/2859 3167/2012/2852 3164/2009/2849
f 3174/2019/2859 3173/2018/2858 3167/2012/2852
f 3173/2018/2858 3175/2020/2860 3172/2017/2857
f 3175/2020/2860 3173/2018/2858 3174/2019/2859
f 3175/2020/2860 3176/2021/2861 3172/2017/2857
f 3166/2011/2851 3177/2022/2862 3165/2010/2850
f 3178/2023/2863 3170/2015/2855 3169/2014/2854
f 3172/2017/2857 3178/2023/2863 3169/2014/2854
f 3172/2017/2857 3176/2021/2861 3178/2023/2863
f 3179/2024/2864 3174/2019/2859 3164/2009/2849
f 3179/2024/2864 3175/2020/2860 3174/2019/2859
f 3163/2008/2848 3179/2024/2864 3164/2009/2849
f 3163/2008/2848 3180/2025/2865 3179/2024/2864
f 3179/2024/2864 3180/2025/2865 3175/2020/2860
f 3170/2015/2855 3181/2026/2866 3171/2016/2856
f 3181/2026/2866 3170/2015/2855 3178/2023/2863
f 3181/2026/2866 3182/2027/2867 3171/2016/2856
f 3181/2026/2866 3183/2028/2868 3182/2027/2867
f 3183/2028/2868 3184/2029/2869 3182/2027/2867
f 3184/2029/2869 3183/2028/2868 3185/2030/2870
f 3186/2031/2871 3184/2029/2869 3185/2030/2870
f 3187/2032/2872 3186/2031/2871 3185/2030/2870
f 3188/2033/2873 3187/2032/2872 3185/2030/2870
f 3185/2030/2870 3189/2034/2874 3188/2033/2873
f 3183/2028/2868 3189/2034/2874 3185/2030/2870
f 3189/2034/2874 3190/2035/2875 3188/2033/2873
f 3183/2028/2868 3191/2036/2876 3189/2034/2874
f 3191/2036/2876 3183/2028/2868 3181/2026/2866
f 3188/2033/2873 3190/2035/2875 3192/2037/2877
f 3188/2033/2873 3192/2037/2877 3187/2032/2872
f 3190/2035/2875 3193/2038/2878 3192/2037/2877
f 3192/2037/2877 3194/2039/2879 3187/2032/2872
f 3192/2037/2877 3193/2038/2878 3195/2040/2880
f 3192/2037/2877 3195/2040/2880 3194/2039/2879
f 3193/2038/2878 3196/2041/2881 3195/2040/2880
f 3195/2040/2880 3197/2042/2882 3194/2039/2879
f 3198/2043/2883 3190/2035/2875 3189/2034/2874
f 3199/2044/2884 3198/2043/2883 3189/2034/2874
f 3199/2044/2884 3189/2034/2874 3191/2036/2876
f 3199/2044/2884 3200/2045/2885 3198/2043/2883
f 3200/2045/2885 3201/2046/2886 3198/2043/2883
f 3200/2045/2885 3202/2047/2887 3201/2046/2886
f 3202/2047/2887 3203/2048/2888 3201/2046/2886
f 3201/2046/2886 3203/2048/2888 3204/2049/2889
f 3203/2048/2888 3205/2050/2890 3204/2049/2889
f 3204/2049/2889 3205/2050/2890 3206/2051/2891
f 3205/2050/2890 3207/2052/2892 3206/2051/2891
f 3208/2053/2893 3202/2047/2887 3200/2045/2885
f 3209/2054/2894 3208/2053/2893 3200/2045/2885
f 3209/2054/2894 3200/2045/2885 3199/2044/2884
f 3201/2046/2886 3204/2049/2889 3210/2055/2895
f 3198/2043/2883 3201/2046/2886 3210/2055/2895
f 3204/2049/2889 3206/2051/2891 3211/2056/2896
f 3210/2055/2895 3204/2049/2889 3211/2056/2896
f 3208/2053/2893 3209/2054/2894 3212/2057/2897
f 3212/2057/2897 3209/2054/2894 3191/2036/2876
f 3191/2036/2876 3209/2054/2894 3199/2044/2884
f 3181/2026/2866 3212/2057/2897 3191/2036/2876
f 3213/2058/2898 3208/2053/2893 3212/2057/2897
f 3208/2053/2893 3213/2058/2898 3214/2059/2899
f 3208/2053/2893 3214/2059/2899 3202/2047/2887
f 3213/2058/2898 3215/2060/2900 3214/2059/2899
f 3215/2060/2900 3213/2058/2898 3216/2061/2901
f 3213/2058/2898 3212/2057/2897 3216/2061/2901
f 3217/2062/2902 3215/2060/2900 3216/2061/2901
f 3217/2062/2902 3216/2061/2901 3218/2063/2903
f 3216/2061/2901 3176/2021/2861 3218/2063/2903
f 3217/2062/2902 3219/2064/2904 3215/2060/2900
f 3219/2064/2904 3220/2065/2905 3215/2060/2900
f 3176/2021/2861 3216/2061/2901 3178/2023/2863
f 3212/2057/2897 3181/2026/2866 3178/2023/2863
f 3212/2057/2897 3178/2023/2863 3216/2061/2901
f 3218/2063/2903 3176/2021/2861 3175/2020/2860
f 3221/2066/2906 3218/2063/2903 3175/2020/2860
f 3220/2065/2905 3219/2064/2904 1505/426/2907
f 1504/425/2908 3220/2065/2905 1505/426/2907
f 3222/2067/2909 3214/2059/2899 3215/2060/2900
f 3220/2065/2905 3222/2067/2909 3215/2060/2900
f 3220/2065/2905 1504/425/2908 3222/2067/2909
f 3180/2025/2865 3221/2066/2906 3175/2020/2860
f 3221/2066/2906 3180/2025/2865 3223/2068/2910
f 3180/2025/2865 3224/2069/2911 3223/2068/2910
f 3224/2069/2911 3225/2070/2912 3223/2068/2910
f 3224/2069/2911 3226/2071/2913 3225/2070/2912
f 3227/2072/2914 3226/2071/2913 3224/2069/2911
f 3227/2072/2914 3228/2073/2915 3226/2071/2913
f 3226/2071/2913 3229/2074/2916 3225/2070/2912
f 3225/2070/2912 3229/2074/2916 3230/2075/2917
f 3231/2076/2918 3225/2070/2912 3230/2075/2917
f 3231/2076/2918 3230/2075/2917 3232/2077/2919
f 3233/2078/2920 3231/2076/2918 3232/2077/2919
f 3234/2079/2921 3231/2076/2918 3233/2078/2920
f 3235/2080/2922 3234/2079/2921 3233/2078/2920
f 3236/2081/2923 3232/2077/2919 3230/2075/2917
f 3237/2082/2924 3236/2081/2923 3230/2075/2917
f 3237/2082/2924 3230/2075/2917 3229/2074/2916
f 3238/2083/2925 3237/2082/2924 3229/2074/2916
f 3226/2071/2913 3238/2083/2925 3229/2074/2916
f 3228/2073/2915 3238/2083/2925 3226/2071/2913
f 3239/2084/2926 3225/2070/2912 3231/2076/2918
f 3234/2079/2921 3239/2084/2926 3231/2076/2918
f 3240/2085/2927 3234/2079/2921 3235/2080/2922
f 3241/2086/2928 3240/2085/2927 3235/2080/2922
f 3241/2086/2928 3235/2080/2922 3233/2078/2920
f 3223/2068/2910 3239/2084/2926 3234/2079/2921
f 3240/2085/2927 3223/2068/2910 3234/2079/2921
f 3242/2087/2929 3241/2086/2928 3233/2078/2920
f 3242/2087/2929 3233/2078/2920 3232/2077/2919
f 3243/2088/2930 3242/2087/2929 3232/2077/2919
f 3244/2089/2931 3242/2087/2929 3243/2088/2930
f 3245/2090/2932 3244/2089/2931 3243/2088/2930
f 3244/2089/2931 3245/2090/2932 3246/2091/2933
f 3247/2092/2934 3244/2089/2931 3246/2091/2933
f 3247/2092/2934 3246/2091/2933 3248/2093/2935
f 3249/2094/2936 3247/2092/2934 3248/2093/2935
f 3249/2094/2936 3248/2093/2935 3250/2095/2937
f 3251/2096/2938 3249/2094/2936 3250/2095/2937
f 3252/2097/2939 3251/2096/2938 3250/2095/2937
f 3253/2098/2940 3252/2097/2939 3250/2095/2937
f 3254/2099/2941 3246/2091/2933 3245/2090/2932
f 3248/2093/2935 3246/2091/2933 3254/2099/2941
f 3255/2100/2942 3252/2097/2939 3253/2098/2940
f 3253/2098/2940 3256/2101/2943 3255/2100/2942
f 3256/2101/2943 3257/2102/2944 3255/2100/2942
f 3256/2101/2943 3258/2103/2945 3257/2102/2944
f 3256/2101/2943 3259/2104/2946 3258/2103/2945
f 3253/2098/2940 3250/2095/2937 3259/2104/2946
f 3256/2101/2943 3253/2098/2940 3259/2104/2946
f 3259/2104/2946 3260/2105/2947 3258/2103/2945
f 3259/2104/2946 3261/2106/2948 3260/2105/2947
f 3250/2095/2937 3248/2093/2935 3261/2106/2948
f 3259/2104/2946 3250/2095/2937 3261/2106/2948
f 3261/2106/2948 3248/2093/2935 3254/2099/2941
f 3261/2106/2948 3262/2107/2949 3260/2105/2947
f 3262/2107/2949 3261/2106/2948 3254/2099/2941
f 3260/2105/2947 3262/2107/2949 3263/2108/2950
f 3262/2107/2949 3264/2109/2951 3263/2108/2950
f 3264/2109/2951 3262/2107/2949 3265/2110/2952
f 3265/2110/2952 3262/2107/2949 3254/2099/2941
f 3266/2111/2953 3264/2109/2951 3265/2110/2952
f 3263/2108/2950 3264/2109/2951 3266/2111/2953
f 3260/2105/2947 3263/2108/2950 3267/2112/2954
f 3258/2103/2945 3260/2105/2947 3267/2112/2954
f 3267/2112/2954 3263/2108/2950 3268/2113/2955
f 3268/2113/2955 3263/2108/2950 3266/2111/2953
f 3268/2113/2955 3266/2111/2953 3269/2114/2956
f 3266/2111/2953 3270/2115/2957 3269/2114/2956
f 3271/2116/2958 3268/2113/2955 3269/2114/2956
f 3271/2116/2958 3267/2112/2954 3268/2113/2955
f 3272/2117/2959 3271/2116/2958 3269/2114/2956
f 3272/2117/2959 3269/2114/2956 3273/2118/2960
f 3269/2114/2956 3274/2119/2961 3273/2118/2960
f 3273/2118/2960 3274/2119/2961 3275/2120/2962
f 3274/2119/2961 3276/2121/2963 3275/2120/2962
f 3274/2119/2961 3277/2122/2964 3276/2121/2963
f 3269/2114/2956 3270/2115/2957 3277/2122/2964
f 3274/2119/2961 3269/2114/2956 3277/2122/2964
f 3277/2122/2964 3270/2115/2957 3278/2123/2965
f 3270/2115/2957 3279/2124/2966 3278/2123/2965
f 3266/2111/2953 3265/2110/2952 3279/2124/2966
f 3270/2115/2957 3266/2111/2953 3279/2124/2966
f 3277/2122/2964 3280/2125/2967 3276/2121/2963
f 3277/2122/2964 3278/2123/2965 3281/2126/2968
f 3280/2125/2967 3277/2122/2964 3281/2126/2968
f 3267/2112/2954 3271/2116/2958 3282/2127/2969
f 3267/2112/2954 3282/2127/2969 3283/2128/2970
f 3283/2128/2970 3282/2127/2969 3284/2129/2971
f 3285/2130/2972 3283/2128/2970 3284/2129/2971
f 3283/2128/2970 3285/2130/2972 3286/2131/2973
f 3257/2102/2944 3283/2128/2970 3286/2131/2973
f 3282/2127/2969 3287/2132/2974 3284/2129/2971
f 3287/2132/2974 3288/2133/2975 3284/2129/2971
f 3287/2132/2974 3289/2134/2976 3288/2133/2975
f 3289/2134/2976 3290/2135/2977 3288/2133/2975
f 3289/2134/2976 3291/2136/2978 3290/2135/2977
f 3291/2136/2978 3292/2137/2979 3290/2135/2977
f 3291/2136/2978 3293/2138/2980 3292/2137/2979
f 3293/2138/2980 3294/2139/2981 3292/2137/2979
f 3258/2103/2945 3283/2128/2970 3257/2102/2944
f 3258/2103/2945 3267/2112/2954 3283/2128/2970
f 3271/2116/2958 3287/2132/2974 3282/2127/2969
f 3287/2132/2974 3271/2116/2958 3272/2117/2959
f 3289/2134/2976 3287/2132/2974 3272/2117/2959
f 3273/2118/2960 3291/2136/2978 3289/2134/2976
f 3272/2117/2959 3273/2118/2960 3289/2134/2976
f 3275/2120/2962 3293/2138/2980 3291/2136/2978
f 3273/2118/2960 3275/2120/2962 3291/2136/2978
f 3257/2102/2944 3286/2131/2973 3295/2140/2982
f 3255/2100/2942 3257/2102/2944 3295/2140/2982
f 3293/2138/2980 3296/2141/2983 3294/2139/2981
f 3296/2141/2983 3297/2142/2984 3294/2139/2981
f 3298/2143/2985 3296/2141/2983 3293/2138/2980
f 3275/2120/2962 3298/2143/2985 3293/2138/2980
f 3298/2143/2985 3275/2120/2962 3299/2144/2986
f 3275/2120/2962 3276/2121/2963 3299/2144/2986
f 3299/2144/2986 3276/2121/2963 3300/2145/2987
f 3276/2121/2963 3280/2125/2967 3300/2145/2987
f 3301/2146/2988 3300/2145/2987 3280/2125/2967
f 3281/2126/2968 3301/2146/2988 3280/2125/2967
f 3301/2146/2988 3281/2126/2968 3302/2147/2989
f 3281/2126/2968 3278/2123/2965 3302/2147/2989
f 3278/2123/2965 3303/2148/2990 3302/2147/2989
f 3278/2123/2965 3279/2124/2966 3303/2148/2990
f 3279/2124/2966 3304/2149/2991 3303/2148/2990
f 3279/2124/2966 3265/2110/2952 3304/2149/2991
f 3265/2110/2952 3254/2099/2941 3304/2149/2991
f 3305/2150/2992 3302/2147/2989 3303/2148/2990
f 3306/2151/2993 3305/2150/2992 3303/2148/2990
f 3307/2152/2994 3305/2150/2992 3306/2151/2993
f 3306/2151/2993 3308/2153/2995 3307/2152/2994
f 3303/2148/2990 3304/2149/2991 3308/2153/2995
f 3306/2151/2993 3303/2148/2990 3308/2153/2995
f 3307/2152/2994 3308/2153/2995 3237/2082/2924
f 3308/2153/2995 3236/2081/2923 3237/2082/2924
f 3232/2077/2919 3236/2081/2923 3308/2153/2995
f 3243/2088/2930 3232/2077/2919 3308/2153/2995
f 3307/2152/2994 3237/2082/2924 3238/2083/2925
f 3307/2152/2994 3238/2083/2925 3305/2150/2992
f 3308/2153/2995 3304/2149/2991 3245/2090/2932
f 3243/2088/2930 3308/2153/2995 3245/2090/2932
f 3304/2149/2991 3254/2099/2941 3245/2090/2932
f 3238/2083/2925 3228/2073/2915 3305/2150/2992
f 3305/2150/2992 3228/2073/2915 3302/2147/2989
f 3228/2073/2915 3161/2006/2846 3302/2147/2989
f 3162/2007/2847 3161/2006/2846 3228/2073/2915
f 3227/2072/2914 3162/2007/2847 3228/2073/2915
f 3227/2072/2914 3224/2069/2911 3162/2007/2847
f 3224/2069/2911 3180/2025/2865 3162/2007/2847
f 3302/2147/2989 3161/2006/2846 3301/2146/2988
f 3301/2146/2988 3161/2006/2846 3159/2004/2844
f 3158/2003/2843 3301/2146/2988 3159/2004/2844
f 3301/2146/2988 3158/2003/2843 3300/2145/2987
f 3158/2003/2843 3309/2154/2996 3300/2145/2987
f 3158/2003/2843 3155/2000/2840 3309/2154/2996
f 3155/2000/2840 3153/1998/2838 3309/2154/2996
f 3310/2155/2997 3309/2154/2996 3153/1998/2838
f 3151/1996/2836 3310/2155/2997 3153/1998/2838
f 3311/2156/2998 3310/2155/2997 3151/1996/2836
f 3149/1994/2834 3311/2156/2998 3151/1996/2836
f 3311/2156/2998 3149/1994/2834 3312/2157/2999
f 3149/1994/2834 3145/1990/2830 3312/2157/2999
f 3312/2157/2999 3145/1990/2830 3313/2158/3000
f 3145/1990/2830 3146/1989/2829 3313/2158/3000
f 3299/2144/2986 3300/2145/2987 3309/2154/2996
f 3310/2155/2997 3299/2144/2986 3309/2154/2996
f 3298/2143/2985 3299/2144/2986 3310/2155/2997
f 3311/2156/2998 3298/2143/2985 3310/2155/2997
f 3311/2156/2998 3312/2157/2999 3296/2141/2983
f 3298/2143/2985 3311/2156/2998 3296/2141/2983
f 3312/2157/2999 3313/2158/3000 3297/2142/2984
f 3296/2141/2983 3312/2157/2999 3297/2142/2984
f 3316/2159/3001 3315/2160/3002 3314/2161/3003
f 3317/2162/3004 3316/2159/3001 3314/2161/3003
f 3314/2161/3003 3315/2160/3002 3318/2163/3005
f 3315/2160/3002 3319/2164/3006 3318/2163/3005
f 3320/2165/3007 3316/2159/3001 3317/2162/3004
f 3321/2166/3008 3320/2165/3007 3317/2162/3004
f 3318/2163/3005 3319/2164/3006 3322/2167/3009
f 3319/2164/3006 3323/2168/3010 3322/2167/3009
f 3322/2167/3009 3324/2169/3011 3318/2163/3005
f 3324/2169/3011 3325/2170/3012 3318/2163/3005
f 3314/2161/3003 3318/2163/3005 3325/2170/3012
f 3326/2171/3013 3314/2161/3003 3325/2170/3012
f 3317/2162/3004 3314/2161/3003 3326/2171/3013
f 3325/2170/3012 3327/2172/3014 3326/2171/3013
f 3327/2172/3014 3328/2173/3015 3326/2171/3013
f 3326/2171/3013 3328/2173/3015 3329/2174/3016
f 3329/2174/3016 3317/2162/3004 3326/2171/3013
f 3317/2162/3004 3329/2174/3016 3321/2166/3008
f 3328/2173/3015 3330/2175/3017 3329/2174/3016
f 3329/2174/3016 3330/2175/3017 3331/2176/3018
f 3329/2174/3016 3331/2176/3018 3321/2166/3008
f 3332/2177/3019 3321/2166/3008 3331/2176/3018
f 3333/2178/3020 3332/2177/3019 3331/2176/3018
f 3334/2179/3021 3332/2177/3019 3333/2178/3020
f 3335/2180/3022 3334/2179/3021 3333/2178/3020
f 3336/2181/3023 3334/2179/3021 3335/2180/3022
f 3337/2182/3024 3336/2181/3023 3335/2180/3022
f 3337/2182/3024 3338/2183/3025 3336/2181/3023
f 3338/2183/3025 3339/2184/3026 3336/2181/3023
f 3336/2181/3023 3339/2184/3026 3340/2185/3027
f 3341/2186/3028 3340/2185/3027 3339/2184/3026
f 3342/2187/3029 3341/2186/3028 3339/2184/3026
f 3342/2187/3029 3339/2184/3026 3338/2183/3025
f 3343/2188/3030 3341/2186/3028 3342/2187/3029
f 3344/2189/3031 3343/2188/3030 3342/2187/3029
f 3345/2190/3032 3336/2181/3023 3340/2185/3027
f 3336/2181/3023 3345/2190/3032 3334/2179/3021
f 3346/2191/3033 3343/2188/3030 3344/2189/3031
f 3346/2191/3033 3347/2192/3034 3343/2188/3030
f 3347/2192/3034 3348/2193/3035 3343/2188/3030
f 3349/2194/3036 3348/2193/3035 3347/2192/3034
f 3350/2195/3037 3349/2194/3036 3347/2192/3034
f 3351/2196/3038 3349/2194/3036 3350/2195/3037
f 3352/2197/3039 3351/2196/3038 3350/2195/3037
f 3351/2196/3038 3353/2198/3040 3349/2194/3036
f 3353/2198/3040 3354/2199/3041 3349/2194/3036
f 3355/2200/3042 3348/2193/3035 3349/2194/3036
f 3354/2199/3041 3355/2200/3042 3349/2194/3036
f 3343/2188/3030 3348/2193/3035 3355/2200/3042
f 3341/2186/3028 3343/2188/3030 3355/2200/3042
f 3341/2186/3028 3355/2200/3042 3340/2185/3027
f 3356/2201/3043 3355/2200/3042 3354/2199/3041
f 3357/2202/3044 3356/2201/3043 3354/2199/3041
f 3356/2201/3043 3357/2202/3044 3358/2203/3045
f 3358/2203/3045 3345/2190/3032 3356/2201/3043
f 3357/2202/3044 3359/2204/3046 3358/2203/3045
f 3360/2205/3047 3346/2191/3033 3344/2189/3031
f 3361/2206/3048 3346/2191/3033 3360/2205/3047
f 3346/2191/3033 3361/2206/3048 3347/2192/3034
f 3362/2207/3049 3361/2206/3048 3360/2205/3047
f 3355/2200/3042 3356/2201/3043 3340/2185/3027
f 3345/2190/3032 3340/2185/3027 3356/2201/3043
f 3360/2205/3047 3363/2208/3050 3362/2207/3049
f 3363/2208/3050 3364/2209/3051 3362/2207/3049
f 3365/2210/3052 3345/2190/3032 3358/2203/3045
f 3345/2190/3032 3365/2210/3052 3334/2179/3021
f 3332/2177/3019 3334/2179/3021 3365/2210/3052
f 3366/2211/3053 3332/2177/3019 3365/2210/3052
f 3332/2177/3019 3366/2211/3053 3321/2166/3008
f 3366/2211/3053 3320/2165/3007 3321/2166/3008
f 3367/2212/3054 3365/2210/3052 3358/2203/3045
f 3367/2212/3054 3358/2203/3045 3359/2204/3046
f 3366/2211/3053 3365/2210/3052 3367/2212/3054
f 3368/2213/3055 3367/2212/3054 3359/2204/3046
f 3369/2214/3056 3368/2213/3055 3359/2204/3046
f 3368/2213/3055 3369/2214/3056 3370/2215/3057
f 3369/2214/3056 3371/2216/3058 3370/2215/3057
f 3372/2217/3059 3367/2212/3054 3368/2213/3055
f 3370/2215/3057 3372/2217/3059 3368/2213/3055
f 3372/2217/3059 3366/2211/3053 3367/2212/3054
f 3372/2217/3059 3370/2215/3057 3373/2218/3060
f 3366/2211/3053 3372/2217/3059 3374/2219/3061
f 3320/2165/3007 3366/2211/3053 3374/2219/3061
f 3373/2218/3060 3374/2219/3061 3372/2217/3059
f 3374/2219/3061 3373/2218/3060 3375/2220/3062
f 3320/2165/3007 3374/2219/3061 3376/2221/3063
f 3375/2220/3062 3376/2221/3063 3374/2219/3061
f 3376/2221/3063 3375/2220/3062 3377/2222/3064
f 3377/2222/3064 3375/2220/3062 3378/2223/3065
f 3377/2222/3064 3378/2223/3065 3379/2224/3066
f 3380/2225/3067 3377/2222/3064 3379/2224/3066
f 3375/2220/3062 3381/2226/3068 3378/2223/3065
f 3377/2222/3064 3380/2225/3067 3382/2227/3069
f 3376/2221/3063 3377/2222/3064 3382/2227/3069
f 3376/2221/3063 3382/2227/3069 3316/2159/3001
f 3382/2227/3069 3315/2160/3002 3316/2159/3001
f 3380/2225/3067 3379/2224/3066 3383/2228/3070
f 3384/2229/3071 3380/2225/3067 3383/2228/3070
f 3382/2227/3069 3380/2225/3067 3384/2229/3071
f 3382/2227/3069 3385/2230/3072 3315/2160/3002
f 3384/2229/3071 3385/2230/3072 3382/2227/3069
f 3385/2230/3072 3319/2164/3006 3315/2160/3002
f 3385/2230/3072 3386/2231/3073 3319/2164/3006
f 3386/2231/3073 3323/2168/3010 3319/2164/3006
f 3386/2231/3073 3385/2230/3072 3387/2232/3074
f 3384/2229/3071 3383/2228/3070 3387/2232/3074
f 3384/2229/3071 3387/2232/3074 3385/2230/3072
f 3383/2228/3070 3388/2233/3075 3387/2232/3074
f 3387/2232/3074 3388/2233/3075 3389/2234/3076
f 3387/2232/3074 3389/2234/3076 3386/2231/3073
f 3388/2233/3075 3390/2235/3077 3389/2234/3076
f 3391/2236/3078 3390/2235/3077 3388/2233/3075
f 3391/2236/3078 3388/2233/3075 1477/308/3079
f 1476/307/3080 3391/2236/3078 1477/308/3079
f 3383/2228/3070 1478/310/3081 3388/2233/3075
f 1477/308/3079 3388/2233/3075 1478/310/3081
f 1479/312/3082 1478/310/3081 3383/2228/3070
f 3383/2228/3070 3379/2224/3066 1479/312/3082
f 3379/2224/3066 1482/318/3083 1479/312/3082
f 1482/318/3083 3379/2224/3066 1483/320/3084
f 3379/2224/3066 3378/2223/3065 1483/320/3084
f 3378/2223/3065 3381/2226/3068 1483/320/3084
f 3381/2226/3068 1466/286/3085 1483/320/3084
f 3381/2226/3068 1465/284/3086 1466/286/3085
f 3381/2226/3068 3392/2237/3087 1465/284/3086
f 3392/2237/3087 3381/2226/3068 3375/2220/3062
f 3375/2220/3062 3373/2218/3060 3392/2237/3087
f 3392/2237/3087 3373/2218/3060 3393/2238/3088
f 3373/2218/3060 3370/2215/3057 3393/2238/3088
f 3370/2215/3057 3371/2216/3058 3393/2238/3088
f 3393/2238/3088 3371/2216/3058 1452/253/3089
f 1452/253/3089 3371/2216/3058 1451/251/3090
f 3371/2216/3058 3369/2214/3056 1451/251/3090
f 1451/251/3090 3369/2214/3056 1450/249/3091
f 3369/2214/3056 3394/2239/3092 1450/249/3091
f 3394/2239/3092 3369/2214/3056 3359/2204/3046
f 3394/2239/3092 3359/2204/3046 3395/2240/3093
f 3359/2204/3046 3357/2202/3044 3395/2240/3093
f 3357/2202/3044 3396/2241/3094 3395/2240/3093
f 3396/2241/3094 3357/2202/3044 3354/2199/3041
f 3353/2198/3040 3396/2241/3094 3354/2199/3041
f 1449/247/3095 1450/249/3091 3394/2239/3092
f 3395/2240/3093 1449/247/3095 3394/2239/3092
f 3395/2240/3093 3396/2241/3094 1448/245/3096
f 1449/247/3095 3395/2240/3093 1448/245/3096
f 3396/2241/3094 3353/2198/3040 1446/243/3097
f 1448/245/3096 3396/2241/3094 1446/243/3097
f 1447/244/3098 1446/243/3097 3353/2198/3040
f 3351/2196/3038 1447/244/3098 3353/2198/3040
f 1447/244/3098 3351/2196/3038 1454/258/3099
f 3351/2196/3038 3352/2197/3039 1454/258/3099
f 1455/260/3100 1454/258/3099 3352/2197/3039
f 3397/2242/3101 1455/260/3100 3352/2197/3039
f 3397/2242/3101 3352/2197/3039 3350/2195/3037
f 3398/2243/3102 3397/2242/3101 3350/2195/3037
f 3350/2195/3037 3347/2192/3034 3398/2243/3102
f 3347/2192/3034 3399/2244/3103 3398/2243/3102
f 3361/2206/3048 3399/2244/3103 3347/2192/3034
f 3402/2245/3104 3401/2246/3105 3400/2247/3106
f 3402/2245/3104 3400/2247/3106 3403/2248/3107
f 3404/2249/3108 3402/2245/3104 3403/2248/3107
f 3405/2250/3109 3404/2249/3108 3403/2248/3107
f 3400/2247/3106 3406/2251/3110 3403/2248/3107
f 3406/2251/3110 3400/2247/3106 1460/272/3111
f 3407/2252/3112 3406/2251/3110 1460/272/3111
f 3407/2252/3112 3408/2253/3113 3406/2251/3110
f 3408/2253/3113 3409/2254/3114 3406/2251/3110
f 3401/2246/3105 3402/2245/3104 3410/2255/3115
f 3402/2245/3104 3411/2256/3116 3410/2255/3115
f 3412/2257/3117 3411/2256/3116 3402/2245/3104
f 3404/2249/3108 3412/2257/3117 3402/2245/3104
f 3404/2249/3108 3413/2258/3118 3412/2257/3117
f 3413/2258/3118 3404/2249/3108 3405/2250/3109
f 3413/2258/3118 3414/2259/3119 3412/2257/3117
f 3412/2257/3117 3414/2259/3119 3415/2260/3120
f 3415/2260/3120 3414/2259/3119 3416/2261/3121
f 3414/2259/3119 3417/2262/3122 3416/2261/3121
f 3417/2262/3122 3418/2263/3123 3416/2261/3121
f 3418/2263/3123 3419/2264/3124 3416/2261/3121
f 3418/2263/3123 3420/2265/3125 3419/2264/3124
f 3420/2265/3125 3421/2266/3126 3419/2264/3124
f 3422/2267/3127 3412/2257/3117 3415/2260/3120
f 3416/2261/3121 3419/2264/3124 3423/2268/3128
f 3415/2260/3120 3416/2261/3121 3423/2268/3128
f 3419/2264/3124 3424/2269/3129 3423/2268/3128
f 3419/2264/3124 3421/2266/3126 3424/2269/3129
f 3425/2270/3130 3411/2256/3116 3412/2257/3117
f 3422/2267/3127 3425/2270/3130 3412/2257/3117
f 3426/2271/3131 3410/2255/3115 3411/2256/3116
f 3426/2271/3131 3411/2256/3116 3425/2270/3130
f 3426/2271/3131 3425/2270/3130 3427/2272/3132
f 3427/2272/3132 3425/2270/3130 3428/2273/3133
f 3425/2270/3130 3422/2267/3127 3428/2273/3133
f 3428/2273/3133 3429/2274/3134 3427/2272/3132
f 3427/2272/3132 3429/2274/3134 3430/2275/3135
f 3427/2272/3132 3430/2275/3135 1458/268/3136
f 3426/2271/3131 3427/2272/3132 1458/268/3136
f 3429/2274/3134 3431/2276/3137 3430/2275/3135
f 3429/2274/3134 3432/2277/3138 3431/2276/3137
f 3432/2277/3138 3429/2274/3134 3428/2273/3133
f 3432/2277/3138 3433/2278/3139 3431/2276/3137
f 3434/2279/3140 3432/2277/3138 3428/2273/3133
f 3435/2280/3141 3433/2278/3139 3432/2277/3138
f 3436/2281/3142 3435/2280/3141 3432/2277/3138
f 3436/2281/3142 3432/2277/3138 3434/2279/3140
f 3434/2279/3140 3437/2282/3143 3436/2281/3142
f 3436/2281/3142 3437/2282/3143 3438/2283/3144
f 3438/2283/3144 3437/2282/3143 3439/2284/3145
f 3439/2284/3145 3440/2285/3146 3438/2283/3144
f 3440/2285/3146 3439/2284/3145 3441/2286/3147
f 3439/2284/3145 3442/2287/3148 3441/2286/3147
f 3442/2287/3148 3443/2288/3149 3441/2286/3147
f 3444/2289/3150 3441/2286/3147 3443/2288/3149
f 3445/2290/3151 3444/2289/3150 3443/2288/3149
f 3443/2288/3149 3446/2291/3152 3445/2290/3151
f 3446/2291/3152 3447/2292/3153 3445/2290/3151
f 3443/2288/3149 3442/2287/3148 3448/2293/3154
f 3448/2293/3154 3446/2291/3152 3443/2288/3149
f 3448/2293/3154 3442/2287/3148 3449/2294/3155
f 3449/2294/3155 3442/2287/3148 3439/2284/3145
f 3450/2295/3156 3449/2294/3155 3439/2284/3145
f 3450/2295/3156 3439/2284/3145 3437/2282/3143
f 3451/2296/3157 3450/2295/3156 3437/2282/3143
f 3452/2297/3158 3451/2296/3157 3437/2282/3143
f 3434/2279/3140 3452/2297/3158 3437/2282/3143
f 3452/2297/3158 3434/2279/3140 3428/2273/3133
f 3453/2298/3159 3452/2297/3158 3428/2273/3133
f 3422/2267/3127 3453/2298/3159 3428/2273/3133
f 3422/2267/3127 3415/2260/3120 3453/2298/3159
f 3415/2260/3120 3454/2299/3160 3453/2298/3159
f 3423/2268/3128 3454/2299/3160 3415/2260/3120
f 3449/2294/3155 3450/2295/3156 3455/2300/3161
f 3450/2295/3156 3456/2301/3162 3455/2300/3161
f 3456/2301/3162 3450/2295/3156 3451/2296/3157
f 3457/2302/3163 3456/2301/3162 3451/2296/3157
f 3451/2296/3157 3452/2297/3158 3457/2302/3163
f 3458/2303/3164 3456/2301/3162 3457/2302/3163
f 3459/2304/3165 3458/2303/3164 3457/2302/3163
f 3460/2305/3166 3455/2300/3161 3456/2301/3162
f 3458/2303/3164 3460/2305/3166 3456/2301/3162
f 3460/2305/3166 3461/2306/3167 3455/2300/3161
f 3461/2306/3167 3462/2307/3168 3455/2300/3161
f 3455/2300/3161 3462/2307/3168 3449/2294/3155
f 3462/2307/3168 3463/2308/3169 3449/2294/3155
f 3461/2306/3167 3460/2305/3166 3464/2309/3170
f 3465/2310/3171 3464/2309/3170 3460/2305/3166
f 3465/2310/3171 3460/2305/3166 3458/2303/3164
f 3458/2303/3164 3466/2311/3172 3465/2310/3171
f 3458/2303/3164 3459/2304/3165 3466/2311/3172
f 3465/2310/3171 3466/2311/3172 3467/2312/3173
f 3468/2313/3174 3465/2310/3171 3467/2312/3173
f 3465/2310/3171 3468/2313/3174 3464/2309/3170
f 3468/2313/3174 3467/2312/3173 3469/2314/3175
f 3470/2315/3176 3468/2313/3174 3469/2314/3175
f 3471/2316/3177 3468/2313/3174 3470/2315/3176
f 3468/2313/3174 3471/2316/3177 3464/2309/3170
f 3472/2317/3178 3471/2316/3177 3470/2315/3176
f 3473/2318/3179 3464/2309/3170 3471/2316/3177
f 3464/2309/3170 3473/2318/3179 3461/2306/3167
f 3474/2319/3180 3473/2318/3179 3471/2316/3177
f 3471/2316/3177 3472/2317/3178 3474/2319/3180
f 3475/2320/3181 3467/2312/3173 3466/2311/3172
f 3469/2314/3175 3467/2312/3173 3475/2320/3181
f 3476/2321/3182 3475/2320/3181 3466/2311/3172
f 3477/2322/3183 3469/2314/3175 3475/2320/3181
f 3459/2304/3165 3476/2321/3182 3466/2311/3172
f 3459/2304/3165 3478/2323/3184 3476/2321/3182
f 3478/2323/3184 3459/2304/3165 3479/2324/3185
f 3479/2324/3185 3459/2304/3165 3480/2325/3186
f 3459/2304/3165 3457/2302/3163 3480/2325/3186
f 3452/2297/3158 3480/2325/3186 3457/2302/3163
f 3480/2325/3186 3452/2297/3158 3453/2298/3159
f 3454/2299/3160 3480/2325/3186 3453/2298/3159
f 3480/2325/3186 3454/2299/3160 3481/2326/3187
f 3481/2326/3187 3479/2324/3185 3480/2325/3186
f 3481/2326/3187 3454/2299/3160 3423/2268/3128
f 3481/2326/3187 3423/2268/3128 3482/2327/3188
f 3423/2268/3128 3424/2269/3129 3482/2327/3188
f 3481/2326/3187 3482/2327/3188 3483/2328/3189
f 3479/2324/3185 3481/2326/3187 3483/2328/3189
f 3479/2324/3185 3483/2328/3189 3478/2323/3184
f 3476/2321/3182 3478/2323/3184 3484/2329/3190
f 3484/2329/3190 3478/2323/3184 3483/2328/3189
f 3475/2320/3181 3476/2321/3182 3484/2329/3190
f 3477/2322/3183 3475/2320/3181 3484/2329/3190
f 3485/2330/3191 3484/2329/3190 3483/2328/3189
f 3485/2330/3191 3483/2328/3189 3482/2327/3188
f 3482/2327/3188 3424/2269/3129 3486/2331/3192
f 3486/2331/3192 3485/2330/3191 3482/2327/3188
f 3424/2269/3129 3487/2332/3193 3486/2331/3192
f 3421/2266/3126 3487/2332/3193 3424/2269/3129
f 3487/2332/3193 3421/2266/3126 3488/2333/3194
f 3489/2334/3195 3488/2333/3194 3421/2266/3126
f 3420/2265/3125 3489/2334/3195 3421/2266/3126
f 3490/2335/3196 3489/2334/3195 3420/2265/3125
f 3491/2336/3197 3490/2335/3196 3420/2265/3125
f 3491/2336/3197 3492/2337/3198 3490/2335/3196
f 3492/2337/3198 3493/2338/3199 3490/2335/3196
f 3491/2336/3197 3420/2265/3125 3418/2263/3123
f 3494/2339/3200 3491/2336/3197 3418/2263/3123
f 3491/2336/3197 3494/2339/3200 3492/2337/3198
f 3494/2339/3200 3418/2263/3123 3417/2262/3122
f 3495/2340/3201 3494/2339/3200 3417/2262/3122
f 3417/2262/3122 3414/2259/3119 3495/2340/3201
f 3414/2259/3119 3413/2258/3118 3495/2340/3201
f 3496/2341/3202 3494/2339/3200 3495/2340/3201
f 3494/2339/3200 3496/2341/3202 3492/2337/3198
f 3496/2341/3202 3497/2342/3203 3492/2337/3198
f 3497/2342/3203 3498/2343/3204 3492/2337/3198
f 3492/2337/3198 3498/2343/3204 3493/2338/3199
f 3497/2342/3203 3499/2344/3205 3498/2343/3204
f 3499/2344/3205 3500/2345/3206 3498/2343/3204
f 3501/2346/3207 3499/2344/3205 3497/2342/3203
f 3413/2258/3118 3502/2347/3208 3495/2340/3201
f 3502/2347/3208 3413/2258/3118 3405/2250/3109
f 3503/2348/3209 3502/2347/3208 3405/2250/3109
f 3503/2348/3209 3501/2346/3207 3502/2347/3208
f 3504/2349/3210 3503/2348/3209 3405/2250/3109
f 3504/2349/3210 3405/2250/3109 3505/2350/3211
f 3405/2250/3109 3403/2248/3107 3505/2350/3211
f 3505/2350/3211 3403/2248/3107 3406/2251/3110
f 3409/2254/3114 3505/2350/3211 3406/2251/3110
f 3501/2346/3207 3506/2351/3212 3502/2347/3208
f 3497/2342/3203 3506/2351/3212 3501/2346/3207
f 3506/2351/3212 3497/2342/3203 3496/2341/3202
f 3502/2347/3208 3506/2351/3212 3495/2340/3201
f 3495/2340/3201 3506/2351/3212 3496/2341/3202
f 3498/2343/3204 3500/2345/3206 3507/2352/3213
f 3500/2345/3206 3508/2353/3214 3507/2352/3213
f 3498/2343/3204 3507/2352/3213 3493/2338/3199
f 3493/2338/3199 3507/2352/3213 3509/2354/3215
f 3493/2338/3199 3509/2354/3215 3510/2355/3216
f 3490/2335/3196 3493/2338/3199 3510/2355/3216
f 3510/2355/3216 3511/2356/3217 3490/2335/3196
f 3511/2356/3217 3489/2334/3195 3490/2335/3196
f 3489/2334/3195 3511/2356/3217 3512/2357/3218
f 3488/2333/3194 3489/2334/3195 3512/2357/3218
f 3488/2333/3194 3512/2357/3218 3513/2358/3219
f 3514/2359/3220 3488/2333/3194 3513/2358/3219
f 3514/2359/3220 3487/2332/3193 3488/2333/3194
f 3509/2354/3215 3507/2352/3213 3515/2360/3221
f 3507/2352/3213 3508/2353/3214 3515/2360/3221
f 3514/2359/3220 3516/2361/3222 3487/2332/3193
f 3513/2358/3219 3516/2361/3222 3514/2359/3220
f 3516/2361/3222 3486/2331/3192 3487/2332/3193
f 3486/2331/3192 3516/2361/3222 3517/2362/3223
f 3485/2330/3191 3486/2331/3192 3517/2362/3223
f 3485/2330/3191 3517/2362/3223 3518/2363/3224
f 3484/2329/3190 3485/2330/3191 3518/2363/3224
f 3518/2363/3224 3477/2322/3183 3484/2329/3190
f 3516/2361/3222 3513/2358/3219 3519/2364/3225
f 3517/2362/3223 3516/2361/3222 3519/2364/3225
f 3519/2364/3225 3518/2363/3224 3517/2362/3223
f 3477/2322/3183 3518/2363/3224 3520/2365/3226
f 3520/2365/3226 3518/2363/3224 3519/2364/3225
f 3477/2322/3183 3520/2365/3226 3521/2366/3227
f 3469/2314/3175 3477/2322/3183 3521/2366/3227
f 3469/2314/3175 3521/2366/3227 3522/2367/3228
f 3470/2315/3176 3469/2314/3175 3522/2367/3228
f 3472/2317/3178 3470/2315/3176 3522/2367/3228
f 3523/2368/3229 3472/2317/3178 3522/2367/3228
f 3524/2369/3230 3472/2317/3178 3523/2368/3229
f 3472/2317/3178 3524/2369/3230 3474/2319/3180
f 3527/2370/3231 3526/2371/3232 3525/2372/3233
f 3528/2373/3234 3527/2370/3231 3525/2372/3233
f 3525/2372/3233 3526/2371/3232 3529/2374/3235
f 3526/2371/3232 3530/2375/3236 3529/2374/3235
f 3529/2374/3235 3530/2375/3236 3531/2376/3237
f 3532/2377/3238 3529/2374/3235 3531/2376/3237
f 3532/2377/3238 3531/2376/3237 3533/2378/3239
f 3531/2376/3237 3534/2379/3240 3533/2378/3239
f 3532/2377/3238 3533/2378/3239 3535/2380/3241
f 3536/2381/3242 3532/2377/3238 3535/2380/3241
f 3532/2377/3238 3536/2381/3242 3529/2374/3235
f 3536/2381/3242 3537/2382/3243 3529/2374/3235
f 3525/2372/3233 3529/2374/3235 3537/2382/3243
f 3538/2383/3244 3525/2372/3233 3537/2382/3243
f 3536/2381/3242 3535/2380/3241 3539/2384/3245
f 3540/2385/3246 3539/2384/3245 3535/2380/3241
f 3539/2384/3245 3540/2385/3246 3333/2178/3020
f 3335/2180/3022 3333/2178/3020 3540/2385/3246
f 3541/2386/3247 3335/2180/3022 3540/2385/3246
f 3337/2182/3024 3335/2180/3022 3541/2386/3247
f 3542/2387/3248 3337/2182/3024 3541/2386/3247
f 3337/2182/3024 3542/2387/3248 3338/2183/3025
f 3542/2387/3248 3543/2388/3249 3338/2183/3025
f 3331/2176/3018 3539/2384/3245 3333/2178/3020
f 3544/2389/3250 3540/2385/3246 3535/2380/3241
f 3540/2385/3246 3544/2389/3250 3545/2390/3251
f 3541/2386/3247 3540/2385/3246 3545/2390/3251
f 3541/2386/3247 3545/2390/3251 3546/2391/3252
f 3542/2387/3248 3541/2386/3247 3546/2391/3252
f 3542/2387/3248 3546/2391/3252 3547/2392/3253
f 3543/2388/3249 3542/2387/3248 3547/2392/3253
f 3546/2391/3252 3548/2393/3254 3547/2392/3253
f 3548/2393/3254 3549/2394/3255 3547/2392/3253
f 3330/2175/3017 3539/2384/3245 3331/2176/3018
f 3547/2392/3253 3549/2394/3255 3550/2395/3256
f 3551/2396/3257 3547/2392/3253 3550/2395/3256
f 3547/2392/3253 3551/2396/3257 3543/2388/3249
f 3543/2388/3249 3552/2397/3258 3338/2183/3025
f 3551/2396/3257 3552/2397/3258 3543/2388/3249
f 3552/2397/3258 3553/2398/3259 3338/2183/3025
f 3553/2398/3259 3342/2187/3029 3338/2183/3025
f 3344/2189/3031 3342/2187/3029 3553/2398/3259
f 3554/2399/3260 3344/2189/3031 3553/2398/3259
f 3554/2399/3260 3363/2208/3050 3344/2189/3031
f 3363/2208/3050 3360/2205/3047 3344/2189/3031
f 3551/2396/3257 3550/2395/3256 3555/2400/3261
f 3555/2400/3261 3550/2395/3256 3556/2401/3262
f 3550/2395/3256 3557/2402/3263 3556/2401/3262
f 3550/2395/3256 3549/2394/3255 3557/2402/3263
f 3556/2401/3262 3557/2402/3263 3558/2403/3264
f 3559/2404/3265 3556/2401/3262 3558/2403/3264
f 3560/2405/3266 3559/2404/3265 3558/2403/3264
f 3561/2406/3267 3560/2405/3266 3558/2403/3264
f 3560/2405/3266 3561/2406/3267 3562/2407/3268
f 3561/2406/3267 3563/2408/3269 3562/2407/3268
f 3562/2407/3268 3563/2408/3269 3564/2409/3270
f 3565/2410/3271 3562/2407/3268 3564/2409/3270
f 3566/2411/3272 3562/2407/3268 3565/2410/3271
f 3560/2405/3266 3562/2407/3268 3566/2411/3272
f 3567/2412/3273 3566/2411/3272 3565/2410/3271
f 3567/2412/3273 3568/2413/3274 3566/2411/3272
f 3568/2413/3274 3569/2414/3275 3566/2411/3272
f 3570/2415/3276 3565/2410/3271 3564/2409/3270
f 3571/2416/3277 3570/2415/3276 3564/2409/3270
f 3570/2415/3276 3571/2416/3277 3572/2417/3278
f 3570/2415/3276 3572/2417/3278 3573/2418/3279
f 3565/2410/3271 3570/2415/3276 3573/2418/3279
f 3567/2412/3273 3565/2410/3271 3573/2418/3279
f 3572/2417/3278 3574/2419/3280 3573/2418/3279
f 3572/2417/3278 3575/2420/3281 3574/2419/3280
f 3575/2420/3281 3576/2421/3282 3574/2419/3280
f 3575/2420/3281 3577/2422/3283 3576/2421/3282
f 3577/2422/3283 3578/2423/3284 3576/2421/3282
f 3571/2416/3277 3579/2424/3285 3572/2417/3278
f 3572/2417/3278 3579/2424/3285 3575/2420/3281
f 3579/2424/3285 3580/2425/3286 3575/2420/3281
f 3577/2422/3283 3575/2420/3281 3580/2425/3286
f 3581/2426/3287 3580/2425/3286 3579/2424/3285
f 3582/2427/3288 3581/2426/3287 3579/2424/3285
f 3583/2428/3289 3581/2426/3287 3582/2427/3288
f 3584/2429/3290 3583/2428/3289 3582/2427/3288
f 3573/2418/3279 3574/2419/3280 3585/2430/3291
f 3586/2431/3292 3573/2418/3279 3585/2430/3291
f 3586/2431/3292 3585/2430/3291 3587/2432/3293
f 3585/2430/3291 3588/2433/3294 3587/2432/3293
f 3585/2430/3291 3589/2434/3295 3588/2433/3294
f 3574/2419/3280 3576/2421/3282 3589/2434/3295
f 3585/2430/3291 3574/2419/3280 3589/2434/3295
f 3589/2434/3295 3576/2421/3282 3578/2423/3284
f 3589/2434/3295 3590/2435/3296 3588/2433/3294
f 3590/2435/3296 3589/2434/3295 3591/2436/3297
f 3591/2436/3297 3589/2434/3295 3578/2423/3284
f 3592/2437/3298 3590/2435/3296 3591/2436/3297
f 3593/2438/3299 3577/2422/3283 3580/2425/3286
f 3594/2439/3300 3593/2438/3299 3580/2425/3286
f 3581/2426/3287 3594/2439/3300 3580/2425/3286
f 3583/2428/3289 3594/2439/3300 3581/2426/3287
f 3568/2413/3274 3586/2431/3292 3587/2432/3293
f 3586/2431/3292 3568/2413/3274 3567/2412/3273
f 3573/2418/3279 3586/2431/3292 3567/2412/3273
f 3595/2440/3301 3568/2413/3274 3587/2432/3293
f 3568/2413/3274 3595/2440/3301 3596/2441/3302
f 3569/2414/3275 3568/2413/3274 3596/2441/3302
f 3597/2442/3303 3569/2414/3275 3596/2441/3302
f 3598/2443/3304 3597/2442/3303 3596/2441/3302
f 3599/2444/3305 3597/2442/3303 3598/2443/3304
f 3597/2442/3303 3600/2445/3306 3569/2414/3275
f 3600/2445/3306 3566/2411/3272 3569/2414/3275
f 3597/2442/3303 3599/2444/3305 3601/2446/3307
f 3600/2445/3306 3597/2442/3303 3601/2446/3307
f 3602/2447/3308 3601/2446/3307 3599/2444/3305
f 3603/2448/3309 3602/2447/3308 3599/2444/3305
f 3604/2449/3310 3602/2447/3308 3603/2448/3309
f 3605/2450/3311 3604/2449/3310 3603/2448/3309
f 3604/2449/3310 3555/2400/3261 3602/2447/3308
f 3555/2400/3261 3556/2401/3262 3602/2447/3308
f 3601/2446/3307 3602/2447/3308 3556/2401/3262
f 3605/2450/3311 3603/2448/3309 3606/2451/3312
f 3607/2452/3313 3605/2450/3311 3606/2451/3312
f 3608/2453/3314 3604/2449/3310 3605/2450/3311
f 3609/2454/3315 3608/2453/3314 3605/2450/3311
f 3609/2454/3315 3605/2450/3311 3607/2452/3313
f 3610/2455/3316 3609/2454/3315 3607/2452/3313
f 3610/2455/3316 3611/2456/3317 3609/2454/3315
f 3611/2456/3317 3612/2457/3318 3609/2454/3315
f 3608/2453/3314 3609/2454/3315 3612/2457/3318
f 3363/2208/3050 3612/2457/3318 3611/2456/3317
f 3364/2209/3051 3363/2208/3050 3611/2456/3317
f 3613/2458/3319 3555/2400/3261 3604/2449/3310
f 3608/2453/3314 3613/2458/3319 3604/2449/3310
f 3613/2458/3319 3551/2396/3257 3555/2400/3261
f 3612/2457/3318 3363/2208/3050 3554/2399/3260
f 3614/2459/3320 3612/2457/3318 3554/2399/3260
f 3608/2453/3314 3614/2459/3320 3613/2458/3319
f 3612/2457/3318 3614/2459/3320 3608/2453/3314
f 3614/2459/3320 3554/2399/3260 3553/2398/3259
f 3552/2397/3258 3614/2459/3320 3553/2398/3259
f 3613/2458/3319 3614/2459/3320 3552/2397/3258
f 3552/2397/3258 3551/2396/3257 3613/2458/3319
f 3559/2404/3265 3601/2446/3307 3556/2401/3262
f 3600/2445/3306 3601/2446/3307 3559/2404/3265
f 3560/2405/3266 3600/2445/3306 3559/2404/3265
f 3600/2445/3306 3560/2405/3266 3566/2411/3272
f 3617/2460/3321 3616/2461/3322 3615/2462/3323
f 3618/2463/3324 3617/2460/3321 3615/2462/3323
f 3618/2463/3324 3615/2462/3323 3619/2464/3325
f 3620/2465/3326 3618/2463/3324 3619/2464/3325
f 3615/2462/3323 3616/2461/3322 3621/2466/3327
f 3616/2461/3322 3622/2467/3328 3621/2466/3327
f 3621/2466/3327 3622/2467/3328 3623/2468/3329
f 3624/2469/3330 3621/2466/3327 3623/2468/3329
f 3624/2469/3330 3623/2468/3329 3625/2470/3331
f 3623/2468/3329 3626/2471/3332 3625/2470/3331
f 3621/2466/3327 3624/2469/3330 3627/2472/3333
f 3628/2473/3334 3621/2466/3327 3627/2472/3333
f 3615/2462/3323 3621/2466/3327 3628/2473/3334
f 3619/2464/3325 3615/2462/3323 3628/2473/3334
f 3625/2470/3331 3626/2471/3332 3629/2474/3335
f 3626/2471/3332 3630/2475/3336 3629/2474/3335
f 3629/2474/3335 3630/2475/3336 3631/2476/3337
f 3630/2475/3336 3632/2477/3338 3631/2476/3337
f 3631/2476/3337 3632/2477/3338 3633/2478/3339
f 3632/2477/3338 3634/2479/3340 3633/2478/3339
f 3632/2477/3338 3635/2480/3341 3634/2479/3340
f 3635/2480/3341 3636/2481/3342 3634/2479/3340
f 3637/2482/3343 3635/2480/3341 3632/2477/3338
f 3630/2475/3336 3637/2482/3343 3632/2477/3338
f 3630/2475/3336 3626/2471/3332 3638/2483/3344
f 3637/2482/3343 3630/2475/3336 3638/2483/3344
f 3626/2471/3332 3623/2468/3329 3639/2484/3345
f 3638/2483/3344 3626/2471/3332 3639/2484/3345
f 3640/2485/3346 3639/2484/3345 3623/2468/3329
f 3622/2467/3328 3640/2485/3346 3623/2468/3329
f 3641/2486/3347 3640/2485/3346 3622/2467/3328
f 3616/2461/3322 3641/2486/3347 3622/2467/3328
f 3642/2487/3348 3641/2486/3347 3616/2461/3322
f 3617/2460/3321 3642/2487/3348 3616/2461/3322
f 3631/2476/3337 3633/2478/3339 3643/2488/3349
f 3644/2489/3350 3631/2476/3337 3643/2488/3349
f 3629/2474/3335 3631/2476/3337 3644/2489/3350
f 3645/2490/3351 3629/2474/3335 3644/2489/3350
f 3625/2470/3331 3629/2474/3335 3645/2490/3351
f 3646/2491/3352 3625/2470/3331 3645/2490/3351
f 3625/2470/3331 3646/2491/3352 3624/2469/3330
f 3646/2491/3352 3627/2472/3333 3624/2469/3330
f 3627/2472/3333 3646/2491/3352 3647/2492/3353
f 3628/2473/3334 3627/2472/3333 3647/2492/3353
f 3648/2493/3354 3628/2473/3334 3647/2492/3353
f 3648/2493/3354 3649/2494/3355 3628/2473/3334
f 3649/2494/3355 3619/2464/3325 3628/2473/3334
f 3619/2464/3325 3649/2494/3355 3650/2495/3356
f 3620/2465/3326 3619/2464/3325 3650/2495/3356
f 3646/2491/3352 3651/2496/3357 3647/2492/3353
f 3646/2491/3352 3645/2490/3351 3652/2497/3358
f 3651/2496/3357 3646/2491/3352 3652/2497/3358
f 3645/2490/3351 3644/2489/3350 3652/2497/3358
f 3651/2496/3357 3652/2497/3358 3653/2498/3359
f 3654/2499/3360 3653/2498/3359 3652/2497/3358
f 3654/2499/3360 3655/2500/3361 3653/2498/3359
f 3656/2501/3362 3655/2500/3361 3654/2499/3360
f 3656/2501/3362 3657/2502/3363 3655/2500/3361
f 3657/2502/3363 3658/2503/3364 3655/2500/3361
f 3659/2504/3365 3658/2503/3364 3657/2502/3363
f 3658/2503/3364 3659/2504/3365 3660/2505/3366
f 3659/2504/3365 3534/2379/3240 3660/2505/3366
f 3659/2504/3365 3661/2506/3367 3534/2379/3240
f 3661/2506/3367 3533/2378/3239 3534/2379/3240
f 3661/2506/3367 3544/2389/3250 3533/2378/3239
f 3544/2389/3250 3535/2380/3241 3533/2378/3239
f 3662/2507/3368 3661/2506/3367 3659/2504/3365
f 3663/2508/3369 3662/2507/3368 3659/2504/3365
f 3657/2502/3363 3663/2508/3369 3659/2504/3365
f 3661/2506/3367 3662/2507/3368 3545/2390/3251
f 3544/2389/3250 3661/2506/3367 3545/2390/3251
f 3545/2390/3251 3662/2507/3368 3546/2391/3252
f 3662/2507/3368 3548/2393/3254 3546/2391/3252
f 3662/2507/3368 3663/2508/3369 3548/2393/3254
f 3663/2508/3369 3664/2509/3370 3548/2393/3254
f 3658/2503/3364 3660/2505/3366 3665/2510/3371
f 3655/2500/3361 3658/2503/3364 3665/2510/3371
f 3655/2500/3361 3665/2510/3371 3653/2498/3359
f 3666/2511/3372 3660/2505/3366 3534/2379/3240
f 3531/2376/3237 3666/2511/3372 3534/2379/3240
f 3666/2511/3372 3531/2376/3237 3667/2512/3373
f 3531/2376/3237 3530/2375/3236 3667/2512/3373
f 3530/2375/3236 3526/2371/3232 3667/2512/3373
f 3526/2371/3232 3668/2513/3374 3667/2512/3373
f 3526/2371/3232 3527/2370/3231 3668/2513/3374
f 3527/2370/3231 3669/2514/3375 3668/2513/3374
f 3670/2515/3376 3666/2511/3372 3667/2512/3373
f 3670/2515/3376 3665/2510/3371 3660/2505/3366
f 3666/2511/3372 3670/2515/3376 3660/2505/3366
f 3671/2516/3377 3670/2515/3376 3667/2512/3373
f 3671/2516/3377 3667/2512/3373 3668/2513/3374
f 3670/2515/3376 3671/2516/3377 3672/2517/3378
f 3672/2517/3378 3653/2498/3359 3665/2510/3371
f 3670/2515/3376 3672/2517/3378 3665/2510/3371
f 3653/2498/3359 3672/2517/3378 3651/2496/3357
f 3671/2516/3377 3673/2518/3379 3672/2517/3378
f 3672/2517/3378 3673/2518/3379 3651/2496/3357
f 3674/2519/3380 3673/2518/3379 3671/2516/3377
f 3674/2519/3380 3648/2493/3354 3673/2518/3379
f 3649/2494/3355 3648/2493/3354 3674/2519/3380
f 3675/2520/3381 3649/2494/3355 3674/2519/3380
f 3649/2494/3355 3675/2520/3381 3676/2521/3382
f 3650/2495/3356 3649/2494/3355 3676/2521/3382
f 3648/2493/3354 3647/2492/3353 3673/2518/3379
f 3673/2518/3379 3647/2492/3353 3651/2496/3357
f 3677/2522/3383 3674/2519/3380 3671/2516/3377
f 3675/2520/3381 3674/2519/3380 3677/2522/3383
f 3678/2523/3384 3676/2521/3382 3675/2520/3381
f 3678/2523/3384 3679/2524/3385 3669/2514/3375
f 3679/2524/3385 3678/2523/3384 3675/2520/3381
f 3679/2524/3385 3675/2520/3381 3677/2522/3383
f 3679/2524/3385 3677/2522/3383 3668/2513/3374
f 3668/2513/3374 3677/2522/3383 3671/2516/3377
f 3679/2524/3385 3668/2513/3374 3669/2514/3375
f 3682/2525/3386 3681/2526/3387 3680/2527/3388
f 3683/2528/3389 3682/2525/3386 3680/2527/3388
f 3684/2529/3390 3680/2527/3388 3681/2526/3387
f 3685/2530/3391 3684/2529/3390 3681/2526/3387
f 3682/2525/3386 3683/2528/3389 3686/2531/3392
f 3683/2528/3389 3687/2532/3393 3686/2531/3392
f 3688/2533/3394 3682/2525/3386 3686/2531/3392
f 3689/2534/3395 3688/2533/3394 3686/2531/3392
f 3690/2535/3396 3681/2526/3387 3682/2525/3386
f 3688/2533/3394 3690/2535/3396 3682/2525/3386
f 3691/2536/3397 3685/2530/3391 3681/2526/3387
f 3690/2535/3396 3691/2536/3397 3681/2526/3387
f 3683/2528/3389 3680/2527/3388 3692/2537/3398
f 3692/2537/3398 3680/2527/3388 3684/2529/3390
f 3693/2538/3399 3683/2528/3389 3692/2537/3398
f 3683/2528/3389 3693/2538/3399 3687/2532/3393
f 3693/2538/3399 3694/2539/3400 3687/2532/3393
f 3692/2537/3398 3684/2529/3390 3695/2540/3401
f 3695/2540/3401 3684/2529/3390 3696/2541/3402
f 3684/2529/3390 3697/2542/3403 3696/2541/3402
f 3684/2529/3390 3685/2530/3391 3697/2542/3403
f 3697/2542/3403 3698/2543/3404 3696/2541/3402
f 3699/2544/3405 3698/2543/3404 3697/2542/3403
f 3700/2545/3406 3699/2544/3405 3697/2542/3403
f 3700/2545/3406 3697/2542/3403 3685/2530/3391
f 3691/2536/3397 3700/2545/3406 3685/2530/3391
f 3695/2540/3401 3696/2541/3402 3701/2546/3407
f 3702/2547/3408 3695/2540/3401 3701/2546/3407
f 3702/2547/3408 3701/2546/3407 3703/2548/3409
f 3704/2549/3410 3703/2548/3409 3701/2546/3407
f 3705/2550/3411 3704/2549/3410 3701/2546/3407
f 3705/2550/3411 3701/2546/3407 3696/2541/3402
f 3698/2543/3404 3705/2550/3411 3696/2541/3402
f 3706/2551/3412 3704/2549/3410 3705/2550/3411
f 3706/2551/3412 3707/2552/3413 3704/2549/3410
f 3707/2552/3413 3708/2553/3414 3704/2549/3410
f 3704/2549/3410 3708/2553/3414 3709/2554/3415
f 3704/2549/3410 3709/2554/3415 3703/2548/3409
f 3708/2553/3414 3710/2555/3416 3709/2554/3415
f 3711/2556/3417 3703/2548/3409 3709/2554/3415
f 3711/2556/3417 3702/2547/3408 3703/2548/3409
f 3712/2557/3418 3711/2556/3417 3709/2554/3415
f 3709/2554/3415 3710/2555/3416 3712/2557/3418
f 3713/2558/3419 3711/2556/3417 3712/2557/3418
f 3714/2559/3420 3713/2558/3419 3712/2557/3418
f 3714/2559/3420 3712/2557/3418 3715/2560/3421
f 3710/2555/3416 3715/2560/3421 3712/2557/3418
f 3716/2561/3422 3714/2559/3420 3715/2560/3421
f 3708/2553/3414 3707/2552/3413 3717/2562/3423
f 3718/2563/3424 3708/2553/3414 3717/2562/3423
f 3708/2553/3414 3718/2563/3424 3710/2555/3416
f 3718/2563/3424 3717/2562/3423 3719/2564/3425
f 3720/2565/3426 3718/2563/3424 3719/2564/3425
f 3718/2563/3424 3720/2565/3426 3721/2566/3427
f 3722/2567/3428 3718/2563/3424 3721/2566/3427
f 3718/2563/3424 3722/2567/3428 3710/2555/3416
f 3710/2555/3416 3722/2567/3428 3715/2560/3421
f 3716/2561/3422 3715/2560/3421 3723/2568/3429
f 3724/2569/3430 3716/2561/3422 3723/2568/3429
f 3724/2569/3430 3723/2568/3429 3725/2570/3431
f 3726/2571/3432 3725/2570/3431 3723/2568/3429
f 3726/2571/3432 3723/2568/3429 3715/2560/3421
f 3722/2567/3428 3726/2571/3432 3715/2560/3421
f 3726/2571/3432 3722/2567/3428 3721/2566/3427
f 3727/2572/3433 3724/2569/3430 3725/2570/3431
f 3725/2570/3431 3726/2571/3432 3728/2573/3434
f 3728/2573/3434 3726/2571/3432 3721/2566/3427
f 3729/2574/3435 3713/2558/3419 3714/2559/3420
f 3730/2575/3436 3729/2574/3435 3714/2559/3420
f 3729/2574/3435 3730/2575/3436 3731/2576/3437
f 3730/2575/3436 3732/2577/3438 3731/2576/3437
f 3733/2578/3439 3729/2574/3435 3731/2576/3437
f 3729/2574/3435 3733/2578/3439 3734/2579/3440
f 3733/2578/3439 3735/2580/3441 3734/2579/3440
f 3735/2580/3441 3733/2578/3439 3736/2581/3442
f 3733/2578/3439 3737/2582/3443 3736/2581/3442
f 3733/2578/3439 3731/2576/3437 3737/2582/3443
f 3738/2583/3444 3736/2581/3442 3737/2582/3443
f 3739/2584/3445 3738/2583/3444 3737/2582/3443
f 3738/2583/3444 3739/2584/3445 3740/2585/3446
f 3739/2584/3445 3741/2586/3447 3740/2585/3446
f 3739/2584/3445 3742/2587/3448 3741/2586/3447
f 3742/2587/3448 3739/2584/3445 3737/2582/3443
f 3742/2587/3448 3743/2588/3449 3741/2586/3447
f 3743/2588/3449 3742/2587/3448 3744/2589/3450
f 3745/2590/3451 3743/2588/3449 3744/2589/3450
f 3745/2590/3451 3744/2589/3450 3746/2591/3452
f 3747/2592/3453 3745/2590/3451 3746/2591/3452
f 3747/2592/3453 3746/2591/3452 3748/2593/3454
f 3748/2593/3454 3746/2591/3452 3749/2594/3455
f 3746/2591/3452 3744/2589/3450 3749/2594/3455
f 3750/2595/3456 3748/2593/3454 3749/2594/3455
f 3751/2596/3457 3747/2592/3453 3748/2593/3454
f 3752/2597/3458 3742/2587/3448 3737/2582/3443
f 3744/2589/3450 3742/2587/3448 3752/2597/3458
f 3753/2598/3459 3744/2589/3450 3752/2597/3458
f 3744/2589/3450 3753/2598/3459 3749/2594/3455
f 3754/2599/3460 3750/2595/3456 3749/2594/3455
f 3755/2600/3461 3754/2599/3460 3749/2594/3455
f 3754/2599/3460 3756/2601/3462 3750/2595/3456
f 3756/2601/3462 3754/2599/3460 3757/2602/3463
f 3757/2602/3463 3754/2599/3460 3755/2600/3461
f 3756/2601/3462 3758/2603/3464 3750/2595/3456
f 3757/2602/3463 3755/2600/3461 3759/2604/3465
f 3760/2605/3466 3759/2604/3465 3755/2600/3461
f 3759/2604/3465 3760/2605/3466 3724/2569/3430
f 3727/2572/3433 3759/2604/3465 3724/2569/3430
f 3724/2569/3430 3760/2605/3466 3716/2561/3422
f 3760/2605/3466 3761/2606/3467 3716/2561/3422
f 3716/2561/3422 3761/2606/3467 3714/2559/3420
f 3761/2606/3467 3730/2575/3436 3714/2559/3420
f 3761/2606/3467 3762/2607/3468 3730/2575/3436
f 3755/2600/3461 3762/2607/3468 3760/2605/3466
f 3762/2607/3468 3761/2606/3467 3760/2605/3466
f 3762/2607/3468 3732/2577/3438 3730/2575/3436
f 3732/2577/3438 3762/2607/3468 3753/2598/3459
f 3762/2607/3468 3755/2600/3461 3763/2608/3469
f 3763/2608/3469 3755/2600/3461 3749/2594/3455
f 3763/2608/3469 3749/2594/3455 3753/2598/3459
f 3762/2607/3468 3763/2608/3469 3753/2598/3459
f 3732/2577/3438 3753/2598/3459 3752/2597/3458
f 3731/2576/3437 3732/2577/3438 3752/2597/3458
f 3731/2576/3437 3752/2597/3458 3737/2582/3443
f 3766/2609/3470 3765/2610/3471 3764/2611/3472
f 3767/2612/3473 3766/2609/3470 3764/2611/3472
f 3768/2613/3474 3767/2612/3473 3764/2611/3472
f 3769/2614/3475 3764/2611/3472 3765/2610/3471
f 3764/2611/3472 3769/2614/3475 3770/2615/3476
f 3769/2614/3475 3771/2616/3477 3770/2615/3476
f 3772/2617/3478 3770/2615/3476 3771/2616/3477
f 3773/2618/3479 3770/2615/3476 3772/2617/3478
f 3774/2619/3480 3770/2615/3476 3773/2618/3479
f 3774/2619/3480 3764/2611/3472 3770/2615/3476
f 3774/2619/3480 3768/2613/3474 3764/2611/3472
f 3775/2620/3481 3773/2618/3479 3772/2617/3478
f 3775/2620/3481 3772/2617/3478 3776/2621/3482
f 3777/2622/3483 3776/2621/3482 3772/2617/3478
f 3778/2623/3484 3777/2622/3483 3772/2617/3478
f 3778/2623/3484 3772/2617/3478 3771/2616/3477
f 3779/2624/3485 3775/2620/3481 3776/2621/3482
f 3780/2625/3486 3779/2624/3485 3776/2621/3482
f 3781/2626/3487 3780/2625/3486 3776/2621/3482
f 3781/2626/3487 3782/2627/3488 3780/2625/3486
f 3781/2626/3487 3783/2628/3489 3782/2627/3488
f 3776/2621/3482 3777/2622/3483 3783/2628/3489
f 3781/2626/3487 3776/2621/3482 3783/2628/3489
f 3783/2628/3489 3784/2629/3490 3782/2627/3488
f 3782/2627/3488 3784/2629/3490 3785/2630/3491
f 3782/2627/3488 3785/2630/3491 3786/2631/3492
f 3782/2627/3488 3786/2631/3492 3780/2625/3486
f 3785/2630/3491 3787/2632/3493 3786/2631/3492
f 3788/2633/3494 3787/2632/3493 3785/2630/3491
f 3789/2634/3495 3788/2633/3494 3785/2630/3491
f 3789/2634/3495 3790/2635/3496 3788/2633/3494
f 3790/2635/3496 3791/2636/3497 3788/2633/3494
f 3792/2637/3498 3790/2635/3496 3789/2634/3495
f 3793/2638/3499 3792/2637/3498 3789/2634/3495
f 3794/2639/3500 3793/2638/3499 3789/2634/3495
f 3785/2630/3491 3794/2639/3500 3789/2634/3495
f 3784/2629/3490 3794/2639/3500 3785/2630/3491
f 3795/2640/3501 3706/2551/3412 3705/2550/3411
f 3795/2640/3501 3705/2550/3411 3698/2543/3404
f 3699/2544/3405 3795/2640/3501 3698/2543/3404
f 3798/2641/3502 3797/2642/3503 3796/2643/3504
f 3799/2644/3505 3798/2641/3502 3796/2643/3504
f 3797/2642/3503 3798/2641/3502 3800/2645/3506
f 3798/2641/3502 3801/2646/3507 3800/2645/3506
f 3800/2645/3506 3801/2646/3507 3802/2647/3508
f 3801/2646/3507 3803/2648/3509 3802/2647/3508
f 3803/2648/3509 3804/2649/3510 3802/2647/3508
f 3803/2648/3509 3801/2646/3507 3805/2650/3511
f 3801/2646/3507 3806/2651/3512 3805/2650/3511
f 3806/2651/3512 3801/2646/3507 3798/2641/3502
f 3807/2652/3513 3798/2641/3502 3799/2644/3505
f 3807/2652/3513 3806/2651/3512 3798/2641/3502
f 3808/2653/3514 3807/2652/3513 3799/2644/3505
f 3807/2652/3513 3809/2654/3515 3806/2651/3512
f 3809/2654/3515 3810/2655/3516 3806/2651/3512
f 3805/2650/3511 3806/2651/3512 3810/2655/3516
f 3805/2650/3511 3810/2655/3516 3811/2656/3517
f 3810/2655/3516 3812/2657/3518 3811/2656/3517
f 3812/2657/3518 3813/2658/3519 3811/2656/3517
f 3811/2656/3517 3813/2658/3519 3814/2659/3520
f 3815/2660/3521 3811/2656/3517 3814/2659/3520
f 3811/2656/3517 3815/2660/3521 3816/2661/3522
f 3805/2650/3511 3811/2656/3517 3816/2661/3522
f 3805/2650/3511 3816/2661/3522 3817/2662/3523
f 3803/2648/3509 3817/2662/3523 3804/2649/3510
f 3805/2650/3511 3817/2662/3523 3803/2648/3509
f 3816/2661/3522 3815/2660/3521 3252/2097/2939
f 3251/2096/2938 3252/2097/2939 3815/2660/3521
f 3251/2096/2938 3815/2660/3521 3814/2659/3520
f 3812/2657/3518 1512/433/3524 3813/2658/3519
f 1512/433/3524 3818/2663/3525 3813/2658/3519
f 3814/2659/3520 3813/2658/3519 3818/2663/3525
f 3819/2664/3526 3814/2659/3520 3818/2663/3525
f 3251/2096/2938 3814/2659/3520 3819/2664/3526
f 3819/2664/3526 3818/2663/3525 3820/2665/3527
f 3818/2663/3525 3821/2666/3528 3820/2665/3527
f 1512/433/3524 3812/2657/3518 1493/412/3529
f 3812/2657/3518 3822/2667/3530 1493/412/3529
f 3812/2657/3518 3810/2655/3516 3822/2667/3530
f 3810/2655/3516 3809/2654/3515 3822/2667/3530
f 1494/413/3531 3822/2667/3530 3809/2654/3515
f 1493/412/3529 3822/2667/3530 1494/413/3531
f 3823/2668/3532 1494/413/3531 3809/2654/3515
f 3819/2664/3526 3820/2665/3527 3247/2092/2934
f 3249/2094/2936 3819/2664/3526 3247/2092/2934
f 3249/2094/2936 3251/2096/2938 3819/2664/3526
f 3823/2668/3532 3809/2654/3515 3807/2652/3513
f 3808/2653/3514 3823/2668/3532 3807/2652/3513
f 3808/2653/3514 1496/415/3533 3823/2668/3532
f 3824/2669/3534 1496/415/3533 3808/2653/3514
f 3799/2644/3505 3824/2669/3534 3808/2653/3514
f 3825/2670/3535 3824/2669/3534 3799/2644/3505
f 3824/2669/3534 3825/2670/3535 3826/2671/3536
f 3825/2670/3535 3827/2672/3537 3826/2671/3536
f 3827/2672/3537 3828/2673/3538 3826/2671/3536
f 3828/2673/3538 3829/2674/3539 3826/2671/3536
f 3796/2643/3504 3825/2670/3535 3799/2644/3505
f 3828/2673/3538 3830/2675/3540 3829/2674/3539
f 3830/2675/3540 3831/2676/3541 3829/2674/3539
f 3830/2675/3540 3832/2677/3542 3831/2676/3541
f 3832/2677/3542 3833/2678/3543 3831/2676/3541
f 3831/2676/3541 3833/2678/3543 3834/2679/3544
f 3835/2680/3545 3831/2676/3541 3834/2679/3544
f 3831/2676/3541 3835/2680/3545 3829/2674/3539
f 3833/2678/3543 3832/2677/3542 3836/2681/3546
f 3837/2682/3547 3833/2678/3543 3836/2681/3546
f 3834/2679/3544 3833/2678/3543 3837/2682/3547
f 3837/2682/3547 3836/2681/3546 3838/2683/3548
f 3839/2684/3549 3837/2682/3547 3838/2683/3548
f 3837/2682/3547 3839/2684/3549 3840/2685/3550
f 3841/2686/3551 3837/2682/3547 3840/2685/3550
f 3841/2686/3551 3834/2679/3544 3837/2682/3547
f 3834/2679/3544 3841/2686/3551 3842/2687/3552
f 3841/2686/3551 3840/2685/3550 3842/2687/3552
f 3843/2688/3553 3834/2679/3544 3842/2687/3552
f 1499/420/3554 3835/2680/3545 3834/2679/3544
f 3843/2688/3553 1499/420/3554 3834/2679/3544
f 1501/422/3555 3835/2680/3545 1499/420/3554
f 3835/2680/3545 1501/422/3555 3829/2674/3539
f 3829/2674/3539 1501/422/3555 3826/2671/3536
f 1501/422/3555 1498/417/3556 3826/2671/3536
f 3824/2669/3534 3826/2671/3536 1498/417/3556
f 1497/416/3557 3824/2669/3534 1498/417/3556
f 1496/415/3533 3824/2669/3534 1497/416/3557
f 3839/2684/3549 3838/2683/3548 3844/2689/3558
f 3845/2690/3559 3839/2684/3549 3844/2689/3558
f 3845/2690/3559 3844/2689/3558 3207/2052/2892
f 3205/2050/2890 3845/2690/3559 3207/2052/2892
f 3846/2691/3560 3845/2690/3559 3205/2050/2890
f 3203/2048/2888 3846/2691/3560 3205/2050/2890
f 3847/2692/3561 3846/2691/3560 3203/2048/2888
f 3202/2047/2887 3847/2692/3561 3203/2048/2888
f 3214/2059/2899 3847/2692/3561 3202/2047/2887
f 3839/2684/3549 3845/2690/3559 3846/2691/3560
f 3840/2685/3550 3839/2684/3549 3846/2691/3560
f 3847/2692/3561 3848/2693/3562 3846/2691/3560
f 3848/2693/3562 3840/2685/3550 3846/2691/3560
f 3847/2692/3561 3849/2694/3563 3848/2693/3562
f 3214/2059/2899 3849/2694/3563 3847/2692/3561
f 3214/2059/2899 3222/2067/2909 3849/2694/3563
f 3840/2685/3550 3848/2693/3562 3842/2687/3552
f 3848/2693/3562 3850/2695/3564 3842/2687/3552
f 3850/2695/3564 3848/2693/3562 3849/2694/3563
f 3850/2695/3564 1500/421/3565 3842/2687/3552
f 1500/421/3565 3843/2688/3553 3842/2687/3552
f 1499/420/3554 3843/2688/3553 1500/421/3565
f 3222/2067/2909 1503/424/3566 3849/2694/3563
f 1504/425/2908 1503/424/3566 3222/2067/2909
f 1503/424/3566 1502/423/3567 3849/2694/3563
f 3849/2694/3563 1502/423/3567 3850/2695/3564
f 3850/2695/3564 1502/423/3567 1500/421/3565
f 3852/2696/3568 3295/2140/2982 3851/2697/3569
f 3817/2662/3523 3852/2696/3568 3851/2697/3569
f 3852/2696/3568 3817/2662/3523 3816/2661/3522
f 3252/2097/2939 3852/2696/3568 3816/2661/3522
f 3852/2696/3568 3255/2100/2942 3295/2140/2982
f 3255/2100/2942 3852/2696/3568 3252/2097/2939
f 3804/2649/3510 3817/2662/3523 3851/2697/3569
f 3855/2698/3570 3854/2699/3571 3853/2700/3572
f 3856/2701/3573 3855/2698/3570 3853/2700/3572
f 3856/2701/3573 3218/2063/2903 3855/2698/3570
f 3218/2063/2903 3856/2701/3573 3217/2062/2902
f 3856/2701/3573 3219/2064/2904 3217/2062/2902
f 3856/2701/3573 3853/2700/3572 3219/2064/2904
f 3853/2700/3572 1506/427/3574 3219/2064/2904
f 3853/2700/3572 3857/2702/3575 1506/427/3574
f 3857/2702/3575 3853/2700/3572 3854/2699/3571
f 1507/428/3576 1506/427/3574 3857/2702/3575
f 3218/2063/2903 3221/2066/2906 3855/2698/3570
f 3855/2698/3570 3221/2066/2906 3223/2068/2910
f 3855/2698/3570 3223/2068/2910 3854/2699/3571
f 3223/2068/2910 3240/2085/2927 3854/2699/3571
f 3858/2703/3577 3857/2702/3575 3854/2699/3571
f 3857/2702/3575 3858/2703/3577 3859/2704/3578
f 3860/2705/3579 3857/2702/3575 3859/2704/3578
f 3860/2705/3579 3859/2704/3578 3861/2706/3580
f 3859/2704/3578 3862/2707/3581 3861/2706/3580
f 3244/2089/2931 3862/2707/3581 3859/2704/3578
f 3242/2087/2929 3244/2089/2931 3859/2704/3578
f 3860/2705/3579 3861/2706/3580 1510/431/3582
f 1510/431/3582 3861/2706/3580 3821/2666/3528
f 3861/2706/3580 3862/2707/3581 3821/2666/3528
f 1511/432/3583 1510/431/3582 3821/2666/3528
f 3821/2666/3528 3818/2663/3525 1511/432/3583
f 3818/2663/3525 1512/433/3524 1511/432/3583
f 3860/2705/3579 1510/431/3582 1509/430/3584
f 3820/2665/3527 3862/2707/3581 3244/2089/2931
f 3862/2707/3581 3820/2665/3527 3821/2666/3528
f 3247/2092/2934 3820/2665/3527 3244/2089/2931
f 3241/2086/2928 3242/2087/2929 3859/2704/3578
f 3858/2703/3577 3241/2086/2928 3859/2704/3578
f 3858/2703/3577 3854/2699/3571 3241/2086/2928
f 3854/2699/3571 3240/2085/2927 3241/2086/2928
f 1508/429/3585 3860/2705/3579 1509/430/3584
f 1508/429/3585 3857/2702/3575 3860/2705/3579
f 3857/2702/3575 1508/429/3585 1507/428/3576
f 3210/2055/2895 3193/2038/2878 3190/2035/2875
f 3198/2043/2883 3210/2055/2895 3190/2035/2875
f 3210/2055/2895 3211/2056/2896 3193/2038/2878
f 3211/2056/2896 3196/2041/2881 3193/2038/2878
f 3863/2708/3586 3187/2032/2872 3194/2039/2879
f 3863/2708/3586 3864/2709/3587 3187/2032/2872
f 3864/2709/3587 3186/2031/2871 3187/2032/2872
f 3186/2031/2871 3864/2709/3587 3184/2029/2869
f 3864/2709/3587 3865/2710/3588 3184/2029/2869
f 3184/2029/2869 3865/2710/3588 3182/2027/2867
f 3865/2710/3588 3866/2711/3589 3182/2027/2867
f 3182/2027/2867 3866/2711/3589 3171/2016/2856
f 3866/2711/3589 3867/2712/3590 3171/2016/2856
f 3171/2016/2856 3867/2712/3590 3168/2013/2853
f 3867/2712/3590 3868/2713/3591 3168/2013/2853
f 3168/2013/2853 3868/2713/3591 3166/2011/2851
f 3868/2713/3591 3177/2022/2862 3166/2011/2851
f 3868/2713/3591 3869/2714/3592 3177/2022/2862
f 3867/2712/3590 3869/2714/3592 3868/2713/3591
f 3869/2714/3592 3867/2712/3590 3866/2711/3589
f 3869/2714/3592 3870/2715/3593 3177/2022/2862
f 3870/2715/3593 3871/2716/3594 3177/2022/2862
f 3177/2022/2862 3871/2716/3594 3165/2010/2850
f 3165/2010/2850 3871/2716/3594 3157/2002/2842
f 3872/2717/3595 3869/2714/3592 3866/2711/3589
f 3870/2715/3593 3869/2714/3592 3872/2717/3595
f 3873/2718/3596 3871/2716/3594 3870/2715/3593
f 3874/2719/3597 3873/2718/3596 3870/2715/3593
f 3156/2001/2841 3157/2002/2842 3871/2716/3594
f 3873/2718/3596 3156/2001/2841 3871/2716/3594
f 3875/2720/3598 3870/2715/3593 3872/2717/3595
f 3874/2719/3597 3870/2715/3593 3875/2720/3598
f 3876/2721/3599 3156/2001/2841 3873/2718/3596
f 3877/2722/3600 3876/2721/3599 3873/2718/3596
f 3877/2722/3600 3873/2718/3596 3874/2719/3597
f 3876/2721/3599 3878/2723/3601 3156/2001/2841
f 3878/2723/3601 3154/1999/2839 3156/2001/2841
f 3878/2723/3601 3879/2724/3602 3154/1999/2839
f 3879/2724/3602 3152/1997/2837 3154/1999/2839
f 3879/2724/3602 3880/2725/3603 3152/1997/2837
f 3880/2725/3603 3150/1995/2835 3152/1997/2837
f 3880/2725/3603 3881/2726/3604 3150/1995/2835
f 3881/2726/3604 3148/1993/2833 3150/1995/2835
f 3144/1991/2831 3148/1993/2833 3881/2726/3604
f 3882/2727/3605 3144/1991/2831 3881/2726/3604
f 3883/2728/3606 3144/1991/2831 3882/2727/3605
f 3883/2728/3606 3147/1992/2832 3144/1991/2831
f 3883/2728/3606 3884/2729/3607 3147/1992/2832
f 3875/2720/3598 3872/2717/3595 3885/2730/3608
f 3885/2730/3608 3872/2717/3595 3866/2711/3589
f 3865/2710/3588 3885/2730/3608 3866/2711/3589
f 3885/2730/3608 3865/2710/3588 3886/2731/3609
f 3865/2710/3588 3864/2709/3587 3886/2731/3609
f 3864/2709/3587 3863/2708/3586 3886/2731/3609
f 3887/2732/3610 3886/2731/3609 3863/2708/3586
f 3888/2733/3611 3887/2732/3610 3863/2708/3586
f 3889/2734/3612 3875/2720/3598 3885/2730/3608
f 3889/2734/3612 3885/2730/3608 3886/2731/3609
f 3890/2735/3613 3889/2734/3612 3886/2731/3609
f 3891/2736/3614 3889/2734/3612 3890/2735/3613
f 3889/2734/3612 3891/2736/3614 3892/2737/3615
f 3892/2737/3615 3875/2720/3598 3889/2734/3612
f 3892/2737/3615 3874/2719/3597 3875/2720/3598
f 3893/2738/3616 3874/2719/3597 3892/2737/3615
f 3892/2737/3615 3894/2739/3617 3893/2738/3616
f 3894/2739/3617 3892/2737/3615 3891/2736/3614
f 3891/2736/3614 3895/2740/3618 3894/2739/3617
f 3891/2736/3614 3896/2741/3619 3895/2740/3618
f 3890/2735/3613 3896/2741/3619 3891/2736/3614
f 3896/2741/3619 3897/2742/3620 3895/2740/3618
f 3893/2738/3616 3877/2722/3600 3874/2719/3597
f 3897/2742/3620 3896/2741/3619 3898/2743/3621
f 3899/2744/3622 3897/2742/3620 3898/2743/3621
f 3896/2741/3619 3890/2735/3613 3900/2745/3623
f 3898/2743/3621 3896/2741/3619 3900/2745/3623
f 3900/2745/3623 3890/2735/3613 3886/2731/3609
f 3887/2732/3610 3900/2745/3623 3886/2731/3609
f 3194/2039/2879 3197/2042/2882 3888/2733/3611
f 3888/2733/3611 3863/2708/3586 3194/2039/2879
f 3225/2070/2912 3239/2084/2926 3223/2068/2910
f 1496/415/3533 1495/414/3624 3823/2668/3532
f 1494/413/3531 3823/2668/3532 1495/414/3624
f 1409/138/3625 1410/140/3626 2735/1580/2387
f 1409/138/3625 2735/1580/2387 1408/136/3627
f 2735/1580/2387 2736/1581/2388 1408/136/3627
f 1407/134/2394 1408/136/3627 2736/1581/2388
f 1410/140/3626 3901/2746/3628 2735/1580/2387
f 3901/2746/3628 1410/140/3626 1411/142/3629
f 2735/1580/2387 3901/2746/3628 3902/2747/3630
f 2734/1579/2386 2735/1580/2387 3902/2747/3630
f 3902/2747/3630 3901/2746/3628 2727/1572/2379
f 3901/2746/3628 1412/150/3631 2727/1572/2379
f 1412/150/3631 3901/2746/3628 1411/142/3629
f 3902/2747/3630 2727/1572/2379 2725/1570/2377
f 2728/1573/2380 3902/2747/3630 2725/1570/2377
f 3902/2747/3630 2728/1573/2380 2731/1576/2383
f 2734/1579/2386 3902/2747/3630 2731/1576/2383
f 1412/150/3631 3903/2748/3632 2727/1572/2379
f 2727/1572/2379 3903/2748/3632 2723/1568/2375
f 2723/1568/2375 3903/2748/3632 2724/1569/2376
f 3903/2748/3632 3904/2749/3633 2724/1569/2376
f 2714/1559/2366 2724/1569/2376 3904/2749/3633
f 3904/2749/3633 2712/1557/2364 2714/1559/2366
f 3904/2749/3633 2710/1555/2362 2712/1557/2364
f 2710/1555/2362 3904/2749/3633 3903/2748/3632
f 1413/152/3634 2710/1555/2362 3903/2748/3632
f 1413/152/3634 3903/2748/3632 1412/150/3631
f 2710/1555/2362 1413/152/3634 1425/170/2359
f 1899/744/1481 1912/757/1494 1920/765/1502
f 1901/746/1483 1899/744/1481 1920/765/1502
f 2077/922/1664 2188/1033/1775 1914/759/1496
f 2188/1033/1775 1916/761/1498 1914/759/1496
f 2077/922/1664 2195/1040/1782 2188/1033/1775
f 2188/1033/1775 2189/1032/1774 1916/761/1498
f 1916/761/1498 2189/1032/1774 1915/760/1497
f 2189/1032/1774 3905/2750/3635 1915/760/1497
f 1915/760/1497 3905/2750/3635 1924/769/1506
f 2189/1032/1774 2192/1037/1779 3905/2750/3635
f 2192/1037/1779 2193/1038/1780 3905/2750/3635
f 3905/2750/3635 2193/1038/1780 1924/769/1506
f 2193/1038/1780 1932/777/1517 1924/769/1506
f 3908/2751/3636 3907/2752/3637 3906/2753/3638
f 3909/2754/3639 3908/2751/3636 3906/2753/3638
f 3907/2752/3637 3908/2751/3636 3910/2755/3640
f 3908/2751/3636 3911/2756/3641 3910/2755/3640
f 3911/2756/3641 3912/2757/3642 3910/2755/3640
f 3912/2757/3642 3913/2758/3643 3910/2755/3640
f 3912/2757/3642 2882/1727/2542 3913/2758/3643
f 3912/2757/3642 3911/2756/3641 2717/1562/2369
f 2722/1567/2374 3912/2757/3642 2717/1562/2369
f 2722/1567/2374 2884/1729/2544 3912/2757/3642
f 3912/2757/3642 2884/1729/2544 2882/1727/2542
f 2719/1564/2371 2717/1562/2369 3911/2756/3641
f 3908/2751/3636 2719/1564/2371 3911/2756/3641
f 2719/1564/2371 3908/2751/3636 3909/2754/3639
f 2720/1565/2372 2719/1564/2371 3909/2754/3639
f 3914/2759/3644 2720/1565/2372 3909/2754/3639
f 3906/2753/3638 3914/2759/3644 3909/2754/3639
f 3914/2759/3644 2726/1571/2378 2720/1565/2372
f 2729/1574/2381 2726/1571/2378 3914/2759/3644
f 3915/2760/3645 2729/1574/2381 3914/2759/3644
f 3915/2760/3645 3914/2759/3644 3916/2761/3646
f 3917/2762/3647 3915/2760/3645 3916/2761/3646
f 3917/2762/3647 3916/2761/3646 3918/2763/3648
f 3916/2761/3646 1514/434/3649 3918/2763/3648
f 3917/2762/3647 3918/2763/3648 3919/2764/3650
f 3917/2762/3647 3919/2764/3650 3920/2765/3651
f 3915/2760/3645 3920/2765/3651 2729/1574/2381
f 3920/2765/3651 3915/2760/3645 3917/2762/3647
f 3920/2765/3651 2730/1575/2382 2729/1574/2381
f 3921/2766/3652 2730/1575/2382 3920/2765/3651
f 3922/2767/3653 3920/2765/3651 3919/2764/3650
f 3922/2767/3653 3921/2766/3652 3920/2765/3651
f 3922/2767/3653 3919/2764/3650 3923/2768/3654
f 3922/2767/3653 3923/2768/3654 2767/1612/2424
f 2766/1611/2423 3921/2766/3652 3922/2767/3653
f 2767/1612/2424 2766/1611/2423 3922/2767/3653
f 3921/2766/3652 2766/1611/2423 2739/1584/2391
f 2732/1577/2384 3921/2766/3652 2739/1584/2391
f 2730/1575/2382 3921/2766/3652 2732/1577/2384
f 3916/2761/3646 1513/435/3655 1514/434/3649
f 3916/2761/3646 3906/2753/3638 1513/435/3655
f 3906/2753/3638 3907/2752/3637 1513/435/3655
f 3907/2752/3637 1515/441/3656 1513/435/3655
f 3907/2752/3637 3910/2755/3640 1515/441/3656
f 3910/2755/3640 1516/442/3657 1515/441/3656
f 3910/2755/3640 3913/2758/3643 1516/442/3657
f 3913/2758/3643 1517/447/3658 1516/442/3657
f 1518/452/3659 1517/447/3658 3913/2758/3643
f 2882/1727/2542 1518/452/3659 3913/2758/3643
f 1518/452/3659 2882/1727/2542 2880/1725/2540
f 1518/452/3659 2880/1725/2540 1519/453/3660
f 1519/453/3660 2880/1725/2540 2879/1724/2539
f 1520/454/3661 1519/453/3660 2879/1724/2539
f 3916/2761/3646 3914/2759/3644 3906/2753/3638
f 2320/1165/1907 2351/1196/1938 2318/1163/1905
f 2331/1176/1918 2351/1196/1938 2320/1165/1907
f 1836/681/1418 1853/698/1435 1838/683/1420
f 1845/690/1427 1853/698/1435 1836/681/1418
f 3926/2769/3662 3925/2770/3663 3924/2771/3664
f 3927/2772/3665 3926/2769/3662 3924/2771/3664
f 3924/2771/3664 3925/2770/3663 3928/2773/3666
f 3925/2770/3663 3929/2774/3667 3928/2773/3666
f 3928/2773/3666 3929/2774/3667 3930/2775/3668
f 3929/2774/3667 3931/2776/3669 3930/2775/3668
f 3927/2772/3665 3924/2771/3664 3932/2777/3670
f 3933/2778/3671 3927/2772/3665 3932/2777/3670
f 3933/2778/3671 3932/2777/3670 3934/2779/3672
f 3935/2780/3673 3933/2778/3671 3934/2779/3672
f 3936/2781/3674 3932/2777/3670 3924/2771/3664
f 3928/2773/3666 3936/2781/3674 3924/2771/3664
f 3936/2781/3674 3928/2773/3666 3930/2775/3668
f 3934/2779/3672 3932/2777/3670 3936/2781/3674
f 3937/2782/3675 3936/2781/3674 3930/2775/3668
f 3938/2783/3676 3934/2779/3672 3936/2781/3674
f 3938/2783/3676 3936/2781/3674 3937/2782/3675
f 3939/2784/3677 3938/2783/3676 3937/2782/3675
f 3940/2785/3678 3933/2778/3671 3935/2780/3673
f 3941/2786/3679 3940/2785/3678 3935/2780/3673
f 3940/2785/3678 3941/2786/3679 3721/2566/3427
f 3728/2573/3434 3721/2566/3427 3941/2786/3679
f 3940/2785/3678 3721/2566/3427 3720/2565/3426
f 3942/2787/3680 3940/2785/3678 3720/2565/3426
f 3943/2788/3681 3940/2785/3678 3942/2787/3680
f 3940/2785/3678 3943/2788/3681 3933/2778/3671
f 3943/2788/3681 3927/2772/3665 3933/2778/3671
f 3943/2788/3681 3926/2769/3662 3927/2772/3665
f 3720/2565/3426 3719/2564/3425 3942/2787/3680
f 3719/2564/3425 3944/2789/3682 3942/2787/3680
f 3943/2788/3681 3942/2787/3680 3944/2789/3682
f 3943/2788/3681 3944/2789/3682 3926/2769/3662
f 3734/2579/3440 3702/2547/3408 3711/2556/3417
f 3713/2558/3419 3734/2579/3440 3711/2556/3417
f 3734/2579/3440 3945/2790/3683 3702/2547/3408
f 3735/2580/3441 3945/2790/3683 3734/2579/3440
f 3945/2790/3683 3695/2540/3401 3702/2547/3408
f 3713/2558/3419 3729/2574/3435 3734/2579/3440
f 3945/2790/3683 3692/2537/3398 3695/2540/3401
f 3693/2538/3399 3692/2537/3398 3945/2790/3683
f 3735/2580/3441 3693/2538/3399 3945/2790/3683
f 3693/2538/3399 3735/2580/3441 3694/2539/3400
f 3735/2580/3441 3736/2581/3442 3694/2539/3400
f 3694/2539/3400 3736/2581/3442 3738/2583/3444
f 3946/2791/3684 3694/2539/3400 3738/2583/3444
f 3694/2539/3400 3946/2791/3684 3687/2532/3393
f 3946/2791/3684 3686/2531/3392 3687/2532/3393
f 3738/2583/3444 3740/2585/3446 3946/2791/3684
f 3740/2585/3446 3947/2792/3685 3946/2791/3684
f 3946/2791/3684 3947/2792/3685 3686/2531/3392
f 3947/2792/3685 3689/2534/3395 3686/2531/3392
f 2482/1327/2083 3948/2793/3686 2477/1322/2078
f 3949/2794/3687 3948/2793/3686 2482/1327/2083
f 3950/2795/3688 3949/2794/3687 2482/1327/2083
f 3950/2795/3688 2482/1327/2083 2494/1339/2095
f 3951/2796/3689 3949/2794/3687 3950/2795/3688
f 2477/1322/2078 3948/2793/3686 3952/2797/3690
f 2490/1335/2091 2477/1322/2078 3952/2797/3690
f 2490/1335/2091 3952/2797/3690 3953/2798/3691
f 2491/1336/2092 2490/1335/2091 3953/2798/3691
f 3948/2793/3686 3949/2794/3687 3954/2799/3692
f 3952/2797/3690 3948/2793/3686 3954/2799/3692
f 3953/2798/3691 3952/2797/3690 3954/2799/3692
f 2491/1336/2092 3953/2798/3691 3955/2800/3693
f 2489/1334/2090 2491/1336/2092 3955/2800/3693
f 2492/1337/2093 2489/1334/2090 3955/2800/3693
f 2492/1337/2093 3955/2800/3693 2499/1344/2100
f 3954/2799/3692 3949/2794/3687 3956/2801/3694
f 3949/2794/3687 3951/2796/3689 3957/2802/3695
f 3956/2801/3694 3949/2794/3687 3957/2802/3695
f 3958/2803/3696 2993/1838/2653 2989/1834/2649
f 2989/1834/2649 3959/2804/3697 3958/2803/3696
f 3959/2804/3697 3960/2805/3698 3958/2803/3696
f 3959/2804/3697 3961/2806/3699 3960/2805/3698
f 2989/1834/2649 3001/1846/2661 3959/2804/3697
f 3962/2807/3700 3961/2806/3699 3959/2804/3697
f 3963/2808/3701 3961/2806/3699 3962/2807/3700
f 3964/2809/3702 3963/2808/3701 3962/2807/3700
f 3959/2804/3697 3001/1846/2661 3965/2810/3703
f 3965/2810/3703 3962/2807/3700 3959/2804/3697
f 3962/2807/3700 3965/2810/3703 3966/2811/3704
f 3966/2811/3704 3964/2809/3702 3962/2807/3700
f 3965/2810/3703 3967/2812/3705 3966/2811/3704
f 3965/2810/3703 3001/1846/2661 3967/2812/3705
f 3967/2812/3705 3968/2813/3706 3966/2811/3704
f 2978/1823/2638 3968/2813/3706 3967/2812/3705
f 2979/1824/2639 2978/1823/2638 3967/2812/3705
f 2979/1824/2639 3967/2812/3705 2987/1832/2647
f 3001/1846/2661 2987/1832/2647 3967/2812/3705
f 3968/2813/3706 2978/1823/2638 2980/1825/2640
f 3969/2814/3707 3968/2813/3706 2980/1825/2640
f 3966/2811/3704 3968/2813/3706 3969/2814/3707
f 3969/2814/3707 3970/2815/3708 3966/2811/3704
f 3971/2816/3709 3964/2809/3702 3966/2811/3704
f 3970/2815/3708 3971/2816/3709 3966/2811/3704
f 3963/2808/3701 3964/2809/3702 3971/2816/3709
f 3969/2814/3707 2980/1825/2640 3972/2817/3710
f 3972/2817/3710 2980/1825/2640 3973/2818/3711
f 2980/1825/2640 2977/1822/2637 3973/2818/3711
f 3973/2818/3711 2977/1822/2637 3974/2819/3712
f 2977/1822/2637 2973/1818/2633 3974/2819/3712
f 3975/2820/3713 3974/2819/3712 2973/1818/2633
f 2974/1819/2634 3975/2820/3713 2973/1818/2633
f 3976/2821/3714 3975/2820/3713 2974/1819/2634
f 3977/2822/3715 3976/2821/3714 2974/1819/2634
f 3977/2822/3715 2974/1819/2634 2972/1817/2632
f 2964/1809/2624 3977/2822/3715 2972/1817/2632
f 2962/1807/2622 3977/2822/3715 2964/1809/2624
f 3977/2822/3715 2962/1807/2622 3976/2821/3714
f 2962/1807/2622 3978/2823/3716 3976/2821/3714
f 3979/2824/3717 3969/2814/3707 3972/2817/3710
f 3970/2815/3708 3969/2814/3707 3979/2824/3717
f 2962/1807/2622 2958/1801/2616 3978/2823/3716
f 2958/1801/2616 3980/2825/3718 3978/2823/3716
f 3980/2825/3718 2958/1801/2616 3981/2826/3719
f 2958/1801/2616 2959/1804/2619 3981/2826/3719
f 3980/2825/3718 3982/2827/3720 3978/2823/3716
f 3976/2821/3714 3978/2823/3716 3982/2827/3720
f 3983/2828/3721 3976/2821/3714 3982/2827/3720
f 3979/2824/3717 3984/2829/3722 3970/2815/3708
f 3984/2829/3722 3985/2830/3723 3970/2815/3708
f 3970/2815/3708 3985/2830/3723 3971/2816/3709
f 3985/2830/3723 3986/2831/3724 3971/2816/3709
f 3963/2808/3701 3971/2816/3709 3986/2831/3724
f 3987/2832/3725 3963/2808/3701 3986/2831/3724
f 3988/2833/3726 3984/2829/3722 3979/2824/3717
f 3972/2817/3710 3988/2833/3726 3979/2824/3717
f 3988/2833/3726 3972/2817/3710 3989/2834/3727
f 3972/2817/3710 3973/2818/3711 3989/2834/3727
f 3989/2834/3727 3973/2818/3711 3990/2835/3728
f 3973/2818/3711 3974/2819/3712 3990/2835/3728
f 3990/2835/3728 3974/2819/3712 3991/2836/3729
f 3974/2819/3712 3975/2820/3713 3991/2836/3729
f 3983/2828/3721 3991/2836/3729 3975/2820/3713
f 3976/2821/3714 3983/2828/3721 3975/2820/3713
f 3992/2837/3730 3025/1870/2685 3030/1875/2690
f 3038/1883/2698 3992/2837/3730 3030/1875/2690
f 3992/2837/3730 3993/2838/3731 3025/1870/2685
f 3993/2838/3731 3024/1869/2684 3025/1870/2685
f 3993/2838/3731 3992/2837/3730 3994/2839/3732
f 3992/2837/3730 3995/2840/3733 3994/2839/3732
f 3995/2840/3733 3992/2837/3730 3038/1883/2698
f 3996/2841/3734 3994/2839/3732 3995/2840/3733
f 3994/2839/3732 3996/2841/3734 3997/2842/3735
f 3998/2843/3736 3994/2839/3732 3997/2842/3735
f 3998/2843/3736 3997/2842/3735 3999/2844/3737
f 4000/2845/3738 3998/2843/3736 3999/2844/3737
f 4001/2846/3739 3996/2841/3734 3995/2840/3733
f 3043/1888/2703 3995/2840/3733 3038/1883/2698
f 3995/2840/3733 3043/1888/2703 3044/1889/2704
f 4001/2846/3739 3995/2840/3733 3044/1889/2704
f 4002/2847/3740 3993/2838/3731 3994/2839/3732
f 3994/2839/3732 3998/2843/3736 4002/2847/3740
f 3998/2843/3736 4000/2845/3738 4002/2847/3740
f 3999/2844/3737 4003/2848/3741 4000/2845/3738
f 4003/2848/3741 4004/2849/3742 4000/2845/3738
f 4005/2850/3743 4000/2845/3738 4004/2849/3742
f 4000/2845/3738 4005/2850/3743 4002/2847/3740
f 4006/2851/3744 4005/2850/3743 4004/2849/3742
f 4003/2848/3741 4007/2852/3745 4004/2849/3742
f 4007/2852/3745 4008/2853/3746 4004/2849/3742
f 4006/2851/3744 4004/2849/3742 4008/2853/3746
f 4009/2854/3747 4008/2853/3746 4007/2852/3745
f 4008/2853/3746 4009/2854/3747 4010/2855/3748
f 4010/2855/3748 4009/2854/3747 2960/1805/2620
f 2961/1806/2621 4010/2855/3748 2960/1805/2620
f 4008/2853/3746 4011/2856/3749 4006/2851/3744
f 4008/2853/3746 4010/2855/3748 4012/2857/3750
f 4011/2856/3749 4008/2853/3746 4012/2857/3750
f 4012/2857/3750 4010/2855/3748 2961/1806/2621
f 4012/2857/3750 2965/1810/2625 4011/2856/3749
f 3010/1855/2670 4011/2856/3749 2965/1810/2625
f 4002/2847/3740 4005/2850/3743 4013/2858/3751
f 4002/2847/3740 4013/2858/3751 3993/2838/3731
f 4005/2850/3743 4014/2859/3752 4013/2858/3751
f 4014/2859/3752 4005/2850/3743 4006/2851/3744
f 4006/2851/3744 4015/2860/3753 4014/2859/3752
f 4011/2856/3749 4015/2860/3753 4006/2851/3744
f 4011/2856/3749 3010/1855/2670 4015/2860/3753
f 3009/1854/2669 4015/2860/3753 3010/1855/2670
f 2961/1806/2621 2963/1808/2623 4012/2857/3750
f 2965/1810/2625 4012/2857/3750 2963/1808/2623
f 3993/2838/3731 4013/2858/3751 3024/1869/2684
f 4013/2858/3751 4016/2861/3754 3024/1869/2684
f 4016/2861/3754 4013/2858/3751 4014/2859/3752
f 3024/1869/2684 4016/2861/3754 3023/1868/2683
f 4016/2861/3754 4017/2862/3755 3023/1868/2683
f 3018/1863/2678 3023/1868/2683 4017/2862/3755
f 3016/1861/2676 3018/1863/2678 4017/2862/3755
f 3016/1861/2676 4017/2862/3755 4018/2863/3756
f 4018/2863/3756 4017/2862/3755 4016/2861/3754
f 3014/1859/2674 3016/1861/2676 4018/2863/3756
f 4016/2861/3754 4019/2864/3757 4018/2863/3756
f 4015/2860/3753 3009/1854/2669 4019/2864/3757
f 4019/2864/3757 4014/2859/3752 4015/2860/3753
f 4014/2859/3752 4019/2864/3757 4016/2861/3754
f 4019/2864/3757 3009/1854/2669 3007/1852/2667
f 3007/1852/2667 4018/2863/3756 4019/2864/3757
f 4018/2863/3756 3007/1852/2667 3008/1853/2668
f 3008/1853/2668 3014/1859/2674 4018/2863/3756
f 3330/2175/3017 3536/2381/3242 3539/2384/3245
f 3536/2381/3242 3330/2175/3017 3537/2382/3243
f 3330/2175/3017 3328/2173/3015 3537/2382/3243
f 3537/2382/3243 3328/2173/3015 3538/2383/3244
f 3328/2173/3015 3327/2172/3014 3538/2383/3244
f 3538/2383/3244 3327/2172/3014 4020/2865/3758
f 3327/2172/3014 3325/2170/3012 4020/2865/3758
f 3325/2170/3012 3324/2169/3011 4020/2865/3758
f 4021/2866/3759 3538/2383/3244 4020/2865/3758
f 3538/2383/3244 4021/2866/3759 3525/2372/3233
f 4021/2866/3759 3528/2373/3234 3525/2372/3233
f 2815/1660/2473 2812/1657/2470 2825/1670/2485
f 4022/2867/3760 2815/1660/2473 2825/1670/2485
f 4023/2868/3761 4022/2867/3760 2825/1670/2485
f 4023/2868/3761 2825/1670/2485 2826/1671/2486
f 2841/1686/2501 4023/2868/3761 2826/1671/2486
f 4023/2868/3761 2841/1686/2501 4024/2869/3762
f 2841/1686/2501 2836/1681/2496 4024/2869/3762
f 2836/1681/2496 2837/1682/2497 4024/2869/3762
f 4024/2869/3762 2837/1682/2497 2839/1684/2499
f 2839/1684/2499 4025/2870/3763 4024/2869/3762
f 4026/2871/3764 4025/2870/3763 2839/1684/2499
f 4026/2871/3764 2839/1684/2499 2685/1530/2326
f 4025/2870/3763 4027/2872/3765 4024/2869/3762
f 4027/2872/3765 4025/2870/3763 1491/347/3766
f 1491/347/3766 1490/345/3767 4027/2872/3765
f 2820/1665/2478 2815/1660/2473 4022/2867/3760
f 4028/2873/3768 2820/1665/2478 4022/2867/3760
f 1486/337/3769 2820/1665/2478 4028/2873/3768
f 2820/1665/2478 1486/337/3769 1485/335/2481
f 1487/339/3770 1486/337/3769 4028/2873/3768
f 4029/2874/3771 4027/2872/3765 1490/345/3767
f 4028/2873/3768 4029/2874/3771 1488/341/3772
f 4028/2873/3768 1488/341/3772 1487/339/3770
f 1489/343/3773 1488/341/3772 4029/2874/3771
f 1489/343/3773 4029/2874/3771 1490/345/3767
f 4029/2874/3771 4028/2873/3768 4030/2875/3774
f 4027/2872/3765 4029/2874/3771 4030/2875/3774
f 4028/2873/3768 4022/2867/3760 4030/2875/3774
f 4030/2875/3774 4024/2869/3762 4027/2872/3765
f 4030/2875/3774 4023/2868/3761 4024/2869/3762
f 4022/2867/3760 4023/2868/3761 4030/2875/3774
f 1491/347/3766 4025/2870/3763 4031/2876/3775
f 4026/2871/3764 4031/2876/3775 4025/2870/3763
f 2693/1538/2334 4031/2876/3775 4026/2871/3764
f 2687/1532/2328 2693/1538/2334 4026/2871/3764
f 4031/2876/3775 2693/1538/2334 1492/359/3776
f 1492/359/3776 1491/347/3766 4031/2876/3775
f 1492/359/3776 2693/1538/2334 1440/199/3777
f 1440/199/3777 2693/1538/2334 2692/1537/2333
f 1440/199/3777 2692/1537/2333 4032/2877/3778
f 4026/2871/3764 2685/1530/2326 2687/1532/2328
f 1440/199/3777 4032/2877/3778 1439/197/3779
f 4032/2877/3778 1438/195/3780 1439/197/3779
f 4032/2877/3778 4033/2878/3781 1438/195/3780
f 4032/2877/3778 2691/1536/2332 4033/2878/3781
f 2691/1536/2332 4032/2877/3778 2692/1537/2333
f 1438/195/3780 4033/2878/3781 1437/193/3782
f 1437/193/3782 4033/2878/3781 1436/191/2336
f 4033/2878/3781 2694/1539/2335 1436/191/2336
f 4033/2878/3781 2691/1536/2332 2694/1539/2335
f 2602/1447/2229 2616/1461/2245 4034/2879/3783
f 2600/1445/2227 2602/1447/2229 4034/2879/3783
f 4034/2879/3783 4035/2880/3784 2600/1445/2227
f 4035/2880/3784 2598/1443/2225 2600/1445/2227
f 4035/2880/3784 4036/2881/3785 2598/1443/2225
f 4036/2881/3785 2597/1442/2224 2598/1443/2225
f 4036/2881/3785 4037/2882/3786 2597/1442/2224
f 4037/2882/3786 2575/1420/2197 2597/1442/2224
f 4037/2882/3786 2565/1412/2188 2575/1420/2197
f 2616/1461/2245 1534/481/3787 4034/2879/3783
f 1534/481/3787 1533/480/3788 4034/2879/3783
f 4034/2879/3783 1533/480/3788 1532/479/3789
f 4035/2880/3784 4034/2879/3783 1532/479/3789
f 1531/478/3790 4036/2881/3785 4035/2880/3784
f 1532/479/3789 1531/478/3790 4035/2880/3784
f 1530/477/3791 4037/2882/3786 4036/2881/3785
f 1531/478/3790 1530/477/3791 4036/2881/3785
f 2565/1412/2188 4037/2882/3786 1530/477/3791
f 1565/556/3792 2565/1412/2188 1530/477/3791
f 2568/1413/2189 2565/1412/2188 1565/556/3792
f 1566/557/3793 2568/1413/2189 1565/556/3792
f 1567/559/2191 2568/1413/2189 1566/557/3793
f 1568/560/3794 2574/1419/2196 1567/559/2191
f 1569/562/3795 2574/1419/2196 1568/560/3794
f 1569/562/3795 2591/1436/2216 2574/1419/2196
f 2591/1436/2216 2573/1418/2195 2574/1419/2196
f 1569/562/3795 1570/564/3796 2591/1436/2216
f 1570/564/3796 2592/1437/2217 2591/1436/2216
f 2616/1461/2245 1539/492/2243 1534/481/3787
f 3316/2159/3001 3320/2165/3007 3376/2221/3063
f 4038/2883/3797 3656/2501/3362 3654/2499/3360
f 4039/2884/3798 4038/2883/3797 3654/2499/3360
f 3654/2499/3360 3652/2497/3358 4039/2884/3798
f 3644/2489/3350 4039/2884/3798 3652/2497/3358
f 3656/2501/3362 4038/2883/3797 4040/2885/3799
f 4040/2885/3799 4038/2883/3797 4039/2884/3798
f 4041/2886/3800 3656/2501/3362 4040/2885/3799
f 4040/2885/3799 4042/2887/3801 4041/2886/3800
f 4042/2887/3801 4043/2888/3802 4041/2886/3800
f 3656/2501/3362 4041/2886/3800 4044/2889/3803
f 4044/2889/3803 4041/2886/3800 4043/2888/3802
f 3657/2502/3363 3656/2501/3362 4044/2889/3803
f 3663/2508/3369 3657/2502/3363 4044/2889/3803
f 4044/2889/3803 3664/2509/3370 3663/2508/3369
f 3664/2509/3370 4044/2889/3803 4045/2890/3804
f 4045/2890/3804 4044/2889/3803 4043/2888/3802
f 4045/2890/3804 4046/2891/3805 3664/2509/3370
f 3664/2509/3370 4046/2891/3805 3549/2394/3255
f 3549/2394/3255 4046/2891/3805 3557/2402/3263
f 3548/2393/3254 3664/2509/3370 3549/2394/3255
f 3557/2402/3263 4046/2891/3805 4047/2892/3806
f 4045/2890/3804 4047/2892/3806 4046/2891/3805
f 3558/2403/3264 3557/2402/3263 4047/2892/3806
f 4047/2892/3806 4048/2893/3807 3558/2403/3264
f 4045/2890/3804 4043/2888/3802 4048/2893/3807
f 4047/2892/3806 4045/2890/3804 4048/2893/3807
f 4048/2893/3807 3561/2406/3267 3558/2403/3264
f 4048/2893/3807 4049/2894/3808 3561/2406/3267
f 4049/2894/3808 4048/2893/3807 4043/2888/3802
f 4042/2887/3801 4049/2894/3808 4043/2888/3802
f 4049/2894/3808 3563/2408/3269 3561/2406/3267
f 4049/2894/3808 4050/2895/3809 3563/2408/3269
f 4050/2895/3809 3564/2409/3270 3563/2408/3269
f 3564/2409/3270 4050/2895/3809 3571/2416/3277
f 4050/2895/3809 4051/2896/3810 3571/2416/3277
f 3571/2416/3277 4051/2896/3810 3579/2424/3285
f 4051/2896/3810 3582/2427/3288 3579/2424/3285
f 4051/2896/3810 4052/2897/3811 3582/2427/3288
f 4052/2897/3811 3584/2429/3290 3582/2427/3288
f 4050/2895/3809 4049/2894/3808 4042/2887/3801
f 4053/2898/3812 4050/2895/3809 4042/2887/3801
f 4051/2896/3810 4050/2895/3809 4053/2898/3812
f 4052/2897/3811 4051/2896/3810 4053/2898/3812
f 4042/2887/3801 4040/2885/3799 4053/2898/3812
f 4040/2885/3799 4054/2899/3813 4053/2898/3812
f 4054/2899/3813 4040/2885/3799 4039/2884/3798
f 4039/2884/3798 3644/2489/3350 4054/2899/3813
f 3644/2489/3350 3643/2488/3349 4054/2899/3813
f 4053/2898/3812 4054/2899/3813 3643/2488/3349
f 4052/2897/3811 4053/2898/3812 3643/2488/3349
f 4052/2897/3811 3643/2488/3349 3584/2429/3290
f 3643/2488/3349 3633/2478/3339 3584/2429/3290
f 3584/2429/3290 3633/2478/3339 3583/2428/3289
f 3633/2478/3339 3634/2479/3340 3583/2428/3289
f 3583/2428/3289 3634/2479/3340 3636/2481/3342
f 3583/2428/3289 3636/2481/3342 3594/2439/3300
f 3603/2448/3309 3599/2444/3305 4055/2900/3814
f 3606/2451/3312 3603/2448/3309 4055/2900/3814
f 3598/2443/3304 4055/2900/3814 3599/2444/3305
f 2484/1329/2085 4056/2901/3815 2483/1328/2084
f 4056/2901/3815 4057/2902/3816 2483/1328/2084
f 4058/2903/3817 4056/2901/3815 2484/1329/2085
f 4057/2902/3816 2459/1304/2060 2483/1328/2084
f 2459/1304/2060 4057/2902/3816 2455/1300/2056
f 2459/1304/2060 2469/1314/2070 2483/1328/2084
f 2485/1330/2086 4058/2903/3817 2484/1329/2085
f 2485/1330/2086 4059/2904/3818 4058/2903/3817
f 2455/1300/2056 4057/2902/3816 2449/1294/2050
f 4057/2902/3816 4056/2901/3815 2446/1291/2047
f 2449/1294/2050 4057/2902/3816 2446/1291/2047
f 4056/2901/3815 4058/2903/3817 2444/1289/2045
f 2446/1291/2047 4056/2901/3815 2444/1289/2045
f 4058/2903/3817 4059/2904/3818 2445/1290/2046
f 2444/1289/2045 4058/2903/3817 2445/1290/2046
f 4060/2905/3819 4059/2904/3818 2485/1330/2086
f 2445/1290/2046 4059/2904/3818 4060/2905/3819
f 4061/2906/3820 4060/2905/3819 2485/1330/2086
f 2486/1331/2087 4061/2906/3820 2485/1330/2086
f 2486/1331/2087 2488/1333/2089 4061/2906/3820
f 2488/1333/2089 4062/2907/3821 4061/2906/3820
f 4062/2907/3821 4060/2905/3819 4061/2906/3820
f 4062/2907/3821 2488/1333/2089 2493/1338/2094
f 2514/1359/2115 4062/2907/3821 2493/1338/2094
f 4063/2908/3822 4060/2905/3819 4062/2907/3821
f 4062/2907/3821 2514/1359/2115 4063/2908/3822
f 2515/1360/2116 4063/2908/3822 2514/1359/2115
f 2519/1364/2121 4063/2908/3822 2515/1360/2116
f 4063/2908/3822 2519/1364/2121 2520/1365/2122
f 4063/2908/3822 2520/1365/2122 4064/2909/3823
f 4064/2909/3823 2445/1290/2046 4060/2905/3819
f 4064/2909/3823 4060/2905/3819 4063/2908/3822
f 4064/2909/3823 2520/1365/2122 2443/1288/2044
f 2445/1290/2046 4064/2909/3823 2443/1288/2044
f 2713/1558/2365 2886/1731/2546 2885/1730/2545
f 2715/1560/2367 2713/1558/2365 2885/1730/2545
f 2886/1731/2546 2713/1558/2365 2711/1556/2363
f 4065/2910/3824 2886/1731/2546 2711/1556/2363
f 2864/1709/2524 2886/1731/2546 4065/2910/3824
f 2862/1707/2522 2864/1709/2524 4065/2910/3824
f 2862/1707/2522 4065/2910/3824 2860/1705/2520
f 4065/2910/3824 2711/1556/2363 2708/1553/2360
f 2860/1705/2520 4065/2910/3824 2708/1553/2360
f 2708/1553/2360 2706/1551/2357 2860/1705/2520
f 2706/1551/2357 2859/1704/2519 2860/1705/2520
f 2706/1551/2357 2705/1550/2355 2859/1704/2519
f 2705/1550/2355 2704/1549/2353 2859/1704/2519
f 2859/1704/2519 2704/1549/2353 2856/1701/2516
f 2704/1549/2353 2703/1548/2352 2856/1701/2516
f 2715/1560/2367 2885/1730/2545 2722/1567/2374
f 2772/1617/2430 2774/1619/2432 1397/113/3825
f 1396/112/3826 2772/1617/2430 1397/113/3825
f 2772/1617/2430 1396/112/3826 2770/1615/2428
f 1396/112/3826 1398/114/3827 2770/1615/2428
f 2768/1613/2425 2770/1615/2428 1398/114/3827
f 1400/119/3828 2768/1613/2425 1398/114/3827
f 2768/1613/2425 1400/119/3828 1401/121/2426
f 1453/255/3829 3393/2238/3088 1452/253/3089
f 3392/2237/3087 3393/2238/3088 1453/255/3829
f 1464/283/3830 3392/2237/3087 1453/255/3829
f 3392/2237/3087 1464/283/3830 1465/284/3086
f 1456/265/3831 1459/270/3832 3401/2246/3105
f 3400/2247/3106 3401/2246/3105 1459/270/3832
f 3410/2255/3115 1456/265/3831 3401/2246/3105
f 1456/265/3831 3410/2255/3115 1457/266/3833
f 3410/2255/3115 3426/2271/3131 1457/266/3833
f 3426/2271/3131 1458/268/3136 1457/266/3833
f 3400/2247/3106 1459/270/3832 1460/272/3111
f 1460/272/3111 1461/274/3834 3407/2252/3112
f 1461/274/3834 1462/277/3835 3407/2252/3112
f 1462/277/3835 3408/2253/3113 3407/2252/3112
f 1462/277/3835 1463/278/3836 3408/2253/3113
f 1468/289/3837 1458/268/3136 3430/2275/3135
f 4066/2911/3838 1468/289/3837 3430/2275/3135
f 3431/2276/3137 4066/2911/3838 3430/2275/3135
f 1468/289/3837 4066/2911/3838 1467/288/3839
f 1469/290/3840 1467/288/3839 4066/2911/3838
f 4066/2911/3838 3431/2276/3137 4067/2912/3841
f 3431/2276/3137 3433/2278/3139 4067/2912/3841
f 4066/2911/3838 4067/2912/3841 1470/292/3842
f 1469/290/3840 4066/2911/3838 1470/292/3842
f 1471/294/3843 1470/292/3842 4067/2912/3841
f 3435/2280/3141 1471/294/3843 4067/2912/3841
f 3433/2278/3139 3435/2280/3141 4067/2912/3841
f 1471/294/3843 3435/2280/3141 1472/296/3844
f 3435/2280/3141 4068/2913/3845 1472/296/3844
f 4068/2913/3845 3435/2280/3141 3436/2281/3142
f 3436/2281/3142 3438/2283/3144 4068/2913/3845
f 4069/2914/3846 4068/2913/3845 3438/2283/3144
f 4069/2914/3846 3438/2283/3144 3440/2285/3146
f 4070/2915/3847 4069/2914/3846 3440/2285/3146
f 3440/2285/3146 3441/2286/3147 4070/2915/3847
f 3441/2286/3147 3444/2289/3150 4070/2915/3847
f 4068/2913/3845 4069/2914/3846 1473/298/3848
f 1472/296/3844 4068/2913/3845 1473/298/3848
f 1474/300/3849 1473/298/3848 4069/2914/3846
f 4070/2915/3847 1474/300/3849 4069/2914/3846
f 4070/2915/3847 3444/2289/3150 1475/303/3850
f 1474/300/3849 4070/2915/3847 1475/303/3850
f 1475/303/3850 3444/2289/3150 3445/2290/3151
f 1480/314/3851 1475/303/3850 3445/2290/3151
f 1480/314/3851 3445/2290/3151 3447/2292/3153
f 1481/315/3852 1480/314/3851 3447/2292/3153
f 4071/2916/3853 3751/2596/3457 3748/2593/3454
f 4072/2917/3854 4071/2916/3853 3748/2593/3454
f 4072/2917/3854 4073/2918/3855 4071/2916/3853
f 3758/2603/3464 4073/2918/3855 4072/2917/3854
f 3748/2593/3454 3750/2595/3456 4072/2917/3854
f 3758/2603/3464 4072/2917/3854 3750/2595/3456
f 1428/175/3856 1429/177/2347 2699/1544/2348
f 2702/1547/2351 1428/175/3856 2699/1544/2348
f 2702/1547/2351 1427/173/2354 1428/175/3856
f 1505/426/2907 3219/2064/2904 1506/427/3574
f 3163/2008/2848 3162/2007/2847 3180/2025/2865
f 4074/2919/3857 1545/506/3858 1544/505/3859
f 1547/508/3860 4074/2919/3857 1544/505/3859
f 4074/2919/3857 1547/508/3860 4075/2920/3861
f 1547/508/3860 1551/516/3862 4075/2920/3861
f 1553/527/3863 4075/2920/3861 1551/516/3862
f 1552/518/3864 1553/527/3863 1551/516/3862
f 1384/52/3865 1383/50/2220 2589/1434/2214
f 1385/54/3866 1384/52/3865 2589/1434/2214
f 2588/1433/2213 1385/54/3866 2589/1434/2214
f 1385/54/3866 2588/1433/2213 1386/56/2212
f 1888/733/1470 1891/736/1473 4076/2921/3867
f 4077/2922/3868 4076/2921/3867 1891/736/1473
f 1895/740/1477 4077/2922/3868 1891/736/1473
f 4077/2922/3868 1895/740/1477 4078/2923/3869
f 1895/740/1477 1909/754/1491 4078/2923/3869
f 1909/754/1491 1910/755/1492 4078/2923/3869
f 4081/643/3870 4080/642/3871 4079/644/3872
f 4079/644/3872 4082/645/3873 4081/643/3870
f 4082/645/3873 4079/644/3872 4083/646/3874
f 4079/644/3872 4084/647/3875 4083/646/3874
f 4082/645/3873 4085/648/3876 4081/643/3870
f 4081/643/3870 4085/648/3876 4080/642/3871
f 4080/642/3871 4085/648/3876 4086/649/3877
f 4087/650/3878 4080/642/3871 4086/649/3877
f 4088/651/3879 4087/650/3878 4086/649/3877
f 4089/652/3880 4086/649/3877 4085/648/3876
f 4086/649/3877 4089/652/3880 4090/653/3881
f 4089/652/3880 4091/654/3882 4090/653/3881
f 4092/655/3883 4091/654/3882 4089/652/3880
f 4092/655/3883 4093/656/3884 4091/654/3882
f 4093/656/3884 4094/657/3885 4091/654/3882
f 4091/654/3882 4094/657/3885 4090/653/3881
f 4093/656/3884 4095/658/3886 4094/657/3885
f 4095/658/3886 4096/659/3887 4094/657/3885
f 4097/660/3888 4094/657/3885 4096/659/3887
f 4094/657/3885 4097/660/3888 4090/653/3881
f 4098/661/3889 4097/660/3888 4096/659/3887
f 4098/661/3889 4099/662/3890 4097/660/3888
f 4099/662/3890 4100/663/3891 4097/660/3888
f 4101/664/3892 4099/662/3890 4098/661/3889
f 4102/665/3893 4101/664/3892 4098/661/3889
f 4102/665/3893 4098/661/3889 4096/659/3887
f 4103/666/3894 4100/663/3891 4099/662/3890
f 4103/666/3894 4104/667/3895 4100/663/3891
f 4104/667/3895 4105/668/3896 4100/663/3891
f 4106/669/3897 4103/666/3894 4099/662/3890
f 4106/669/3897 4099/662/3890 4101/664/3892
f 4107/670/3898 4106/669/3897 4101/664/3892
f 4104/667/3895 4108/671/3899 4105/668/3896
f 4108/671/3899 4109/672/3900 4105/668/3896
f 4110/673/3901 4108/671/3899 4104/667/3895
f 4111/674/3902 4110/673/3901 4104/667/3895
f 4111/674/3902 4104/667/3895 4103/666/3894
f 4112/675/3903 4110/673/3901 4111/674/3902
f 4113/676/3904 4112/675/3903 4111/674/3902
f 4113/676/3904 4114/677/3905 4112/675/3903
f 4114/677/3905 4113/676/3904 4115/678/3906
f 4116/679/3907 4114/677/3905 4115/678/3906
f 4117/680/3908 4114/677/3905 4116/679/3907
f 4118/681/3909 4117/680/3908 4116/679/3907
f 4118/681/3909 4116/679/3907 4119/682/3910
f 4120/683/3911 4118/681/3909 4119/682/3910
f 4120/683/3911 4119/682/3910 4121/684/3912
f 4122/685/3913 4120/683/3911 4121/684/3912
f 4117/680/3908 4123/686/3914 4114/677/3905
f 4123/686/3914 4124/687/3915 4114/677/3905
f 4114/677/3905 4124/687/3915 4112/675/3903
f 4116/679/3907 4115/678/3906 4125/688/3916
f 4119/682/3910 4116/679/3907 4125/688/3916
f 4126/689/3917 4123/686/3914 4117/680/3908
f 4127/690/3918 4126/689/3917 4117/680/3908
f 4127/690/3918 4117/680/3908 4118/681/3909
f 4120/683/3911 4122/685/3913 4128/691/3919
f 4129/692/3920 4120/683/3911 4128/691/3919
f 4130/693/3921 4121/684/3912 4119/682/3910
f 4125/688/3916 4130/693/3921 4119/682/3910
f 4125/688/3916 4131/694/3922 4130/693/3921
f 4131/694/3922 4132/695/3923 4130/693/3921
f 4133/696/3924 4129/692/3920 4128/691/3919
f 4133/696/3924 4134/697/3925 4129/692/3920
f 4134/697/3925 4135/698/3926 4129/692/3920
f 4129/692/3920 4135/698/3926 4120/683/3911
f 4136/699/3927 4127/690/3918 4135/698/3926
f 4134/697/3925 4136/699/3927 4135/698/3926
f 4127/690/3918 4136/699/3927 4126/689/3917
f 4136/699/3927 4137/700/3928 4126/689/3917
f 4138/701/3929 4133/696/3924 4128/691/3919
f 4132/695/3923 4131/694/3922 4107/670/3898
f 4131/694/3922 4106/669/3897 4107/670/3898
f 4131/694/3922 4139/702/3930 4106/669/3897
f 4139/702/3930 4103/666/3894 4106/669/3897
f 4139/702/3930 4111/674/3902 4103/666/3894
f 4115/678/3906 4139/702/3930 4131/694/3922
f 4125/688/3916 4115/678/3906 4131/694/3922
f 4113/676/3904 4111/674/3902 4139/702/3930
f 4115/678/3906 4113/676/3904 4139/702/3930
f 4140/703/3931 4136/699/3927 4134/697/3925
f 4141/704/3932 4140/703/3931 4134/697/3925
f 4141/704/3932 4134/697/3925 4133/696/3924
f 4142/705/3933 4140/703/3931 4141/704/3932
f 4143/706/3934 4142/705/3933 4141/704/3932
f 4143/706/3934 4141/704/3932 4144/707/3935
f 4145/708/3936 4143/706/3934 4144/707/3935
f 4145/708/3936 4144/707/3935 4146/709/3937
f 4146/709/3937 4144/707/3935 4138/701/3929
f 4147/710/3938 4145/708/3936 4146/709/3937
f 4142/705/3933 4148/711/3939 4140/703/3931
f 4148/711/3939 4149/712/3940 4140/703/3931
f 4150/713/3941 4143/706/3934 4145/708/3936
f 4151/714/3942 4150/713/3941 4145/708/3936
f 4150/713/3941 4151/714/3942 4152/715/3943
f 4150/713/3941 4152/715/3943 4153/716/3944
f 4154/717/3945 4150/713/3941 4153/716/3944
f 4154/717/3945 4142/705/3933 4143/706/3934
f 4150/713/3941 4154/717/3945 4143/706/3934
f 4154/717/3945 4153/716/3944 4148/711/3939
f 4142/705/3933 4154/717/3945 4148/711/3939
f 4151/714/3942 4155/718/3946 4152/715/3943
f 4155/718/3946 4151/714/3942 4145/708/3936
f 4147/710/3938 4155/718/3946 4145/708/3936
f 4140/703/3931 4149/712/3940 4136/699/3927
f 4149/712/3940 4137/700/3928 4136/699/3927
f 4144/707/3935 4133/696/3924 4138/701/3929
f 4144/707/3935 4141/704/3932 4133/696/3924
f 4158/719/3947 4157/722/3948 4156/721/3949
f 4159/720/3950 4158/719/3947 4156/721/3949
f 4158/719/3947 4160/723/3951 4157/722/3948
f 4160/723/3951 4161/724/3952 4157/722/3948
f 4160/723/3951 4162/725/3953 4161/724/3952
f 4162/725/3953 4163/726/3954 4161/724/3952
f 4164/727/3955 4162/725/3953 4160/723/3951
f 4165/728/3956 4164/727/3955 4160/723/3951
f 4159/720/3950 4156/721/3949 4166/729/3957
f 4156/721/3949 4087/650/3878 4166/729/3957
f 4164/727/3955 4165/728/3956 4167/730/3958
f 4165/728/3956 4168/731/3959 4167/730/3958
f 4167/730/3958 4168/731/3959 4169/732/3960
f 4170/733/3961 4167/730/3958 4169/732/3960
f 4171/734/3962 4167/730/3958 4170/733/3961
f 4172/735/3963 4167/730/3958 4171/734/3962
f 4164/727/3955 4167/730/3958 4172/735/3963
f 4164/727/3955 4172/735/3963 4162/725/3953
f 4173/736/3964 4171/734/3962 4170/733/3961
f 4171/734/3962 4173/736/3964 4174/737/3965
f 4175/738/3966 4171/734/3962 4174/737/3965
f 4175/738/3966 4172/735/3963 4171/734/3962
f 4172/735/3963 4175/738/3966 4176/739/3967
f 4172/735/3963 4176/739/3967 4162/725/3953
f 4162/725/3953 4176/739/3967 4163/726/3954
f 4173/736/3964 4177/740/3968 4174/737/3965
f 4178/741/3969 4174/737/3965 4177/740/3968
f 4179/742/3970 4174/737/3965 4178/741/3969
f 4179/742/3970 4175/738/3966 4174/737/3965
f 4175/738/3966 4179/742/3970 4180/743/3971
f 4175/738/3966 4180/743/3971 4176/739/3967
f 4180/743/3971 4181/744/3972 4176/739/3967
f 4181/744/3972 4182/745/3973 4176/739/3967
f 4181/744/3972 4180/743/3971 4183/746/3974
f 4180/743/3971 4184/747/3975 4183/746/3974
f 4180/743/3971 4179/742/3970 4184/747/3975
f 4184/747/3975 4179/742/3970 4185/748/3976
f 4179/742/3970 4186/749/3977 4185/748/3976
f 4186/749/3977 4179/742/3970 4178/741/3969
f 4185/748/3976 4186/749/3977 4187/750/3978
f 4188/751/3979 4185/748/3976 4187/750/3978
f 4184/747/3975 4185/748/3976 4189/752/3980
f 4183/746/3974 4184/747/3975 4189/752/3980
f 4189/752/3980 4185/748/3976 4188/751/3979
f 4186/749/3977 4178/741/3969 4190/753/3981
f 4187/750/3978 4186/749/3977 4190/753/3981
f 4191/754/3982 4178/741/3969 4177/740/3968
f 4190/753/3981 4178/741/3969 4191/754/3982
f 4192/755/3983 4190/753/3981 4191/754/3982
f 4193/756/3984 4189/752/3980 4188/751/3979
f 4182/745/3973 4181/744/3972 4194/757/3985
f 4195/758/3986 4182/745/3973 4194/757/3985
f 4182/745/3973 4195/758/3986 4196/759/3987
f 4196/759/3987 4195/758/3986 4197/760/3988
f 4198/761/3989 4196/759/3987 4197/760/3988
f 4199/762/3990 4197/760/3988 4195/758/3986
f 4199/762/3990 4195/758/3986 4194/757/3985
f 4200/763/3991 4189/752/3980 4193/756/3984
f 4201/764/3992 4200/763/3991 4193/756/3984
f 4183/746/3974 4189/752/3980 4200/763/3991
f 4202/765/3993 4183/746/3974 4200/763/3991
f 4194/757/3985 4202/765/3993 4203/766/3994
f 4203/766/3994 4202/765/3993 4204/767/3995
f 4202/765/3993 4205/768/3996 4204/767/3995
f 4205/768/3996 4200/763/3991 4201/764/3992
f 4200/763/3991 4205/768/3996 4202/765/3993
f 4206/769/3997 4194/757/3985 4203/766/3994
f 4197/760/3988 4199/762/3990 4206/769/3997
f 4206/769/3997 4199/762/3990 4194/757/3985
f 4207/770/3998 4203/766/3994 4204/767/3995
f 4208/771/3999 4207/770/3998 4204/767/3995
f 4208/771/3999 4204/767/3995 4209/772/4000
f 4204/767/3995 4205/768/3996 4209/772/4000
f 4210/773/4001 4208/771/3999 4209/772/4000
f 4210/773/4001 4209/772/4000 1589/28/4002
f 1589/28/4002 4209/772/4000 4211/774/4003
f 4209/772/4000 4205/768/3996 4211/774/4003
f 4211/774/4003 4205/768/3996 4201/764/3992
f 1588/27/4004 1589/28/4002 4211/774/4003
f 4212/775/4005 4210/773/4001 1589/28/4002
f 4212/775/4005 1589/28/4002 1590/25/4006
f 4213/776/4007 4212/775/4005 1590/25/4006
f 4214/777/4008 4206/769/3997 4203/766/3994
f 4207/770/3998 4214/777/4008 4203/766/3994
f 4215/778/4009 4214/777/4008 4207/770/3998
f 4215/778/4009 4216/779/4010 4214/777/4008
f 4215/778/4009 4217/780/4011 4216/779/4010
f 4217/780/4011 4218/781/4012 4216/779/4010
f 4216/779/4010 4218/781/4012 4219/782/4013
f 4220/783/4014 4216/779/4010 4219/782/4013
f 4221/784/4015 4217/780/4011 4215/778/4009
f 4222/785/4016 4221/784/4015 4215/778/4009
f 4221/784/4015 4222/785/4016 4223/786/4017
f 4224/787/4018 4221/784/4015 4223/786/4017
f 4225/788/4019 4220/783/4014 4219/782/4013
f 4226/789/4020 4225/788/4019 4219/782/4013
f 4217/780/4011 4227/790/4021 4218/781/4012
f 4227/790/4021 4217/780/4011 4221/784/4015
f 4227/790/4021 4228/791/4022 4218/781/4012
f 4219/782/4013 4218/781/4012 4228/791/4022
f 4229/792/4023 4228/791/4022 4227/790/4021
f 4230/793/4024 4229/792/4023 4227/790/4021
f 4229/792/4023 4231/794/4025 4228/791/4022
f 4231/794/4025 4232/795/4026 4228/791/4022
f 4226/789/4020 4219/782/4013 4232/795/4026
f 4232/795/4026 4219/782/4013 4228/791/4022
f 4230/793/4024 4227/790/4021 4233/796/4027
f 4233/796/4027 4227/790/4021 4221/784/4015
f 4234/797/4028 4230/793/4024 4233/796/4027
f 4234/797/4028 4233/796/4027 4235/798/4029
f 4235/798/4029 4233/796/4027 4221/784/4015
f 4224/787/4018 4235/798/4029 4221/784/4015
f 4236/799/4030 4234/797/4028 4235/798/4029
f 4236/799/4030 4235/798/4029 4237/800/4031
f 4238/801/4032 4236/799/4030 4237/800/4031
f 4238/801/4032 4237/800/4031 4239/802/4033
f 4240/803/4034 4238/801/4032 4239/802/4033
f 4240/803/4034 4239/802/4033 4241/804/4035
f 4242/805/4036 4240/803/4034 4241/804/4035
f 4231/794/4025 4243/806/4037 4232/795/4026
f 4243/806/4037 4244/807/4038 4232/795/4026
f 4239/802/4033 4237/800/4031 4245/808/4039
f 4237/800/4031 4246/809/4040 4245/808/4039
f 4237/800/4031 4235/798/4029 4246/809/4040
f 4235/798/4029 4224/787/4018 4246/809/4040
f 4247/810/4041 4234/797/4028 4236/799/4030
f 4234/797/4028 4247/810/4041 4230/793/4024
f 4247/810/4041 4248/811/4042 4230/793/4024
f 4230/793/4024 4248/811/4042 4229/792/4023
f 4248/811/4042 4249/812/4043 4229/792/4023
f 4229/792/4023 4249/812/4043 4250/813/4044
f 4231/794/4025 4229/792/4023 4250/813/4044
f 4243/806/4037 4231/794/4025 4250/813/4044
f 4240/803/4034 4242/805/4036 4251/814/4045
f 4252/815/4046 4240/803/4034 4251/814/4045
f 4253/816/4047 4243/806/4037 4250/813/4044
f 4248/811/4042 4254/817/4048 4249/812/4043
f 4254/817/4048 4248/811/4042 4247/810/4041
f 4254/817/4048 4255/818/4049 4249/812/4043
f 4250/813/4044 4249/812/4043 4255/818/4049
f 4256/819/4050 4254/817/4048 4247/810/4041
f 4253/816/4047 4250/813/4044 4257/820/4051
f 4257/820/4051 4250/813/4044 4255/818/4049
f 4258/821/4052 4253/816/4047 4257/820/4051
f 4259/822/4053 4256/819/4050 4247/810/4041
f 4260/826/4054 4259/822/4053 4247/810/4041
f 4259/822/4053 4260/826/4054 4261/825/4055
f 4262/824/4056 4261/825/4055 4252/815/4046
f 4262/824/4056 4259/822/4053 4261/825/4055
f 4263/823/4057 4262/824/4056 4252/815/4046
f 4263/823/4057 4252/815/4046 4251/814/4045
f 4264/827/4058 4263/823/4057 4251/814/4045
f 4252/815/4046 4261/825/4055 4240/803/4034
f 4261/825/4055 4238/801/4032 4240/803/4034
f 4261/825/4055 4260/826/4054 4238/801/4032
f 4260/826/4054 4236/799/4030 4238/801/4032
f 4260/826/4054 4247/810/4041 4236/799/4030
f 4265/828/4059 4259/822/4053 4262/824/4056
f 4266/829/4060 4265/828/4059 4262/824/4056
f 4266/829/4060 4262/824/4056 4263/823/4057
f 4267/830/4061 4265/828/4059 4266/829/4060
f 4268/831/4062 4267/830/4061 4266/829/4060
f 4268/831/4062 4266/829/4060 4269/832/4063
f 4269/832/4063 4263/823/4057 4264/827/4058
f 4269/832/4063 4266/829/4060 4263/823/4057
f 4270/833/4064 4268/831/4062 4269/832/4063
f 4270/833/4064 4269/832/4063 4271/834/4065
f 4271/834/4065 4269/832/4063 4264/827/4058
f 4272/835/4066 4270/833/4064 4271/834/4065
f 4267/830/4061 4273/836/4067 4265/828/4059
f 4273/836/4067 4274/837/4068 4265/828/4059
f 4273/836/4067 4275/838/4069 4274/837/4068
f 4275/838/4069 4276/839/4070 4274/837/4068
f 4275/838/4069 4277/840/4071 4276/839/4070
f 4277/840/4071 4278/841/4072 4276/839/4070
f 4277/840/4071 4279/842/4073 4278/841/4072
f 4279/842/4073 4280/843/4074 4278/841/4072
f 4279/842/4073 4281/844/4075 4280/843/4074
f 4281/844/4075 4282/845/4076 4280/843/4074
f 4283/846/4077 4277/840/4071 4275/838/4069
f 4284/847/4078 4283/846/4077 4275/838/4069
f 4284/847/4078 4275/838/4069 4273/836/4067
f 4285/848/4079 4279/842/4073 4277/840/4071
f 4283/846/4077 4285/848/4079 4277/840/4071
f 4279/842/4073 4285/848/4079 4281/844/4075
f 4286/849/4080 4283/846/4077 4284/847/4078
f 4287/850/4081 4286/849/4080 4284/847/4078
f 4287/850/4081 4284/847/4078 4273/836/4067
f 4288/851/4082 4285/848/4079 4283/846/4077
f 4286/849/4080 4288/851/4082 4283/846/4077
f 4285/848/4079 4288/851/4082 4281/844/4075
f 4274/837/4068 4276/839/4070 4256/819/4050
f 4274/837/4068 4256/819/4050 4259/822/4053
f 4265/828/4059 4274/837/4068 4259/822/4053
f 4278/841/4072 4280/843/4074 4255/818/4049
f 4278/841/4072 4255/818/4049 4254/817/4048
f 4276/839/4070 4254/817/4048 4256/819/4050
f 4276/839/4070 4278/841/4072 4254/817/4048
f 4280/843/4074 4257/820/4051 4255/818/4049
f 4280/843/4074 4282/845/4076 4257/820/4051
f 4282/845/4076 4258/821/4052 4257/820/4051
f 4291/852/4083 4290/855/4084 4289/854/4085
f 4292/853/4086 4291/852/4083 4289/854/4085
f 4293/856/4087 4290/855/4084 4291/852/4083
f 4294/857/4088 4291/852/4083 4292/853/4086
f 4291/852/4083 4294/857/4088 4293/856/4087
f 4295/858/4089 4294/857/4088 4292/853/4086
f 4296/859/4090 4294/857/4088 4295/858/4089
f 4295/858/4089 4088/651/3879 4296/859/4090
f 4088/651/3879 4086/649/3877 4296/859/4090
f 4293/856/4087 4294/857/4088 1789/634/4091
f 1789/634/4091 4294/857/4088 1788/633/4092
f 4086/649/3877 4090/653/3881 4296/859/4090
f 4090/653/3881 4097/660/3888 4296/859/4090
f 4097/660/3888 4297/860/4093 4296/859/4090
f 4297/860/4093 1788/633/4092 4294/857/4088
f 4294/857/4088 4296/859/4090 4297/860/4093
f 4097/660/3888 4298/861/4094 4297/860/4093
f 4100/663/3891 4298/861/4094 4097/660/3888
f 4298/861/4094 4100/663/3891 4105/668/3896
f 4299/862/4095 4298/861/4094 4105/668/3896
f 4299/862/4095 4300/863/4096 4298/861/4094
f 4300/863/4096 4301/864/4097 4298/861/4094
f 4302/865/4098 4300/863/4096 4299/862/4095
f 4303/866/4099 4302/865/4098 4299/862/4095
f 4303/866/4099 4299/862/4095 4105/668/3896
f 4304/867/4100 4301/864/4097 4300/863/4096
f 4304/867/4100 4305/868/4101 4301/864/4097
f 4305/868/4101 4306/869/4102 4301/864/4097
f 4307/870/4103 4304/867/4100 4300/863/4096
f 4307/870/4103 4300/863/4096 4302/865/4098
f 4308/871/4104 4307/870/4103 4302/865/4098
f 4305/868/4101 4309/872/4105 4306/869/4102
f 4309/872/4105 4310/873/4106 4306/869/4102
f 4311/874/4107 4309/872/4105 4305/868/4101
f 4312/875/4108 4311/874/4107 4305/868/4101
f 4312/875/4108 4305/868/4101 4304/867/4100
f 4313/876/4109 4311/874/4107 4312/875/4108
f 4314/877/4110 4313/876/4109 4312/875/4108
f 4314/877/4110 4312/875/4108 4315/878/4111
f 4315/878/4111 4312/875/4108 4304/867/4100
f 4315/878/4111 4304/867/4100 4307/870/4103
f 4316/879/4112 4314/877/4110 4315/878/4111
f 4316/879/4112 4315/878/4111 4317/880/4113
f 4317/880/4113 4315/878/4111 4307/870/4103
f 4317/880/4113 4307/870/4103 4308/871/4104
f 4318/881/4114 4316/879/4112 4317/880/4113
f 4318/881/4114 4317/880/4113 4319/882/4115
f 4317/880/4113 4320/883/4116 4319/882/4115
f 4320/883/4116 4317/880/4113 4308/871/4104
f 4318/881/4114 4319/882/4115 4321/884/4117
f 4319/882/4115 4322/885/4118 4321/884/4117
f 4323/886/4119 4321/884/4117 4322/885/4118
f 4323/886/4119 4324/887/4120 4321/884/4117
f 4324/887/4120 4325/888/4121 4321/884/4117
f 4325/888/4121 4316/879/4112 4318/881/4114
f 4321/884/4117 4325/888/4121 4318/881/4114
f 4324/887/4120 4326/889/4122 4325/888/4121
f 4326/889/4122 4327/890/4123 4325/888/4121
f 4314/877/4110 4327/890/4123 4313/876/4109
f 4327/890/4123 4314/877/4110 4316/879/4112
f 4325/888/4121 4327/890/4123 4316/879/4112
f 4328/891/4124 4323/886/4119 4322/885/4118
f 4326/889/4122 4329/892/4125 4327/890/4123
f 4329/892/4125 4330/893/4126 4327/890/4123
f 4331/894/4127 4329/892/4125 4326/889/4122
f 4332/895/4128 4331/894/4127 4326/889/4122
f 4332/895/4128 4326/889/4122 4324/887/4120
f 4323/886/4119 4328/891/4124 4333/896/4129
f 4334/897/4130 4323/886/4119 4333/896/4129
f 4327/890/4123 4330/893/4126 4313/876/4109
f 4335/898/4131 4334/897/4130 4333/896/4129
f 4335/898/4131 4336/899/4132 4334/897/4130
f 4336/899/4132 4337/900/4133 4334/897/4130
f 4337/900/4133 4324/887/4120 4323/886/4119
f 4334/897/4130 4337/900/4133 4323/886/4119
f 4337/900/4133 4332/895/4128 4324/887/4120
f 4338/901/4134 4332/895/4128 4337/900/4133
f 4336/899/4132 4338/901/4134 4337/900/4133
f 4332/895/4128 4338/901/4134 4331/894/4127
f 4338/901/4134 4339/902/4135 4331/894/4127
f 4340/903/4136 4338/901/4134 4336/899/4132
f 4341/904/4137 4340/903/4136 4336/899/4132
f 4341/904/4137 4336/899/4132 4335/898/4131
f 4342/905/4138 4340/903/4136 4341/904/4137
f 4343/906/4139 4342/905/4138 4341/904/4137
f 4343/906/4139 4341/904/4137 4344/907/4140
f 4344/907/4140 4341/904/4137 4335/898/4131
f 4345/908/4141 4343/906/4139 4344/907/4140
f 4345/908/4141 4344/907/4140 4346/909/4142
f 4347/910/4143 4345/908/4141 4346/909/4142
f 4342/905/4138 4348/911/4144 4340/903/4136
f 4348/911/4144 4349/912/4145 4340/903/4136
f 4349/912/4145 4339/902/4135 4338/901/4134
f 4340/903/4136 4349/912/4145 4338/901/4134
f 4350/913/4146 4343/906/4139 4345/908/4141
f 4351/914/4147 4350/913/4146 4345/908/4141
f 4350/913/4146 4351/914/4147 4352/915/4148
f 4350/913/4146 4352/915/4148 4353/916/4149
f 4354/917/4150 4350/913/4146 4353/916/4149
f 4354/917/4150 4342/905/4138 4343/906/4139
f 4350/913/4146 4354/917/4150 4343/906/4139
f 4354/917/4150 4353/916/4149 4348/911/4144
f 4342/905/4138 4354/917/4150 4348/911/4144
f 4351/914/4147 4355/918/4151 4352/915/4148
f 4355/918/4151 4351/914/4147 4345/908/4141
f 4347/910/4143 4355/918/4151 4345/908/4141
f 4346/909/4142 4344/907/4140 4356/919/4152
f 4344/907/4140 4335/898/4131 4356/919/4152
f 4356/919/4152 4335/898/4131 4333/896/4129
f 4196/759/3987 4358/920/4153 4357/921/4154
f 4359/922/4155 4358/920/4153 4196/759/3987
f 4358/920/4153 4360/923/4156 4357/921/4154
f 4163/726/3954 4196/759/3987 4357/921/4154
f 4161/724/3952 4163/726/3954 4357/921/4154
f 4161/724/3952 4357/921/4154 4361/924/4157
f 4357/921/4154 4362/925/4158 4361/924/4157
f 4363/926/4159 4362/925/4158 4357/921/4154
f 4362/925/4158 4364/927/4160 4361/924/4157
f 4157/722/3948 4161/724/3952 4361/924/4157
f 4157/722/3948 4361/924/4157 4080/642/3871
f 4156/721/3949 4157/722/3948 4080/642/3871
f 4080/642/3871 4087/650/3878 4156/721/3949
f 4163/726/3954 4182/745/3973 4196/759/3987
f 4176/739/3967 4182/745/3973 4163/726/3954
f 4364/927/4160 4365/928/4161 4361/924/4157
f 4365/928/4161 4084/647/3875 4361/924/4157
f 4366/929/4162 4364/927/4160 4362/925/4158
f 4366/929/4162 4365/928/4161 4364/927/4160
f 4365/928/4161 4366/929/4162 4367/930/4163
f 4366/929/4162 4368/931/4164 4367/930/4163
f 4369/932/4165 4368/931/4164 4366/929/4162
f 4370/933/4166 4369/932/4165 4366/929/4162
f 4371/934/4167 4369/932/4165 4370/933/4166
f 4372/935/4168 4371/934/4167 4370/933/4166
f 4371/934/4167 4372/935/4168 4373/936/4169
f 4372/935/4168 4374/937/4170 4373/936/4169
f 4374/937/4170 4375/938/4171 4373/936/4169
f 4376/939/4172 4375/938/4171 4374/937/4170
f 4377/940/4173 4376/939/4172 4374/937/4170
f 4378/941/4174 4376/939/4172 4377/940/4173
f 4379/942/4175 4378/941/4174 4377/940/4173
f 4380/943/4176 4371/934/4167 4373/936/4169
f 4376/939/4172 4381/944/4177 4375/938/4171
f 4381/944/4177 4376/939/4172 4378/941/4174
f 4381/944/4177 4382/945/4178 4375/938/4171
f 4373/936/4169 4375/938/4171 4382/945/4178
f 4383/946/4179 4382/945/4178 4381/944/4177
f 4384/947/4180 4383/946/4179 4381/944/4177
f 4383/946/4179 4385/948/4181 4382/945/4178
f 4385/948/4181 4386/949/4182 4382/945/4178
f 4380/943/4176 4373/936/4169 4386/949/4182
f 4386/949/4182 4373/936/4169 4382/945/4178
f 4384/947/4180 4381/944/4177 4387/950/4183
f 4387/950/4183 4381/944/4177 4378/941/4174
f 4388/951/4184 4384/947/4180 4387/950/4183
f 4385/948/4181 4389/952/4185 4386/949/4182
f 4389/952/4185 4390/953/4186 4386/949/4182
f 4390/953/4186 4380/943/4176 4386/949/4182
f 4384/947/4180 4391/954/4187 4383/946/4179
f 4391/954/4187 4392/955/4188 4383/946/4179
f 4383/946/4179 4392/955/4188 4393/956/4189
f 4385/948/4181 4383/946/4179 4393/956/4189
f 4389/952/4185 4385/948/4181 4393/956/4189
f 4394/957/4190 4391/954/4187 4384/947/4180
f 4388/951/4184 4394/957/4190 4384/947/4180
f 4395/958/4191 4389/952/4185 4393/956/4189
f 4391/954/4187 4396/959/4192 4392/955/4188
f 4396/959/4192 4391/954/4187 4394/957/4190
f 4396/959/4192 4397/960/4193 4392/955/4188
f 4393/956/4189 4392/955/4188 4397/960/4193
f 4398/961/4194 4396/959/4192 4394/957/4190
f 4395/958/4191 4393/956/4189 4399/962/4195
f 4399/962/4195 4393/956/4189 4397/960/4193
f 4400/963/4196 4395/958/4191 4399/962/4195
f 4401/964/4197 4396/959/4192 4398/961/4194
f 4402/965/4198 4401/964/4197 4398/961/4194
f 4403/966/4199 4401/964/4197 4402/965/4198
f 4403/966/4199 4404/967/4200 4401/964/4197
f 4404/967/4200 4405/968/4201 4401/964/4197
f 4405/968/4201 4397/960/4193 4396/959/4192
f 4401/964/4197 4405/968/4201 4396/959/4192
f 4404/967/4200 4406/969/4202 4405/968/4201
f 4406/969/4202 4407/970/4203 4405/968/4201
f 4407/970/4203 4399/962/4195 4397/960/4193
f 4405/968/4201 4407/970/4203 4397/960/4193
f 4408/971/4204 4403/966/4199 4402/965/4198
f 4406/969/4202 4409/972/4205 4407/970/4203
f 4409/972/4205 4410/973/4206 4407/970/4203
f 4410/973/4206 4400/963/4196 4399/962/4195
f 4407/970/4203 4410/973/4206 4399/962/4195
f 4411/974/4207 4404/967/4200 4403/966/4199
f 4412/975/4208 4411/974/4207 4403/966/4199
f 4412/975/4208 4403/966/4199 4408/971/4204
f 4413/976/4209 4406/969/4202 4404/967/4200
f 4411/974/4207 4413/976/4209 4404/967/4200
f 4406/969/4202 4413/976/4209 4409/972/4205
f 4414/977/4210 4411/974/4207 4412/975/4208
f 4415/978/4211 4414/977/4210 4412/975/4208
f 4415/978/4211 4412/975/4208 4408/971/4204
f 4416/979/4212 4413/976/4209 4411/974/4207
f 4414/977/4210 4416/979/4212 4411/974/4207
f 4413/976/4209 4416/979/4212 4409/972/4205
f 4419/980/4213 4418/983/4214 4417/982/4215
f 4420/981/4216 4419/980/4213 4417/982/4215
f 4421/984/4217 4418/983/4214 4419/980/4213
f 4422/985/4218 4421/984/4217 4419/980/4213
f 4423/986/4219 4421/984/4217 4422/985/4218
f 4424/987/4220 4423/986/4219 4422/985/4218
f 4423/986/4219 4424/987/4220 4425/988/4221
f 4424/987/4220 4426/989/4222 4425/988/4221
f 4426/989/4222 4427/990/4223 4425/988/4221
f 4428/991/4224 4427/990/4223 4426/989/4222
f 4429/992/4225 4428/991/4224 4426/989/4222
f 4430/993/4226 4428/991/4224 4429/992/4225
f 4431/994/4227 4430/993/4226 4429/992/4225
f 4432/995/4228 4423/986/4219 4425/988/4221
f 4428/991/4224 4433/996/4229 4427/990/4223
f 4433/996/4229 4428/991/4224 4430/993/4226
f 4433/996/4229 4434/997/4230 4427/990/4223
f 4425/988/4221 4427/990/4223 4434/997/4230
f 4435/998/4231 4434/997/4230 4433/996/4229
f 4436/999/4232 4435/998/4231 4433/996/4229
f 4435/998/4231 4437/1000/4233 4434/997/4230
f 4437/1000/4233 4438/1001/4234 4434/997/4230
f 4432/995/4228 4425/988/4221 4438/1001/4234
f 4438/1001/4234 4425/988/4221 4434/997/4230
f 4436/999/4232 4433/996/4229 4439/1002/4235
f 4439/1002/4235 4433/996/4229 4430/993/4226
f 4440/1003/4236 4436/999/4232 4439/1002/4235
f 4437/1000/4233 4441/1004/4237 4438/1001/4234
f 4441/1004/4237 4442/1005/4238 4438/1001/4234
f 4442/1005/4238 4432/995/4228 4438/1001/4234
f 4436/999/4232 4443/1006/4239 4435/998/4231
f 4443/1006/4239 4444/1007/4240 4435/998/4231
f 4435/998/4231 4444/1007/4240 4445/1008/4241
f 4437/1000/4233 4435/998/4231 4445/1008/4241
f 4441/1004/4237 4437/1000/4233 4445/1008/4241
f 4446/1009/4242 4443/1006/4239 4436/999/4232
f 4440/1003/4236 4446/1009/4242 4436/999/4232
f 4447/1010/4243 4441/1004/4237 4445/1008/4241
f 4443/1006/4239 4448/1011/4244 4444/1007/4240
f 4448/1011/4244 4443/1006/4239 4446/1009/4242
f 4448/1011/4244 4449/1012/4245 4444/1007/4240
f 4445/1008/4241 4444/1007/4240 4449/1012/4245
f 4450/1013/4246 4448/1011/4244 4446/1009/4242
f 4447/1010/4243 4445/1008/4241 4451/1014/4247
f 4451/1014/4247 4445/1008/4241 4449/1012/4245
f 4452/1015/4248 4447/1010/4243 4451/1014/4247
f 4453/1016/4249 4448/1011/4244 4450/1013/4246
f 4454/1017/4250 4453/1016/4249 4450/1013/4246
f 4455/1018/4251 4453/1016/4249 4454/1017/4250
f 4455/1018/4251 4456/1019/4252 4453/1016/4249
f 4456/1019/4252 4457/1020/4253 4453/1016/4249
f 4457/1020/4253 4449/1012/4245 4448/1011/4244
f 4453/1016/4249 4457/1020/4253 4448/1011/4244
f 4456/1019/4252 4458/1021/4254 4457/1020/4253
f 4458/1021/4254 4459/1022/4255 4457/1020/4253
f 4459/1022/4255 4451/1014/4247 4449/1012/4245
f 4457/1020/4253 4459/1022/4255 4449/1012/4245
f 4460/1023/4256 4455/1018/4251 4454/1017/4250
f 4458/1021/4254 4461/1024/4257 4459/1022/4255
f 4461/1024/4257 4462/1025/4258 4459/1022/4255
f 4462/1025/4258 4452/1015/4248 4451/1014/4247
f 4459/1022/4255 4462/1025/4258 4451/1014/4247
f 4463/1026/4259 4456/1019/4252 4455/1018/4251
f 4464/1027/4260 4463/1026/4259 4455/1018/4251
f 4464/1027/4260 4455/1018/4251 4460/1023/4256
f 4465/1028/4261 4458/1021/4254 4456/1019/4252
f 4463/1026/4259 4465/1028/4261 4456/1019/4252
f 4458/1021/4254 4465/1028/4261 4461/1024/4257
f 4466/1029/4262 4463/1026/4259 4464/1027/4260
f 4467/1030/4263 4466/1029/4262 4464/1027/4260
f 4467/1030/4263 4464/1027/4260 4460/1023/4256
f 4468/1031/4264 4465/1028/4261 4463/1026/4259
f 4466/1029/4262 4468/1031/4264 4463/1026/4259
f 4465/1028/4261 4468/1031/4264 4461/1024/4257
f 4471/1032/4265 4470/1035/4266 4469/1034/4267
f 4472/1033/4268 4471/1032/4265 4469/1034/4267
f 4473/1036/4269 4470/1035/4266 4471/1032/4265
f 4474/1037/4270 4473/1036/4269 4471/1032/4265
f 4225/788/4019 4473/1036/4269 4474/1037/4270
f 4220/783/4014 4225/788/4019 4474/1037/4270
f 4220/783/4014 4474/1037/4270 4475/1038/4271
f 4216/779/4010 4220/783/4014 4475/1038/4271
f 4216/779/4010 4475/1038/4271 4214/777/4008
f 4472/1033/4268 4469/1034/4267 4476/1039/4272
f 4477/1040/4273 4472/1033/4268 4476/1039/4272
f 4478/1041/4274 4477/1040/4273 4476/1039/4272
f 4479/1042/4275 4478/1041/4274 4476/1039/4272
f 4429/992/4225 4478/1041/4274 4479/1042/4275
f 4429/992/4225 4426/989/4222 4478/1041/4274
f 4426/989/4222 4480/1043/4276 4478/1041/4274
f 4478/1041/4274 4480/1043/4276 4477/1040/4273
f 4426/989/4222 4424/987/4220 4480/1043/4276
f 4424/987/4220 4422/985/4218 4480/1043/4276
f 4431/994/4227 4429/992/4225 4479/1042/4275
f 4480/1043/4276 4422/985/4218 4481/1044/4277
f 4480/1043/4276 4481/1044/4277 4477/1040/4273
f 4481/1044/4277 4358/920/4153 4477/1040/4273
f 4481/1044/4277 4419/980/4213 4358/920/4153
f 4422/985/4218 4419/980/4213 4481/1044/4277
f 4419/980/4213 4360/923/4156 4358/920/4153
f 4358/920/4153 4359/922/4155 4477/1040/4273
f 4419/980/4213 4420/981/4216 4360/923/4156
f 4360/923/4156 4420/981/4216 4357/921/4154
f 4420/981/4216 4363/926/4159 4357/921/4154
f 4482/1045/4278 4363/926/4159 4420/981/4216
f 4482/1045/4278 4420/981/4216 4483/1046/4279
f 4484/1047/4280 4482/1045/4278 4483/1046/4279
f 4485/1048/4281 4484/1047/4280 4483/1046/4279
f 4377/940/4173 4484/1047/4280 4485/1048/4281
f 4377/940/4173 4374/937/4170 4484/1047/4280
f 4374/937/4170 4486/1049/4282 4484/1047/4280
f 4484/1047/4280 4486/1049/4282 4482/1045/4278
f 4374/937/4170 4372/935/4168 4486/1049/4282
f 4372/935/4168 4370/933/4166 4486/1049/4282
f 4379/942/4175 4377/940/4173 4485/1048/4281
f 4420/981/4216 4417/982/4215 4483/1046/4279
f 4362/925/4158 4363/926/4159 4482/1045/4278
f 4487/1050/4283 4362/925/4158 4482/1045/4278
f 4486/1049/4282 4370/933/4166 4487/1050/4283
f 4486/1049/4282 4487/1050/4283 4482/1045/4278
f 4487/1050/4283 4366/929/4162 4362/925/4158
f 4370/933/4166 4366/929/4162 4487/1050/4283
f 4488/1051/4284 4092/655/3883 4089/652/3880
f 4488/1051/4284 4089/652/3880 4085/648/3876
f 4489/1052/4285 4488/1051/4284 4085/648/3876
f 4490/1053/4286 4092/655/3883 4488/1051/4284
f 4490/1053/4286 4491/1054/4287 4092/655/3883
f 4491/1054/4287 4093/656/3884 4092/655/3883
f 4491/1054/4287 4492/1055/4288 4093/656/3884
f 4492/1055/4288 4095/658/3886 4093/656/3884
f 4492/1055/4288 4493/1056/4289 4095/658/3886
f 4494/1057/4290 4493/1056/4289 4492/1055/4288
f 4495/1058/4291 4494/1057/4290 4492/1055/4288
f 4495/1058/4291 4492/1055/4288 4491/1054/4287
f 4495/1058/4291 4496/1059/4292 4494/1057/4290
f 4496/1059/4292 4495/1058/4291 4497/1060/4293
f 4497/1060/4293 4491/1054/4287 4490/1053/4286
f 4497/1060/4293 4495/1058/4291 4491/1054/4287
f 4498/1061/4294 4496/1059/4292 4497/1060/4293
f 4499/1062/4295 4496/1059/4292 4498/1061/4294
f 4500/1063/4296 4499/1062/4295 4498/1061/4294
f 4500/1063/4296 4498/1061/4294 4501/1064/4297
f 4502/1065/4298 4500/1063/4296 4501/1064/4297
f 4502/1065/4298 4501/1064/4297 4503/1066/4299
f 4504/1067/4300 4502/1065/4298 4503/1066/4299
f 4499/1062/4295 4505/1068/4301 4496/1059/4292
f 4505/1068/4301 4506/1069/4302 4496/1059/4292
f 4496/1059/4292 4506/1069/4302 4494/1057/4290
f 4504/1067/4300 4503/1066/4299 4507/1070/4303
f 4508/1071/4304 4504/1067/4300 4507/1070/4303
f 4508/1071/4304 4507/1070/4303 4509/1072/4305
f 4510/1073/4306 4508/1071/4304 4509/1072/4305
f 4510/1073/4306 4509/1072/4305 4511/1074/4307
f 4512/1075/4308 4510/1073/4306 4511/1074/4307
f 4512/1075/4308 4511/1074/4307 4513/1076/4309
f 4514/1077/4310 4512/1075/4308 4513/1076/4309
f 4512/1075/4308 4515/1078/4311 4510/1073/4306
f 4515/1078/4311 4516/1079/4312 4510/1073/4306
f 4510/1073/4306 4516/1079/4312 4517/1080/4313
f 4508/1071/4304 4510/1073/4306 4517/1080/4313
f 4504/1067/4300 4508/1071/4304 4517/1080/4313
f 4518/1081/4314 4515/1078/4311 4512/1075/4308
f 4514/1077/4310 4518/1081/4314 4512/1075/4308
f 4519/1082/4315 4504/1067/4300 4517/1080/4313
f 4502/1065/4298 4504/1067/4300 4519/1082/4315
f 4520/1083/4316 4502/1065/4298 4519/1082/4315
f 4511/1074/4307 4509/1072/4305 4521/1084/4317
f 4522/1085/4318 4511/1074/4307 4521/1084/4317
f 4522/1085/4318 4521/1084/4317 4523/1086/4319
f 4524/1087/4320 4522/1085/4318 4523/1086/4319
f 4523/1086/4319 4521/1084/4317 4525/1088/4321
f 4526/1089/4322 4523/1086/4319 4525/1088/4321
f 4527/1090/4323 4522/1085/4318 4524/1087/4320
f 4528/1091/4324 4527/1090/4323 4524/1087/4320
f 4529/1092/4325 4526/1089/4322 4525/1088/4321
f 4530/1093/4326 4529/1092/4325 4525/1088/4321
f 4490/1053/4286 4529/1092/4325 4530/1093/4326
f 4531/1094/4327 4490/1053/4286 4530/1093/4326
f 4511/1074/4307 4522/1085/4318 4527/1090/4323
f 4513/1076/4309 4511/1074/4307 4527/1090/4323
f 4531/1094/4327 4530/1093/4326 4501/1064/4297
f 4501/1064/4297 4498/1061/4294 4531/1094/4327
f 4498/1061/4294 4497/1060/4293 4531/1094/4327
f 4531/1094/4327 4497/1060/4293 4490/1053/4286
f 4530/1093/4326 4503/1066/4299 4501/1064/4297
f 4530/1093/4326 4525/1088/4321 4507/1070/4303
f 4503/1066/4299 4530/1093/4326 4507/1070/4303
f 4507/1070/4303 4525/1088/4321 4509/1072/4305
f 4525/1088/4321 4521/1084/4317 4509/1072/4305
f 4529/1092/4325 4490/1053/4286 4488/1051/4284
f 4529/1092/4325 4488/1051/4284 4489/1052/4285
f 4526/1089/4322 4529/1092/4325 4489/1052/4285
f 4526/1089/4322 4489/1052/4285 4532/1095/4328
f 4523/1086/4319 4526/1089/4322 4532/1095/4328
f 4523/1086/4319 4532/1095/4328 4533/1096/4329
f 4524/1087/4320 4523/1086/4319 4533/1096/4329
f 4524/1087/4320 4533/1096/4329 4534/1097/4330
f 4534/1097/4330 4533/1096/4329 4535/1098/4331
f 4533/1096/4329 4083/646/3874 4535/1098/4331
f 4533/1096/4329 4532/1095/4328 4083/646/3874
f 4528/1091/4324 4524/1087/4320 4534/1097/4330
f 4083/646/3874 4365/928/4161 4535/1098/4331
f 4365/928/4161 4367/930/4163 4535/1098/4331
f 4532/1095/4328 4489/1052/4285 4082/645/3873
f 4532/1095/4328 4082/645/3873 4083/646/3874
f 4489/1052/4285 4085/648/3876 4082/645/3873
f 4083/646/3874 4084/647/3875 4365/928/4161
f 4084/647/3875 4079/644/3872 4361/924/4157
f 4079/644/3872 4080/642/3871 4361/924/4157
f 4537/1099/4332 4536/1100/4333 4096/659/3887
f 4095/658/3886 4537/1099/4332 4096/659/3887
f 4493/1056/4289 4537/1099/4332 4095/658/3886
f 4536/1100/4333 4102/665/3893 4096/659/3887
f 4540/1101/4334 4539/1104/4335 4538/1103/4336
f 4541/1102/4337 4540/1101/4334 4538/1103/4336
f 4540/1101/4334 4542/1105/4338 4539/1104/4335
f 4542/1105/4338 4543/1106/4339 4539/1104/4335
f 4541/1102/4337 4538/1103/4336 4544/1107/4340
f 4545/1108/4341 4541/1102/4337 4544/1107/4340
f 4542/1105/4338 4546/1109/4342 4543/1106/4339
f 4546/1109/4342 4547/1110/4343 4543/1106/4339
f 4546/1109/4342 4548/1111/4344 4547/1110/4343
f 4548/1111/4344 4549/1112/4345 4547/1110/4343
f 4548/1111/4344 4550/1113/4346 4549/1112/4345
f 4550/1113/4346 4551/1114/4347 4549/1112/4345
f 4550/1113/4346 4552/1115/4348 4551/1114/4347
f 4552/1115/4348 4553/1116/4349 4551/1114/4347
f 4552/1115/4348 4554/1117/4350 4553/1116/4349
f 4554/1117/4350 4555/1118/4351 4553/1116/4349
f 4556/1127/4352 4540/1101/4334 4541/1102/4337
f 4557/1128/4353 4556/1127/4352 4541/1102/4337
f 4558/1129/4354 4556/1127/4352 4557/1128/4353
f 4559/1130/4355 4558/1129/4354 4557/1128/4353
f 4559/1130/4355 4557/1128/4353 4545/1108/4341
f 4558/1129/4354 4560/1126/4356 4556/1127/4352
f 4560/1126/4356 4561/1119/4357 4556/1127/4352
f 4561/1119/4357 4560/1126/4356 4546/1109/4342
f 4556/1127/4352 4561/1119/4357 4540/1101/4334
f 4561/1119/4357 4542/1105/4338 4540/1101/4334
f 4562/1120/4358 4550/1113/4346 4548/1111/4344
f 4563/1124/4359 4552/1115/4348 4550/1113/4346
f 4562/1120/4358 4563/1124/4359 4550/1113/4346
f 4552/1115/4348 4563/1124/4359 4554/1117/4350
f 4563/1124/4359 4562/1120/4358 4564/1123/4360
f 4563/1124/4359 4564/1123/4360 4554/1117/4350
f 4562/1120/4358 4565/1122/4361 4564/1123/4360
f 4562/1120/4358 4566/1121/4362 4565/1122/4361
f 4566/1121/4362 4567/1125/4363 4565/1122/4361
f 4566/1121/4362 4562/1120/4358 4548/1111/4344
f 4567/1125/4363 4566/1121/4362 4548/1111/4344
f 4546/1109/4342 4567/1125/4363 4548/1111/4344
f 4542/1105/4338 4561/1119/4357 4546/1109/4342
f 4557/1128/4353 4541/1102/4337 4545/1108/4341
f 4569/1131/4364 4568/1133/4365 4520/1083/4316
f 4570/1132/4366 4569/1131/4364 4520/1083/4316
f 4569/1131/4364 4571/1134/4367 4568/1133/4365
f 4571/1134/4367 4572/1135/4368 4568/1133/4365
f 4570/1132/4366 4520/1083/4316 4519/1082/4315
f 4573/1136/4369 4570/1132/4366 4519/1082/4315
f 4573/1136/4369 4519/1082/4315 4574/1137/4370
f 4519/1082/4315 4517/1080/4313 4574/1137/4370
f 4574/1137/4370 4517/1080/4313 4575/1138/4371
f 4517/1080/4313 4516/1079/4312 4575/1138/4371
f 4576/1139/4372 4575/1138/4371 4516/1079/4312
f 4515/1078/4311 4576/1139/4372 4516/1079/4312
f 4576/1139/4372 4515/1078/4311 4518/1081/4314
f 4577/1140/4373 4576/1139/4372 4518/1081/4314
f 4520/1083/4316 4568/1133/4365 4502/1065/4298
f 4553/1116/4349 4571/1134/4367 4569/1131/4364
f 4553/1116/4349 4555/1118/4351 4571/1134/4367
f 4555/1118/4351 4578/1142/4374 4571/1134/4367
f 4538/1103/4336 4576/1139/4372 4577/1140/4373
f 4544/1107/4340 4538/1103/4336 4577/1140/4373
f 4539/1104/4335 4575/1138/4371 4576/1139/4372
f 4538/1103/4336 4539/1104/4335 4576/1139/4372
f 4543/1106/4339 4574/1137/4370 4575/1138/4371
f 4539/1104/4335 4543/1106/4339 4575/1138/4371
f 4571/1134/4367 4578/1142/4374 4579/1141/4375
f 4572/1135/4368 4571/1134/4367 4579/1141/4375
f 4572/1135/4368 4579/1141/4375 4499/1062/4295
f 4579/1141/4375 4505/1068/4301 4499/1062/4295
f 4572/1135/4368 4499/1062/4295 4500/1063/4296
f 4568/1133/4365 4500/1063/4296 4502/1065/4298
f 4568/1133/4365 4572/1135/4368 4500/1063/4296
f 4551/1114/4347 4553/1116/4349 4569/1131/4364
f 4551/1114/4347 4569/1131/4364 4570/1132/4366
f 4549/1112/4345 4551/1114/4347 4570/1132/4366
f 4549/1112/4345 4570/1132/4366 4573/1136/4369
f 4547/1110/4343 4549/1112/4345 4573/1136/4369
f 4547/1110/4343 4573/1136/4369 4574/1137/4370
f 4543/1106/4339 4547/1110/4343 4574/1137/4370
f 4582/1143/4376 4581/1146/4377 4580/1145/4378
f 4583/1144/4379 4582/1143/4376 4580/1145/4378
f 4582/1143/4376 4584/1147/4380 4581/1146/4377
f 4584/1147/4380 4585/1148/4381 4581/1146/4377
f 4584/1147/4380 4582/1143/4376 4270/833/4064
f 4585/1148/4381 4584/1147/4380 4270/833/4064
f 4582/1143/4376 4268/831/4062 4270/833/4064
f 4582/1143/4376 4583/1144/4379 4268/831/4062
f 4583/1144/4379 4267/830/4061 4268/831/4062
f 4272/835/4066 4585/1148/4381 4270/833/4064
f 4583/1144/4379 4580/1145/4378 4273/836/4067
f 4267/830/4061 4583/1144/4379 4273/836/4067
f 4588/1149/4382 4587/1151/4383 4586/1150/4384
f 4245/808/4039 4588/1149/4382 4586/1150/4384
f 4245/808/4039 4586/1150/4384 4239/802/4033
f 4586/1150/4384 4241/804/4035 4239/802/4033
f 4587/1151/4383 4588/1149/4382 4213/776/4007
f 4588/1149/4382 4212/775/4005 4213/776/4007
f 4588/1149/4382 4589/1152/4385 4212/775/4005
f 4589/1152/4385 4210/773/4001 4212/775/4005
f 4589/1152/4385 4223/786/4017 4210/773/4001
f 4223/786/4017 4208/771/3999 4210/773/4001
f 4223/786/4017 4222/785/4016 4208/771/3999
f 4222/785/4016 4207/770/3998 4208/771/3999
f 4222/785/4016 4215/778/4009 4207/770/3998
f 4246/809/4040 4589/1152/4385 4588/1149/4382
f 4245/808/4039 4246/809/4040 4588/1149/4382
f 4224/787/4018 4223/786/4017 4589/1152/4385
f 4246/809/4040 4224/787/4018 4589/1152/4385
f 4244/807/4038 4226/789/4020 4232/795/4026
f 4592/1153/4386 4591/1156/4387 4590/1155/4388
f 4593/1154/4389 4592/1153/4386 4590/1155/4388
f 4592/1153/4386 4594/1157/4390 4591/1156/4387
f 4594/1157/4390 4595/1158/4391 4591/1156/4387
f 4593/1154/4389 4590/1155/4388 4596/1159/4392
f 4597/1160/4393 4593/1154/4389 4596/1159/4392
f 4594/1157/4390 4598/1161/4394 4595/1158/4391
f 4598/1161/4394 4599/1162/4395 4595/1158/4391
f 4598/1161/4394 4600/1163/4396 4599/1162/4395
f 4600/1163/4396 4601/1164/4397 4599/1162/4395
f 4600/1163/4396 4602/1165/4398 4601/1164/4397
f 4602/1165/4398 4603/1166/4399 4601/1164/4397
f 4602/1165/4398 4604/1167/4400 4603/1166/4399
f 4604/1167/4400 4605/1168/4401 4603/1166/4399
f 4604/1167/4400 4606/1169/4402 4605/1168/4401
f 4606/1169/4402 4607/1170/4403 4605/1168/4401
f 4593/1154/4389 4608/1173/4404 4592/1153/4386
f 4609/1174/4405 4608/1173/4404 4593/1154/4389
f 4597/1160/4393 4609/1174/4405 4593/1154/4389
f 4610/1175/4406 4606/1169/4402 4604/1167/4400
f 4611/1176/4407 4610/1175/4406 4604/1167/4400
f 4611/1176/4407 4604/1167/4400 4602/1165/4398
f 4600/1163/4396 4598/1161/4394 4612/1197/4408
f 4613/1195/4409 4600/1163/4396 4612/1197/4408
f 4614/1177/4410 4608/1173/4404 4609/1174/4405
f 4608/1173/4404 4614/1177/4410 4615/1172/4411
f 4608/1173/4404 4615/1172/4411 4592/1153/4386
f 4592/1153/4386 4615/1172/4411 4616/1171/4412
f 4594/1157/4390 4592/1153/4386 4616/1171/4412
f 4598/1161/4394 4594/1157/4390 4616/1171/4412
f 4612/1197/4408 4598/1161/4394 4616/1171/4412
f 4614/1177/4410 4617/1178/4413 4615/1172/4411
f 4616/1171/4412 4615/1172/4411 4617/1178/4413
f 4618/1179/4414 4617/1178/4413 4614/1177/4410
f 4619/1180/4415 4618/1179/4414 4614/1177/4410
f 4618/1179/4414 4620/1181/4416 4617/1178/4413
f 4620/1181/4416 4621/1182/4417 4617/1178/4413
f 4612/1197/4408 4616/1171/4412 4621/1182/4417
f 4621/1182/4417 4616/1171/4412 4617/1178/4413
f 4619/1180/4415 4614/1177/4410 4622/1183/4418
f 4623/1184/4419 4619/1180/4415 4622/1183/4418
f 4620/1181/4416 4624/1185/4420 4621/1182/4417
f 4624/1185/4420 4625/1186/4421 4621/1182/4417
f 4624/1185/4420 4626/1187/4422 4625/1186/4421
f 4626/1187/4422 4627/1188/4423 4625/1186/4421
f 4626/1187/4422 4628/1189/4424 4627/1188/4423
f 4628/1189/4424 4629/1190/4425 4627/1188/4423
f 4628/1189/4424 4630/1191/4426 4629/1190/4425
f 4630/1191/4426 4631/1192/4427 4629/1190/4425
f 4630/1191/4426 4632/1193/4428 4631/1192/4427
f 4632/1193/4428 4633/1194/4429 4631/1192/4427
f 4627/1188/4423 4629/1190/4425 4613/1195/4409
f 4629/1190/4425 4634/1196/4430 4613/1195/4409
f 4629/1190/4425 4631/1192/4427 4634/1196/4430
f 4631/1192/4427 4611/1176/4407 4634/1196/4430
f 4625/1186/4421 4612/1197/4408 4621/1182/4417
f 4627/1188/4423 4613/1195/4409 4612/1197/4408
f 4625/1186/4421 4627/1188/4423 4612/1197/4408
f 4631/1192/4427 4633/1194/4429 4610/1175/4406
f 4611/1176/4407 4631/1192/4427 4610/1175/4406
f 4635/1198/4431 4632/1193/4428 4630/1191/4426
f 4636/1199/4432 4635/1198/4431 4630/1191/4426
f 4636/1199/4432 4630/1191/4426 4628/1189/4424
f 4636/1199/4432 4637/1200/4433 4635/1198/4431
f 4637/1200/4433 4636/1199/4432 4638/1201/4434
f 4638/1201/4434 4636/1199/4432 4628/1189/4424
f 4639/1202/4435 4637/1200/4433 4638/1201/4434
f 4637/1200/4433 4639/1202/4435 4640/1203/4436
f 4637/1200/4433 4640/1203/4436 4635/1198/4431
f 4639/1202/4435 4641/1204/4437 4640/1203/4436
f 4639/1202/4435 4642/1205/4438 4641/1204/4437
f 4642/1205/4438 4643/1206/4439 4641/1204/4437
f 4639/1202/4435 4638/1201/4434 4644/1207/4440
f 4642/1205/4438 4639/1202/4435 4644/1207/4440
f 4643/1206/4439 4642/1205/4438 4644/1207/4440
f 4645/1208/4441 4643/1206/4439 4644/1207/4440
f 4644/1207/4440 4638/1201/4434 4626/1187/4422
f 4638/1201/4434 4628/1189/4424 4626/1187/4422
f 4644/1207/4440 4626/1187/4422 4624/1185/4420
f 4645/1208/4441 4644/1207/4440 4624/1185/4420
f 4645/1208/4441 4624/1185/4420 4620/1181/4416
f 4646/1209/4442 4645/1208/4441 4620/1181/4416
f 4646/1209/4442 4647/1210/4443 4645/1208/4441
f 4647/1210/4443 4646/1209/4442 4648/1211/4444
f 4649/1212/4445 4647/1210/4443 4648/1211/4444
f 4649/1212/4445 4648/1211/4444 4650/1213/4446
f 4651/1214/4447 4649/1212/4445 4650/1213/4446
f 4652/1215/4448 4649/1212/4445 4651/1214/4447
f 4653/1216/4449 4652/1215/4448 4651/1214/4447
f 4654/1217/4450 4647/1210/4443 4649/1212/4445
f 4652/1215/4448 4654/1217/4450 4649/1212/4445
f 4647/1210/4443 4654/1217/4450 4645/1208/4441
f 4651/1214/4447 4650/1213/4446 4655/1218/4451
f 4653/1216/4449 4651/1214/4447 4655/1218/4451
f 4646/1209/4442 4620/1181/4416 4618/1179/4414
f 4648/1211/4444 4646/1209/4442 4618/1179/4414
f 4648/1211/4444 4618/1179/4414 4619/1180/4415
f 4650/1213/4446 4648/1211/4444 4619/1180/4415
f 4650/1213/4446 4619/1180/4415 4623/1184/4419
f 4655/1218/4451 4650/1213/4446 4623/1184/4419
f 4658/1219/4452 4657/1222/4453 4656/1221/4454
f 4659/1220/4455 4658/1219/4452 4656/1221/4454
f 4657/1222/4453 4658/1219/4452 4596/1159/4392
f 4590/1155/4388 4657/1222/4453 4596/1159/4392
f 4590/1155/4388 4591/1156/4387 4657/1222/4453
f 4591/1156/4387 4660/1223/4456 4657/1222/4453
f 4661/1224/4457 4657/1222/4453 4660/1223/4456
f 4656/1221/4454 4657/1222/4453 4661/1224/4457
f 4662/1225/4458 4661/1224/4457 4660/1223/4456
f 4663/1226/4459 4662/1225/4458 4660/1223/4456
f 4664/1227/4460 4663/1226/4459 4660/1223/4456
f 4663/1226/4459 4664/1227/4460 4665/1228/4461
f 4666/1229/4462 4663/1226/4459 4665/1228/4461
f 4660/1223/4456 4591/1156/4387 4595/1158/4391
f 4664/1227/4460 4660/1223/4456 4595/1158/4391
f 4664/1227/4460 4595/1158/4391 4665/1228/4461
f 4595/1158/4391 4599/1162/4395 4665/1228/4461
f 4665/1228/4461 4599/1162/4395 4667/1230/4463
f 4599/1162/4395 4601/1164/4397 4667/1230/4463
f 4667/1230/4463 4601/1164/4397 4668/1231/4464
f 4667/1230/4463 4668/1231/4464 4669/1232/4465
f 4667/1230/4463 4669/1232/4465 4670/1233/4466
f 4665/1228/4461 4670/1233/4466 4666/1229/4462
f 4667/1230/4463 4670/1233/4466 4665/1228/4461
f 4668/1231/4464 4671/1234/4467 4669/1232/4465
f 4671/1234/4467 4668/1231/4464 4672/1235/4468
f 4668/1231/4464 4673/1236/4469 4672/1235/4468
f 4672/1235/4468 4673/1236/4469 4674/1237/4470
f 4673/1236/4469 4675/1238/4471 4674/1237/4470
f 4601/1164/4397 4603/1166/4399 4668/1231/4464
f 4668/1231/4464 4603/1166/4399 4605/1168/4401
f 4673/1236/4469 4668/1231/4464 4605/1168/4401
f 4675/1238/4471 4673/1236/4469 4605/1168/4401
f 4607/1170/4403 4675/1238/4471 4605/1168/4401
f 4622/1183/4418 4614/1177/4410 4609/1174/4405
f 4678/1239/4472 4677/1242/4473 4676/1241/4474
f 4679/1240/4475 4678/1239/4472 4676/1241/4474
f 4677/1242/4473 4678/1239/4472 4680/1243/4476
f 4681/1244/4477 4677/1242/4473 4680/1243/4476
f 4679/1240/4475 4676/1241/4474 4682/1245/4478
f 4683/1246/4479 4679/1240/4475 4682/1245/4478
f 4166/729/3957 4683/1246/4479 4682/1245/4478
f 4159/720/3950 4166/729/3957 4682/1245/4478
f 4684/1247/4480 4682/1245/4478 4676/1241/4474
f 4684/1247/4480 4685/1248/4481 4682/1245/4478
f 4677/1242/4473 4686/1249/4482 4676/1241/4474
f 4686/1249/4482 4684/1247/4480 4676/1241/4474
f 4687/1250/4483 4685/1248/4481 4684/1247/4480
f 4685/1248/4481 4687/1250/4483 4165/728/3956
f 4165/728/3956 4160/723/3951 4685/1248/4481
f 4160/723/3951 4158/719/3947 4685/1248/4481
f 4158/719/3947 4159/720/3950 4682/1245/4478
f 4685/1248/4481 4158/719/3947 4682/1245/4478
f 4687/1250/4483 4168/731/3959 4165/728/3956
f 4684/1247/4480 4686/1249/4482 4688/1251/4484
f 4688/1251/4484 4686/1249/4482 4689/1252/4485
f 4686/1249/4482 4690/1253/4486 4689/1252/4485
f 4689/1252/4485 4690/1253/4486 1784/615/4487
f 4690/1253/4486 4691/1254/4488 1784/615/4487
f 4692/1255/4489 4691/1254/4488 4690/1253/4486
f 4681/1244/4477 4692/1255/4489 4690/1253/4486
f 4689/1252/4485 1784/615/4487 4693/1256/4490
f 4694/1257/4491 4684/1247/4480 4688/1251/4484
f 4687/1250/4483 4684/1247/4480 4694/1257/4491
f 4695/1258/4492 4687/1250/4483 4694/1257/4491
f 4687/1250/4483 4695/1258/4492 4168/731/3959
f 4695/1258/4492 4169/732/3960 4168/731/3959
f 4694/1257/4491 4688/1251/4484 4696/1259/4493
f 4697/1260/4494 4694/1257/4491 4696/1259/4493
f 4695/1258/4492 4694/1257/4491 4697/1260/4494
f 4689/1252/4485 4693/1256/4490 4698/1261/4495
f 4696/1259/4493 4688/1251/4484 4698/1261/4495
f 4689/1252/4485 4698/1261/4495 4688/1251/4484
f 1784/615/4487 4691/1254/4488 1783/614/4496
f 1783/614/4496 4691/1254/4488 4692/1255/4489
f 1786/620/4497 1783/614/4496 4692/1255/4489
f 4692/1255/4489 4293/856/4087 1786/620/4497
f 4293/856/4087 1792/637/4498 1786/620/4497
f 1792/637/4498 4293/856/4087 1789/634/4091
f 1791/636/4499 1792/637/4498 1789/634/4091
f 4681/1244/4477 4290/855/4084 4692/1255/4489
f 4290/855/4084 4681/1244/4477 4680/1243/4476
f 4289/854/4085 4290/855/4084 4680/1243/4476
f 4692/1255/4489 4290/855/4084 4293/856/4087
f 4681/1244/4477 4690/1253/4486 4677/1242/4473
f 4690/1253/4486 4686/1249/4482 4677/1242/4473
f 4699/1262/4500 4301/864/4097 4306/869/4102
f 4700/1263/4501 4699/1262/4500 4306/869/4102
f 4301/864/4097 4699/1262/4500 4298/861/4094
f 4701/1264/4502 4700/1263/4501 4306/869/4102
f 4310/873/4106 4701/1264/4502 4306/869/4102
f 4298/861/4094 4699/1262/4500 1795/640/4503
f 4298/861/4094 1795/640/4503 4297/860/4093
f 4699/1262/4500 4702/1265/4504 1795/640/4503
f 1794/639/4505 4297/860/4093 1795/640/4503
f 1788/633/4092 4297/860/4093 1794/639/4505
f 1795/640/4503 4702/1265/4504 1796/641/4506
f 4702/1265/4504 4703/1266/4507 1796/641/4506
f 4703/1266/4507 1793/638/4508 1796/641/4506
f 4704/1267/4509 1793/638/4508 4703/1266/4507
f 4704/1267/4509 1787/622/4510 1793/638/4508
f 1787/622/4510 4704/1267/4509 1785/617/4511
f 4704/1267/4509 4705/1268/4512 1785/617/4511
f 4705/1268/4512 4706/1269/4513 1785/617/4511
f 4706/1269/4513 1782/607/4514 1785/617/4511
f 1782/607/4514 4706/1269/4513 1781/606/4515
f 1787/622/4510 1790/635/4516 1793/638/4508
f 4109/672/3900 4303/866/4099 4105/668/3896
f 4709/1270/4517 4708/1273/4518 4707/1272/4519
f 4710/1271/4520 4709/1270/4517 4707/1272/4519
f 4709/1270/4517 4711/1274/4521 4708/1273/4518
f 4711/1274/4521 4712/1275/4522 4708/1273/4518
f 4712/1275/4522 4711/1274/4521 4713/1276/4523
f 4714/1277/4524 4712/1275/4522 4713/1276/4523
f 4710/1271/4520 4707/1272/4519 4715/1278/4525
f 4716/1279/4526 4710/1271/4520 4715/1278/4525
f 4717/1280/4527 4714/1277/4524 4713/1276/4523
f 4718/1281/4528 4717/1280/4527 4713/1276/4523
f 4718/1281/4528 4719/1282/4529 4717/1280/4527
f 4720/1283/4530 4717/1280/4527 4719/1282/4529
f 4719/1282/4529 4721/1284/4531 4720/1283/4530
f 4720/1283/4530 4721/1284/4531 4722/1285/4532
f 4723/1286/4533 4722/1285/4532 4721/1284/4531
f 4724/1287/4534 4713/1276/4523 4711/1274/4521
f 4725/1288/4535 4724/1287/4534 4711/1274/4521
f 4724/1287/4534 4725/1288/4535 4726/1289/4536
f 4725/1288/4535 4727/1290/4537 4726/1289/4536
f 4724/1287/4534 4726/1289/4536 4728/1291/4538
f 4729/1292/4539 4724/1287/4534 4728/1291/4538
f 4719/1282/4529 4718/1281/4528 4729/1292/4539
f 4730/1293/4540 4719/1282/4529 4729/1292/4539
f 4721/1284/4531 4719/1282/4529 4730/1293/4540
f 4713/1276/4523 4724/1287/4534 4729/1292/4539
f 4718/1281/4528 4713/1276/4523 4729/1292/4539
f 4729/1292/4539 4728/1291/4538 4731/1294/4541
f 4730/1293/4540 4729/1292/4539 4731/1294/4541
f 4730/1293/4540 4731/1294/4541 4732/1295/4542
f 4733/1296/4543 4730/1293/4540 4732/1295/4542
f 4733/1296/4543 4721/1284/4531 4730/1293/4540
f 4723/1286/4533 4721/1284/4531 4733/1296/4543
f 4733/1296/4543 4732/1295/4542 4734/1297/4544
f 4735/1298/4545 4733/1296/4543 4734/1297/4544
f 4735/1298/4545 4723/1286/4533 4733/1296/4543
f 4736/1299/4546 4734/1297/4544 4732/1295/4542
f 4737/1300/4547 4736/1299/4546 4732/1295/4542
f 4737/1300/4547 4732/1295/4542 4731/1294/4541
f 4738/1301/4548 4736/1299/4546 4737/1300/4547
f 4739/1302/4549 4738/1301/4548 4737/1300/4547
f 4738/1301/4548 4739/1302/4549 4740/1303/4550
f 4740/1303/4550 4739/1302/4549 4741/1304/4551
f 4741/1304/4551 4739/1302/4549 4737/1300/4547
f 4742/1305/4552 4740/1303/4550 4741/1304/4551
f 4743/1306/4553 4740/1303/4550 4742/1305/4552
f 4744/1307/4554 4743/1306/4553 4742/1305/4552
f 4745/1308/4555 4743/1306/4553 4744/1307/4554
f 4746/1309/4556 4745/1308/4555 4744/1307/4554
f 4747/1310/4557 4738/1301/4548 4740/1303/4550
f 4747/1310/4557 4740/1303/4550 4743/1306/4553
f 4748/1311/4558 4747/1310/4557 4743/1306/4553
f 4748/1311/4558 4743/1306/4553 4745/1308/4555
f 4749/1312/4559 4748/1311/4558 4745/1308/4555
f 4742/1305/4552 4741/1304/4551 4750/1313/4560
f 4741/1304/4551 4751/1314/4561 4750/1313/4560
f 4750/1313/4560 4751/1314/4561 4752/1315/4562
f 4751/1314/4561 4753/1316/4563 4752/1315/4562
f 4752/1315/4562 4753/1316/4563 4754/1317/4564
f 4755/1318/4565 4752/1315/4562 4754/1317/4564
f 4756/1319/4566 4752/1315/4562 4755/1318/4565
f 4750/1313/4560 4752/1315/4562 4756/1319/4566
f 4757/1320/4567 4756/1319/4566 4755/1318/4565
f 4757/1320/4567 4755/1318/4565 4758/1321/4568
f 4759/1322/4569 4757/1320/4567 4758/1321/4568
f 4755/1318/4565 4754/1317/4564 4760/1323/4570
f 4758/1321/4568 4755/1318/4565 4760/1323/4570
f 4761/1324/4571 4750/1313/4560 4756/1319/4566
f 4761/1324/4571 4756/1319/4566 4762/1325/4572
f 4762/1325/4572 4756/1319/4566 4757/1320/4567
f 4763/1326/4573 4761/1324/4571 4762/1325/4572
f 4764/1327/4574 4762/1325/4572 4757/1320/4567
f 4764/1327/4574 4757/1320/4567 4759/1322/4569
f 4753/1316/4563 4751/1314/4561 4765/1328/4575
f 4754/1317/4564 4753/1316/4563 4765/1328/4575
f 4766/1329/4576 4754/1317/4564 4765/1328/4575
f 4760/1323/4570 4754/1317/4564 4766/1329/4576
f 4767/1330/4577 4760/1323/4570 4766/1329/4576
f 4760/1323/4570 4768/1331/4578 4758/1321/4568
f 4768/1331/4578 4760/1323/4570 4767/1330/4577
f 4768/1331/4578 4769/1332/4579 4758/1321/4568
f 4769/1332/4579 4768/1331/4578 4770/1333/4580
f 4771/1334/4581 4769/1332/4579 4770/1333/4580
f 4772/1335/4582 4769/1332/4579 4771/1334/4581
f 4758/1321/4568 4769/1332/4579 4772/1335/4582
f 4759/1322/4569 4758/1321/4568 4772/1335/4582
f 4773/1336/4583 4772/1335/4582 4771/1334/4581
f 4771/1334/4581 4770/1333/4580 4774/1337/4584
f 4770/1333/4580 4775/1338/4585 4774/1337/4584
f 4763/1326/4573 4762/1325/4572 4776/1339/4586
f 4776/1339/4586 4762/1325/4572 4764/1327/4574
f 4777/1340/4587 4763/1326/4573 4776/1339/4586
f 4746/1309/4556 4763/1326/4573 4777/1340/4587
f 4761/1324/4571 4763/1326/4573 4746/1309/4556
f 4744/1307/4554 4761/1324/4571 4746/1309/4556
f 4744/1307/4554 4742/1305/4552 4761/1324/4571
f 4742/1305/4552 4750/1313/4560 4761/1324/4571
f 4778/1341/4588 4746/1309/4556 4777/1340/4587
f 4778/1341/4588 4779/1342/4589 4746/1309/4556
f 4779/1342/4589 4745/1308/4555 4746/1309/4556
f 4749/1312/4559 4745/1308/4555 4779/1342/4589
f 4780/1343/4590 4749/1312/4559 4779/1342/4589
f 4774/1337/4584 4775/1338/4585 4781/1344/4591
f 4775/1338/4585 4782/1345/4592 4781/1344/4591
f 4781/1344/4591 4782/1345/4592 4783/1346/4593
f 4784/1347/4594 4781/1344/4591 4783/1346/4593
f 4785/1348/4595 4784/1347/4594 4783/1346/4593
f 4786/1349/4596 4785/1348/4595 4783/1346/4593
f 4785/1348/4595 4786/1349/4596 4787/1350/4597
f 4786/1349/4596 4788/1351/4598 4787/1350/4597
f 4789/1352/4599 4785/1348/4595 4787/1350/4597
f 4786/1349/4596 4790/1353/4600 4788/1351/4598
f 4786/1349/4596 4783/1346/4593 4790/1353/4600
f 4790/1353/4600 4791/1354/4601 4788/1351/4598
f 4783/1346/4593 4792/1355/4602 4790/1353/4600
f 4792/1355/4602 4783/1346/4593 4782/1345/4592
f 4793/1356/4603 4792/1355/4602 4782/1345/4592
f 4792/1355/4602 4793/1356/4603 4794/1357/4604
f 4795/1358/4605 4792/1355/4602 4794/1357/4604
f 4793/1356/4603 4782/1345/4592 4775/1338/4585
f 4796/1359/4606 4793/1356/4603 4775/1338/4585
f 4794/1357/4604 4793/1356/4603 4796/1359/4606
f 4797/1360/4607 4794/1357/4604 4796/1359/4606
f 4798/1361/4608 4794/1357/4604 4797/1360/4607
f 4799/1362/4609 4798/1361/4608 4797/1360/4607
f 4799/1362/4609 4716/1279/4526 4798/1361/4608
f 4716/1279/4526 4800/1363/4610 4798/1361/4608
f 4716/1279/4526 1732/459/4611 4800/1363/4610
f 4799/1362/4609 4801/1364/4612 4716/1279/4526
f 4801/1364/4612 4799/1362/4609 4797/1360/4607
f 4801/1364/4612 4710/1271/4520 4716/1279/4526
f 4801/1364/4612 4802/1365/4613 4710/1271/4520
f 4802/1365/4613 4709/1270/4517 4710/1271/4520
f 4802/1365/4613 4725/1288/4535 4709/1270/4517
f 4725/1288/4535 4711/1274/4521 4709/1270/4517
f 4798/1361/4608 4800/1363/4610 4803/1366/4614
f 4804/1367/4615 4798/1361/4608 4803/1366/4614
f 4804/1367/4615 4803/1366/4614 4805/1368/4616
f 4804/1367/4615 4805/1368/4616 4795/1358/4605
f 4805/1368/4616 4806/1369/4617 4795/1358/4605
f 4805/1368/4616 4807/1370/4618 4806/1369/4617
f 4807/1370/4618 4808/1371/4619 4806/1369/4617
f 4807/1370/4618 4809/1372/4620 4808/1371/4619
f 4809/1372/4620 4810/1373/4621 4808/1371/4619
f 4809/1372/4620 4811/1374/4622 4810/1373/4621
f 4811/1374/4622 4812/1375/4623 4810/1373/4621
f 4811/1374/4622 4813/1376/4624 4812/1375/4623
f 4813/1376/4624 4814/1377/4625 4812/1375/4623
f 4807/1370/4618 4815/1378/4626 4809/1372/4620
f 4815/1378/4626 4816/1379/4627 4809/1372/4620
f 4816/1379/4627 4815/1378/4626 4817/1380/4628
f 4816/1379/4627 4817/1380/4628 4818/1381/4629
f 4819/1382/4630 4816/1379/4627 4818/1381/4629
f 4809/1372/4620 4816/1379/4627 4819/1382/4630
f 4811/1374/4622 4809/1372/4620 4819/1382/4630
f 4815/1378/4626 4820/1383/4631 4817/1380/4628
f 4821/1384/4632 4820/1383/4631 4815/1378/4626
f 4822/1385/4633 4821/1384/4632 4815/1378/4626
f 4822/1385/4633 4815/1378/4626 4807/1370/4618
f 4805/1368/4616 4822/1385/4633 4807/1370/4618
f 4803/1366/4614 4822/1385/4633 4805/1368/4616
f 4813/1376/4624 4823/1386/4634 4814/1377/4625
f 4823/1386/4634 4824/1387/4635 4814/1377/4625
f 4811/1374/4622 4819/1382/4630 4825/1388/4636
f 4813/1376/4624 4811/1374/4622 4825/1388/4636
f 4819/1382/4630 4818/1381/4629 4825/1388/4636
f 4813/1376/4624 4825/1388/4636 4826/1389/4637
f 4823/1386/4634 4813/1376/4624 4826/1389/4637
f 4826/1389/4637 4825/1388/4636 4827/1390/4638
f 4818/1381/4629 4828/1391/4639 4825/1388/4636
f 4828/1391/4639 4827/1390/4638 4825/1388/4636
f 1731/458/4640 4821/1384/4632 4822/1385/4633
f 4803/1366/4614 1731/458/4640 4822/1385/4633
f 4827/1390/4638 4828/1391/4639 4829/1392/4641
f 4828/1391/4639 4830/1393/4642 4829/1392/4641
f 4829/1392/4641 4830/1393/4642 4831/1394/4643
f 4830/1393/4642 4832/1395/4644 4831/1394/4643
f 4833/1396/4645 4830/1393/4642 4828/1391/4639
f 4832/1395/4644 4830/1393/4642 4833/1396/4645
f 4818/1381/4629 4833/1396/4645 4828/1391/4639
f 1730/457/4646 1731/458/4640 4803/1366/4614
f 4833/1396/4645 4818/1381/4629 4834/1397/4647
f 4818/1381/4629 4817/1380/4628 4834/1397/4647
f 4834/1397/4647 4817/1380/4628 1768/544/4648
f 1771/548/4649 1768/544/4648 4817/1380/4628
f 4817/1380/4628 4820/1383/4631 1771/548/4649
f 4820/1383/4631 1772/550/4650 1771/548/4649
f 1772/550/4650 4820/1383/4631 4821/1384/4632
f 4821/1384/4632 1731/458/4640 1773/553/4651
f 1773/553/4651 1772/550/4650 4821/1384/4632
f 4831/1394/4643 4832/1395/4644 1780/567/4652
f 4832/1395/4644 1770/547/4653 1780/567/4652
f 4832/1395/4644 4833/1396/4645 1770/547/4653
f 4833/1396/4645 1769/545/4654 1770/547/4653
f 1769/545/4654 4833/1396/4645 4834/1397/4647
f 1768/544/4648 1769/545/4654 4834/1397/4647
f 4803/1366/4614 4800/1363/4610 1730/457/4646
f 1730/457/4646 4800/1363/4610 1732/459/4611
f 1732/459/4611 4715/1278/4525 1733/461/4655
f 1733/461/4655 4715/1278/4525 1734/467/4656
f 4715/1278/4525 4707/1272/4519 1734/467/4656
f 4707/1272/4519 1735/469/4657 1734/467/4656
f 4707/1272/4519 4708/1273/4518 1735/469/4657
f 4708/1273/4518 4835/1398/4658 1735/469/4657
f 4715/1278/4525 1732/459/4611 4716/1279/4526
f 4708/1273/4518 4712/1275/4522 4835/1398/4658
f 4712/1275/4522 4836/1399/4659 4835/1398/4658
f 4712/1275/4522 4714/1277/4524 4836/1399/4659
f 4714/1277/4524 4837/1400/4660 4836/1399/4659
f 4837/1400/4660 4714/1277/4524 4717/1280/4527
f 4838/1401/4661 4837/1400/4660 4717/1280/4527
f 4717/1280/4527 4720/1283/4530 4838/1401/4661
f 4720/1283/4530 4839/1402/4662 4838/1401/4661
f 4840/1403/4663 4838/1401/4661 4839/1402/4662
f 4841/1404/4664 4840/1403/4663 4839/1402/4662
f 4840/1403/4663 4841/1404/4664 4842/1405/4665
f 4720/1283/4530 4722/1285/4532 4839/1402/4662
f 4722/1285/4532 4843/1406/4666 4839/1402/4662
f 4841/1404/4664 4839/1402/4662 4843/1406/4666
f 4844/1407/4667 4841/1404/4664 4843/1406/4666
f 4841/1404/4664 4844/1407/4667 4842/1405/4665
f 4835/1398/4658 4836/1399/4659 1736/471/4668
f 4836/1399/4659 1737/473/4669 1736/471/4668
f 1736/471/4668 1735/469/4657 4835/1398/4658
f 4840/1403/4663 4845/1408/4670 4838/1401/4661
f 4838/1401/4661 4845/1408/4670 4837/1400/4660
f 4837/1400/4660 4845/1408/4670 4846/1409/4671
f 4837/1400/4660 4846/1409/4671 4836/1399/4659
f 1737/473/4669 4836/1399/4659 4846/1409/4671
f 1738/475/4672 1737/473/4669 4846/1409/4671
f 1738/475/4672 4846/1409/4671 4845/1408/4670
f 1744/483/4673 1738/475/4672 4845/1408/4670
f 4845/1408/4670 4840/1403/4663 1744/483/4673
f 4840/1403/4663 1745/485/4674 1744/483/4673
f 1745/485/4674 4840/1403/4663 4842/1405/4665
f 1746/487/4675 1745/485/4674 4842/1405/4665
f 4844/1407/4667 1747/489/4676 1746/487/4675
f 4842/1405/4665 4844/1407/4667 1746/487/4675
f 4849/1410/4677 4848/1413/4678 4847/1412/4679
f 4850/1411/4680 4849/1410/4677 4847/1412/4679
f 4849/1410/4677 4851/1414/4681 4848/1413/4678
f 4851/1414/4681 1776/559/4682 4848/1413/4678
f 4852/1415/4683 4849/1410/4677 4850/1411/4680
f 4853/1416/4684 4852/1415/4683 4850/1411/4680
f 4854/1417/4685 4851/1414/4681 4849/1410/4677
f 4852/1415/4683 4854/1417/4685 4849/1410/4677
f 4854/1417/4685 4855/1418/4686 4851/1414/4681
f 4855/1418/4686 4856/1419/4687 4851/1414/4681
f 4851/1414/4681 4856/1419/4687 1776/559/4682
f 4853/1416/4684 4850/1411/4680 4857/1420/4688
f 4850/1411/4680 4847/1412/4679 4857/1420/4688
f 4858/1421/4689 4853/1416/4684 4857/1420/4688
f 4859/1422/4690 4852/1415/4683 4853/1416/4684
f 4860/1423/4691 4859/1422/4690 4853/1416/4684
f 4853/1416/4684 4858/1421/4689 4860/1423/4691
f 4861/1424/4692 4859/1422/4690 4860/1423/4691
f 4861/1424/4692 4862/1425/4693 4859/1422/4690
f 4862/1425/4693 4863/1426/4694 4859/1422/4690
f 4863/1426/4694 4854/1417/4685 4852/1415/4683
f 4859/1422/4690 4863/1426/4694 4852/1415/4683
f 4862/1425/4693 4864/1427/4695 4863/1426/4694
f 4864/1427/4695 4865/1428/4696 4863/1426/4694
f 4865/1428/4696 4855/1418/4686 4854/1417/4685
f 4863/1426/4694 4865/1428/4696 4854/1417/4685
f 4864/1427/4695 4866/1429/4697 4865/1428/4696
f 4866/1429/4697 4867/1430/4698 4865/1428/4696
f 4865/1428/4696 4867/1430/4698 4855/1418/4686
f 4866/1429/4697 1597/67/4699 4867/1430/4698
f 1597/67/4699 4868/1431/4700 4867/1430/4698
f 4869/1432/4701 4861/1424/4692 4860/1423/4691
f 1596/65/4702 4866/1429/4697 4864/1427/4695
f 4866/1429/4697 1596/65/4702 1597/67/4699
f 1595/56/4703 1596/65/4702 4864/1427/4695
f 1595/56/4703 4864/1427/4695 4862/1425/4693
f 4870/1433/4704 1595/56/4703 4862/1425/4693
f 4870/1433/4704 4862/1425/4693 4861/1424/4692
f 4871/1434/4705 4870/1433/4704 4861/1424/4692
f 4871/1434/4705 4861/1424/4692 4869/1432/4701
f 4872/1435/4706 4871/1434/4705 4869/1432/4701
f 4867/1430/4698 4868/1431/4700 4873/1436/4707
f 4867/1430/4698 4873/1436/4707 4855/1418/4686
f 4868/1431/4700 4874/1437/4708 4873/1436/4707
f 4872/1435/4706 4869/1432/4701 4875/1438/4709
f 4872/1435/4706 4875/1438/4709 1591/49/4710
f 1592/50/4711 4872/1435/4706 1591/49/4710
f 4872/1435/4706 1592/50/4711 4871/1434/4705
f 4869/1432/4701 4876/1439/4712 4875/1438/4709
f 4869/1432/4701 4860/1423/4691 4876/1439/4712
f 4860/1423/4691 4877/1440/4713 4876/1439/4712
f 4860/1423/4691 4858/1421/4689 4877/1440/4713
f 4877/1440/4713 4858/1421/4689 4878/1441/4714
f 4858/1421/4689 4857/1420/4688 4878/1441/4714
f 4857/1420/4688 4879/1442/4715 4878/1441/4714
f 4879/1442/4715 4880/1443/4716 4878/1441/4714
f 4881/1444/4717 4878/1441/4714 4880/1443/4716
f 4878/1441/4714 4881/1444/4717 4877/1440/4713
f 4882/1445/4718 4881/1444/4717 4880/1443/4716
f 4881/1444/4717 4882/1445/4718 4883/1446/4719
f 4882/1445/4718 4884/1447/4720 4883/1446/4719
f 4883/1446/4719 4884/1447/4720 4885/1448/4721
f 4886/1449/4722 4883/1446/4719 4885/1448/4721
f 4886/1449/4722 4885/1448/4721 4887/1450/4723
f 4888/1451/4724 4886/1449/4722 4887/1450/4723
f 4888/1451/4724 4887/1450/4723 4889/1452/4725
f 4890/1453/4726 4888/1451/4724 4889/1452/4725
f 4891/1454/4727 4888/1451/4724 4890/1453/4726
f 4892/1455/4728 4891/1454/4727 4890/1453/4726
f 4893/1456/4729 4891/1454/4727 4892/1455/4728
f 4894/1457/4730 4893/1456/4729 4892/1455/4728
f 4895/1458/4731 4893/1456/4729 4894/1457/4730
f 4896/1459/4732 4895/1458/4731 4894/1457/4730
f 4897/1460/4733 4886/1449/4722 4888/1451/4724
f 4891/1454/4727 4897/1460/4733 4888/1451/4724
f 1748/492/4734 4885/1448/4721 4884/1447/4720
f 1749/494/4735 4885/1448/4721 1748/492/4734
f 4887/1450/4723 4885/1448/4721 1749/494/4735
f 4887/1450/4723 1749/494/4735 4889/1452/4725
f 4898/1461/4736 1748/492/4734 4884/1447/4720
f 4896/1459/4732 4894/1457/4730 4899/1462/4737
f 4900/1463/4738 4896/1459/4732 4899/1462/4737
f 4900/1463/4738 4899/1462/4737 4901/1464/4739
f 4901/1464/4739 4899/1462/4737 4902/1465/4740
f 4899/1462/4737 4903/1466/4741 4902/1465/4740
f 4894/1457/4730 4892/1455/4728 4903/1466/4741
f 4899/1462/4737 4894/1457/4730 4903/1466/4741
f 4901/1464/4739 4902/1465/4740 1758/513/4742
f 1759/515/4743 4901/1464/4739 1758/513/4742
f 1763/541/4744 4900/1463/4738 4901/1464/4739
f 4901/1464/4739 1759/515/4743 1763/541/4744
f 4902/1465/4740 4903/1466/4741 4904/1467/4745
f 4903/1466/4741 4905/1468/4746 4904/1467/4745
f 4903/1466/4741 4892/1455/4728 4905/1468/4746
f 4892/1455/4728 4890/1453/4726 4905/1468/4746
f 4905/1468/4746 4890/1453/4726 1751/498/4747
f 4890/1453/4726 4889/1452/4725 1751/498/4747
f 1749/494/4735 1750/496/4748 4889/1452/4725
f 1751/498/4747 4889/1452/4725 1750/496/4748
f 4905/1468/4746 1751/498/4747 1752/500/4749
f 4904/1467/4745 4905/1468/4746 1752/500/4749
f 1757/511/4750 1758/513/4742 4902/1465/4740
f 4904/1467/4745 1757/511/4750 4902/1465/4740
f 4904/1467/4745 1752/500/4749 1755/507/4751
f 1757/511/4750 4904/1467/4745 1755/507/4751
f 4900/1463/4738 1763/541/4744 1764/535/4752
f 4900/1463/4738 1764/535/4752 1765/536/4753
f 4896/1459/4732 4900/1463/4738 1765/536/4753
f 4895/1458/4731 4896/1459/4732 1765/536/4753
f 1766/540/4754 4895/1458/4731 1765/536/4753
f 4895/1458/4731 1766/540/4754 1767/539/4755
f 4906/1469/4756 4895/1458/4731 1767/539/4755
f 4875/1438/4709 4906/1469/4756 1767/539/4755
f 1591/49/4710 4875/1438/4709 1767/539/4755
f 4906/1469/4756 4907/1470/4757 4895/1458/4731
f 4907/1470/4757 4893/1456/4729 4895/1458/4731
f 4893/1456/4729 4907/1470/4757 4891/1454/4727
f 4907/1470/4757 4897/1460/4733 4891/1454/4727
f 4907/1470/4757 4906/1469/4756 4908/1471/4758
f 4875/1438/4709 4908/1471/4758 4906/1469/4756
f 4875/1438/4709 4876/1439/4712 4908/1471/4758
f 4897/1460/4733 4907/1470/4757 4909/1472/4759
f 4908/1471/4758 4909/1472/4759 4907/1470/4757
f 4897/1460/4733 4909/1472/4759 4886/1449/4722
f 4909/1472/4759 4883/1446/4719 4886/1449/4722
f 4910/1473/4760 4909/1472/4759 4908/1471/4758
f 4876/1439/4712 4910/1473/4760 4908/1471/4758
f 4877/1440/4713 4910/1473/4760 4876/1439/4712
f 4881/1444/4717 4883/1446/4719 4909/1472/4759
f 4910/1473/4760 4881/1444/4717 4909/1472/4759
f 4881/1444/4717 4910/1473/4760 4877/1440/4713
f 4913/1474/4761 4912/1477/4762 4911/1476/4763
f 4914/1475/4764 4913/1474/4761 4911/1476/4763
f 4911/1476/4763 4912/1477/4762 4915/1478/4765
f 4912/1477/4762 4916/1479/4766 4915/1478/4765
f 4912/1477/4762 4917/1480/4767 4916/1479/4766
f 4917/1480/4767 4912/1477/4762 4913/1474/4761
f 4917/1480/4767 4918/1481/4768 4916/1479/4766
f 4917/1480/4767 4919/1482/4769 4918/1481/4768
f 4919/1482/4769 4920/1483/4770 4918/1481/4768
f 4919/1482/4769 4921/1484/4771 4920/1483/4770
f 4921/1484/4771 4922/1485/4772 4920/1483/4770
f 4923/1486/4773 4917/1480/4767 4913/1474/4761
f 4917/1480/4767 4923/1486/4773 4924/1487/4774
f 4919/1482/4769 4917/1480/4767 4924/1487/4774
f 4925/1488/4775 4921/1484/4771 4919/1482/4769
f 4924/1487/4774 4925/1488/4775 4919/1482/4769
f 4926/1489/4776 4925/1488/4775 4924/1487/4774
f 4927/1490/4777 4926/1489/4776 4924/1487/4774
f 4924/1487/4774 4923/1486/4773 4927/1490/4777
f 4918/1481/4768 4920/1483/4770 4928/1491/4778
f 4929/1492/4779 4920/1483/4770 4922/1485/4772
f 4920/1483/4770 4929/1492/4779 4928/1491/4778
f 4918/1481/4768 4928/1491/4778 4930/1493/4780
f 4916/1479/4766 4918/1481/4768 4930/1493/4780
f 4916/1479/4766 4930/1493/4780 4931/1494/4781
f 4915/1478/4765 4916/1479/4766 4931/1494/4781
f 4928/1491/4778 4929/1492/4779 4812/1375/4623
f 4929/1492/4779 4810/1373/4621 4812/1375/4623
f 4929/1492/4779 4791/1354/4601 4810/1373/4621
f 4929/1492/4779 4922/1485/4772 4791/1354/4601
f 4791/1354/4601 4808/1371/4619 4810/1373/4621
f 4791/1354/4601 4790/1353/4600 4808/1371/4619
f 4790/1353/4600 4806/1369/4617 4808/1371/4619
f 4790/1353/4600 4792/1355/4602 4806/1369/4617
f 4792/1355/4602 4795/1358/4605 4806/1369/4617
f 4928/1491/4778 4812/1375/4623 4814/1377/4625
f 4930/1493/4780 4928/1491/4778 4814/1377/4625
f 4930/1493/4780 4814/1377/4625 4824/1387/4635
f 4931/1494/4781 4930/1493/4780 4824/1387/4635
f 4804/1367/4615 4795/1358/4605 4794/1357/4604
f 4798/1361/4608 4804/1367/4615 4794/1357/4604
f 4791/1354/4601 4922/1485/4772 4788/1351/4598
f 4788/1351/4598 4922/1485/4772 4921/1484/4771
f 4787/1350/4597 4788/1351/4598 4921/1484/4771
f 4787/1350/4597 4921/1484/4771 4925/1488/4775
f 4789/1352/4599 4787/1350/4597 4925/1488/4775
f 4789/1352/4599 4925/1488/4775 4926/1489/4776
f 4789/1352/4599 4926/1489/4776 4932/1495/4782
f 4933/1496/4783 4789/1352/4599 4932/1495/4782
f 4933/1496/4783 4785/1348/4595 4789/1352/4599
f 4785/1348/4595 4933/1496/4783 4784/1347/4594
f 4934/1497/4784 4926/1489/4776 4927/1490/4777
f 4927/1490/4777 4935/1498/4785 4934/1497/4784
f 4936/1499/4786 4935/1498/4785 4927/1490/4777
f 4923/1486/4773 4936/1499/4786 4927/1490/4777
f 4936/1499/4786 4923/1486/4773 4937/1500/4787
f 4923/1486/4773 4913/1474/4761 4937/1500/4787
f 4937/1500/4787 4913/1474/4761 4938/1501/4788
f 4913/1474/4761 4914/1475/4764 4938/1501/4788
f 4937/1500/4787 4938/1501/4788 4939/1502/4789
f 4940/1503/4790 4937/1500/4787 4939/1502/4789
f 4936/1499/4786 4937/1500/4787 4940/1503/4790
f 4935/1498/4785 4936/1499/4786 4940/1503/4790
f 4935/1498/4785 4940/1503/4790 4941/1504/4791
f 4944/1505/4792 4943/1508/4793 4942/1507/4794
f 4945/1506/4795 4944/1505/4792 4942/1507/4794
f 4943/1508/4793 4946/1509/4796 4942/1507/4794
f 4946/1509/4796 4947/1510/4797 4942/1507/4794
f 4947/1510/4797 4946/1509/4796 4948/1511/4798
f 4949/1512/4799 4947/1510/4797 4948/1511/4798
f 4948/1511/4798 4946/1509/4796 4950/1513/4800
f 4946/1509/4796 4951/1514/4801 4950/1513/4800
f 4950/1513/4800 4951/1514/4801 4952/1515/4802
f 4951/1514/4801 4953/1516/4803 4952/1515/4802
f 4942/1507/4794 4947/1510/4797 4954/1517/4804
f 4947/1510/4797 4955/1518/4805 4954/1517/4804
f 4955/1518/4805 4947/1510/4797 4949/1512/4799
f 4956/1519/4806 4955/1518/4805 4949/1512/4799
f 4948/1511/4798 4950/1513/4800 4957/1520/4807
f 4950/1513/4800 4958/1521/4808 4957/1520/4807
f 4950/1513/4800 4952/1515/4802 4958/1521/4808
f 4957/1520/4807 4958/1521/4808 4959/1522/4809
f 4958/1521/4808 4960/1523/4810 4959/1522/4809
f 4957/1520/4807 4959/1522/4809 4961/1524/4811
f 4962/1525/4812 4957/1520/4807 4961/1524/4811
f 4948/1511/4798 4957/1520/4807 4962/1525/4812
f 4949/1512/4799 4948/1511/4798 4962/1525/4812
f 4962/1525/4812 4961/1524/4811 4963/1526/4813
f 4964/1527/4814 4962/1525/4812 4963/1526/4813
f 4949/1512/4799 4962/1525/4812 4964/1527/4814
f 4956/1519/4806 4949/1512/4799 4964/1527/4814
f 4964/1527/4814 4963/1526/4813 4965/1528/4815
f 4963/1526/4813 4966/1529/4816 4965/1528/4815
f 4966/1529/4816 4967/1530/4817 4965/1528/4815
f 4967/1530/4817 4968/1531/4818 4965/1528/4815
f 4969/1532/4819 4968/1531/4818 4967/1530/4817
f 4964/1527/4814 4965/1528/4815 4970/1533/4820
f 4956/1519/4806 4964/1527/4814 4970/1533/4820
f 4970/1533/4820 4965/1528/4815 4968/1531/4818
f 4971/1534/4821 4970/1533/4820 4968/1531/4818
f 4968/1531/4818 4969/1532/4819 4971/1534/4821
f 4956/1519/4806 4970/1533/4820 4972/1535/4822
f 4955/1518/4805 4956/1519/4806 4972/1535/4822
f 4973/1536/4823 4972/1535/4822 4970/1533/4820
f 4971/1534/4821 4973/1536/4823 4970/1533/4820
f 4974/1537/4824 4973/1536/4823 4971/1534/4821
f 4974/1537/4824 4971/1534/4821 4969/1532/4819
f 4969/1532/4819 4975/1538/4825 4974/1537/4824
f 4972/1535/4822 4976/1539/4826 4955/1518/4805
f 4972/1535/4822 4973/1536/4823 4976/1539/4826
f 4976/1539/4826 4954/1517/4804 4955/1518/4805
f 4976/1539/4826 1644/191/4827 4954/1517/4804
f 1644/191/4827 4977/1540/4828 4954/1517/4804
f 4942/1507/4794 4954/1517/4804 4977/1540/4828
f 4945/1506/4795 4942/1507/4794 4977/1540/4828
f 4977/1540/4828 1643/190/4829 4945/1506/4795
f 4977/1540/4828 1644/191/4827 1643/190/4829
f 1643/190/4829 1642/187/4830 4945/1506/4795
f 1642/187/4830 1641/185/4831 4945/1506/4795
f 1641/185/4831 4944/1505/4792 4945/1506/4795
f 4944/1505/4792 1641/185/4831 1640/183/4832
f 4978/1541/4833 4944/1505/4792 1640/183/4832
f 4944/1505/4792 4978/1541/4833 4943/1508/4793
f 4978/1541/4833 4979/1542/4834 4943/1508/4793
f 4946/1509/4796 4943/1508/4793 4979/1542/4834
f 4951/1514/4801 4946/1509/4796 4979/1542/4834
f 4978/1541/4833 1639/181/4835 4979/1542/4834
f 4978/1541/4833 1640/183/4832 1639/181/4835
f 1639/181/4835 4980/1543/4836 4979/1542/4834
f 4951/1514/4801 4979/1542/4834 4980/1543/4836
f 4953/1516/4803 4951/1514/4801 4980/1543/4836
f 4953/1516/4803 4980/1543/4836 1638/179/4837
f 1638/179/4837 4980/1543/4836 1639/181/4835
f 4953/1516/4803 1638/179/4837 1637/177/4838
f 4981/1544/4839 4953/1516/4803 1637/177/4838
f 4953/1516/4803 4981/1544/4839 4952/1515/4802
f 4981/1544/4839 4982/1545/4840 4952/1515/4802
f 4982/1545/4840 4981/1544/4839 4983/1546/4841
f 4981/1544/4839 4984/1547/4842 4983/1546/4841
f 4983/1546/4841 4984/1547/4842 4985/1548/4843
f 4984/1547/4842 4986/1549/4844 4985/1548/4843
f 4984/1547/4842 1635/173/4845 4986/1549/4844
f 1635/173/4845 4987/1550/4846 4986/1549/4844
f 1635/173/4845 1634/172/4847 4987/1550/4846
f 4987/1550/4846 1634/172/4847 4988/1551/4848
f 1634/172/4847 4989/1552/4849 4988/1551/4848
f 1634/172/4847 1632/170/4850 4989/1552/4849
f 4988/1551/4848 4989/1552/4849 4990/1553/4851
f 4989/1552/4849 4991/1554/4852 4990/1553/4851
f 4989/1552/4849 1632/170/4850 4991/1554/4852
f 4992/1555/4853 4991/1554/4852 1632/170/4850
f 4993/1556/4854 4990/1553/4851 4991/1554/4852
f 4994/1557/4855 4993/1556/4854 4991/1554/4852
f 4994/1557/4855 4991/1554/4852 4992/1555/4853
f 4993/1556/4854 4994/1557/4855 4995/1558/4856
f 4994/1557/4855 4996/1559/4857 4995/1558/4856
f 4995/1558/4856 4996/1559/4857 4997/1560/4858
f 4996/1559/4857 4998/1561/4859 4997/1560/4858
f 4998/1561/4859 4999/1562/4860 4997/1560/4858
f 4998/1561/4859 5000/1563/4861 4999/1562/4860
f 5000/1563/4861 5001/1564/4862 4999/1562/4860
f 5001/1564/4862 5000/1563/4861 5002/1565/4863
f 5000/1563/4861 5003/1566/4864 5002/1565/4863
f 4999/1562/4860 5004/1567/4865 4997/1560/4858
f 5005/1568/4866 5003/1566/4864 5000/1563/4861
f 5006/1569/4867 5005/1568/4866 5000/1563/4861
f 5006/1569/4867 5000/1563/4861 4998/1561/4859
f 4996/1559/4857 5006/1569/4867 4998/1561/4859
f 5005/1568/4866 5007/1570/4868 5003/1566/4864
f 5007/1570/4868 5008/1571/4869 5003/1566/4864
f 5003/1566/4864 5008/1571/4869 5002/1565/4863
f 5007/1570/4868 5005/1568/4866 5009/1572/4870
f 5007/1570/4868 5010/1573/4871 5008/1571/4869
f 5010/1573/4871 5011/1574/4872 5008/1571/4869
f 5012/1575/4873 5011/1574/4872 5010/1573/4871
f 5013/1576/4874 5012/1575/4873 5010/1573/4871
f 5014/1577/4875 5012/1575/4873 5013/1576/4874
f 5014/1577/4875 5013/1576/4874 5015/1578/4876
f 5013/1576/4874 5016/1579/4877 5015/1578/4876
f 5016/1579/4877 5017/1580/4878 5015/1578/4876
f 5017/1580/4878 5018/1581/4879 5015/1578/4876
f 5018/1581/4879 5019/1582/4880 5015/1578/4876
f 5019/1582/4880 5020/1583/4881 5015/1578/4876
f 5020/1583/4881 5021/1584/4882 5015/1578/4876
f 5015/1578/4876 5021/1584/4882 5014/1577/4875
f 5019/1582/4880 5022/1585/4883 5020/1583/4881
f 1615/132/4884 5022/1585/4883 5019/1582/4880
f 1616/134/4885 1615/132/4884 5019/1582/4880
f 1616/134/4885 5019/1582/4880 5018/1581/4879
f 5023/1586/4886 5022/1585/4883 1615/132/4884
f 1613/127/4887 5023/1586/4886 1615/132/4884
f 5023/1586/4886 1613/127/4887 1612/125/4888
f 5023/1586/4886 5024/1587/4889 5022/1585/4883
f 5024/1587/4889 5025/1588/4890 5022/1585/4883
f 5022/1585/4883 5025/1588/4890 5020/1583/4881
f 5020/1583/4881 5025/1588/4890 5021/1584/4882
f 5025/1588/4890 5024/1587/4889 5026/1589/4891
f 5025/1588/4890 5026/1589/4891 5021/1584/4882
f 5024/1587/4889 5027/1590/4892 5026/1589/4891
f 5024/1587/4889 5028/1591/4893 5027/1590/4892
f 5024/1587/4889 5023/1586/4886 5028/1591/4893
f 5028/1591/4893 5023/1586/4886 1612/125/4888
f 5028/1591/4893 1612/125/4888 5029/1592/4894
f 1612/125/4888 1611/123/4895 5029/1592/4894
f 5028/1591/4893 5029/1592/4894 5030/1593/4896
f 5028/1591/4893 5030/1593/4896 5027/1590/4892
f 5030/1593/4896 5029/1592/4894 5031/1594/4897
f 5031/1594/4897 5029/1592/4894 5032/1595/4898
f 5031/1594/4897 5032/1595/4898 5033/1596/4899
f 5034/1597/4900 5031/1594/4897 5033/1596/4899
f 5029/1592/4894 5035/1598/4901 5032/1595/4898
f 5029/1592/4894 1611/123/4895 5035/1598/4901
f 5036/1599/4902 5031/1594/4897 5034/1597/4900
f 5036/1599/4902 5030/1593/4896 5031/1594/4897
f 5037/1600/4903 5036/1599/4902 5034/1597/4900
f 5038/1601/4904 5036/1599/4902 5037/1600/4903
f 5030/1593/4896 5036/1599/4902 5038/1601/4904
f 5027/1590/4892 5030/1593/4896 5038/1601/4904
f 5039/1602/4905 5038/1601/4904 5037/1600/4903
f 5040/1603/4906 5038/1601/4904 5039/1602/4905
f 5027/1590/4892 5038/1601/4904 5040/1603/4906
f 5026/1589/4891 5027/1590/4892 5040/1603/4906
f 5041/1604/4907 5040/1603/4906 5039/1602/4905
f 5042/1605/4908 5033/1596/4899 5032/1595/4898
f 5043/1606/4909 5042/1605/4908 5032/1595/4898
f 5043/1606/4909 5032/1595/4898 5035/1598/4901
f 5044/1607/4910 5043/1606/4909 5035/1598/4901
f 5045/1608/4911 5043/1606/4909 5044/1607/4910
f 5046/1609/4912 5045/1608/4911 5044/1607/4910
f 5047/1610/4913 5042/1605/4908 5043/1606/4909
f 5045/1608/4911 5047/1610/4913 5043/1606/4909
f 5048/1611/4914 5040/1603/4906 5041/1604/4907
f 5026/1589/4891 5040/1603/4906 5048/1611/4914
f 5021/1584/4882 5026/1589/4891 5048/1611/4914
f 5049/1612/4915 5048/1611/4914 5041/1604/4907
f 5044/1607/4910 5050/1613/4916 5046/1609/4912
f 5044/1607/4910 5035/1598/4901 5050/1613/4916
f 5035/1598/4901 1610/121/4917 5050/1613/4916
f 1611/123/4895 1610/121/4917 5035/1598/4901
f 5050/1613/4916 5051/1614/4918 5046/1609/4912
f 5051/1614/4918 5050/1613/4916 5052/1615/4919
f 5053/1616/4920 5051/1614/4918 5052/1615/4919
f 5053/1616/4920 5052/1615/4919 5054/1617/4921
f 5055/1618/4922 5053/1616/4920 5054/1617/4921
f 5054/1617/4921 5056/1619/4923 5055/1618/4922
f 5056/1619/4923 5057/1620/4924 5055/1618/4922
f 5055/1618/4922 5057/1620/4924 5058/1621/4925
f 5055/1618/4922 5058/1621/4925 5053/1616/4920
f 5057/1620/4924 5059/1622/4926 5058/1621/4925
f 5058/1621/4925 5060/1623/4927 5053/1616/4920
f 5053/1616/4920 5060/1623/4927 5051/1614/4918
f 5059/1622/4926 5061/1624/4928 5058/1621/4925
f 5061/1624/4928 5062/1625/4929 5058/1621/4925
f 5058/1621/4925 5062/1625/4929 5060/1623/4927
f 5061/1624/4928 5063/1626/4930 5062/1625/4929
f 5063/1626/4930 5064/1627/4931 5062/1625/4929
f 5062/1625/4929 5064/1627/4931 5065/1628/4932
f 5062/1625/4929 5065/1628/4932 5060/1623/4927
f 5064/1627/4931 5066/1629/4933 5065/1628/4932
f 5065/1628/4932 5066/1629/4933 5067/1630/4934
f 5066/1629/4933 5068/1631/4935 5067/1630/4934
f 5069/1632/4936 5067/1630/4934 5068/1631/4935
f 5069/1632/4936 5070/1633/4937 5067/1630/4934
f 5067/1630/4934 5070/1633/4937 5071/1634/4938
f 5071/1634/4938 5070/1633/4937 5072/1635/4939
f 5072/1635/4939 5070/1633/4937 5069/1632/4936
f 5073/1636/4940 5071/1634/4938 5072/1635/4939
f 5074/1637/4941 5067/1630/4934 5071/1634/4938
f 5065/1628/4932 5067/1630/4934 5074/1637/4941
f 5060/1623/4927 5065/1628/4932 5074/1637/4941
f 5051/1614/4918 5074/1637/4941 5071/1634/4938
f 5060/1623/4927 5074/1637/4941 5051/1614/4918
f 5046/1609/4912 5051/1614/4918 5071/1634/4938
f 5071/1634/4938 5073/1636/4940 5046/1609/4912
f 5072/1635/4939 5075/1638/4942 5073/1636/4940
f 5076/1639/4943 5075/1638/4942 5072/1635/4939
f 5077/1640/4944 5076/1639/4943 5072/1635/4939
f 5077/1640/4944 5072/1635/4939 5069/1632/4936
f 5078/1641/4945 5076/1639/4943 5077/1640/4944
f 5079/1642/4946 5078/1641/4945 5077/1640/4944
f 5077/1640/4944 5069/1632/4936 5079/1642/4946
f 5069/1632/4936 5080/1643/4947 5079/1642/4946
f 5075/1638/4942 5081/1644/4948 5073/1636/4940
f 5073/1636/4940 5045/1608/4911 5046/1609/4912
f 5073/1636/4940 5081/1644/4948 5045/1608/4911
f 5081/1644/4948 5047/1610/4913 5045/1608/4911
f 5079/1642/4946 5080/1643/4947 5082/1645/4949
f 5080/1643/4947 5083/1646/4950 5082/1645/4949
f 5082/1645/4949 5083/1646/4950 5084/1647/4951
f 5085/1648/4952 5082/1645/4949 5084/1647/4951
f 5085/1648/4952 5086/1649/4953 5082/1645/4949
f 5086/1649/4953 5087/1650/4954 5082/1645/4949
f 5087/1650/4954 5078/1641/4945 5079/1642/4946
f 5082/1645/4949 5087/1650/4954 5079/1642/4946
f 5090/1651/4955 5089/1654/4956 5088/1653/4957
f 5091/1652/4958 5090/1651/4955 5088/1653/4957
f 5092/1655/4959 5090/1651/4955 5091/1652/4958
f 5093/1656/4960 5092/1655/4959 5091/1652/4958
f 5092/1655/4959 5093/1656/4960 5094/1657/4961
f 5093/1656/4960 5095/1658/4962 5094/1657/4961
f 5094/1657/4961 5095/1658/4962 5096/1659/4963
f 5097/1660/4964 5094/1657/4961 5096/1659/4963
f 5093/1656/4960 5091/1652/4958 5098/1661/4965
f 5099/1662/4966 5093/1656/4960 5098/1661/4965
f 5091/1652/4958 5088/1653/4957 5100/1663/4967
f 5098/1661/4965 5091/1652/4958 5100/1663/4967
f 5097/1660/4964 5096/1659/4963 5101/1664/4968
f 5102/1665/4969 5097/1660/4964 5101/1664/4968
f 5101/1664/4968 5096/1659/4963 5103/1666/4970
f 5101/1664/4968 5103/1666/4970 1693/334/4971
f 1694/335/4972 5101/1664/4968 1693/334/4971
f 5102/1665/4969 5101/1664/4968 1694/335/4972
f 5096/1659/4963 5104/1667/4973 5103/1666/4970
f 5096/1659/4963 5095/1658/4962 5104/1667/4973
f 5095/1658/4962 5105/1668/4974 5104/1667/4973
f 5105/1668/4974 5095/1658/4962 5093/1656/4960
f 5099/1662/4966 5105/1668/4974 5093/1656/4960
f 5092/1655/4959 5094/1657/4961 5106/1669/4975
f 5094/1657/4961 5107/1670/4976 5106/1669/4975
f 5094/1657/4961 5097/1660/4964 5107/1670/4976
f 5108/1671/4977 5106/1669/4975 5107/1670/4976
f 5106/1669/4975 5109/1672/4978 5092/1655/4959
f 5109/1672/4978 5090/1651/4955 5092/1655/4959
f 5109/1672/4978 5110/1673/4979 5090/1651/4955
f 5110/1673/4979 5089/1654/4956 5090/1651/4955
f 5111/1674/4980 5109/1672/4978 5106/1669/4975
f 5106/1669/4975 5108/1671/4977 5111/1674/4980
f 5112/1675/4981 5111/1674/4980 5108/1671/4977
f 5111/1674/4980 5112/1675/4981 5113/1676/4982
f 5112/1675/4981 5114/1677/4983 5113/1676/4982
f 5115/1678/4984 5114/1677/4983 5112/1675/4981
f 5116/1679/4985 5114/1677/4983 5115/1678/4984
f 5117/1680/4986 5116/1679/4985 5115/1678/4984
f 5118/1681/4987 5115/1678/4984 5112/1675/4981
f 5118/1681/4987 5119/1682/4988 5115/1678/4984
f 5119/1682/4988 5120/1683/4989 5115/1678/4984
f 5115/1678/4984 5120/1683/4989 5117/1680/4986
f 5119/1682/4988 5121/1684/4990 5120/1683/4989
f 5121/1684/4990 5122/1685/4991 5120/1683/4989
f 5122/1685/4991 5121/1684/4990 4967/1530/4817
f 4966/1529/4816 5122/1685/4991 4967/1530/4817
f 5123/1686/4992 5118/1681/4987 5112/1675/4981
f 5108/1671/4977 5123/1686/4992 5112/1675/4981
f 4966/1529/4816 4963/1526/4813 5122/1685/4991
f 4963/1526/4813 5124/1687/4993 5122/1685/4991
f 4963/1526/4813 4961/1524/4811 5124/1687/4993
f 5125/1688/4994 5124/1687/4993 4961/1524/4811
f 4959/1522/4809 5125/1688/4994 4961/1524/4811
f 5124/1687/4993 5125/1688/4994 5126/1689/4995
f 5120/1683/4989 5126/1689/4995 5117/1680/4986
f 5122/1685/4991 5124/1687/4993 5126/1689/4995
f 5120/1683/4989 5122/1685/4991 5126/1689/4995
f 5117/1680/4986 5126/1689/4995 5127/1690/4996
f 5125/1688/4994 5127/1690/4996 5126/1689/4995
f 5128/1691/4997 5117/1680/4986 5127/1690/4996
f 5116/1679/4985 5117/1680/4986 5128/1691/4997
f 5129/1692/4998 5116/1679/4985 5128/1691/4997
f 4959/1522/4809 4960/1523/4810 5125/1688/4994
f 4960/1523/4810 5130/1693/4999 5125/1688/4994
f 5127/1690/4996 5125/1688/4994 5130/1693/4999
f 5130/1693/4999 4960/1523/4810 5131/1694/5000
f 5132/1695/5001 5131/1694/5000 4960/1523/4810
f 4958/1521/4808 5132/1695/5001 4960/1523/4810
f 4952/1515/4802 5132/1695/5001 4958/1521/4808
f 4952/1515/4802 4982/1545/4840 5132/1695/5001
f 4982/1545/4840 5133/1696/5002 5132/1695/5001
f 5132/1695/5001 5133/1696/5002 5131/1694/5000
f 5133/1696/5002 5134/1697/5003 5131/1694/5000
f 5133/1696/5002 4982/1545/4840 5135/1698/5004
f 5133/1696/5002 5135/1698/5004 5134/1697/5003
f 4982/1545/4840 4983/1546/4841 5135/1698/5004
f 5135/1698/5004 4983/1546/4841 5136/1699/5005
f 4983/1546/4841 4985/1548/4843 5136/1699/5005
f 5136/1699/5005 4985/1548/4843 5137/1700/5006
f 4985/1548/4843 5138/1701/5007 5137/1700/5006
f 5137/1700/5006 5138/1701/5007 5139/1702/5008
f 5138/1701/5007 5140/1703/5009 5139/1702/5008
f 5138/1701/5007 5141/1704/5010 5140/1703/5009
f 5141/1704/5010 5142/1705/5011 5140/1703/5009
f 5139/1702/5008 5140/1703/5009 5143/1706/5012
f 5140/1703/5009 5144/1707/5013 5143/1706/5012
f 5144/1707/5013 5140/1703/5009 5142/1705/5011
f 5143/1706/5012 5144/1707/5013 5145/1708/5014
f 5144/1707/5013 5146/1709/5015 5145/1708/5014
f 5146/1709/5015 5147/1710/5016 5145/1708/5014
f 5147/1710/5016 5148/1711/5017 5145/1708/5014
f 5148/1711/5017 5149/1712/5018 5145/1708/5014
f 5149/1712/5018 5150/1713/5019 5145/1708/5014
f 5145/1708/5014 5150/1713/5019 5143/1706/5012
f 5148/1711/5017 5147/1710/5016 5151/1714/5020
f 5147/1710/5016 5152/1715/5021 5151/1714/5020
f 5153/1716/5022 5151/1714/5020 5152/1715/5021
f 5154/1717/5023 5153/1716/5022 5152/1715/5021
f 5155/1718/5024 5153/1716/5022 5154/1717/5023
f 5155/1718/5024 5156/1719/5025 5153/1716/5022
f 5156/1719/5025 5155/1718/5024 5157/1720/5026
f 5155/1718/5024 5158/1721/5027 5157/1720/5026
f 5155/1718/5024 5159/1722/5028 5158/1721/5027
f 5159/1722/5028 5155/1718/5024 5154/1717/5023
f 5159/1722/5028 5160/1723/5029 5158/1721/5027
f 5160/1723/5029 5159/1722/5028 5161/1724/5030
f 5159/1722/5028 5162/1725/5031 5161/1724/5030
f 5156/1719/5025 5163/1726/5032 5153/1716/5022
f 5159/1722/5028 5154/1717/5023 5164/1727/5033
f 5162/1725/5031 5159/1722/5028 5164/1727/5033
f 5154/1717/5023 5152/1715/5021 5164/1727/5033
f 5153/1716/5022 5163/1726/5032 5165/1728/5034
f 5151/1714/5020 5153/1716/5022 5165/1728/5034
f 5152/1715/5021 5166/1729/5035 5164/1727/5033
f 5166/1729/5035 5152/1715/5021 5167/1730/5036
f 5152/1715/5021 5147/1710/5016 5167/1730/5036
f 5166/1729/5035 5167/1730/5036 5004/1567/4865
f 5167/1730/5036 5147/1710/5016 5146/1709/5015
f 5168/1731/5037 5167/1730/5036 5146/1709/5015
f 5169/1733/5038 5165/1728/5034 5163/1726/5032
f 5165/1728/5034 5169/1733/5038 5170/1734/5039
f 5149/1712/5018 5165/1728/5034 5170/1734/5039
f 5149/1712/5018 5148/1711/5017 5165/1728/5034
f 5148/1711/5017 5151/1714/5020 5165/1728/5034
f 5170/1734/5039 5171/1735/5040 5149/1712/5018
f 5171/1735/5040 5150/1713/5019 5149/1712/5018
f 5172/1736/5041 5170/1734/5039 5169/1733/5038
f 5171/1735/5040 5170/1734/5039 5172/1736/5041
f 5173/1737/5042 5172/1736/5041 5169/1733/5038
f 5173/1737/5042 5169/1733/5038 5174/1738/5043
f 5174/1738/5043 5169/1733/5038 5163/1726/5032
f 5175/1739/5044 5174/1738/5043 5163/1726/5032
f 5156/1719/5025 5175/1739/5044 5163/1726/5032
f 5176/1732/5045 5175/1739/5044 5156/1719/5025
f 5157/1720/5026 5176/1732/5045 5156/1719/5025
f 5177/1740/5046 5173/1737/5042 5174/1738/5043
f 5177/1740/5046 5174/1738/5043 5175/1739/5044
f 5178/1741/5047 5177/1740/5046 5175/1739/5044
f 5178/1741/5047 5175/1739/5044 5176/1732/5045
f 5179/1742/5048 5178/1741/5047 5176/1732/5045
f 5179/1742/5048 5180/1743/5049 5178/1741/5047
f 5180/1743/5049 5181/1744/5050 5178/1741/5047
f 5181/1744/5050 5180/1743/5049 5182/1745/5051
f 5180/1743/5049 5183/1746/5052 5182/1745/5051
f 5182/1745/5051 5183/1746/5052 5184/1747/5053
f 5185/1748/5054 5182/1745/5051 5184/1747/5053
f 5186/1749/5055 5185/1748/5054 5184/1747/5053
f 5183/1746/5052 5187/1750/5056 5184/1747/5053
f 5182/1745/5051 5185/1748/5054 5188/1751/5057
f 5181/1744/5050 5182/1745/5051 5188/1751/5057
f 5189/1752/5058 5178/1741/5047 5181/1744/5050
f 5188/1751/5057 5189/1752/5058 5181/1744/5050
f 5177/1740/5046 5178/1741/5047 5189/1752/5058
f 5173/1737/5042 5177/1740/5046 5189/1752/5058
f 5190/1753/5059 5173/1737/5042 5189/1752/5058
f 5172/1736/5041 5173/1737/5042 5190/1753/5059
f 5191/1754/5060 5172/1736/5041 5190/1753/5059
f 5191/1754/5060 5192/1755/5061 5172/1736/5041
f 5192/1755/5061 5171/1735/5040 5172/1736/5041
f 5171/1735/5040 5192/1755/5061 5193/1756/5062
f 5193/1756/5062 5194/1757/5063 5171/1735/5040
f 5194/1757/5063 5150/1713/5019 5171/1735/5040
f 5150/1713/5019 5194/1757/5063 5143/1706/5012
f 5143/1706/5012 5194/1757/5063 5139/1702/5008
f 5194/1757/5063 5195/1758/5064 5139/1702/5008
f 5194/1757/5063 5193/1756/5062 5195/1758/5064
f 5137/1700/5006 5139/1702/5008 5195/1758/5064
f 5196/1759/5065 5137/1700/5006 5195/1758/5064
f 5136/1699/5005 5137/1700/5006 5196/1759/5065
f 5197/1760/5066 5136/1699/5005 5196/1759/5065
f 5136/1699/5005 5197/1760/5066 5135/1698/5004
f 5197/1760/5066 5134/1697/5003 5135/1698/5004
f 5197/1760/5066 5198/1761/5067 5134/1697/5003
f 5198/1761/5067 5199/1762/5068 5134/1697/5003
f 5131/1694/5000 5134/1697/5003 5199/1762/5068
f 5199/1762/5068 5130/1693/4999 5131/1694/5000
f 5200/1763/5069 5130/1693/4999 5199/1762/5068
f 5200/1763/5069 5127/1690/4996 5130/1693/4999
f 5128/1691/4997 5127/1690/4996 5200/1763/5069
f 5201/1764/5070 5128/1691/4997 5200/1763/5069
f 5128/1691/4997 5201/1764/5070 5129/1692/4998
f 5201/1764/5070 5202/1765/5071 5129/1692/4998
f 5203/1766/5072 5200/1763/5069 5199/1762/5068
f 5199/1762/5068 5198/1761/5067 5203/1766/5072
f 5201/1764/5070 5200/1763/5069 5203/1766/5072
f 5204/1767/5073 5129/1692/4998 5202/1765/5071
f 5129/1692/4998 5204/1767/5073 5116/1679/4985
f 5204/1767/5073 5205/1768/5074 5116/1679/4985
f 5116/1679/4985 5205/1768/5074 5114/1677/4983
f 5205/1768/5074 5113/1676/4982 5114/1677/4983
f 5205/1768/5074 5206/1769/5075 5113/1676/4982
f 5206/1769/5075 5207/1770/5076 5113/1676/4982
f 5111/1674/4980 5113/1676/4982 5207/1770/5076
f 5207/1770/5076 5109/1672/4978 5111/1674/4980
f 5110/1673/4979 5109/1672/4978 5207/1770/5076
f 5208/1771/5077 5110/1673/4979 5207/1770/5076
f 5206/1769/5075 5209/1772/5078 5207/1770/5076
f 5209/1772/5078 5208/1771/5077 5207/1770/5076
f 5210/1773/5079 5208/1771/5077 5209/1772/5078
f 5211/1774/5080 5206/1769/5075 5205/1768/5074
f 5204/1767/5073 5211/1774/5080 5205/1768/5074
f 5206/1769/5075 5211/1774/5080 5209/1772/5078
f 5212/1775/5081 5204/1767/5073 5202/1765/5071
f 5204/1767/5073 5212/1775/5081 5213/1776/5082
f 5211/1774/5080 5204/1767/5073 5213/1776/5082
f 5214/1777/5083 5213/1776/5082 5212/1775/5081
f 5215/1778/5084 5214/1777/5083 5212/1775/5081
f 5215/1778/5084 5212/1775/5081 5216/1779/5085
f 5212/1775/5081 5202/1765/5071 5216/1779/5085
f 5216/1779/5085 5202/1765/5071 5217/1780/5086
f 5201/1764/5070 5217/1780/5086 5202/1765/5071
f 5217/1780/5086 5201/1764/5070 5203/1766/5072
f 5217/1780/5086 5203/1766/5072 5218/1781/5087
f 5218/1781/5087 5203/1766/5072 5198/1761/5067
f 5218/1781/5087 5198/1761/5067 5219/1782/5088
f 5219/1782/5088 5198/1761/5067 5197/1760/5066
f 5196/1759/5065 5219/1782/5088 5197/1760/5066
f 5219/1782/5088 5196/1759/5065 5220/1783/5089
f 5219/1782/5088 5220/1783/5089 5218/1781/5087
f 5196/1759/5065 5195/1758/5064 5220/1783/5089
f 5193/1756/5062 5220/1783/5089 5195/1758/5064
f 5221/1784/5090 5217/1780/5086 5218/1781/5087
f 5221/1784/5090 5216/1779/5085 5217/1780/5086
f 5218/1781/5087 5220/1783/5089 5221/1784/5090
f 5216/1779/5085 5221/1784/5090 5222/1785/5091
f 5220/1783/5089 5193/1756/5062 5222/1785/5091
f 5220/1783/5089 5222/1785/5091 5221/1784/5090
f 5222/1785/5091 5223/1786/5092 5216/1779/5085
f 5222/1785/5091 5192/1755/5061 5223/1786/5092
f 5193/1756/5062 5192/1755/5061 5222/1785/5091
f 5224/1787/5093 5223/1786/5092 5192/1755/5061
f 5224/1787/5093 5215/1778/5084 5223/1786/5092
f 5215/1778/5084 5216/1779/5085 5223/1786/5092
f 5192/1755/5061 5191/1754/5060 5224/1787/5093
f 5214/1777/5083 5215/1778/5084 5224/1787/5093
f 5225/1788/5094 5214/1777/5083 5224/1787/5093
f 5224/1787/5093 5191/1754/5060 5225/1788/5094
f 5226/1789/5095 5225/1788/5094 5191/1754/5060
f 5191/1754/5060 5190/1753/5059 5226/1789/5095
f 5227/1790/5096 5226/1789/5095 5190/1753/5059
f 5190/1753/5059 5189/1752/5058 5227/1790/5096
f 5189/1752/5058 5188/1751/5057 5227/1790/5096
f 5188/1751/5057 5185/1748/5054 5227/1790/5096
f 5185/1748/5054 5228/1791/5097 5227/1790/5096
f 5214/1777/5083 5225/1788/5094 5229/1792/5098
f 5213/1776/5082 5214/1777/5083 5229/1792/5098
f 5229/1792/5098 5230/1793/5099 5213/1776/5082
f 5211/1774/5080 5213/1776/5082 5230/1793/5099
f 5230/1793/5099 5209/1772/5078 5211/1774/5080
f 5230/1793/5099 5231/1794/5100 5209/1772/5078
f 5231/1794/5100 5210/1773/5079 5209/1772/5078
f 5229/1792/5098 5232/1795/5101 5230/1793/5099
f 5231/1794/5100 5230/1793/5099 5232/1795/5101
f 5185/1748/5054 5186/1749/5055 5228/1791/5097
f 5186/1749/5055 5233/1796/5102 5228/1791/5097
f 5227/1790/5096 5228/1791/5097 5234/1797/5103
f 5228/1791/5097 5233/1796/5102 5234/1797/5103
f 5226/1789/5095 5227/1790/5096 5234/1797/5103
f 5235/1798/5104 5234/1797/5103 5233/1796/5102
f 5234/1797/5103 5235/1798/5104 5236/1799/5105
f 5234/1797/5103 5236/1799/5105 5226/1789/5095
f 5225/1788/5094 5226/1789/5095 5236/1799/5105
f 5236/1799/5105 5229/1792/5098 5225/1788/5094
f 5229/1792/5098 5236/1799/5105 5237/1800/5106
f 5232/1795/5101 5229/1792/5098 5237/1800/5106
f 5237/1800/5106 5236/1799/5105 5235/1798/5104
f 5240/1801/5107 5239/1804/5108 5238/1803/5109
f 5241/1802/5110 5240/1801/5107 5238/1803/5109
f 5238/1803/5109 5242/1805/5111 5241/1802/5110
f 5242/1805/5111 5243/1806/5112 5241/1802/5110
f 5240/1801/5107 5241/1802/5110 5244/1807/5113
f 5241/1802/5110 5245/1808/5114 5244/1807/5113
f 5241/1802/5110 5243/1806/5112 5245/1808/5114
f 5245/1808/5114 5246/1809/5115 5244/1807/5113
f 5246/1809/5115 5245/1808/5114 5247/1810/5116
f 5247/1810/5116 5248/1811/5117 5246/1809/5115
f 5249/1812/5118 5248/1811/5117 5247/1810/5116
f 5250/1813/5119 5248/1811/5117 5249/1812/5118
f 5251/1814/5120 5250/1813/5119 5249/1812/5118
f 5250/1813/5119 5252/1815/5121 5248/1811/5117
f 5248/1811/5117 5252/1815/5121 5253/1816/5122
f 5254/1817/5123 5248/1811/5117 5253/1816/5122
f 5246/1809/5115 5248/1811/5117 5254/1817/5123
f 5253/1816/5122 5255/1818/5124 5254/1817/5123
f 5255/1818/5124 5256/1819/5125 5254/1817/5123
f 5253/1816/5122 5252/1815/5121 5257/1820/5126
f 5252/1815/5121 5258/1821/5127 5257/1820/5126
f 5259/1822/5128 5255/1818/5124 5253/1816/5122
f 5257/1820/5126 5259/1822/5128 5253/1816/5122
f 5257/1820/5126 5258/1821/5127 5260/1823/5129
f 5259/1822/5128 5257/1820/5126 5260/1823/5129
f 5258/1821/5127 5261/1824/5130 5260/1823/5129
f 5262/1825/5131 5259/1822/5128 5260/1823/5129
f 5258/1821/5127 5263/1826/5132 5261/1824/5130
f 5263/1826/5132 5258/1821/5127 5252/1815/5121
f 5250/1813/5119 5263/1826/5132 5252/1815/5121
f 5264/1827/5133 5263/1826/5132 5250/1813/5119
f 5250/1813/5119 5251/1814/5120 5264/1827/5133
f 5265/1828/5134 5264/1827/5133 5251/1814/5120
f 5263/1826/5132 5266/1829/5135 5261/1824/5130
f 5263/1826/5132 5264/1827/5133 5266/1829/5135
f 5264/1827/5133 5267/1830/5136 5266/1829/5135
f 5265/1828/5134 5268/1831/5137 5264/1827/5133
f 5269/1832/5138 5266/1829/5135 5267/1830/5136
f 5261/1824/5130 5266/1829/5135 5269/1832/5138
f 5270/1833/5139 5269/1832/5138 5267/1830/5136
f 5269/1832/5138 5270/1833/5139 5271/1834/5140
f 5271/1834/5140 5270/1833/5139 5272/1835/5141
f 5270/1833/5139 5273/1836/5142 5272/1835/5141
f 5274/1837/5143 5272/1835/5141 5273/1836/5142
f 5272/1835/5141 5274/1837/5143 5275/1838/5144
f 5272/1835/5141 5275/1838/5144 5271/1834/5140
f 5274/1837/5143 5276/1839/5145 5275/1838/5144
f 5277/1840/5146 5276/1839/5145 5274/1837/5143
f 5278/1841/5147 5277/1840/5146 5274/1837/5143
f 5278/1841/5147 5274/1837/5143 5279/1842/5148
f 5279/1842/5148 5274/1837/5143 5273/1836/5142
f 5280/1843/5149 5278/1841/5147 5279/1842/5148
f 5280/1843/5149 5279/1842/5148 5281/1844/5150
f 5282/1845/5151 5280/1843/5149 5281/1844/5150
f 5283/1846/5152 5269/1832/5138 5271/1834/5140
f 5279/1842/5148 5273/1836/5142 5284/1847/5153
f 5281/1844/5150 5279/1842/5148 5284/1847/5153
f 5284/1847/5153 5273/1836/5142 5270/1833/5139
f 5267/1830/5136 5284/1847/5153 5270/1833/5139
f 5267/1830/5136 5264/1827/5133 5284/1847/5153
f 5264/1827/5133 5268/1831/5137 5284/1847/5153
f 5281/1844/5150 5284/1847/5153 5285/1848/5154
f 5284/1847/5153 5286/1849/5155 5285/1848/5154
f 5268/1831/5137 5286/1849/5155 5284/1847/5153
f 5281/1844/5150 5285/1848/5154 5287/1850/5156
f 5282/1845/5151 5281/1844/5150 5287/1850/5156
f 5286/1849/5155 5268/1831/5137 5288/1851/5157
f 5286/1849/5155 5288/1851/5157 5285/1848/5154
f 5268/1831/5137 5265/1828/5134 5288/1851/5157
f 5265/1828/5134 5289/1852/5158 5288/1851/5157
f 5289/1852/5158 5290/1853/5159 5288/1851/5157
f 5289/1852/5158 5265/1828/5134 5291/1854/5160
f 5291/1854/5160 5265/1828/5134 5251/1814/5120
f 5291/1854/5160 5251/1814/5120 5292/1855/5161
f 5292/1855/5161 5251/1814/5120 5249/1812/5118
f 5292/1855/5161 5249/1812/5118 5247/1810/5116
f 5288/1851/5157 5290/1853/5159 5293/1856/5162
f 5288/1851/5157 5293/1856/5162 5285/1848/5154
f 5285/1848/5154 5293/1856/5162 5287/1850/5156
f 5293/1856/5162 5294/1857/5163 5287/1850/5156
f 5294/1857/5163 5293/1856/5162 5295/1858/5164
f 5293/1856/5162 5290/1853/5159 5295/1858/5164
f 5290/1853/5159 5296/1859/5165 5295/1858/5164
f 5296/1859/5165 5297/1860/5166 5295/1858/5164
f 5296/1859/5165 5298/1861/5167 5297/1860/5166
f 5298/1861/5167 5299/1862/5168 5297/1860/5166
f 5298/1861/5167 5300/1863/5169 5299/1862/5168
f 5300/1863/5169 5301/1864/5170 5299/1862/5168
f 5301/1864/5170 5300/1863/5169 5302/1865/5171
f 5300/1863/5169 5303/1866/5172 5302/1865/5171
f 5304/1867/5173 5303/1866/5172 5300/1863/5169
f 5305/1868/5174 5304/1867/5173 5300/1863/5169
f 5305/1868/5174 5306/1869/5175 5304/1867/5173
f 5306/1869/5175 5307/1870/5176 5304/1867/5173
f 5302/1865/5171 5303/1866/5172 5308/1871/5177
f 5303/1866/5172 5309/1872/5178 5308/1871/5177
f 5309/1872/5178 5303/1866/5172 5304/1867/5173
f 5310/1873/5179 5309/1872/5178 5304/1867/5173
f 5304/1867/5173 5307/1870/5176 5310/1873/5179
f 5310/1873/5179 5311/1874/5180 5309/1872/5178
f 5310/1873/5179 5312/1875/5181 5311/1874/5180
f 5307/1870/5176 5312/1875/5181 5310/1873/5179
f 5312/1875/5181 5313/1876/5182 5311/1874/5180
f 5311/1874/5180 5313/1876/5182 5314/1877/5183
f 5313/1876/5182 5315/1878/5184 5314/1877/5183
f 5313/1876/5182 5316/1879/5185 5315/1878/5184
f 5316/1879/5185 5317/1880/5186 5315/1878/5184
f 5311/1874/5180 5314/1877/5183 5318/1881/5187
f 5319/1882/5188 5311/1874/5180 5318/1881/5187
f 5311/1874/5180 5319/1882/5188 5309/1872/5178
f 5320/1883/5189 5316/1879/5185 5313/1876/5182
f 5312/1875/5181 5320/1883/5189 5313/1876/5182
f 5316/1879/5185 5321/1884/5190 5317/1880/5186
f 5321/1884/5190 5322/1885/5191 5317/1880/5186
f 5323/1886/5192 5322/1885/5191 5321/1884/5190
f 5324/1887/5193 5323/1886/5192 5321/1884/5190
f 5324/1887/5193 5321/1884/5190 5325/1888/5194
f 5325/1888/5194 5321/1884/5190 5316/1879/5185
f 5320/1883/5189 5325/1888/5194 5316/1879/5185
f 5326/1889/5195 5324/1887/5193 5325/1888/5194
f 5314/1877/5183 5315/1878/5184 5327/1890/5196
f 5315/1878/5184 5328/1891/5197 5327/1890/5196
f 5315/1878/5184 5317/1880/5186 5328/1891/5197
f 5317/1880/5186 5329/1892/5198 5328/1891/5197
f 5317/1880/5186 5322/1885/5191 5329/1892/5198
f 5323/1886/5192 5330/1893/5199 5322/1885/5191
f 5330/1893/5199 5331/1894/5200 5322/1885/5191
f 5322/1885/5191 5331/1894/5200 5329/1892/5198
f 5327/1890/5196 5328/1891/5197 5332/1895/5201
f 5327/1890/5196 5332/1895/5201 5333/1896/5202
f 5333/1896/5202 5332/1895/5201 5334/1897/5203
f 5332/1895/5201 5335/1898/5204 5334/1897/5203
f 5335/1898/5204 5336/1899/5205 5334/1897/5203
f 5336/1899/5205 5335/1898/5204 5337/1900/5206
f 5335/1898/5204 5338/1901/5207 5337/1900/5206
f 5337/1900/5206 5338/1901/5207 5339/1902/5208
f 5338/1901/5207 5340/1903/5209 5339/1902/5208
f 5336/1899/5205 5337/1900/5206 5341/1904/5210
f 5336/1899/5205 5341/1904/5210 5334/1897/5203
f 5337/1900/5206 5342/1905/5211 5341/1904/5210
f 5342/1905/5211 5337/1900/5206 5339/1902/5208
f 5339/1902/5208 5340/1903/5209 5343/1906/5212
f 5344/1907/5213 5339/1902/5208 5343/1906/5212
f 5345/1908/5214 5344/1907/5213 5343/1906/5212
f 5344/1907/5213 5345/1908/5214 5346/1909/5215
f 5339/1902/5208 5344/1907/5213 5346/1909/5215
f 5345/1908/5214 5347/1910/5216 5346/1909/5215
f 5348/1911/5217 5345/1908/5214 5343/1906/5212
f 5349/1912/5218 5339/1902/5208 5346/1909/5215
f 5349/1912/5218 5342/1905/5211 5339/1902/5208
f 5350/1913/5219 5338/1901/5207 5335/1898/5204
f 5332/1895/5201 5350/1913/5219 5335/1898/5204
f 5351/1914/5220 5340/1903/5209 5338/1901/5207
f 5350/1913/5219 5351/1914/5220 5338/1901/5207
f 5352/1915/5221 5343/1906/5212 5340/1903/5209
f 5351/1914/5220 5352/1915/5221 5340/1903/5209
f 5343/1906/5212 5352/1915/5221 5353/1916/5222
f 5348/1911/5217 5343/1906/5212 5353/1916/5222
f 5346/1909/5215 5347/1910/5216 5354/1917/5223
f 5347/1910/5216 5355/1918/5224 5354/1917/5223
f 5354/1917/5223 5355/1918/5224 5356/1919/5225
f 5357/1920/5226 5354/1917/5223 5356/1919/5225
f 5346/1909/5215 5354/1917/5223 5357/1920/5226
f 5349/1912/5218 5346/1909/5215 5357/1920/5226
f 5358/1921/5227 5357/1920/5226 5356/1919/5225
f 5355/1918/5224 5359/1922/5228 5356/1919/5225
f 5357/1920/5226 5358/1921/5227 5360/1923/5229
f 5328/1891/5197 5350/1913/5219 5332/1895/5201
f 5329/1892/5198 5351/1914/5220 5350/1913/5219
f 5328/1891/5197 5329/1892/5198 5350/1913/5219
f 5331/1894/5200 5352/1915/5221 5351/1914/5220
f 5329/1892/5198 5331/1894/5200 5351/1914/5220
f 5352/1915/5221 5331/1894/5200 5330/1893/5199
f 5353/1916/5222 5352/1915/5221 5330/1893/5199
f 5357/1920/5226 5360/1923/5229 5361/1924/5230
f 5349/1912/5218 5357/1920/5226 5361/1924/5230
f 5349/1912/5218 5361/1924/5230 5362/1925/5231
f 5342/1905/5211 5349/1912/5218 5362/1925/5231
f 5342/1905/5211 5362/1925/5231 5341/1904/5210
f 5362/1925/5231 5363/1926/5232 5341/1904/5210
f 5363/1926/5232 5364/1927/5233 5341/1904/5210
f 5364/1927/5233 5334/1897/5203 5341/1904/5210
f 5334/1897/5203 5364/1927/5233 5365/1928/5234
f 5364/1927/5233 5366/1929/5235 5365/1928/5234
f 5333/1896/5202 5334/1897/5203 5365/1928/5234
f 5367/1930/5236 5333/1896/5202 5365/1928/5234
f 5368/1931/5237 5333/1896/5202 5367/1930/5236
f 5368/1931/5237 5327/1890/5196 5333/1896/5202
f 5314/1877/5183 5327/1890/5196 5368/1931/5237
f 5318/1881/5187 5314/1877/5183 5368/1931/5237
f 5318/1881/5187 5368/1931/5237 5369/1932/5238
f 5368/1931/5237 5370/1933/5239 5369/1932/5238
f 5370/1933/5239 5368/1931/5237 5367/1930/5236
f 5369/1932/5238 1598/95/5240 5318/1881/5187
f 1598/95/5240 1599/96/5241 5318/1881/5187
f 5318/1881/5187 1599/96/5241 5319/1882/5188
f 1599/96/5241 1600/98/5242 5319/1882/5188
f 1600/98/5242 1601/100/5243 5319/1882/5188
f 1601/100/5243 5309/1872/5178 5319/1882/5188
f 5309/1872/5178 1601/100/5243 1602/102/5244
f 5308/1871/5177 5309/1872/5178 1602/102/5244
f 5373/1935/5245 5372/1934/5246 5371/1936/5247
f 5372/1934/5246 5373/1935/5245 5374/1937/5248
f 5375/1938/5249 5372/1934/5246 5374/1937/5248
f 5374/1937/5248 5373/1935/5245 5376/1939/5250
f 5376/1939/5250 5377/1940/5251 5374/1937/5248
f 5377/1940/5251 5378/1941/5252 5374/1937/5248
f 5374/1937/5248 5378/1941/5252 5375/1938/5249
f 5379/1942/5253 5377/1940/5251 5376/1939/5250
f 5380/1943/5254 5379/1942/5253 5376/1939/5250
f 5380/1943/5254 5381/1944/5255 5379/1942/5253
f 5380/1943/5254 5376/1939/5250 5382/1945/5256
f 5376/1939/5250 5373/1935/5245 5382/1945/5256
f 5382/1945/5256 5373/1935/5245 5383/1946/5257
f 5383/1946/5257 5373/1935/5245 5371/1936/5247
f 5384/1947/5258 5381/1944/5255 5380/1943/5254
f 5384/1947/5258 5380/1943/5254 5385/1948/5259
f 5385/1948/5259 5380/1943/5254 5382/1945/5256
f 5386/1949/5260 5385/1948/5259 5382/1945/5256
f 5387/1950/5261 5386/1949/5260 5382/1945/5256
f 5387/1950/5261 5382/1945/5256 5383/1946/5257
f 5388/1951/5262 5381/1944/5255 5384/1947/5258
f 5389/1952/5263 5384/1947/5258 5385/1948/5259
f 5390/1953/5264 5375/1938/5249 5378/1941/5252
f 5377/1940/5251 5391/1954/5265 5378/1941/5252
f 5391/1954/5265 5377/1940/5251 5392/1955/5266
f 5379/1942/5253 5392/1955/5266 5377/1940/5251
f 5379/1942/5253 5381/1944/5255 5392/1955/5266
f 5386/1949/5260 5393/1956/5267 5385/1948/5259
f 5385/1948/5259 5393/1956/5267 5389/1952/5263
f 5389/1952/5263 5393/1956/5267 5394/1957/5268
f 5389/1952/5263 5394/1957/5268 5395/1958/5269
f 5384/1947/5258 5389/1952/5263 5395/1958/5269
f 5395/1958/5269 5388/1951/5262 5384/1947/5258
f 5395/1958/5269 5396/1959/5270 5388/1951/5262
f 5395/1958/5269 5394/1957/5268 5397/1960/5271
f 5397/1960/5271 5396/1959/5270 5395/1958/5269
f 5397/1960/5271 5398/1961/5272 5396/1959/5270
f 5399/1962/5273 5396/1959/5270 5398/1961/5272
f 5399/1962/5273 5398/1961/5272 5400/1963/5274
f 5398/1961/5272 5401/1964/5275 5400/1963/5274
f 5400/1963/5274 5401/1964/5275 5402/1965/5276
f 5401/1964/5275 5403/1966/5277 5402/1965/5276
f 5401/1964/5275 5404/1967/5278 5403/1966/5277
f 5404/1967/5278 5401/1964/5275 5398/1961/5272
f 5404/1967/5278 5405/1968/5279 5403/1966/5277
f 5403/1966/5277 5405/1968/5279 5406/1969/5280
f 5405/1968/5279 5407/1970/5281 5406/1969/5280
f 5408/1971/5282 5404/1967/5278 5398/1961/5272
f 5398/1961/5272 5397/1960/5271 5408/1971/5282
f 5397/1960/5271 5409/1972/5283 5408/1971/5282
f 5409/1972/5283 5397/1960/5271 5394/1957/5268
f 5406/1969/5280 5410/1973/5284 5403/1966/5277
f 5402/1965/5276 5403/1966/5277 5410/1973/5284
f 5411/1974/5285 5402/1965/5276 5410/1973/5284
f 1604/105/5286 5406/1969/5280 5407/1970/5281
f 1603/104/5287 1604/105/5286 5407/1970/5281
f 5406/1969/5280 1604/105/5286 1608/118/5288
f 5410/1973/5284 5406/1969/5280 1608/118/5288
f 1614/131/5289 5411/1974/5285 5410/1973/5284
f 1608/118/5288 1614/131/5289 5410/1973/5284
f 1614/131/5289 1692/161/5290 5411/1974/5285
f 5411/1974/5285 1692/161/5290 5402/1965/5276
f 5402/1965/5276 1692/161/5290 1626/160/5291
f 5402/1965/5276 1626/160/5291 5400/1963/5274
f 5400/1963/5274 1626/160/5291 1625/159/5292
f 5400/1963/5274 1625/159/5292 5399/1962/5273
f 5399/1962/5273 1625/159/5292 1623/157/5293
f 5399/1962/5273 1623/157/5293 5412/1975/5294
f 5396/1959/5270 5399/1962/5273 5412/1975/5294
f 5412/1975/5294 5413/1976/5295 5396/1959/5270
f 5413/1976/5295 5388/1951/5262 5396/1959/5270
f 5413/1976/5295 5414/1977/5296 5388/1951/5262
f 5414/1977/5296 5381/1944/5255 5388/1951/5262
f 5381/1944/5255 5414/1977/5296 5392/1955/5266
f 5412/1975/5294 1623/157/5293 1624/158/5297
f 5412/1975/5294 1624/158/5297 1627/163/5298
f 5413/1976/5295 5412/1975/5294 1627/163/5298
f 1628/162/5299 5414/1977/5296 5413/1976/5295
f 1627/163/5298 1628/162/5299 5413/1976/5295
f 5414/1977/5296 1628/162/5299 1629/164/5300
f 5392/1955/5266 5414/1977/5296 1629/164/5300
f 5392/1955/5266 1629/164/5300 1630/165/5301
f 5392/1955/5266 1630/165/5301 1631/166/5302
f 5391/1954/5265 5392/1955/5266 1631/166/5302
f 5391/1954/5265 1631/166/5302 1633/167/5303
f 5415/1978/5304 5391/1954/5265 1633/167/5303
f 5415/1978/5304 5378/1941/5252 5391/1954/5265
f 5378/1941/5252 5415/1978/5304 5390/1953/5264
f 5415/1978/5304 5416/1979/5305 5390/1953/5264
f 5416/1979/5305 5417/1980/5306 5390/1953/5264
f 5417/1980/5306 5418/1981/5307 5390/1953/5264
f 5375/1938/5249 5390/1953/5264 5418/1981/5307
f 5419/1982/5308 5375/1938/5249 5418/1981/5307
f 5420/1983/5309 5419/1982/5308 5418/1981/5307
f 5372/1934/5246 5375/1938/5249 5419/1982/5308
f 5372/1934/5246 5419/1982/5308 5421/1984/5310
f 5371/1936/5247 5372/1934/5246 5421/1984/5310
f 5422/1985/5311 5371/1936/5247 5421/1984/5310
f 5417/1980/5306 5423/1986/5312 5418/1981/5307
f 1651/233/5313 5423/1986/5312 5417/1980/5306
f 5423/1986/5312 1651/233/5313 1650/231/5314
f 5424/1987/5315 5423/1986/5312 1650/231/5314
f 5418/1981/5307 5425/1988/5316 5420/1983/5309
f 5423/1986/5312 5425/1988/5316 5418/1981/5307
f 5425/1988/5316 5423/1986/5312 5424/1987/5315
f 1650/231/5314 1649/229/5317 5424/1987/5315
f 5417/1980/5306 1652/235/5318 1651/233/5313
f 1652/235/5318 5417/1980/5306 5416/1979/5305
f 1653/237/5319 1652/235/5318 5416/1979/5305
f 5416/1979/5305 5415/1978/5304 1653/237/5319
f 1653/237/5319 5415/1978/5304 1633/167/5303
f 5428/1989/5320 5427/1992/5321 5426/1991/5322
f 5429/1990/5323 5428/1989/5320 5426/1991/5322
f 5429/1990/5323 5426/1991/5322 5430/1993/5324
f 5431/1994/5325 5429/1990/5323 5430/1993/5324
f 5431/1994/5325 5430/1993/5324 5432/1995/5326
f 5433/1996/5327 5431/1994/5325 5432/1995/5326
f 5433/1996/5327 5432/1995/5326 5434/1997/5328
f 5435/1998/5329 5433/1996/5327 5434/1997/5328
f 5435/1998/5329 5434/1997/5328 5436/1999/5330
f 5437/2000/5331 5435/1998/5329 5436/1999/5330
f 5437/2000/5331 5436/1999/5330 5438/2001/5332
f 5439/2002/5333 5437/2000/5331 5438/2001/5332
f 5440/2003/5334 5437/2000/5331 5439/2002/5333
f 5441/2004/5335 5440/2003/5334 5439/2002/5333
f 5441/2004/5335 5439/2002/5333 5442/2005/5336
f 5443/2006/5337 5441/2004/5335 5442/2005/5336
f 5444/2007/5338 5443/2006/5337 5442/2005/5336
f 5442/2005/5336 5445/2008/5339 5444/2007/5338
f 5446/2009/5340 5445/2008/5339 5442/2005/5336
f 5447/2010/5341 5446/2009/5340 5442/2005/5336
f 5439/2002/5333 5447/2010/5341 5442/2005/5336
f 5448/2011/5342 5446/2009/5340 5447/2010/5341
f 5448/2011/5342 5449/2012/5343 5446/2009/5340
f 5448/2011/5342 5450/2013/5344 5449/2012/5343
f 5450/2013/5344 5451/2014/5345 5449/2012/5343
f 5452/2015/5346 5451/2014/5345 5450/2013/5344
f 5453/2016/5347 5452/2015/5346 5450/2013/5344
f 5451/2014/5345 5454/2017/5348 5449/2012/5343
f 5454/2017/5348 5455/2018/5349 5449/2012/5343
f 5449/2012/5343 5456/2019/5350 5446/2009/5340
f 5455/2018/5349 5456/2019/5350 5449/2012/5343
f 5457/2020/5351 5455/2018/5349 5454/2017/5348
f 5455/2018/5349 5457/2020/5351 5456/2019/5350
f 5458/2021/5352 5457/2020/5351 5454/2017/5348
f 5459/2022/5353 5448/2011/5342 5447/2010/5341
f 5460/2023/5354 5454/2017/5348 5451/2014/5345
f 5452/2015/5346 5460/2023/5354 5451/2014/5345
f 5458/2021/5352 5454/2017/5348 5460/2023/5354
f 5461/2024/5355 5445/2008/5339 5446/2009/5340
f 5456/2019/5350 5461/2024/5355 5446/2009/5340
f 5457/2020/5351 5461/2024/5355 5456/2019/5350
f 5462/2026/5356 5452/2015/5346 5453/2016/5347
f 5452/2015/5346 5462/2026/5356 5460/2023/5354
f 5463/2027/5357 5462/2026/5356 5453/2016/5347
f 5464/2028/5358 5462/2026/5356 5463/2027/5357
f 5465/2029/5359 5464/2028/5358 5463/2027/5357
f 5464/2028/5358 5465/2029/5359 5466/2030/5360
f 5465/2029/5359 5467/2031/5361 5466/2030/5360
f 5467/2031/5361 5468/2032/5362 5466/2030/5360
f 5468/2032/5362 5469/2033/5363 5466/2030/5360
f 5470/2034/5364 5466/2030/5360 5469/2033/5363
f 5470/2034/5364 5464/2028/5358 5466/2030/5360
f 5471/2035/5365 5470/2034/5364 5469/2033/5363
f 5472/2036/5366 5464/2028/5358 5470/2034/5364
f 5464/2028/5358 5472/2036/5366 5462/2026/5356
f 5471/2035/5365 5469/2033/5363 5473/2037/5367
f 5473/2037/5367 5469/2033/5363 5468/2032/5362
f 5474/2038/5368 5471/2035/5365 5473/2037/5367
f 5475/2039/5369 5473/2037/5367 5468/2032/5362
f 5474/2038/5368 5473/2037/5367 5476/2040/5370
f 5476/2040/5370 5473/2037/5367 5475/2039/5369
f 5477/2041/5371 5474/2038/5368 5476/2040/5370
f 5478/2042/5372 5476/2040/5370 5475/2039/5369
f 5471/2035/5365 5479/2043/5373 5470/2034/5364
f 5479/2043/5373 5480/2044/5374 5470/2034/5364
f 5470/2034/5364 5480/2044/5374 5472/2036/5366
f 5481/2045/5375 5480/2044/5374 5479/2043/5373
f 5482/2046/5376 5481/2045/5375 5479/2043/5373
f 5483/2047/5377 5481/2045/5375 5482/2046/5376
f 5484/2048/5378 5483/2047/5377 5482/2046/5376
f 5484/2048/5378 5482/2046/5376 5485/2049/5379
f 5486/2050/5380 5484/2048/5378 5485/2049/5379
f 5486/2050/5380 5485/2049/5379 5487/2051/5381
f 5488/2052/5382 5486/2050/5380 5487/2051/5381
f 5483/2047/5377 5489/2053/5383 5481/2045/5375
f 5489/2053/5383 5490/2054/5384 5481/2045/5375
f 5481/2045/5375 5490/2054/5384 5480/2044/5374
f 5482/2046/5376 5479/2043/5373 5491/2055/5385
f 5485/2049/5379 5482/2046/5376 5491/2055/5385
f 5485/2049/5379 5491/2055/5385 5492/2056/5386
f 5487/2051/5381 5485/2049/5379 5492/2056/5386
f 5490/2054/5384 5489/2053/5383 5493/2057/5387
f 5490/2054/5384 5493/2057/5387 5472/2036/5366
f 5490/2054/5384 5472/2036/5366 5480/2044/5374
f 5493/2057/5387 5462/2026/5356 5472/2036/5366
f 5489/2053/5383 5494/2058/5388 5493/2057/5387
f 5494/2058/5388 5489/2053/5383 5495/2059/5389
f 5495/2059/5389 5489/2053/5383 5483/2047/5377
f 5496/2060/5390 5494/2058/5388 5495/2059/5389
f 5494/2058/5388 5496/2060/5390 5497/2061/5391
f 5493/2057/5387 5494/2058/5388 5497/2061/5391
f 5496/2060/5390 5498/2062/5392 5497/2061/5391
f 5497/2061/5391 5498/2062/5392 5499/2063/5393
f 5458/2021/5352 5497/2061/5391 5499/2063/5393
f 5500/2064/5394 5498/2062/5392 5496/2060/5390
f 5501/2065/5395 5500/2064/5394 5496/2060/5390
f 5497/2061/5391 5458/2021/5352 5460/2023/5354
f 5462/2026/5356 5493/2057/5387 5460/2023/5354
f 5460/2023/5354 5493/2057/5387 5497/2061/5391
f 5458/2021/5352 5499/2063/5393 5457/2020/5351
f 5499/2063/5393 5502/2066/5396 5457/2020/5351
f 5500/2064/5394 5501/2065/5395 1714/426/5397
f 5501/2065/5395 1713/425/5398 1714/426/5397
f 5503/2067/5399 5501/2065/5395 5496/2060/5390
f 5495/2059/5389 5503/2067/5399 5496/2060/5390
f 1713/425/5398 5501/2065/5395 5503/2067/5399
f 5502/2066/5396 5504/2025/5400 5457/2020/5351
f 5504/2025/5400 5502/2066/5396 5505/2068/5401
f 5506/2069/5402 5504/2025/5400 5505/2068/5401
f 5507/2070/5403 5506/2069/5402 5505/2068/5401
f 5508/2071/5404 5506/2069/5402 5507/2070/5403
f 5508/2071/5404 5509/2072/5405 5506/2069/5402
f 5510/2073/5406 5509/2072/5405 5508/2071/5404
f 5511/2074/5407 5508/2071/5404 5507/2070/5403
f 5511/2074/5407 5507/2070/5403 5512/2075/5408
f 5507/2070/5403 5513/2076/5409 5512/2075/5408
f 5512/2075/5408 5513/2076/5409 5514/2077/5410
f 5513/2076/5409 5515/2078/5411 5514/2077/5410
f 5513/2076/5409 5516/2079/5412 5515/2078/5411
f 5516/2079/5412 5517/2080/5413 5515/2078/5411
f 5514/2077/5410 5518/2081/5414 5512/2075/5408
f 5518/2081/5414 5519/2082/5415 5512/2075/5408
f 5512/2075/5408 5519/2082/5415 5511/2074/5407
f 5519/2082/5415 5520/2083/5416 5511/2074/5407
f 5520/2083/5416 5508/2071/5404 5511/2074/5407
f 5520/2083/5416 5510/2073/5406 5508/2071/5404
f 5521/2084/5417 5516/2079/5412 5513/2076/5409
f 5507/2070/5403 5521/2084/5417 5513/2076/5409
f 5516/2079/5412 5522/2085/5418 5517/2080/5413
f 5522/2085/5418 5523/2086/5419 5517/2080/5413
f 5517/2080/5413 5523/2086/5419 5515/2078/5411
f 5505/2068/5401 5522/2085/5418 5516/2079/5412
f 5521/2084/5417 5505/2068/5401 5516/2079/5412
f 5523/2086/5419 5524/2087/5420 5515/2078/5411
f 5515/2078/5411 5524/2087/5420 5514/2077/5410
f 5524/2087/5420 5525/2088/5421 5514/2077/5410
f 5524/2087/5420 5526/2089/5422 5525/2088/5421
f 5526/2089/5422 5527/2090/5423 5525/2088/5421
f 5527/2090/5423 5526/2089/5422 5528/2091/5424
f 5526/2089/5422 5529/2092/5425 5528/2091/5424
f 5528/2091/5424 5529/2092/5425 5530/2093/5426
f 5529/2092/5425 5531/2094/5427 5530/2093/5426
f 5530/2093/5426 5531/2094/5427 5532/2095/5428
f 5531/2094/5427 5533/2096/5429 5532/2095/5428
f 5533/2096/5429 5534/2097/5430 5532/2095/5428
f 5534/2097/5430 5535/2098/5431 5532/2095/5428
f 5528/2091/5424 5536/2099/5432 5527/2090/5423
f 5528/2091/5424 5530/2093/5426 5536/2099/5432
f 5532/2095/5428 5535/2098/5431 5537/2104/5433
f 5535/2098/5431 5538/2101/5434 5537/2104/5433
f 5537/2104/5433 5538/2101/5434 5539/2103/5435
f 5540/2105/5436 5537/2104/5433 5539/2103/5435
f 5541/2106/5437 5537/2104/5433 5540/2105/5436
f 5532/2095/5428 5537/2104/5433 5541/2106/5437
f 5530/2093/5426 5532/2095/5428 5541/2106/5437
f 5530/2093/5426 5541/2106/5437 5536/2099/5432
f 5542/2107/5438 5541/2106/5437 5540/2105/5436
f 5541/2106/5437 5542/2107/5438 5536/2099/5432
f 5542/2107/5438 5540/2105/5436 5543/2108/5439
f 5544/2109/5440 5542/2107/5438 5543/2108/5439
f 5542/2107/5438 5544/2109/5440 5545/2110/5441
f 5542/2107/5438 5545/2110/5441 5536/2099/5432
f 5544/2109/5440 5546/2111/5442 5545/2110/5441
f 5544/2109/5440 5543/2108/5439 5546/2111/5442
f 5540/2105/5436 5539/2103/5435 5547/2112/5443
f 5543/2108/5439 5540/2105/5436 5547/2112/5443
f 5543/2108/5439 5547/2112/5443 5548/2113/5444
f 5543/2108/5439 5548/2113/5444 5546/2111/5442
f 5546/2111/5442 5548/2113/5444 5549/2114/5445
f 5550/2115/5446 5546/2111/5442 5549/2114/5445
f 5548/2113/5444 5551/2116/5447 5549/2114/5445
f 5547/2112/5443 5551/2116/5447 5548/2113/5444
f 5551/2116/5447 5552/2117/5448 5549/2114/5445
f 5549/2114/5445 5552/2117/5448 5553/2118/5449
f 5554/2119/5450 5549/2114/5445 5553/2118/5449
f 5554/2119/5450 5553/2118/5449 5555/2120/5451
f 5556/2121/5452 5554/2119/5450 5555/2120/5451
f 5557/2122/5453 5554/2119/5450 5556/2121/5452
f 5549/2114/5445 5554/2119/5450 5557/2122/5453
f 5550/2115/5446 5549/2114/5445 5557/2122/5453
f 5550/2115/5446 5557/2122/5453 5558/2123/5454
f 5559/2124/5455 5550/2115/5446 5558/2123/5454
f 5546/2111/5442 5550/2115/5446 5559/2124/5455
f 5545/2110/5441 5546/2111/5442 5559/2124/5455
f 5560/2125/5456 5557/2122/5453 5556/2121/5452
f 5557/2122/5453 5560/2125/5456 5561/2126/5457
f 5558/2123/5454 5557/2122/5453 5561/2126/5457
f 5551/2116/5447 5547/2112/5443 5562/2127/5458
f 5562/2127/5458 5547/2112/5443 5563/2128/5459
f 5562/2127/5458 5563/2128/5459 5564/2129/5460
f 5563/2128/5459 5565/2130/5461 5564/2129/5460
f 5565/2130/5461 5563/2128/5459 5566/2131/5462
f 5563/2128/5459 5567/2102/5463 5566/2131/5462
f 5568/2132/5464 5562/2127/5458 5564/2129/5460
f 5569/2133/5465 5568/2132/5464 5564/2129/5460
f 5570/2134/5466 5568/2132/5464 5569/2133/5465
f 5571/2135/5467 5570/2134/5466 5569/2133/5465
f 5572/2136/5468 5570/2134/5466 5571/2135/5467
f 5573/2137/5469 5572/2136/5468 5571/2135/5467
f 5574/2138/5470 5572/2136/5468 5573/2137/5469
f 5575/2139/5471 5574/2138/5470 5573/2137/5469
f 5563/2128/5459 5539/2103/5435 5567/2102/5463
f 5547/2112/5443 5539/2103/5435 5563/2128/5459
f 5539/2103/5435 5538/2101/5434 5567/2102/5463
f 5568/2132/5464 5570/2134/5466 5552/2117/5448
f 5551/2116/5447 5568/2132/5464 5552/2117/5448
f 5568/2132/5464 5551/2116/5447 5562/2127/5458
f 5553/2118/5449 5552/2117/5448 5570/2134/5466
f 5572/2136/5468 5553/2118/5449 5570/2134/5466
f 5555/2120/5451 5553/2118/5449 5572/2136/5468
f 5574/2138/5470 5555/2120/5451 5572/2136/5468
f 5567/2102/5463 5538/2101/5434 5576/2100/5472
f 5567/2102/5463 5576/2100/5472 5577/2140/5473
f 5566/2131/5462 5567/2102/5463 5577/2140/5473
f 5538/2101/5434 5535/2098/5431 5576/2100/5472
f 5578/2141/5474 5574/2138/5470 5575/2139/5471
f 5579/2142/5475 5578/2141/5474 5575/2139/5471
f 5580/2143/5476 5555/2120/5451 5574/2138/5470
f 5578/2141/5474 5580/2143/5476 5574/2138/5470
f 5555/2120/5451 5580/2143/5476 5581/2144/5477
f 5556/2121/5452 5555/2120/5451 5581/2144/5477
f 5556/2121/5452 5581/2144/5477 5582/2145/5478
f 5560/2125/5456 5556/2121/5452 5582/2145/5478
f 5582/2145/5478 5583/2146/5479 5560/2125/5456
f 5583/2146/5479 5561/2126/5457 5560/2125/5456
f 5561/2126/5457 5583/2146/5479 5584/2147/5480
f 5558/2123/5454 5561/2126/5457 5584/2147/5480
f 5585/2148/5481 5558/2123/5454 5584/2147/5480
f 5559/2124/5455 5558/2123/5454 5585/2148/5481
f 5586/2149/5482 5559/2124/5455 5585/2148/5481
f 5545/2110/5441 5559/2124/5455 5586/2149/5482
f 5536/2099/5432 5545/2110/5441 5586/2149/5482
f 5584/2147/5480 5587/2150/5483 5585/2148/5481
f 5587/2150/5483 5588/2151/5484 5585/2148/5481
f 5587/2150/5483 5589/2152/5485 5588/2151/5484
f 5590/2153/5486 5588/2151/5484 5589/2152/5485
f 5585/2148/5481 5588/2151/5484 5590/2153/5486
f 5586/2149/5482 5585/2148/5481 5590/2153/5486
f 5590/2153/5486 5589/2152/5485 5519/2082/5415
f 5518/2081/5414 5590/2153/5486 5519/2082/5415
f 5518/2081/5414 5514/2077/5410 5590/2153/5486
f 5514/2077/5410 5525/2088/5421 5590/2153/5486
f 5519/2082/5415 5589/2152/5485 5520/2083/5416
f 5520/2083/5416 5589/2152/5485 5587/2150/5483
f 5590/2153/5486 5525/2088/5421 5527/2090/5423
f 5586/2149/5482 5590/2153/5486 5527/2090/5423
f 5536/2099/5432 5586/2149/5482 5527/2090/5423
f 5510/2073/5406 5520/2083/5416 5587/2150/5483
f 5510/2073/5406 5587/2150/5483 5584/2147/5480
f 5443/2006/5337 5510/2073/5406 5584/2147/5480
f 5443/2006/5337 5444/2007/5338 5510/2073/5406
f 5444/2007/5338 5509/2072/5405 5510/2073/5406
f 5506/2069/5402 5509/2072/5405 5444/2007/5338
f 5504/2025/5400 5506/2069/5402 5444/2007/5338
f 5443/2006/5337 5584/2147/5480 5583/2146/5479
f 5443/2006/5337 5583/2146/5479 5441/2004/5335
f 5583/2146/5479 5440/2003/5334 5441/2004/5335
f 5440/2003/5334 5583/2146/5479 5582/2145/5478
f 5591/2154/5487 5440/2003/5334 5582/2145/5478
f 5437/2000/5331 5440/2003/5334 5591/2154/5487
f 5435/1998/5329 5437/2000/5331 5591/2154/5487
f 5591/2154/5487 5592/2155/5488 5435/1998/5329
f 5592/2155/5488 5433/1996/5327 5435/1998/5329
f 5592/2155/5488 5593/2156/5489 5433/1996/5327
f 5593/2156/5489 5431/1994/5325 5433/1996/5327
f 5431/1994/5325 5593/2156/5489 5594/2157/5490
f 5429/1990/5323 5431/1994/5325 5594/2157/5490
f 5429/1990/5323 5594/2157/5490 5595/2158/5491
f 5428/1989/5320 5429/1990/5323 5595/2158/5491
f 5581/2144/5477 5592/2155/5488 5591/2154/5487
f 5582/2145/5478 5581/2144/5477 5591/2154/5487
f 5580/2143/5476 5593/2156/5489 5592/2155/5488
f 5581/2144/5477 5580/2143/5476 5592/2155/5488
f 5593/2156/5489 5580/2143/5476 5578/2141/5474
f 5594/2157/5490 5593/2156/5489 5578/2141/5474
f 5594/2157/5490 5578/2141/5474 5579/2142/5475
f 5595/2158/5491 5594/2157/5490 5579/2142/5475
f 5598/2159/5492 5597/2162/5493 5596/2161/5494
f 5599/2160/5495 5598/2159/5492 5596/2161/5494
f 5599/2160/5495 5596/2161/5494 5600/2163/5496
f 5601/2164/5497 5599/2160/5495 5600/2163/5496
f 5598/2159/5492 5602/2165/5498 5597/2162/5493
f 5602/2165/5498 5603/2166/5499 5597/2162/5493
f 5601/2164/5497 5600/2163/5496 5604/2167/5500
f 5605/2168/5501 5601/2164/5497 5604/2167/5500
f 5606/2169/5502 5604/2167/5500 5600/2163/5496
f 5607/2170/5503 5606/2169/5502 5600/2163/5496
f 5600/2163/5496 5596/2161/5494 5607/2170/5503
f 5596/2161/5494 5608/2171/5504 5607/2170/5503
f 5596/2161/5494 5597/2162/5493 5608/2171/5504
f 5609/2172/5505 5607/2170/5503 5608/2171/5504
f 5610/2173/5506 5609/2172/5505 5608/2171/5504
f 5610/2173/5506 5608/2171/5504 5611/2174/5507
f 5597/2162/5493 5611/2174/5507 5608/2171/5504
f 5611/2174/5507 5597/2162/5493 5603/2166/5499
f 5612/2175/5508 5610/2173/5506 5611/2174/5507
f 5612/2175/5508 5611/2174/5507 5613/2176/5509
f 5613/2176/5509 5611/2174/5507 5603/2166/5499
f 5603/2166/5499 5614/2177/5510 5613/2176/5509
f 5614/2177/5510 5615/2178/5511 5613/2176/5509
f 5614/2177/5510 5616/2179/5512 5615/2178/5511
f 5616/2179/5512 5617/2180/5513 5615/2178/5511
f 5616/2179/5512 5618/2181/5514 5617/2180/5513
f 5618/2181/5514 5619/2182/5515 5617/2180/5513
f 5620/2183/5516 5619/2182/5515 5618/2181/5514
f 5621/2184/5517 5620/2183/5516 5618/2181/5514
f 5621/2184/5517 5618/2181/5514 5622/2185/5518
f 5622/2185/5518 5623/2186/5519 5621/2184/5517
f 5623/2186/5519 5624/2187/5520 5621/2184/5517
f 5621/2184/5517 5624/2187/5520 5620/2183/5516
f 5623/2186/5519 5625/2188/5521 5624/2187/5520
f 5625/2188/5521 5626/2189/5522 5624/2187/5520
f 5618/2181/5514 5627/2190/5523 5622/2185/5518
f 5627/2190/5523 5618/2181/5514 5616/2179/5512
f 5625/2188/5521 5628/2191/5524 5626/2189/5522
f 5629/2192/5525 5628/2191/5524 5625/2188/5521
f 5630/2193/5526 5629/2192/5525 5625/2188/5521
f 5630/2193/5526 5631/2194/5527 5629/2192/5525
f 5631/2194/5527 5632/2195/5528 5629/2192/5525
f 5631/2194/5527 5633/2196/5529 5632/2195/5528
f 5633/2196/5529 5634/2197/5530 5632/2195/5528
f 5635/2198/5531 5633/2196/5529 5631/2194/5527
f 5636/2199/5532 5635/2198/5531 5631/2194/5527
f 5637/2200/5533 5636/2199/5532 5631/2194/5527
f 5630/2193/5526 5637/2200/5533 5631/2194/5527
f 5625/2188/5521 5623/2186/5519 5637/2200/5533
f 5630/2193/5526 5625/2188/5521 5637/2200/5533
f 5637/2200/5533 5623/2186/5519 5622/2185/5518
f 5637/2200/5533 5638/2201/5534 5636/2199/5532
f 5638/2201/5534 5639/2202/5535 5636/2199/5532
f 5639/2202/5535 5638/2201/5534 5640/2203/5536
f 5627/2190/5523 5640/2203/5536 5638/2201/5534
f 5641/2204/5537 5639/2202/5535 5640/2203/5536
f 5628/2191/5524 5642/2205/5538 5626/2189/5522
f 5628/2191/5524 5643/2206/5539 5642/2205/5538
f 5643/2206/5539 5628/2191/5524 5629/2192/5525
f 5643/2206/5539 5644/2207/5540 5642/2205/5538
f 5638/2201/5534 5637/2200/5533 5622/2185/5518
f 5622/2185/5518 5627/2190/5523 5638/2201/5534
f 5645/2208/5541 5642/2205/5538 5644/2207/5540
f 5646/2209/5542 5645/2208/5541 5644/2207/5540
f 5627/2190/5523 5647/2210/5543 5640/2203/5536
f 5647/2210/5543 5627/2190/5523 5616/2179/5512
f 5616/2179/5512 5614/2177/5510 5647/2210/5543
f 5614/2177/5510 5648/2211/5544 5647/2210/5543
f 5648/2211/5544 5614/2177/5510 5603/2166/5499
f 5602/2165/5498 5648/2211/5544 5603/2166/5499
f 5647/2210/5543 5649/2212/5545 5640/2203/5536
f 5640/2203/5536 5649/2212/5545 5641/2204/5537
f 5647/2210/5543 5648/2211/5544 5649/2212/5545
f 5649/2212/5545 5650/2213/5546 5641/2204/5537
f 5650/2213/5546 5651/2214/5547 5641/2204/5537
f 5651/2214/5547 5650/2213/5546 5652/2215/5548
f 5653/2216/5549 5651/2214/5547 5652/2215/5548
f 5654/2217/5550 5652/2215/5548 5650/2213/5546
f 5649/2212/5545 5654/2217/5550 5650/2213/5546
f 5648/2211/5544 5654/2217/5550 5649/2212/5545
f 5652/2215/5548 5654/2217/5550 5655/2218/5551
f 5648/2211/5544 5602/2165/5498 5656/2219/5552
f 5654/2217/5550 5648/2211/5544 5656/2219/5552
f 5656/2219/5552 5655/2218/5551 5654/2217/5550
f 5655/2218/5551 5656/2219/5552 5657/2220/5553
f 5656/2219/5552 5602/2165/5498 5658/2221/5554
f 5658/2221/5554 5657/2220/5553 5656/2219/5552
f 5657/2220/5553 5658/2221/5554 5659/2222/5555
f 5657/2220/5553 5659/2222/5555 5660/2223/5556
f 5660/2223/5556 5659/2222/5555 5661/2224/5557
f 5659/2222/5555 5662/2225/5558 5661/2224/5557
f 5663/2226/5559 5657/2220/5553 5660/2223/5556
f 5659/2222/5555 5658/2221/5554 5664/2227/5560
f 5662/2225/5558 5659/2222/5555 5664/2227/5560
f 5664/2227/5560 5658/2221/5554 5598/2159/5492
f 5599/2160/5495 5664/2227/5560 5598/2159/5492
f 5661/2224/5557 5662/2225/5558 5665/2228/5561
f 5662/2225/5558 5666/2229/5562 5665/2228/5561
f 5662/2225/5558 5664/2227/5560 5666/2229/5562
f 5667/2230/5563 5664/2227/5560 5599/2160/5495
f 5667/2230/5563 5666/2229/5562 5664/2227/5560
f 5601/2164/5497 5667/2230/5563 5599/2160/5495
f 5668/2231/5564 5667/2230/5563 5601/2164/5497
f 5605/2168/5501 5668/2231/5564 5601/2164/5497
f 5667/2230/5563 5668/2231/5564 5669/2232/5565
f 5665/2228/5561 5666/2229/5562 5669/2232/5565
f 5669/2232/5565 5666/2229/5562 5667/2230/5563
f 5670/2233/5566 5665/2228/5561 5669/2232/5565
f 5670/2233/5566 5669/2232/5565 5671/2234/5567
f 5671/2234/5567 5669/2232/5565 5668/2231/5564
f 5672/2235/5568 5670/2233/5566 5671/2234/5567
f 5672/2235/5568 5673/2236/5569 5670/2233/5566
f 5670/2233/5566 5673/2236/5569 1685/308/5570
f 5673/2236/5569 1684/307/5571 1685/308/5570
f 1686/310/5572 5665/2228/5561 5670/2233/5566
f 5670/2233/5566 1685/308/5570 1686/310/5572
f 1686/310/5572 1687/312/5573 5665/2228/5561
f 5661/2224/5557 5665/2228/5561 1687/312/5573
f 1690/318/5574 5661/2224/5557 1687/312/5573
f 5661/2224/5557 1690/318/5574 1691/320/5575
f 5660/2223/5556 5661/2224/5557 1691/320/5575
f 5663/2226/5559 5660/2223/5556 1691/320/5575
f 1676/286/5576 5663/2226/5559 1691/320/5575
f 1675/284/5577 5663/2226/5559 1676/286/5576
f 5674/2237/5578 5663/2226/5559 1675/284/5577
f 5663/2226/5559 5674/2237/5578 5657/2220/5553
f 5655/2218/5551 5657/2220/5553 5674/2237/5578
f 5655/2218/5551 5674/2237/5578 5675/2238/5579
f 5652/2215/5548 5655/2218/5551 5675/2238/5579
f 5653/2216/5549 5652/2215/5548 5675/2238/5579
f 5653/2216/5549 5675/2238/5579 1660/253/5580
f 5653/2216/5549 1660/253/5580 1659/251/5581
f 5651/2214/5547 5653/2216/5549 1659/251/5581
f 5651/2214/5547 1659/251/5581 1658/249/5582
f 5676/2239/5583 5651/2214/5547 1658/249/5582
f 5651/2214/5547 5676/2239/5583 5641/2204/5537
f 5641/2204/5537 5676/2239/5583 5677/2240/5584
f 5639/2202/5535 5641/2204/5537 5677/2240/5584
f 5678/2241/5585 5639/2202/5535 5677/2240/5584
f 5639/2202/5535 5678/2241/5585 5636/2199/5532
f 5678/2241/5585 5635/2198/5531 5636/2199/5532
f 1657/247/5586 5677/2240/5584 5676/2239/5583
f 1658/249/5582 1657/247/5586 5676/2239/5583
f 5677/2240/5584 1657/247/5586 1656/245/5587
f 5678/2241/5585 5677/2240/5584 1656/245/5587
f 5678/2241/5585 1656/245/5587 1654/243/5588
f 5635/2198/5531 5678/2241/5585 1654/243/5588
f 1654/243/5588 1655/244/5589 5635/2198/5531
f 1655/244/5589 5633/2196/5529 5635/2198/5531
f 5633/2196/5529 1655/244/5589 1662/258/5590
f 5634/2197/5530 5633/2196/5529 1662/258/5590
f 1662/258/5590 1663/260/5591 5634/2197/5530
f 1663/260/5591 5679/2242/5592 5634/2197/5530
f 5634/2197/5530 5679/2242/5592 5632/2195/5528
f 5679/2242/5592 5680/2243/5593 5632/2195/5528
f 5629/2192/5525 5632/2195/5528 5680/2243/5593
f 5681/2244/5594 5629/2192/5525 5680/2243/5593
f 5681/2244/5594 5643/2206/5539 5629/2192/5525
f 5684/2246/5595 5683/2245/5596 5682/2247/5597
f 5682/2247/5597 5683/2245/5596 5685/2248/5598
f 5683/2245/5596 5686/2249/5599 5685/2248/5598
f 5686/2249/5599 5687/2250/5600 5685/2248/5598
f 5688/2251/5601 5682/2247/5597 5685/2248/5598
f 5682/2247/5597 5688/2251/5601 1668/272/5602
f 5688/2251/5601 5689/2252/5603 1668/272/5602
f 5690/2253/5604 5689/2252/5603 5688/2251/5601
f 5691/2254/5605 5690/2253/5604 5688/2251/5601
f 5683/2245/5596 5684/2246/5595 5692/2255/5606
f 5693/2256/5607 5683/2245/5596 5692/2255/5606
f 5694/2257/5608 5686/2249/5599 5683/2245/5596
f 5693/2256/5607 5694/2257/5608 5683/2245/5596
f 5695/2258/5609 5686/2249/5599 5694/2257/5608
f 5686/2249/5599 5695/2258/5609 5687/2250/5600
f 5696/2259/5610 5695/2258/5609 5694/2257/5608
f 5696/2259/5610 5694/2257/5608 5697/2260/5611
f 5696/2259/5610 5697/2260/5611 5698/2261/5612
f 5699/2262/5613 5696/2259/5610 5698/2261/5612
f 5700/2263/5614 5699/2262/5613 5698/2261/5612
f 5701/2264/5615 5700/2263/5614 5698/2261/5612
f 5702/2265/5616 5700/2263/5614 5701/2264/5615
f 5703/2266/5617 5702/2265/5616 5701/2264/5615
f 5694/2257/5608 5704/2267/5618 5697/2260/5611
f 5701/2264/5615 5698/2261/5612 5705/2268/5619
f 5698/2261/5612 5697/2260/5611 5705/2268/5619
f 5706/2269/5620 5701/2264/5615 5705/2268/5619
f 5703/2266/5617 5701/2264/5615 5706/2269/5620
f 5707/2270/5621 5704/2267/5618 5694/2257/5608
f 5693/2256/5607 5707/2270/5621 5694/2257/5608
f 5692/2255/5606 5708/2271/5622 5693/2256/5607
f 5707/2270/5621 5708/2271/5622 5709/2272/5623
f 5693/2256/5607 5708/2271/5622 5707/2270/5621
f 5707/2270/5621 5709/2272/5623 5710/2273/5624
f 5704/2267/5618 5707/2270/5621 5710/2273/5624
f 5711/2274/5625 5710/2273/5624 5709/2272/5623
f 5711/2274/5625 5709/2272/5623 5712/2275/5626
f 5712/2275/5626 5709/2272/5623 1666/268/5627
f 5709/2272/5623 5708/2271/5622 1666/268/5627
f 5713/2276/5628 5711/2274/5625 5712/2275/5626
f 5714/2277/5629 5711/2274/5625 5713/2276/5628
f 5711/2274/5625 5714/2277/5629 5710/2273/5624
f 5715/2278/5630 5714/2277/5629 5713/2276/5628
f 5714/2277/5629 5716/2279/5631 5710/2273/5624
f 5715/2278/5630 5717/2280/5632 5714/2277/5629
f 5717/2280/5632 5718/2281/5633 5714/2277/5629
f 5714/2277/5629 5718/2281/5633 5716/2279/5631
f 5719/2282/5634 5716/2279/5631 5718/2281/5633
f 5719/2282/5634 5718/2281/5633 5720/2283/5635
f 5719/2282/5634 5720/2283/5635 5721/2284/5636
f 5722/2285/5637 5721/2284/5636 5720/2283/5635
f 5721/2284/5636 5722/2285/5637 5723/2286/5638
f 5724/2287/5639 5721/2284/5636 5723/2286/5638
f 5725/2288/5640 5724/2287/5639 5723/2286/5638
f 5723/2286/5638 5726/2289/5641 5725/2288/5640
f 5726/2289/5641 5727/2290/5642 5725/2288/5640
f 5728/2291/5643 5725/2288/5640 5727/2290/5642
f 5729/2292/5644 5728/2291/5643 5727/2290/5642
f 5724/2287/5639 5725/2288/5640 5730/2293/5645
f 5728/2291/5643 5730/2293/5645 5725/2288/5640
f 5731/2294/5646 5724/2287/5639 5730/2293/5645
f 5724/2287/5639 5731/2294/5646 5721/2284/5636
f 5731/2294/5646 5732/2295/5647 5721/2284/5636
f 5721/2284/5636 5732/2295/5647 5719/2282/5634
f 5732/2295/5647 5733/2296/5648 5719/2282/5634
f 5733/2296/5648 5734/2297/5649 5719/2282/5634
f 5734/2297/5649 5716/2279/5631 5719/2282/5634
f 5716/2279/5631 5734/2297/5649 5710/2273/5624
f 5734/2297/5649 5735/2298/5650 5710/2273/5624
f 5735/2298/5650 5704/2267/5618 5710/2273/5624
f 5697/2260/5611 5704/2267/5618 5735/2298/5650
f 5736/2299/5651 5697/2260/5611 5735/2298/5650
f 5736/2299/5651 5705/2268/5619 5697/2260/5611
f 5732/2295/5647 5731/2294/5646 5737/2300/5652
f 5738/2301/5653 5732/2295/5647 5737/2300/5652
f 5732/2295/5647 5738/2301/5653 5733/2296/5648
f 5738/2301/5653 5739/2302/5654 5733/2296/5648
f 5734/2297/5649 5733/2296/5648 5739/2302/5654
f 5738/2301/5653 5740/2303/5655 5739/2302/5654
f 5740/2303/5655 5741/2304/5656 5739/2302/5654
f 5742/2305/5657 5740/2303/5655 5738/2301/5653
f 5737/2300/5652 5742/2305/5657 5738/2301/5653
f 5743/2306/5658 5742/2305/5657 5737/2300/5652
f 5744/2307/5659 5743/2306/5658 5737/2300/5652
f 5744/2307/5659 5737/2300/5652 5731/2294/5646
f 5745/2308/5660 5744/2307/5659 5731/2294/5646
f 5742/2305/5657 5743/2306/5658 5746/2309/5661
f 5746/2309/5661 5747/2310/5662 5742/2305/5657
f 5742/2305/5657 5747/2310/5662 5740/2303/5655
f 5748/2311/5663 5740/2303/5655 5747/2310/5662
f 5741/2304/5656 5740/2303/5655 5748/2311/5663
f 5748/2311/5663 5747/2310/5662 5749/2312/5664
f 5747/2310/5662 5750/2313/5665 5749/2312/5664
f 5750/2313/5665 5747/2310/5662 5746/2309/5661
f 5749/2312/5664 5750/2313/5665 5751/2314/5666
f 5750/2313/5665 5752/2315/5667 5751/2314/5666
f 5750/2313/5665 5753/2316/5668 5752/2315/5667
f 5753/2316/5668 5750/2313/5665 5746/2309/5661
f 5753/2316/5668 5754/2317/5669 5752/2315/5667
f 5746/2309/5661 5755/2318/5670 5753/2316/5668
f 5755/2318/5670 5746/2309/5661 5743/2306/5658
f 5755/2318/5670 5756/2319/5671 5753/2316/5668
f 5754/2317/5669 5753/2316/5668 5756/2319/5671
f 5749/2312/5664 5757/2320/5672 5748/2311/5663
f 5749/2312/5664 5751/2314/5666 5757/2320/5672
f 5757/2320/5672 5758/2321/5673 5748/2311/5663
f 5751/2314/5666 5759/2322/5674 5757/2320/5672
f 5758/2321/5673 5741/2304/5656 5748/2311/5663
f 5760/2323/5675 5741/2304/5656 5758/2321/5673
f 5741/2304/5656 5760/2323/5675 5761/2324/5676
f 5741/2304/5656 5761/2324/5676 5762/2325/5677
f 5739/2302/5654 5741/2304/5656 5762/2325/5677
f 5762/2325/5677 5734/2297/5649 5739/2302/5654
f 5734/2297/5649 5762/2325/5677 5735/2298/5650
f 5762/2325/5677 5736/2299/5651 5735/2298/5650
f 5736/2299/5651 5762/2325/5677 5763/2326/5678
f 5761/2324/5676 5763/2326/5678 5762/2325/5677
f 5736/2299/5651 5763/2326/5678 5705/2268/5619
f 5705/2268/5619 5763/2326/5678 5764/2327/5679
f 5706/2269/5620 5705/2268/5619 5764/2327/5679
f 5763/2326/5678 5761/2324/5676 5765/2328/5680
f 5764/2327/5679 5763/2326/5678 5765/2328/5680
f 5765/2328/5680 5761/2324/5676 5760/2323/5675
f 5758/2321/5673 5757/2320/5672 5766/2329/5681
f 5760/2323/5675 5758/2321/5673 5766/2329/5681
f 5760/2323/5675 5766/2329/5681 5765/2328/5680
f 5766/2329/5681 5767/2330/5682 5765/2328/5680
f 5765/2328/5680 5767/2330/5682 5764/2327/5679
f 5706/2269/5620 5764/2327/5679 5768/2331/5683
f 5767/2330/5682 5768/2331/5683 5764/2327/5679
f 5769/2332/5684 5706/2269/5620 5768/2331/5683
f 5769/2332/5684 5703/2266/5617 5706/2269/5620
f 5703/2266/5617 5769/2332/5684 5770/2333/5685
f 5770/2333/5685 5771/2334/5686 5703/2266/5617
f 5771/2334/5686 5702/2265/5616 5703/2266/5617
f 5771/2334/5686 5772/2335/5687 5702/2265/5616
f 5772/2335/5687 5773/2336/5688 5702/2265/5616
f 5774/2337/5689 5773/2336/5688 5772/2335/5687
f 5775/2338/5690 5774/2337/5689 5772/2335/5687
f 5702/2265/5616 5773/2336/5688 5700/2263/5614
f 5773/2336/5688 5776/2339/5691 5700/2263/5614
f 5776/2339/5691 5773/2336/5688 5774/2337/5689
f 5700/2263/5614 5776/2339/5691 5699/2262/5613
f 5776/2339/5691 5777/2340/5692 5699/2262/5613
f 5696/2259/5610 5699/2262/5613 5777/2340/5692
f 5695/2258/5609 5696/2259/5610 5777/2340/5692
f 5776/2339/5691 5778/2341/5693 5777/2340/5692
f 5778/2341/5693 5776/2339/5691 5774/2337/5689
f 5779/2342/5694 5778/2341/5693 5774/2337/5689
f 5780/2343/5695 5779/2342/5694 5774/2337/5689
f 5780/2343/5695 5774/2337/5689 5775/2338/5690
f 5781/2344/5696 5779/2342/5694 5780/2343/5695
f 5782/2345/5697 5781/2344/5696 5780/2343/5695
f 5781/2344/5696 5783/2346/5698 5779/2342/5694
f 5784/2347/5699 5695/2258/5609 5777/2340/5692
f 5695/2258/5609 5784/2347/5699 5687/2250/5600
f 5784/2347/5699 5785/2348/5700 5687/2250/5600
f 5783/2346/5698 5785/2348/5700 5784/2347/5699
f 5785/2348/5700 5786/2349/5701 5687/2250/5600
f 5687/2250/5600 5786/2349/5701 5787/2350/5702
f 5685/2248/5598 5687/2250/5600 5787/2350/5702
f 5685/2248/5598 5787/2350/5702 5688/2251/5601
f 5787/2350/5702 5691/2254/5605 5688/2251/5601
f 5788/2351/5703 5783/2346/5698 5784/2347/5699
f 5788/2351/5703 5779/2342/5694 5783/2346/5698
f 5779/2342/5694 5788/2351/5703 5778/2341/5693
f 5788/2351/5703 5784/2347/5699 5777/2340/5692
f 5788/2351/5703 5777/2340/5692 5778/2341/5693
f 5782/2345/5697 5780/2343/5695 5789/2352/5704
f 5790/2353/5705 5782/2345/5697 5789/2352/5704
f 5789/2352/5704 5780/2343/5695 5775/2338/5690
f 5789/2352/5704 5775/2338/5690 5791/2354/5706
f 5791/2354/5706 5775/2338/5690 5792/2355/5707
f 5775/2338/5690 5772/2335/5687 5792/2355/5707
f 5793/2356/5708 5792/2355/5707 5772/2335/5687
f 5771/2334/5686 5793/2356/5708 5772/2335/5687
f 5793/2356/5708 5771/2334/5686 5794/2357/5709
f 5771/2334/5686 5770/2333/5685 5794/2357/5709
f 5794/2357/5709 5770/2333/5685 5795/2358/5710
f 5770/2333/5685 5796/2359/5711 5795/2358/5710
f 5769/2332/5684 5796/2359/5711 5770/2333/5685
f 5789/2352/5704 5791/2354/5706 5797/2360/5712
f 5790/2353/5705 5789/2352/5704 5797/2360/5712
f 5798/2361/5713 5796/2359/5711 5769/2332/5684
f 5798/2361/5713 5795/2358/5710 5796/2359/5711
f 5768/2331/5683 5798/2361/5713 5769/2332/5684
f 5798/2361/5713 5768/2331/5683 5799/2362/5714
f 5768/2331/5683 5767/2330/5682 5799/2362/5714
f 5799/2362/5714 5767/2330/5682 5800/2363/5715
f 5767/2330/5682 5766/2329/5681 5800/2363/5715
f 5759/2322/5674 5800/2363/5715 5766/2329/5681
f 5757/2320/5672 5759/2322/5674 5766/2329/5681
f 5795/2358/5710 5798/2361/5713 5801/2364/5716
f 5798/2361/5713 5799/2362/5714 5801/2364/5716
f 5800/2363/5715 5801/2364/5716 5799/2362/5714
f 5800/2363/5715 5759/2322/5674 5802/2365/5717
f 5800/2363/5715 5802/2365/5717 5801/2364/5716
f 5802/2365/5717 5759/2322/5674 5803/2366/5718
f 5759/2322/5674 5751/2314/5666 5803/2366/5718
f 5803/2366/5718 5751/2314/5666 5804/2367/5719
f 5751/2314/5666 5752/2315/5667 5804/2367/5719
f 5752/2315/5667 5754/2317/5669 5804/2367/5719
f 5754/2317/5669 5805/2368/5720 5804/2367/5719
f 5754/2317/5669 5806/2369/5721 5805/2368/5720
f 5806/2369/5721 5754/2317/5669 5756/2319/5671
f 5809/2370/5722 5808/2373/5723 5807/2372/5724
f 5810/2371/5725 5809/2370/5722 5807/2372/5724
f 5810/2371/5725 5807/2372/5724 5811/2374/5726
f 5812/2375/5727 5810/2371/5725 5811/2374/5726
f 5812/2375/5727 5811/2374/5726 5813/2376/5728
f 5811/2374/5726 5814/2377/5729 5813/2376/5728
f 5813/2376/5728 5814/2377/5729 5815/2378/5730
f 5816/2379/5731 5813/2376/5728 5815/2378/5730
f 5815/2378/5730 5814/2377/5729 5817/2380/5732
f 5814/2377/5729 5818/2381/5733 5817/2380/5732
f 5818/2381/5733 5814/2377/5729 5811/2374/5726
f 5819/2382/5734 5818/2381/5733 5811/2374/5726
f 5811/2374/5726 5807/2372/5724 5819/2382/5734
f 5807/2372/5724 5820/2383/5735 5819/2382/5734
f 5817/2380/5732 5818/2381/5733 5821/2384/5736
f 5821/2384/5736 5822/2385/5737 5817/2380/5732
f 5822/2385/5737 5821/2384/5736 5615/2178/5511
f 5615/2178/5511 5617/2180/5513 5822/2385/5737
f 5617/2180/5513 5823/2386/5738 5822/2385/5737
f 5617/2180/5513 5619/2182/5515 5823/2386/5738
f 5619/2182/5515 5824/2387/5739 5823/2386/5738
f 5824/2387/5739 5619/2182/5515 5620/2183/5516
f 5825/2388/5740 5824/2387/5739 5620/2183/5516
f 5821/2384/5736 5613/2176/5509 5615/2178/5511
f 5822/2385/5737 5826/2389/5741 5817/2380/5732
f 5822/2385/5737 5823/2386/5738 5827/2390/5742
f 5826/2389/5741 5822/2385/5737 5827/2390/5742
f 5823/2386/5738 5824/2387/5739 5828/2391/5743
f 5827/2390/5742 5823/2386/5738 5828/2391/5743
f 5824/2387/5739 5825/2388/5740 5829/2392/5744
f 5828/2391/5743 5824/2387/5739 5829/2392/5744
f 5830/2393/5745 5828/2391/5743 5829/2392/5744
f 5831/2394/5746 5830/2393/5745 5829/2392/5744
f 5821/2384/5736 5612/2175/5508 5613/2176/5509
f 5818/2381/5733 5612/2175/5508 5821/2384/5736
f 5612/2175/5508 5818/2381/5733 5819/2382/5734
f 5610/2173/5506 5612/2175/5508 5819/2382/5734
f 5610/2173/5506 5819/2382/5734 5820/2383/5735
f 5609/2172/5505 5610/2173/5506 5820/2383/5735
f 5609/2172/5505 5820/2383/5735 5832/2865/5747
f 5607/2170/5503 5609/2172/5505 5832/2865/5747
f 5606/2169/5502 5607/2170/5503 5832/2865/5747
f 5820/2383/5735 5833/2866/5748 5832/2865/5747
f 5833/2866/5748 5820/2383/5735 5807/2372/5724
f 5808/2373/5723 5833/2866/5748 5807/2372/5724
f 5831/2394/5746 5829/2392/5744 5834/2395/5749
f 5829/2392/5744 5835/2396/5750 5834/2395/5749
f 5835/2396/5750 5829/2392/5744 5825/2388/5740
f 5836/2397/5751 5835/2396/5750 5825/2388/5740
f 5836/2397/5751 5825/2388/5740 5620/2183/5516
f 5837/2398/5752 5836/2397/5751 5620/2183/5516
f 5624/2187/5520 5837/2398/5752 5620/2183/5516
f 5624/2187/5520 5626/2189/5522 5837/2398/5752
f 5626/2189/5522 5838/2399/5753 5837/2398/5752
f 5645/2208/5541 5838/2399/5753 5626/2189/5522
f 5642/2205/5538 5645/2208/5541 5626/2189/5522
f 5834/2395/5749 5835/2396/5750 5839/2400/5754
f 5834/2395/5749 5839/2400/5754 5840/2401/5755
f 5841/2402/5756 5834/2395/5749 5840/2401/5755
f 5841/2402/5756 5840/2401/5755 5842/2403/5757
f 5840/2401/5755 5843/2404/5758 5842/2403/5757
f 5843/2404/5758 5844/2405/5759 5842/2403/5757
f 5844/2405/5759 5845/2406/5760 5842/2403/5757
f 5845/2406/5760 5844/2405/5759 5846/2407/5761
f 5847/2408/5762 5845/2406/5760 5846/2407/5761
f 5847/2408/5762 5846/2407/5761 5848/2409/5763
f 5846/2407/5761 5849/2410/5764 5848/2409/5763
f 5846/2407/5761 5850/2411/5765 5849/2410/5764
f 5846/2407/5761 5844/2405/5759 5850/2411/5765
f 5850/2411/5765 5851/2412/5766 5849/2410/5764
f 5852/2413/5767 5851/2412/5766 5850/2411/5765
f 5853/2414/5768 5852/2413/5767 5850/2411/5765
f 5849/2410/5764 5854/2415/5769 5848/2409/5763
f 5854/2415/5769 5855/2416/5770 5848/2409/5763
f 5855/2416/5770 5854/2415/5769 5856/2417/5771
f 5856/2417/5771 5854/2415/5769 5857/2418/5772
f 5849/2410/5764 5851/2412/5766 5857/2418/5772
f 5854/2415/5769 5849/2410/5764 5857/2418/5772
f 5858/2419/5773 5856/2417/5771 5857/2418/5772
f 5859/2420/5774 5856/2417/5771 5858/2419/5773
f 5860/2421/5775 5859/2420/5774 5858/2419/5773
f 5861/2422/5776 5859/2420/5774 5860/2421/5775
f 5862/2423/5777 5861/2422/5776 5860/2421/5775
f 5863/2424/5778 5855/2416/5770 5856/2417/5771
f 5863/2424/5778 5856/2417/5771 5859/2420/5774
f 5864/2425/5779 5863/2424/5778 5859/2420/5774
f 5859/2420/5774 5861/2422/5776 5864/2425/5779
f 5864/2425/5779 5865/2426/5780 5863/2424/5778
f 5865/2426/5780 5866/2427/5781 5863/2424/5778
f 5865/2426/5780 5867/2428/5782 5866/2427/5781
f 5867/2428/5782 5868/2429/5783 5866/2427/5781
f 5858/2419/5773 5857/2418/5772 5869/2430/5784
f 5857/2418/5772 5870/2431/5785 5869/2430/5784
f 5869/2430/5784 5870/2431/5785 5871/2432/5786
f 5872/2433/5787 5869/2430/5784 5871/2432/5786
f 5873/2434/5788 5869/2430/5784 5872/2433/5787
f 5858/2419/5773 5869/2430/5784 5873/2434/5788
f 5860/2421/5775 5858/2419/5773 5873/2434/5788
f 5860/2421/5775 5873/2434/5788 5862/2423/5777
f 5874/2435/5789 5873/2434/5788 5872/2433/5787
f 5873/2434/5788 5874/2435/5789 5875/2436/5790
f 5873/2434/5788 5875/2436/5790 5862/2423/5777
f 5874/2435/5789 5876/2437/5791 5875/2436/5790
f 5861/2422/5776 5877/2438/5792 5864/2425/5779
f 5878/2439/5793 5865/2426/5780 5864/2425/5779
f 5877/2438/5792 5878/2439/5793 5864/2425/5779
f 5878/2439/5793 5867/2428/5782 5865/2426/5780
f 5870/2431/5785 5852/2413/5767 5871/2432/5786
f 5852/2413/5767 5870/2431/5785 5851/2412/5766
f 5870/2431/5785 5857/2418/5772 5851/2412/5766
f 5852/2413/5767 5879/2440/5794 5871/2432/5786
f 5879/2440/5794 5852/2413/5767 5880/2441/5795
f 5852/2413/5767 5853/2414/5768 5880/2441/5795
f 5853/2414/5768 5881/2442/5796 5880/2441/5795
f 5881/2442/5796 5882/2443/5797 5880/2441/5795
f 5881/2442/5796 5883/2444/5798 5882/2443/5797
f 5884/2445/5799 5881/2442/5796 5853/2414/5768
f 5850/2411/5765 5884/2445/5799 5853/2414/5768
f 5881/2442/5796 5884/2445/5799 5885/2446/5800
f 5883/2444/5798 5881/2442/5796 5885/2446/5800
f 5885/2446/5800 5886/2447/5801 5883/2444/5798
f 5886/2447/5801 5887/2448/5802 5883/2444/5798
f 5886/2447/5801 5888/2449/5803 5887/2448/5802
f 5888/2449/5803 5889/2450/5804 5887/2448/5802
f 5839/2400/5754 5888/2449/5803 5886/2447/5801
f 5840/2401/5755 5839/2400/5754 5886/2447/5801
f 5886/2447/5801 5885/2446/5800 5840/2401/5755
f 5887/2448/5802 5889/2450/5804 5890/2451/5805
f 5889/2450/5804 5891/2452/5806 5890/2451/5805
f 5888/2449/5803 5892/2453/5807 5889/2450/5804
f 5892/2453/5807 5893/2454/5808 5889/2450/5804
f 5889/2450/5804 5893/2454/5808 5891/2452/5806
f 5893/2454/5808 5894/2455/5809 5891/2452/5806
f 5895/2456/5810 5894/2455/5809 5893/2454/5808
f 5896/2457/5811 5895/2456/5810 5893/2454/5808
f 5893/2454/5808 5892/2453/5807 5896/2457/5811
f 5896/2457/5811 5645/2208/5541 5895/2456/5810
f 5645/2208/5541 5646/2209/5542 5895/2456/5810
f 5897/2458/5812 5892/2453/5807 5888/2449/5803
f 5839/2400/5754 5897/2458/5812 5888/2449/5803
f 5835/2396/5750 5897/2458/5812 5839/2400/5754
f 5645/2208/5541 5896/2457/5811 5838/2399/5753
f 5896/2457/5811 5898/2459/5813 5838/2399/5753
f 5898/2459/5813 5892/2453/5807 5897/2458/5812
f 5898/2459/5813 5896/2457/5811 5892/2453/5807
f 5838/2399/5753 5898/2459/5813 5837/2398/5752
f 5898/2459/5813 5836/2397/5751 5837/2398/5752
f 5898/2459/5813 5897/2458/5812 5836/2397/5751
f 5835/2396/5750 5836/2397/5751 5897/2458/5812
f 5885/2446/5800 5843/2404/5758 5840/2401/5755
f 5885/2446/5800 5884/2445/5799 5843/2404/5758
f 5884/2445/5799 5844/2405/5759 5843/2404/5758
f 5844/2405/5759 5884/2445/5799 5850/2411/5765
f 5901/2460/5814 5900/2463/5815 5899/2462/5816
f 5902/2461/5817 5901/2460/5814 5899/2462/5816
f 5899/2462/5816 5900/2463/5815 5903/2464/5818
f 5900/2463/5815 5904/2465/5819 5903/2464/5818
f 5902/2461/5817 5899/2462/5816 5905/2466/5820
f 5906/2467/5821 5902/2461/5817 5905/2466/5820
f 5906/2467/5821 5905/2466/5820 5907/2468/5822
f 5905/2466/5820 5908/2469/5823 5907/2468/5822
f 5907/2468/5822 5908/2469/5823 5909/2470/5824
f 5910/2471/5825 5907/2468/5822 5909/2470/5824
f 5908/2469/5823 5905/2466/5820 5911/2472/5826
f 5905/2466/5820 5912/2473/5827 5911/2472/5826
f 5899/2462/5816 5903/2464/5818 5912/2473/5827
f 5905/2466/5820 5899/2462/5816 5912/2473/5827
f 5910/2471/5825 5909/2470/5824 5913/2474/5828
f 5914/2475/5829 5910/2471/5825 5913/2474/5828
f 5914/2475/5829 5913/2474/5828 5915/2476/5830
f 5916/2477/5831 5914/2475/5829 5915/2476/5830
f 5916/2477/5831 5915/2476/5830 5917/2478/5832
f 5918/2479/5833 5916/2477/5831 5917/2478/5832
f 5919/2480/5834 5916/2477/5831 5918/2479/5833
f 5920/2481/5835 5919/2480/5834 5918/2479/5833
f 5921/2482/5836 5914/2475/5829 5916/2477/5831
f 5919/2480/5834 5921/2482/5836 5916/2477/5831
f 5914/2475/5829 5921/2482/5836 5922/2483/5837
f 5910/2471/5825 5914/2475/5829 5922/2483/5837
f 5910/2471/5825 5922/2483/5837 5923/2484/5838
f 5907/2468/5822 5910/2471/5825 5923/2484/5838
f 5923/2484/5838 5924/2485/5839 5907/2468/5822
f 5924/2485/5839 5906/2467/5821 5907/2468/5822
f 5924/2485/5839 5925/2486/5840 5906/2467/5821
f 5925/2486/5840 5902/2461/5817 5906/2467/5821
f 5925/2486/5840 5926/2487/5841 5902/2461/5817
f 5926/2487/5841 5901/2460/5814 5902/2461/5817
f 5917/2478/5832 5915/2476/5830 5927/2488/5842
f 5915/2476/5830 5928/2489/5843 5927/2488/5842
f 5915/2476/5830 5913/2474/5828 5928/2489/5843
f 5913/2474/5828 5929/2490/5844 5928/2489/5843
f 5913/2474/5828 5909/2470/5824 5929/2490/5844
f 5909/2470/5824 5930/2491/5845 5929/2490/5844
f 5930/2491/5845 5909/2470/5824 5908/2469/5823
f 5911/2472/5826 5930/2491/5845 5908/2469/5823
f 5930/2491/5845 5911/2472/5826 5931/2492/5846
f 5911/2472/5826 5912/2473/5827 5931/2492/5846
f 5912/2473/5827 5932/2493/5847 5931/2492/5846
f 5933/2494/5848 5932/2493/5847 5912/2473/5827
f 5903/2464/5818 5933/2494/5848 5912/2473/5827
f 5933/2494/5848 5903/2464/5818 5934/2495/5849
f 5903/2464/5818 5904/2465/5819 5934/2495/5849
f 5935/2496/5850 5930/2491/5845 5931/2492/5846
f 5930/2491/5845 5935/2496/5850 5936/2497/5851
f 5929/2490/5844 5930/2491/5845 5936/2497/5851
f 5928/2489/5843 5929/2490/5844 5936/2497/5851
f 5936/2497/5851 5935/2496/5850 5937/2498/5852
f 5937/2498/5852 5938/2499/5853 5936/2497/5851
f 5939/2500/5854 5938/2499/5853 5937/2498/5852
f 5939/2500/5854 5940/2501/5855 5938/2499/5853
f 5941/2502/5856 5940/2501/5855 5939/2500/5854
f 5942/2503/5857 5941/2502/5856 5939/2500/5854
f 5942/2503/5857 5943/2504/5858 5941/2502/5856
f 5943/2504/5858 5942/2503/5857 5944/2505/5859
f 5816/2379/5731 5943/2504/5858 5944/2505/5859
f 5945/2506/5860 5943/2504/5858 5816/2379/5731
f 5815/2378/5730 5945/2506/5860 5816/2379/5731
f 5826/2389/5741 5945/2506/5860 5815/2378/5730
f 5817/2380/5732 5826/2389/5741 5815/2378/5730
f 5945/2506/5860 5946/2507/5861 5943/2504/5858
f 5946/2507/5861 5947/2508/5862 5943/2504/5858
f 5947/2508/5862 5941/2502/5856 5943/2504/5858
f 5945/2506/5860 5826/2389/5741 5827/2390/5742
f 5946/2507/5861 5945/2506/5860 5827/2390/5742
f 5946/2507/5861 5827/2390/5742 5828/2391/5743
f 5830/2393/5745 5946/2507/5861 5828/2391/5743
f 5947/2508/5862 5946/2507/5861 5830/2393/5745
f 5948/2509/5863 5947/2508/5862 5830/2393/5745
f 5944/2505/5859 5942/2503/5857 5949/2510/5864
f 5942/2503/5857 5939/2500/5854 5949/2510/5864
f 5949/2510/5864 5939/2500/5854 5937/2498/5852
f 5944/2505/5859 5950/2511/5865 5816/2379/5731
f 5950/2511/5865 5813/2376/5728 5816/2379/5731
f 5813/2376/5728 5950/2511/5865 5951/2512/5866
f 5812/2375/5727 5813/2376/5728 5951/2512/5866
f 5810/2371/5725 5812/2375/5727 5951/2512/5866
f 5952/2513/5867 5810/2371/5725 5951/2512/5866
f 5809/2370/5722 5810/2371/5725 5952/2513/5867
f 5953/2514/5868 5809/2370/5722 5952/2513/5867
f 5950/2511/5865 5954/2515/5869 5951/2512/5866
f 5954/2515/5869 5950/2511/5865 5944/2505/5859
f 5949/2510/5864 5954/2515/5869 5944/2505/5859
f 5954/2515/5869 5955/2516/5870 5951/2512/5866
f 5951/2512/5866 5955/2516/5870 5952/2513/5867
f 5955/2516/5870 5954/2515/5869 5956/2517/5871
f 5956/2517/5871 5954/2515/5869 5949/2510/5864
f 5937/2498/5852 5956/2517/5871 5949/2510/5864
f 5956/2517/5871 5937/2498/5852 5935/2496/5850
f 5957/2518/5872 5955/2516/5870 5956/2517/5871
f 5957/2518/5872 5956/2517/5871 5935/2496/5850
f 5957/2518/5872 5958/2519/5873 5955/2516/5870
f 5932/2493/5847 5958/2519/5873 5957/2518/5872
f 5932/2493/5847 5933/2494/5848 5958/2519/5873
f 5933/2494/5848 5959/2520/5874 5958/2519/5873
f 5959/2520/5874 5933/2494/5848 5960/2521/5875
f 5933/2494/5848 5934/2495/5849 5960/2521/5875
f 5931/2492/5846 5932/2493/5847 5957/2518/5872
f 5931/2492/5846 5957/2518/5872 5935/2496/5850
f 5958/2519/5873 5961/2522/5876 5955/2516/5870
f 5958/2519/5873 5959/2520/5874 5961/2522/5876
f 5960/2521/5875 5962/2523/5877 5959/2520/5874
f 5963/2524/5878 5962/2523/5877 5953/2514/5868
f 5962/2523/5877 5963/2524/5878 5959/2520/5874
f 5959/2520/5874 5963/2524/5878 5961/2522/5876
f 5961/2522/5876 5963/2524/5878 5952/2513/5867
f 5961/2522/5876 5952/2513/5867 5955/2516/5870
f 5952/2513/5867 5963/2524/5878 5953/2514/5868
f 5966/2525/5879 5965/2528/5880 5964/2527/5881
f 5967/2526/5882 5966/2525/5879 5964/2527/5881
f 5964/2527/5881 5968/2529/5883 5967/2526/5882
f 5968/2529/5883 5969/2530/5884 5967/2526/5882
f 5965/2528/5880 5966/2525/5879 5970/2531/5885
f 5971/2532/5886 5965/2528/5880 5970/2531/5885
f 5966/2525/5879 5972/2533/5887 5970/2531/5885
f 5972/2533/5887 5973/2534/5888 5970/2531/5885
f 5974/2535/5889 5972/2533/5887 5966/2525/5879
f 5967/2526/5882 5974/2535/5889 5966/2525/5879
f 5975/2536/5890 5974/2535/5889 5967/2526/5882
f 5969/2530/5884 5975/2536/5890 5967/2526/5882
f 5964/2527/5881 5965/2528/5880 5976/2537/5891
f 5964/2527/5881 5976/2537/5891 5968/2529/5883
f 5965/2528/5880 5977/2538/5892 5976/2537/5891
f 5977/2538/5892 5965/2528/5880 5971/2532/5886
f 5978/2539/5893 5977/2538/5892 5971/2532/5886
f 5968/2529/5883 5976/2537/5891 5979/2540/5894
f 5968/2529/5883 5979/2540/5894 5980/2541/5895
f 5981/2542/5896 5968/2529/5883 5980/2541/5895
f 5969/2530/5884 5968/2529/5883 5981/2542/5896
f 5982/2543/5897 5981/2542/5896 5980/2541/5895
f 5982/2543/5897 5983/2544/5898 5981/2542/5896
f 5983/2544/5898 5984/2545/5899 5981/2542/5896
f 5984/2545/5899 5975/2536/5890 5969/2530/5884
f 5981/2542/5896 5984/2545/5899 5969/2530/5884
f 5980/2541/5895 5979/2540/5894 5985/2546/5900
f 5979/2540/5894 5986/2547/5901 5985/2546/5900
f 5985/2546/5900 5986/2547/5901 5987/2548/5902
f 5987/2548/5902 5988/2549/5903 5985/2546/5900
f 5988/2549/5903 5989/2550/5904 5985/2546/5900
f 5989/2550/5904 5982/2543/5897 5980/2541/5895
f 5985/2546/5900 5989/2550/5904 5980/2541/5895
f 5988/2549/5903 5990/2551/5905 5989/2550/5904
f 5991/2552/5906 5990/2551/5905 5988/2549/5903
f 5992/2553/5907 5991/2552/5906 5988/2549/5903
f 5992/2553/5907 5988/2549/5903 5993/2554/5908
f 5993/2554/5908 5988/2549/5903 5987/2548/5902
f 5994/2555/5909 5992/2553/5907 5993/2554/5908
f 5987/2548/5902 5995/2556/5910 5993/2554/5908
f 5986/2547/5901 5995/2556/5910 5987/2548/5902
f 5995/2556/5910 5996/2557/5911 5993/2554/5908
f 5994/2555/5909 5993/2554/5908 5996/2557/5911
f 5995/2556/5910 5997/2558/5912 5996/2557/5911
f 5997/2558/5912 5998/2559/5913 5996/2557/5911
f 5996/2557/5911 5998/2559/5913 5999/2560/5914
f 5999/2560/5914 5994/2555/5909 5996/2557/5911
f 5998/2559/5913 6000/2561/5915 5999/2560/5914
f 5991/2552/5906 5992/2553/5907 6001/2562/5916
f 5992/2553/5907 6002/2563/5917 6001/2562/5916
f 6002/2563/5917 5992/2553/5907 5994/2555/5909
f 6001/2562/5916 6002/2563/5917 6003/2564/5918
f 6002/2563/5917 6004/2565/5919 6003/2564/5918
f 6004/2565/5919 6002/2563/5917 6005/2566/5920
f 6002/2563/5917 6006/2567/5921 6005/2566/5920
f 6006/2567/5921 6002/2563/5917 5994/2555/5909
f 6006/2567/5921 5994/2555/5909 5999/2560/5914
f 5999/2560/5914 6000/2561/5915 6007/2568/5922
f 6000/2561/5915 6008/2569/5923 6007/2568/5922
f 6007/2568/5922 6008/2569/5923 6009/2570/5924
f 6009/2570/5924 6010/2571/5925 6007/2568/5922
f 6010/2571/5925 6006/2567/5921 5999/2560/5914
f 6007/2568/5922 6010/2571/5925 5999/2560/5914
f 6006/2567/5921 6010/2571/5925 6005/2566/5920
f 6008/2569/5923 6011/2572/5926 6009/2570/5924
f 6010/2571/5925 6009/2570/5924 6012/2573/5927
f 6010/2571/5925 6012/2573/5927 6005/2566/5920
f 5997/2558/5912 6013/2574/5928 5998/2559/5913
f 6013/2574/5928 5997/2558/5912 6014/2579/5929
f 6014/2579/5929 5997/2558/5912 5995/2556/5910
f 5986/2547/5901 6014/2579/5929 5995/2556/5910
f 6015/2790/5930 6014/2579/5929 5986/2547/5901
f 6015/2790/5930 6016/2580/5931 6014/2579/5929
f 6016/2580/5931 6017/2578/5932 6014/2579/5929
f 6017/2578/5932 6013/2574/5928 6014/2579/5929
f 6017/2578/5932 6016/2580/5931 6018/2581/5933
f 6019/2582/5934 6017/2578/5932 6018/2581/5933
f 6018/2581/5933 6020/2583/5935 6019/2582/5934
f 6020/2583/5935 6021/2584/5936 6019/2582/5934
f 6021/2584/5936 6020/2583/5935 6022/2585/5937
f 6023/2586/5938 6021/2584/5936 6022/2585/5937
f 6024/2587/5939 6021/2584/5936 6023/2586/5938
f 6021/2584/5936 6024/2587/5939 6019/2582/5934
f 6025/2588/5940 6024/2587/5939 6023/2586/5938
f 6024/2587/5939 6025/2588/5940 6026/2589/5941
f 6025/2588/5940 6027/2590/5942 6026/2589/5941
f 6026/2589/5941 6027/2590/5942 6028/2591/5943
f 6027/2590/5942 6029/2592/5944 6028/2591/5943
f 6028/2591/5943 6029/2592/5944 6030/2593/5945
f 6028/2591/5943 6030/2593/5945 6031/2594/5946
f 6026/2589/5941 6028/2591/5943 6031/2594/5946
f 6030/2593/5945 6032/2595/5947 6031/2594/5946
f 6029/2592/5944 6033/2596/5948 6030/2593/5945
f 6024/2587/5939 6034/2597/5949 6019/2582/5934
f 6024/2587/5939 6026/2589/5941 6034/2597/5949
f 6026/2589/5941 6035/2598/5950 6034/2597/5949
f 6035/2598/5950 6026/2589/5941 6031/2594/5946
f 6032/2595/5947 6036/2599/5951 6031/2594/5946
f 6036/2599/5951 6037/2600/5952 6031/2594/5946
f 6038/2601/5953 6036/2599/5951 6032/2595/5947
f 6036/2599/5951 6038/2601/5953 6039/2602/5954
f 6036/2599/5951 6039/2602/5954 6037/2600/5952
f 6040/2603/5955 6038/2601/5953 6032/2595/5947
f 6037/2600/5952 6039/2602/5954 6041/2604/5956
f 6041/2604/5956 6042/2605/5957 6037/2600/5952
f 6042/2605/5957 6041/2604/5956 6008/2569/5923
f 6041/2604/5956 6011/2572/5926 6008/2569/5923
f 6042/2605/5957 6008/2569/5923 6000/2561/5915
f 6043/2606/5958 6042/2605/5957 6000/2561/5915
f 6043/2606/5958 6000/2561/5915 5998/2559/5913
f 6044/2575/5959 6043/2606/5958 5998/2559/5913
f 6013/2574/5928 6044/2575/5959 5998/2559/5913
f 6044/2575/5959 6013/2574/5928 6045/2576/5960
f 6046/2577/5961 6044/2575/5959 6045/2576/5960
f 6013/2574/5928 6017/2578/5932 6045/2576/5960
f 6047/2607/5962 6043/2606/5958 6044/2575/5959
f 6046/2577/5961 6047/2607/5962 6044/2575/5959
f 6043/2606/5958 6047/2607/5962 6042/2605/5957
f 6047/2607/5962 6037/2600/5952 6042/2605/5957
f 6037/2600/5952 6047/2607/5962 6048/2608/5963
f 6037/2600/5952 6048/2608/5963 6031/2594/5946
f 6031/2594/5946 6048/2608/5963 6035/2598/5950
f 6047/2607/5962 6046/2577/5961 6035/2598/5950
f 6048/2608/5963 6047/2607/5962 6035/2598/5950
f 6046/2577/5961 6045/2576/5960 6034/2597/5949
f 6035/2598/5950 6046/2577/5961 6034/2597/5949
f 6034/2597/5949 6045/2576/5960 6019/2582/5934
f 6045/2576/5960 6017/2578/5932 6019/2582/5934
f 6051/2609/5964 6050/2612/5965 6049/2611/5966
f 6052/2610/5967 6051/2609/5964 6049/2611/5966
f 6050/2612/5965 6053/2613/5968 6049/2611/5966
f 6049/2611/5966 6054/2614/5969 6052/2610/5967
f 6054/2614/5969 6049/2611/5966 6055/2615/5970
f 6056/2616/5971 6054/2614/5969 6055/2615/5970
f 6055/2615/5970 6057/2617/5972 6056/2616/5971
f 6055/2615/5970 6058/2618/5973 6057/2617/5972
f 6055/2615/5970 6059/2619/5974 6058/2618/5973
f 6049/2611/5966 6059/2619/5974 6055/2615/5970
f 6053/2613/5968 6059/2619/5974 6049/2611/5966
f 6058/2618/5973 6060/2620/5975 6057/2617/5972
f 6057/2617/5972 6060/2620/5975 6061/2621/5976
f 6061/2621/5976 6062/2622/5977 6057/2617/5972
f 6062/2622/5977 6063/2623/5978 6057/2617/5972
f 6057/2617/5972 6063/2623/5978 6056/2616/5971
f 6060/2620/5975 6064/2624/5979 6061/2621/5976
f 6064/2624/5979 6065/2625/5980 6061/2621/5976
f 6065/2625/5980 6066/2626/5981 6061/2621/5976
f 6067/2627/5982 6066/2626/5981 6065/2625/5980
f 6068/2628/5983 6066/2626/5981 6067/2627/5982
f 6061/2621/5976 6066/2626/5981 6068/2628/5983
f 6062/2622/5977 6061/2621/5976 6068/2628/5983
f 6069/2629/5984 6068/2628/5983 6067/2627/5982
f 6069/2629/5984 6067/2627/5982 6070/2630/5985
f 6070/2630/5985 6067/2627/5982 6071/2631/5986
f 6071/2631/5986 6067/2627/5982 6065/2625/5980
f 6072/2632/5987 6070/2630/5985 6071/2631/5986
f 6072/2632/5987 6073/2633/5988 6070/2630/5985
f 6073/2633/5988 6074/2634/5989 6070/2630/5985
f 6075/2635/5990 6074/2634/5989 6073/2633/5988
f 6076/2636/5991 6075/2635/5990 6073/2633/5988
f 6075/2635/5990 6077/2637/5992 6074/2634/5989
f 6077/2637/5992 6078/2638/5993 6074/2634/5989
f 6079/2639/5994 6070/2630/5985 6074/2634/5989
f 6078/2638/5993 6079/2639/5994 6074/2634/5989
f 6079/2639/5994 6069/2629/5984 6070/2630/5985
f 5990/2551/5905 6080/2640/5995 5989/2550/5904
f 5989/2550/5904 6080/2640/5995 5982/2543/5897
f 6080/2640/5995 5983/2544/5898 5982/2543/5897
f 6083/2924/5996 6082/2644/5997 6081/2925/5998
f 6084/2926/5999 6083/2924/5996 6081/2925/5998
f 6083/2924/5996 6084/2926/5999 6085/2927/6000
f 6086/2928/6001 6083/2924/5996 6085/2927/6000
f 6086/2928/6001 6085/2927/6000 6087/2929/6002
f 6088/2648/6003 6086/2928/6001 6087/2929/6002
f 6089/2649/6004 6088/2648/6003 6087/2929/6002
f 6086/2928/6001 6088/2648/6003 6090/2650/6005
f 6091/2651/6006 6086/2928/6001 6090/2650/6005
f 6086/2928/6001 6091/2651/6006 6083/2924/5996
f 6092/2662/6007 6090/2650/6005 6088/2648/6003
f 6089/2649/6004 6092/2662/6007 6088/2648/6003
f 6083/2924/5996 6093/2652/6008 6082/2644/5997
f 6091/2651/6006 6093/2652/6008 6083/2924/5996
f 6093/2652/6008 6094/2653/6009 6082/2644/5997
f 6095/2654/6010 6093/2652/6008 6091/2651/6006
f 6096/2655/6011 6095/2654/6010 6091/2651/6006
f 6096/2655/6011 6091/2651/6006 6090/2650/6005
f 6095/2654/6010 6096/2655/6011 6097/2667/6012
f 6097/2667/6012 1703/413/6013 6095/2654/6010
f 1703/413/6013 6098/2668/6014 6095/2654/6010
f 6098/2668/6014 6094/2653/6009 6093/2652/6008
f 6095/2654/6010 6098/2668/6014 6093/2652/6008
f 6096/2655/6011 6099/2657/6015 6097/2667/6012
f 6099/2657/6015 6096/2655/6011 6100/2656/6016
f 6096/2655/6011 6090/2650/6005 6100/2656/6016
f 6101/2658/6017 6099/2657/6015 6100/2656/6016
f 6101/2658/6017 6100/2656/6016 6102/2659/6018
f 6100/2656/6016 6103/2660/6019 6102/2659/6018
f 6103/2660/6019 5533/2096/5429 6102/2659/6018
f 6100/2656/6016 6090/2650/6005 6104/2661/6020
f 6092/2662/6007 6104/2661/6020 6090/2650/6005
f 6103/2660/6019 6100/2656/6016 6104/2661/6020
f 6103/2660/6019 6104/2661/6020 5534/2097/5430
f 6103/2660/6019 5534/2097/5430 5533/2096/5429
f 1721/433/6021 6099/2657/6015 6101/2658/6017
f 6105/2663/6022 1721/433/6021 6101/2658/6017
f 6101/2658/6017 6102/2659/6018 6105/2663/6022
f 6102/2659/6018 6106/2664/6023 6105/2663/6022
f 6102/2659/6018 5533/2096/5429 6106/2664/6023
f 6105/2663/6022 6106/2664/6023 6107/2665/6024
f 6108/2666/6025 6105/2663/6022 6107/2665/6024
f 6099/2657/6015 1721/433/6021 1702/412/6026
f 6097/2667/6012 6099/2657/6015 1702/412/6026
f 6107/2665/6024 6106/2664/6023 5529/2092/5425
f 6106/2664/6023 5531/2094/5427 5529/2092/5425
f 5533/2096/5429 5531/2094/5427 6106/2664/6023
f 6105/2663/6022 6108/2666/6025 1720/432/6027
f 1721/433/6021 6105/2663/6022 1720/432/6027
f 6097/2667/6012 1702/412/6026 1703/413/6013
f 1719/431/6028 1720/432/6027 6108/2666/6025
f 6109/2706/6029 1719/431/6028 6108/2666/6025
f 6109/2706/6029 6110/2705/6030 1719/431/6028
f 6111/2704/6031 6110/2705/6030 6109/2706/6029
f 6112/2702/6032 6110/2705/6030 6111/2704/6031
f 6113/2703/6033 6112/2702/6032 6111/2704/6031
f 6114/2707/6034 6111/2704/6031 6109/2706/6029
f 6114/2707/6034 6109/2706/6029 6108/2666/6025
f 6107/2665/6024 6114/2707/6034 6108/2666/6025
f 6114/2707/6034 5526/2089/5422 6111/2704/6031
f 6107/2665/6024 5529/2092/5425 5526/2089/5422
f 6114/2707/6034 6107/2665/6024 5526/2089/5422
f 5526/2089/5422 5524/2087/5420 6111/2704/6031
f 1719/431/6028 6110/2705/6030 1718/430/6035
f 5523/2086/5419 6113/2703/6033 6111/2704/6031
f 5524/2087/5420 5523/2086/5419 6111/2704/6031
f 6112/2702/6032 6113/2703/6033 6115/2699/6036
f 6115/2699/6036 6113/2703/6033 5523/2086/5419
f 6116/2700/6037 6112/2702/6032 6115/2699/6036
f 6115/2699/6036 6117/2698/6038 6116/2700/6037
f 6117/2698/6038 6118/2701/6039 6116/2700/6037
f 6112/2702/6032 6116/2700/6037 1715/427/6040
f 1715/427/6040 6116/2700/6037 5500/2064/5394
f 6116/2700/6037 6118/2701/6039 5500/2064/5394
f 1715/427/6040 1716/428/6041 6112/2702/6032
f 5500/2064/5394 6118/2701/6039 5498/2062/5392
f 6118/2701/6039 5499/2063/5393 5498/2062/5392
f 5499/2063/5393 6118/2701/6039 6117/2698/6038
f 5502/2066/5396 5499/2063/5393 6117/2698/6038
f 5502/2066/5396 6117/2698/6038 5505/2068/5401
f 5505/2068/5401 6117/2698/6038 6115/2699/6036
f 5522/2085/5418 5505/2068/5401 6115/2699/6036
f 5522/2085/5418 6115/2699/6036 5523/2086/5419
f 5500/2064/5394 1714/426/5397 1715/427/6040
f 5521/2084/5417 5507/2070/5403 5505/2068/5401
f 1717/429/6042 6112/2702/6032 1716/428/6041
f 6112/2702/6032 1717/429/6042 6110/2705/6030
f 6110/2705/6030 1717/429/6042 1718/430/6035
f 5577/2140/5473 6120/2696/6043 6119/2697/6044
f 6120/2696/6043 6092/2662/6007 6119/2697/6044
f 6092/2662/6007 6120/2696/6043 6104/2661/6020
f 6120/2696/6043 5534/2097/5430 6104/2661/6020
f 5534/2097/5430 6120/2696/6043 5576/2100/5472
f 5577/2140/5473 5576/2100/5472 6120/2696/6043
f 5534/2097/5430 5576/2100/5472 5535/2098/5431
f 6092/2662/6007 6089/2649/6004 6119/2697/6044
f 6123/2682/6045 6122/2684/6046 6121/2683/6047
f 6124/2681/6048 6123/2682/6045 6121/2683/6047
f 6125/2678/6049 6123/2682/6045 6124/2681/6048
f 6126/2677/6050 6125/2678/6049 6124/2681/6048
f 6125/2678/6049 6126/2677/6050 6127/2676/6051
f 6126/2677/6050 6128/2675/6052 6127/2676/6051
f 6125/2678/6049 6127/2676/6051 6129/2679/6053
f 6125/2678/6049 6129/2679/6053 6123/2682/6045
f 6127/2676/6051 6130/2680/6054 6129/2679/6053
f 6122/2684/6046 6123/2682/6045 6131/2685/6055
f 6123/2682/6045 6132/2686/6056 6131/2685/6055
f 6129/2679/6053 6132/2686/6056 6123/2682/6045
f 6132/2686/6056 6129/2679/6053 6133/2687/6057
f 6131/2685/6055 6132/2686/6056 6133/2687/6057
f 6129/2679/6053 6134/2688/6058 6133/2687/6057
f 1708/420/6059 6134/2688/6058 6129/2679/6053
f 6130/2680/6054 1708/420/6059 6129/2679/6053
f 6127/2676/6051 6128/2675/6052 6135/2674/6060
f 6130/2680/6054 6127/2676/6051 6135/2674/6060
f 6128/2675/6052 6136/2673/6061 6135/2674/6060
f 6135/2674/6060 6136/2673/6061 6137/2671/6062
f 6136/2673/6061 6138/2672/6063 6137/2671/6062
f 6138/2672/6063 6139/2670/6064 6137/2671/6062
f 6139/2670/6064 6140/2669/6065 6137/2671/6062
f 6140/2669/6065 6139/2670/6064 6082/2644/5997
f 6139/2670/6064 6081/2925/5998 6082/2644/5997
f 6140/2669/6065 6082/2644/5997 6094/2653/6009
f 1705/415/6066 6140/2669/6065 6094/2653/6009
f 1710/422/6067 6135/2674/6060 6137/2671/6062
f 1707/417/6068 1710/422/6067 6137/2671/6062
f 6137/2671/6062 6140/2669/6065 1707/417/6068
f 1710/422/6067 6130/2680/6054 6135/2674/6060
f 6130/2680/6054 1710/422/6067 1708/420/6059
f 1705/415/6066 6094/2653/6009 6098/2668/6014
f 1704/414/6069 1705/415/6066 6098/2668/6014
f 6098/2668/6014 1703/413/6013 1704/414/6069
f 6140/2669/6065 1705/415/6066 1706/416/6070
f 6140/2669/6065 1706/416/6070 1707/417/6068
f 5504/2025/5400 5445/2008/5339 5461/2024/5355
f 5504/2025/5400 5461/2024/5355 5457/2020/5351
f 5444/2007/5338 5445/2008/5339 5504/2025/5400
f 5491/2055/5385 5479/2043/5373 5471/2035/5365
f 5474/2038/5368 5491/2055/5385 5471/2035/5365
f 5492/2056/5386 5491/2055/5385 5474/2038/5368
f 5477/2041/5371 5492/2056/5386 5474/2038/5368
f 5468/2032/5362 6141/2708/6071 5475/2039/5369
f 6142/2709/6072 6141/2708/6071 5468/2032/5362
f 5467/2031/5361 6142/2709/6072 5468/2032/5362
f 6142/2709/6072 5467/2031/5361 5465/2029/5359
f 6143/2710/6073 6142/2709/6072 5465/2029/5359
f 6143/2710/6073 5465/2029/5359 5463/2027/5357
f 6144/2711/6074 6143/2710/6073 5463/2027/5357
f 6144/2711/6074 5463/2027/5357 5453/2016/5347
f 6145/2712/6075 6144/2711/6074 5453/2016/5347
f 6145/2712/6075 5453/2016/5347 5450/2013/5344
f 6146/2713/6076 6145/2712/6075 5450/2013/5344
f 6146/2713/6076 5450/2013/5344 5448/2011/5342
f 5459/2022/5353 6146/2713/6076 5448/2011/5342
f 6147/2714/6077 6146/2713/6076 5459/2022/5353
f 6147/2714/6077 6145/2712/6075 6146/2713/6076
f 6145/2712/6075 6147/2714/6077 6144/2711/6074
f 6148/2715/6078 6147/2714/6077 5459/2022/5353
f 6149/2716/6079 6148/2715/6078 5459/2022/5353
f 6149/2716/6079 5459/2022/5353 5447/2010/5341
f 6149/2716/6079 5447/2010/5341 5439/2002/5333
f 6147/2714/6077 6150/2717/6080 6144/2711/6074
f 6147/2714/6077 6148/2715/6078 6150/2717/6080
f 6149/2716/6079 6151/2718/6081 6148/2715/6078
f 6151/2718/6081 6152/2719/6082 6148/2715/6078
f 5438/2001/5332 6151/2718/6081 6149/2716/6079
f 5439/2002/5333 5438/2001/5332 6149/2716/6079
f 6148/2715/6078 6153/2720/6083 6150/2717/6080
f 6148/2715/6078 6152/2719/6082 6153/2720/6083
f 5438/2001/5332 6154/2721/6084 6151/2718/6081
f 6154/2721/6084 6155/2722/6085 6151/2718/6081
f 6151/2718/6081 6155/2722/6085 6152/2719/6082
f 6156/2723/6086 6154/2721/6084 5438/2001/5332
f 5436/1999/5330 6156/2723/6086 5438/2001/5332
f 6157/2724/6087 6156/2723/6086 5436/1999/5330
f 5434/1997/5328 6157/2724/6087 5436/1999/5330
f 6158/2725/6088 6157/2724/6087 5434/1997/5328
f 5432/1995/5326 6158/2725/6088 5434/1997/5328
f 6159/2726/6089 6158/2725/6088 5432/1995/5326
f 5430/1993/5324 6159/2726/6089 5432/1995/5326
f 5430/1993/5324 5426/1991/5322 6159/2726/6089
f 5426/1991/5322 6160/2727/6090 6159/2726/6089
f 5426/1991/5322 6161/2728/6091 6160/2727/6090
f 5427/1992/5321 6161/2728/6091 5426/1991/5322
f 6162/2729/6092 6161/2728/6091 5427/1992/5321
f 6153/2720/6083 6164/2734/6093 6163/2730/6094
f 6150/2717/6080 6153/2720/6083 6163/2730/6094
f 6150/2717/6080 6163/2730/6094 6144/2711/6074
f 6163/2730/6094 6143/2710/6073 6144/2711/6074
f 6143/2710/6073 6163/2730/6094 6165/2731/6095
f 6163/2730/6094 6164/2734/6093 6165/2731/6095
f 6142/2709/6072 6143/2710/6073 6165/2731/6095
f 6141/2708/6071 6142/2709/6072 6165/2731/6095
f 6165/2731/6095 6166/2732/6096 6141/2708/6071
f 6166/2732/6096 6167/2733/6097 6141/2708/6071
f 6164/2734/6093 6168/2735/6098 6165/2731/6095
f 6164/2734/6093 6169/2736/6099 6168/2735/6098
f 6169/2736/6099 6164/2734/6093 6170/2737/6100
f 6153/2720/6083 6170/2737/6100 6164/2734/6093
f 6152/2719/6082 6170/2737/6100 6153/2720/6083
f 6152/2719/6082 6171/2738/6101 6170/2737/6100
f 6172/2739/6102 6170/2737/6100 6171/2738/6101
f 6170/2737/6100 6172/2739/6102 6169/2736/6099
f 6173/2740/6103 6169/2736/6099 6172/2739/6102
f 6174/2741/6104 6169/2736/6099 6173/2740/6103
f 6174/2741/6104 6168/2735/6098 6169/2736/6099
f 6175/2742/6105 6174/2741/6104 6173/2740/6103
f 6155/2722/6085 6171/2738/6101 6152/2719/6082
f 6174/2741/6104 6175/2742/6105 6176/2743/6106
f 6175/2742/6105 6177/2744/6107 6176/2743/6106
f 6174/2741/6104 6176/2743/6106 6178/2745/6108
f 6168/2735/6098 6174/2741/6104 6178/2745/6108
f 6178/2745/6108 6166/2732/6096 6165/2731/6095
f 6168/2735/6098 6178/2745/6108 6165/2731/6095
f 5478/2042/5372 5475/2039/5369 6167/2733/6097
f 6141/2708/6071 6167/2733/6097 5475/2039/5369
f 6179/2690/6109 5486/2050/5380 5488/2052/5382
f 6180/2689/6110 6179/2690/6109 5488/2052/5382
f 6179/2690/6109 6181/2691/6111 5486/2050/5380
f 6181/2691/6111 5484/2048/5378 5486/2050/5380
f 6181/2691/6111 6182/2692/6112 5484/2048/5378
f 6182/2692/6112 5483/2047/5377 5484/2048/5378
f 6182/2692/6112 5495/2059/5389 5483/2047/5377
f 6122/2684/6046 6179/2690/6109 6180/2689/6110
f 6179/2690/6109 6122/2684/6046 6181/2691/6111
f 6121/2683/6047 6122/2684/6046 6180/2689/6110
f 6122/2684/6046 6131/2685/6055 6181/2691/6111
f 6183/2693/6113 6182/2692/6112 6181/2691/6111
f 6131/2685/6055 6183/2693/6113 6181/2691/6111
f 6184/2694/6114 6182/2692/6112 6183/2693/6113
f 6184/2694/6114 5495/2059/5389 6182/2692/6112
f 5503/2067/5399 5495/2059/5389 6184/2694/6114
f 6183/2693/6113 6131/2685/6055 6133/2687/6057
f 6185/2695/6115 6183/2693/6113 6133/2687/6057
f 6183/2693/6113 6185/2695/6115 6184/2694/6114
f 1709/421/6116 6185/2695/6115 6133/2687/6057
f 6134/2688/6058 1709/421/6116 6133/2687/6057
f 6134/2688/6058 1708/420/6059 1709/421/6116
f 1712/424/6117 5503/2067/5399 6184/2694/6114
f 1712/424/6117 1713/425/5398 5503/2067/5399
f 1711/423/6118 1712/424/6117 6184/2694/6114
f 1711/423/6118 6184/2694/6114 6185/2695/6115
f 1711/423/6118 6185/2695/6115 1709/421/6116
f 1619/140/6119 1618/138/6120 5017/1580/4878
f 5017/1580/4878 1618/138/6120 1617/136/6121
f 5018/1581/4879 5017/1580/4878 1617/136/6121
f 1617/136/6121 1616/134/4885 5018/1581/4879
f 6186/2746/6122 1619/140/6119 5017/1580/4878
f 1619/140/6119 6186/2746/6122 1620/142/6123
f 6186/2746/6122 5017/1580/4878 6187/2747/6124
f 5017/1580/4878 5016/1579/4877 6187/2747/6124
f 6186/2746/6122 6187/2747/6124 5009/1572/4870
f 1621/150/6125 6186/2746/6122 5009/1572/4870
f 6186/2746/6122 1621/150/6125 1620/142/6123
f 5009/1572/4870 6187/2747/6124 5007/1570/4868
f 6187/2747/6124 5010/1573/4871 5007/1570/4868
f 6187/2747/6124 5016/1579/4877 5013/1576/4874
f 5010/1573/4871 6187/2747/6124 5013/1576/4874
f 6188/2748/6126 1621/150/6125 5009/1572/4870
f 6188/2748/6126 5009/1572/4870 5005/1568/4866
f 6188/2748/6126 5005/1568/4866 5006/1569/4867
f 6189/2749/6127 6188/2748/6126 5006/1569/4867
f 5006/1569/4867 4996/1559/4857 6189/2749/6127
f 4994/1557/4855 6189/2749/6127 4996/1559/4857
f 4992/1555/4853 6189/2749/6127 4994/1557/4855
f 6189/2749/6127 4992/1555/4853 6188/2748/6126
f 4992/1555/4853 1622/152/6128 6188/2748/6126
f 6188/2748/6126 1622/152/6128 1621/150/6125
f 1622/152/6128 4992/1555/4853 1632/170/4850
f 4181/744/3972 4183/746/3974 4202/765/3993
f 4194/757/3985 4181/744/3972 4202/765/3993
f 4472/1033/4268 4359/922/4155 4196/759/3987
f 4198/761/3989 4472/1033/4268 4196/759/3987
f 4477/1040/4273 4359/922/4155 4472/1033/4268
f 4471/1032/4265 4472/1033/4268 4198/761/3989
f 4471/1032/4265 4198/761/3989 4197/760/3988
f 6190/2750/6129 4471/1032/4265 4197/760/3988
f 6190/2750/6129 4197/760/3988 4206/769/3997
f 4474/1037/4270 4471/1032/4265 6190/2750/6129
f 4475/1038/4271 4474/1037/4270 6190/2750/6129
f 4475/1038/4271 6190/2750/6129 4206/769/3997
f 4214/777/4008 4475/1038/4271 4206/769/3997
f 6193/2751/6130 6192/2754/6131 6191/2753/6132
f 6194/2752/6133 6193/2751/6130 6191/2753/6132
f 6193/2751/6130 6194/2752/6133 6195/2755/6134
f 6196/2756/6135 6193/2751/6130 6195/2755/6134
f 6197/2757/6136 6196/2756/6135 6195/2755/6134
f 6198/2758/6137 6197/2757/6136 6195/2755/6134
f 5164/1727/5033 6197/2757/6136 6198/2758/6137
f 6196/2756/6135 6197/2757/6136 4999/1562/4860
f 6197/2757/6136 5004/1567/4865 4999/1562/4860
f 5166/1729/5035 5004/1567/4865 6197/2757/6136
f 5166/1729/5035 6197/2757/6136 5164/1727/5033
f 5001/1564/4862 6193/2751/6130 6196/2756/6135
f 4999/1562/4860 5001/1564/4862 6196/2756/6135
f 6193/2751/6130 5001/1564/4862 6192/2754/6131
f 5001/1564/4862 5002/1565/4863 6192/2754/6131
f 5002/1565/4863 6199/2759/6138 6192/2754/6131
f 6199/2759/6138 6191/2753/6132 6192/2754/6131
f 5008/1571/4869 6199/2759/6138 5002/1565/4863
f 5008/1571/4869 5011/1574/4872 6199/2759/6138
f 5011/1574/4872 6200/2760/6139 6199/2759/6138
f 6199/2759/6138 6200/2760/6139 6201/2761/6140
f 6200/2760/6139 6202/2762/6141 6201/2761/6140
f 6201/2761/6140 6202/2762/6141 6203/2763/6142
f 1722/434/6143 6201/2761/6140 6203/2763/6142
f 6203/2763/6142 6202/2762/6141 6204/2764/6144
f 6204/2764/6144 6202/2762/6141 6205/2765/6145
f 6205/2765/6145 6200/2760/6139 5011/1574/4872
f 6200/2760/6139 6205/2765/6145 6202/2762/6141
f 5012/1575/4873 6205/2765/6145 5011/1574/4872
f 5012/1575/4873 6206/2766/6146 6205/2765/6145
f 6205/2765/6145 6207/2767/6147 6204/2764/6144
f 6206/2766/6146 6207/2767/6147 6205/2765/6145
f 6204/2764/6144 6207/2767/6147 6208/2768/6148
f 6208/2768/6148 6207/2767/6147 5049/1612/4915
f 6206/2766/6146 5048/1611/4914 6207/2767/6147
f 5048/1611/4914 5049/1612/4915 6207/2767/6147
f 5048/1611/4914 6206/2766/6146 5021/1584/4882
f 6206/2766/6146 5014/1577/4875 5021/1584/4882
f 6206/2766/6146 5012/1575/4873 5014/1577/4875
f 1723/435/6149 6201/2761/6140 1722/434/6143
f 6191/2753/6132 6201/2761/6140 1723/435/6149
f 6194/2752/6133 6191/2753/6132 1723/435/6149
f 1724/441/6150 6194/2752/6133 1723/435/6149
f 6195/2755/6134 6194/2752/6133 1724/441/6150
f 1725/442/6151 6195/2755/6134 1724/441/6150
f 6198/2758/6137 6195/2755/6134 1725/442/6151
f 1726/447/6152 6198/2758/6137 1725/442/6151
f 1726/447/6152 1727/452/6153 6198/2758/6137
f 1727/452/6153 5164/1727/5033 6198/2758/6137
f 5164/1727/5033 1727/452/6153 5162/1725/5031
f 5162/1725/5031 1727/452/6153 1728/453/6154
f 5162/1725/5031 1728/453/6154 5161/1724/5030
f 1728/453/6154 1729/454/6155 5161/1724/5030
f 6199/2759/6138 6201/2761/6140 6191/2753/6132
f 4634/1196/4430 4602/1165/4398 4600/1163/4396
f 4613/1195/4409 4634/1196/4430 4600/1163/4396
f 4634/1196/4430 4611/1176/4407 4602/1165/4398
f 4135/698/3926 4118/681/3909 4120/683/3911
f 4135/698/3926 4127/690/3918 4118/681/3909
f 6211/2769/6156 6210/2772/6157 6209/2771/6158
f 6212/2770/6159 6211/2769/6156 6209/2771/6158
f 6212/2770/6159 6209/2771/6158 6213/2773/6160
f 6214/2774/6161 6212/2770/6159 6213/2773/6160
f 6214/2774/6161 6213/2773/6160 6215/2775/6162
f 6216/2776/6163 6214/2774/6161 6215/2775/6162
f 6209/2771/6158 6210/2772/6157 6217/2777/6164
f 6210/2772/6157 6218/2778/6165 6217/2777/6164
f 6217/2777/6164 6218/2778/6165 6219/2779/6166
f 6218/2778/6165 6220/2780/6167 6219/2779/6166
f 6221/2781/6168 6213/2773/6160 6209/2771/6158
f 6217/2777/6164 6221/2781/6168 6209/2771/6158
f 6213/2773/6160 6221/2781/6168 6215/2775/6162
f 6217/2777/6164 6219/2779/6166 6221/2781/6168
f 6221/2781/6168 6222/2782/6169 6215/2775/6162
f 6219/2779/6166 6223/2783/6170 6221/2781/6168
f 6221/2781/6168 6223/2783/6170 6222/2782/6169
f 6223/2783/6170 6224/2784/6171 6222/2782/6169
f 6218/2778/6165 6225/2785/6172 6220/2780/6167
f 6225/2785/6172 6226/2786/6173 6220/2780/6167
f 6226/2786/6173 6225/2785/6172 6005/2566/5920
f 6005/2566/5920 6012/2573/5927 6226/2786/6173
f 6005/2566/5920 6225/2785/6172 6004/2565/5919
f 6225/2785/6172 6227/2787/6174 6004/2565/5919
f 6225/2785/6172 6228/2788/6175 6227/2787/6174
f 6228/2788/6175 6225/2785/6172 6218/2778/6165
f 6210/2772/6157 6228/2788/6175 6218/2778/6165
f 6211/2769/6156 6228/2788/6175 6210/2772/6157
f 6003/2564/5918 6004/2565/5919 6227/2787/6174
f 6229/2789/6176 6003/2564/5918 6227/2787/6174
f 6227/2787/6174 6228/2788/6175 6229/2789/6176
f 6229/2789/6176 6228/2788/6175 6211/2769/6156
f 6230/2793/6177 4764/1327/4574 4759/1322/4569
f 6230/2793/6177 6231/2794/6178 4764/1327/4574
f 6231/2794/6178 6232/2795/6179 4764/1327/4574
f 4764/1327/4574 6232/2795/6179 4776/1339/4586
f 6231/2794/6178 6233/2796/6180 6232/2795/6179
f 6230/2793/6177 4759/1322/4569 6234/2797/6181
f 4759/1322/4569 4772/1335/4582 6234/2797/6181
f 6234/2797/6181 4772/1335/4582 6235/2798/6182
f 4772/1335/4582 4773/1336/4583 6235/2798/6182
f 6230/2793/6177 6234/2797/6181 6236/2799/6183
f 6231/2794/6178 6230/2793/6177 6236/2799/6183
f 6234/2797/6181 6235/2798/6182 6236/2799/6183
f 6235/2798/6182 4773/1336/4583 6237/2800/6184
f 4773/1336/4583 4771/1334/4581 6237/2800/6184
f 4771/1334/4581 4774/1337/4584 6237/2800/6184
f 6237/2800/6184 4774/1337/4584 4781/1344/4591
f 6231/2794/6178 6236/2799/6183 6238/2801/6185
f 6231/2794/6178 6238/2801/6185 6239/2802/6186
f 6233/2796/6180 6231/2794/6178 6239/2802/6186
f 5275/1838/5144 6240/2803/6187 5271/1834/5140
f 6241/2804/6188 5271/1834/5140 6240/2803/6187
f 6242/2805/6189 6241/2804/6188 6240/2803/6187
f 6243/2806/6190 6241/2804/6188 6242/2805/6189
f 5283/1846/5152 5271/1834/5140 6241/2804/6188
f 6243/2806/6190 6244/2807/6191 6241/2804/6188
f 6243/2806/6190 6245/2808/6192 6244/2807/6191
f 6245/2808/6192 6246/2809/6193 6244/2807/6191
f 5283/1846/5152 6241/2804/6188 6247/2810/6194
f 6244/2807/6191 6247/2810/6194 6241/2804/6188
f 6247/2810/6194 6244/2807/6191 6248/2811/6195
f 6246/2809/6193 6248/2811/6195 6244/2807/6191
f 6249/2812/6196 6247/2810/6194 6248/2811/6195
f 5283/1846/5152 6247/2810/6194 6249/2812/6196
f 6250/2813/6197 6249/2812/6196 6248/2811/6195
f 6250/2813/6197 5260/1823/5129 6249/2812/6196
f 5260/1823/5129 5261/1824/5130 6249/2812/6196
f 6249/2812/6196 5261/1824/5130 5269/1832/5138
f 5269/1832/5138 5283/1846/5152 6249/2812/6196
f 5260/1823/5129 6250/2813/6197 5262/1825/5131
f 6250/2813/6197 6251/2814/6198 5262/1825/5131
f 6250/2813/6197 6248/2811/6195 6251/2814/6198
f 6252/2815/6199 6251/2814/6198 6248/2811/6195
f 6253/2816/6200 6252/2815/6199 6248/2811/6195
f 6246/2809/6193 6253/2816/6200 6248/2811/6195
f 6246/2809/6193 6245/2808/6192 6253/2816/6200
f 5262/1825/5131 6251/2814/6198 6254/2817/6201
f 5262/1825/5131 6254/2817/6201 6255/2818/6202
f 5259/1822/5128 5262/1825/5131 6255/2818/6202
f 5259/1822/5128 6255/2818/6202 6256/2819/6203
f 5255/1818/5124 5259/1822/5128 6256/2819/6203
f 6256/2819/6203 6257/2820/6204 5255/1818/5124
f 6257/2820/6204 5256/1819/5125 5255/1818/5124
f 6257/2820/6204 6258/2821/6205 5256/1819/5125
f 6258/2821/6205 6259/2822/6206 5256/1819/5125
f 5256/1819/5125 6259/2822/6206 5254/1817/5123
f 6259/2822/6206 5246/1809/5115 5254/1817/5123
f 6259/2822/6206 5244/1807/5113 5246/1809/5115
f 5244/1807/5113 6259/2822/6206 6258/2821/6205
f 6260/2823/6207 5244/1807/5113 6258/2821/6205
f 6251/2814/6198 6261/2824/6208 6254/2817/6201
f 6251/2814/6198 6252/2815/6199 6261/2824/6208
f 5240/1801/5107 5244/1807/5113 6260/2823/6207
f 6262/2825/6209 5240/1801/5107 6260/2823/6207
f 5240/1801/5107 6262/2825/6209 6263/2826/6210
f 5239/1804/5108 5240/1801/5107 6263/2826/6210
f 6264/2827/6211 6262/2825/6209 6260/2823/6207
f 6260/2823/6207 6258/2821/6205 6264/2827/6211
f 6258/2821/6205 6265/2828/6212 6264/2827/6211
f 6266/2829/6213 6261/2824/6208 6252/2815/6199
f 6267/2830/6214 6266/2829/6213 6252/2815/6199
f 6267/2830/6214 6252/2815/6199 6253/2816/6200
f 6268/2831/6215 6267/2830/6214 6253/2816/6200
f 6253/2816/6200 6245/2808/6192 6268/2831/6215
f 6245/2808/6192 6269/2832/6216 6268/2831/6215
f 6266/2829/6213 6270/2833/6217 6261/2824/6208
f 6270/2833/6217 6254/2817/6201 6261/2824/6208
f 6254/2817/6201 6270/2833/6217 6271/2834/6218
f 6255/2818/6202 6254/2817/6201 6271/2834/6218
f 6255/2818/6202 6271/2834/6218 6272/2835/6219
f 6256/2819/6203 6255/2818/6202 6272/2835/6219
f 6256/2819/6203 6272/2835/6219 6273/2836/6220
f 6257/2820/6204 6256/2819/6203 6273/2836/6220
f 6273/2836/6220 6265/2828/6212 6257/2820/6204
f 6265/2828/6212 6258/2821/6205 6257/2820/6204
f 5979/2540/5894 6015/2790/5930 5986/2547/5901
f 5976/2537/5891 6015/2790/5930 5979/2540/5894
f 5976/2537/5891 5977/2538/5892 6015/2790/5930
f 5977/2538/5892 6016/2580/5931 6015/2790/5930
f 6016/2580/5931 5977/2538/5892 5978/2539/5893
f 6018/2581/5933 6016/2580/5931 5978/2539/5893
f 6018/2581/5933 5978/2539/5893 6020/2583/5935
f 5978/2539/5893 6274/2791/6221 6020/2583/5935
f 6274/2791/6221 5978/2539/5893 5971/2532/5886
f 5970/2531/5885 6274/2791/6221 5971/2532/5886
f 6022/2585/5937 6020/2583/5935 6274/2791/6221
f 6275/2792/6222 6022/2585/5937 6274/2791/6221
f 6275/2792/6222 6274/2791/6221 5970/2531/5885
f 5973/2534/5888 6275/2792/6222 5970/2531/5885
f 6276/2837/6223 5320/1883/5189 5312/1875/5181
f 5307/1870/5176 6276/2837/6223 5312/1875/5181
f 6277/2838/6224 6276/2837/6223 5307/1870/5176
f 5306/1869/5175 6277/2838/6224 5307/1870/5176
f 6276/2837/6223 6277/2838/6224 6278/2839/6225
f 6279/2840/6226 6276/2837/6223 6278/2839/6225
f 6276/2837/6223 6279/2840/6226 5320/1883/5189
f 6278/2839/6225 6280/2841/6227 6279/2840/6226
f 6280/2841/6227 6278/2839/6225 6281/2842/6228
f 6278/2839/6225 6282/2843/6229 6281/2842/6228
f 6281/2842/6228 6282/2843/6229 6283/2844/6230
f 6282/2843/6229 6284/2845/6231 6283/2844/6230
f 6280/2841/6227 6285/2846/6232 6279/2840/6226
f 6279/2840/6226 5325/1888/5194 5320/1883/5189
f 6279/2840/6226 6285/2846/6232 5326/1889/5195
f 5325/1888/5194 6279/2840/6226 5326/1889/5195
f 6277/2838/6224 6286/2847/6233 6278/2839/6225
f 6282/2843/6229 6278/2839/6225 6286/2847/6233
f 6284/2845/6231 6282/2843/6229 6286/2847/6233
f 6287/2848/6234 6283/2844/6230 6284/2845/6231
f 6288/2849/6235 6287/2848/6234 6284/2845/6231
f 6284/2845/6231 6289/2850/6236 6288/2849/6235
f 6289/2850/6236 6284/2845/6231 6286/2847/6233
f 6289/2850/6236 6290/2851/6237 6288/2849/6235
f 6291/2852/6238 6287/2848/6234 6288/2849/6235
f 6292/2853/6239 6291/2852/6238 6288/2849/6235
f 6288/2849/6235 6290/2851/6237 6292/2853/6239
f 6292/2853/6239 6293/2854/6240 6291/2852/6238
f 6293/2854/6240 6292/2853/6239 6294/2855/6241
f 6293/2854/6240 6294/2855/6241 5242/1805/5111
f 6294/2855/6241 5243/1806/5112 5242/1805/5111
f 6295/2856/6242 6292/2853/6239 6290/2851/6237
f 6294/2855/6241 6292/2853/6239 6296/2857/6243
f 6292/2853/6239 6295/2856/6242 6296/2857/6243
f 6294/2855/6241 6296/2857/6243 5243/1806/5112
f 5247/1810/5116 6296/2857/6243 6295/2856/6242
f 6295/2856/6242 5292/1855/5161 5247/1810/5116
f 6289/2850/6236 6286/2847/6233 6297/2858/6244
f 6297/2858/6244 6286/2847/6233 6277/2838/6224
f 6298/2859/6245 6289/2850/6236 6297/2858/6244
f 6289/2850/6236 6298/2859/6245 6290/2851/6237
f 6299/2860/6246 6290/2851/6237 6298/2859/6245
f 6299/2860/6246 6295/2856/6242 6290/2851/6237
f 5292/1855/5161 6295/2856/6242 6299/2860/6246
f 6299/2860/6246 5291/1854/5160 5292/1855/5161
f 5245/1808/5114 5243/1806/5112 6296/2857/6243
f 6296/2857/6243 5247/1810/5116 5245/1808/5114
f 6297/2858/6244 6277/2838/6224 5306/1869/5175
f 6300/2861/6247 6297/2858/6244 5306/1869/5175
f 6297/2858/6244 6300/2861/6247 6298/2859/6245
f 6300/2861/6247 5306/1869/5175 5305/1868/5174
f 6301/2862/6248 6300/2861/6247 5305/1868/5174
f 5305/1868/5174 5300/1863/5169 6301/2862/6248
f 5300/1863/5169 5298/1861/5167 6301/2862/6248
f 6301/2862/6248 5298/1861/5167 6302/2863/6249
f 6301/2862/6248 6302/2863/6249 6300/2861/6247
f 5298/1861/5167 5296/1859/5165 6302/2863/6249
f 6303/2864/6250 6300/2861/6247 6302/2863/6249
f 5291/1854/5160 6299/2860/6246 6303/2864/6250
f 6298/2859/6245 6303/2864/6250 6299/2860/6246
f 6303/2864/6250 6298/2859/6245 6300/2861/6247
f 5291/1854/5160 6303/2864/6250 5289/1852/5158
f 6302/2863/6249 5289/1852/5158 6303/2864/6250
f 5289/1852/5158 6302/2863/6249 5290/1853/5159
f 5296/1859/5165 5290/1853/5159 6302/2863/6249
f 5097/1660/4964 6304/2867/6251 5107/1670/4976
f 6304/2867/6251 6305/2868/6252 5107/1670/4976
f 5107/1670/4976 6305/2868/6252 5108/1671/4977
f 6305/2868/6252 5123/1686/4992 5108/1671/4977
f 5123/1686/4992 6305/2868/6252 6306/2869/6253
f 5118/1681/4987 5123/1686/4992 6306/2869/6253
f 5119/1682/4988 5118/1681/4987 6306/2869/6253
f 5119/1682/4988 6306/2869/6253 5121/1684/4990
f 6307/2870/6254 5121/1684/4990 6306/2869/6253
f 6307/2870/6254 6308/2871/6255 5121/1684/4990
f 5121/1684/4990 6308/2871/6255 4967/1530/4817
f 6309/2872/6256 6307/2870/6254 6306/2869/6253
f 6307/2870/6254 6309/2872/6256 1700/347/6257
f 1699/345/6258 1700/347/6257 6309/2872/6256
f 5097/1660/4964 5102/1665/4969 6304/2867/6251
f 5102/1665/4969 6310/2873/6259 6304/2867/6251
f 5102/1665/4969 1695/337/6260 6310/2873/6259
f 1695/337/6260 5102/1665/4969 1694/335/4972
f 1695/337/6260 1696/339/6261 6310/2873/6259
f 6309/2872/6256 6311/2874/6262 1699/345/6258
f 6311/2874/6262 6310/2873/6259 1697/341/6263
f 1697/341/6263 6310/2873/6259 1696/339/6261
f 1697/341/6263 1698/343/6264 6311/2874/6262
f 6311/2874/6262 1698/343/6264 1699/345/6258
f 6310/2873/6259 6311/2874/6262 6312/2875/6265
f 6311/2874/6262 6309/2872/6256 6312/2875/6265
f 6304/2867/6251 6310/2873/6259 6312/2875/6265
f 6306/2869/6253 6312/2875/6265 6309/2872/6256
f 6305/2868/6252 6312/2875/6265 6306/2869/6253
f 6305/2868/6252 6304/2867/6251 6312/2875/6265
f 6307/2870/6254 1700/347/6257 6313/2876/6266
f 6313/2876/6266 6308/2871/6255 6307/2870/6254
f 6313/2876/6266 4975/1538/4825 6308/2871/6255
f 4975/1538/4825 4969/1532/4819 6308/2871/6255
f 4975/1538/4825 6313/2876/6266 1701/359/6267
f 1700/347/6257 1701/359/6267 6313/2876/6266
f 4975/1538/4825 1701/359/6267 1648/199/6268
f 4975/1538/4825 1648/199/6268 4974/1537/4824
f 4974/1537/4824 1648/199/6268 6314/2877/6269
f 4967/1530/4817 6308/2871/6255 4969/1532/4819
f 6314/2877/6269 1648/199/6268 1647/197/6270
f 1646/195/6271 6314/2877/6269 1647/197/6270
f 6315/2878/6272 6314/2877/6269 1646/195/6271
f 4973/1536/4823 6314/2877/6269 6315/2878/6272
f 6314/2877/6269 4973/1536/4823 4974/1537/4824
f 6315/2878/6272 1646/195/6271 1645/193/6273
f 6315/2878/6272 1645/193/6273 1644/191/4827
f 4976/1539/4826 6315/2878/6272 1644/191/4827
f 4973/1536/4823 6315/2878/6272 4976/1539/4826
f 4884/1447/4720 4882/1445/4718 6316/2879/6274
f 4898/1461/4736 4884/1447/4720 6316/2879/6274
f 6317/2880/6275 6316/2879/6274 4882/1445/4718
f 4880/1443/4716 6317/2880/6275 4882/1445/4718
f 6318/2881/6276 6317/2880/6275 4880/1443/4716
f 4879/1442/4715 6318/2881/6276 4880/1443/4716
f 6319/2882/6277 6318/2881/6276 4879/1442/4715
f 4857/1420/4688 6319/2882/6277 4879/1442/4715
f 4847/1412/4679 6319/2882/6277 4857/1420/4688
f 1743/481/6278 4898/1461/4736 6316/2879/6274
f 1742/480/6279 1743/481/6278 6316/2879/6274
f 6316/2879/6274 6317/2880/6275 1741/479/6280
f 1742/480/6279 6316/2879/6274 1741/479/6280
f 1740/478/6281 1741/479/6280 6317/2880/6275
f 6318/2881/6276 1740/478/6281 6317/2880/6275
f 1739/477/6282 1740/478/6281 6318/2881/6276
f 6319/2882/6277 1739/477/6282 6318/2881/6276
f 6319/2882/6277 4847/1412/4679 1739/477/6282
f 4847/1412/4679 1774/556/6283 1739/477/6282
f 4847/1412/4679 4848/1413/4678 1774/556/6283
f 4848/1413/4678 1775/557/6284 1774/556/6283
f 4848/1413/4678 1776/559/4682 1775/557/6284
f 4856/1419/4687 1777/560/6285 1776/559/4682
f 4856/1419/4687 1778/562/6286 1777/560/6285
f 4873/1436/4707 1778/562/6286 4856/1419/4687
f 4855/1418/4686 4873/1436/4707 4856/1419/4687
f 1779/564/6287 1778/562/6286 4873/1436/4707
f 4874/1437/4708 1779/564/6287 4873/1436/4707
f 1748/492/4734 4898/1461/4736 1743/481/6278
f 5602/2165/5498 5598/2159/5492 5658/2221/5554
f 5940/2501/5855 6320/2883/6288 5938/2499/5853
f 6320/2883/6288 6321/2884/6289 5938/2499/5853
f 5936/2497/5851 5938/2499/5853 6321/2884/6289
f 6321/2884/6289 5928/2489/5843 5936/2497/5851
f 6320/2883/6288 5940/2501/5855 6322/2885/6290
f 6320/2883/6288 6322/2885/6290 6321/2884/6289
f 5940/2501/5855 6323/2886/6291 6322/2885/6290
f 6324/2887/6292 6322/2885/6290 6323/2886/6291
f 6325/2888/6293 6324/2887/6292 6323/2886/6291
f 6323/2886/6291 5940/2501/5855 6326/2889/6294
f 6323/2886/6291 6326/2889/6294 6325/2888/6293
f 5940/2501/5855 5941/2502/5856 6326/2889/6294
f 5941/2502/5856 5947/2508/5862 6326/2889/6294
f 5948/2509/5863 6326/2889/6294 5947/2508/5862
f 6326/2889/6294 5948/2509/5863 6327/2890/6295
f 6326/2889/6294 6327/2890/6295 6325/2888/6293
f 6328/2891/6296 6327/2890/6295 5948/2509/5863
f 6328/2891/6296 5948/2509/5863 5831/2394/5746
f 6328/2891/6296 5831/2394/5746 5841/2402/5756
f 5831/2394/5746 5834/2395/5749 5841/2402/5756
f 5948/2509/5863 5830/2393/5745 5831/2394/5746
f 6328/2891/6296 5841/2402/5756 6329/2892/6297
f 6329/2892/6297 6327/2890/6295 6328/2891/6296
f 5841/2402/5756 5842/2403/5757 6329/2892/6297
f 6330/2893/6298 6329/2892/6297 5842/2403/5757
f 6327/2890/6295 6329/2892/6297 6330/2893/6298
f 6325/2888/6293 6327/2890/6295 6330/2893/6298
f 5845/2406/5760 6330/2893/6298 5842/2403/5757
f 6331/2894/6299 6330/2893/6298 5845/2406/5760
f 6330/2893/6298 6331/2894/6299 6325/2888/6293
f 5847/2408/5762 6331/2894/6299 5845/2406/5760
f 6332/2895/6300 6331/2894/6299 5847/2408/5762
f 5848/2409/5763 6332/2895/6300 5847/2408/5762
f 6332/2895/6300 5848/2409/5763 5855/2416/5770
f 6333/2896/6301 6332/2895/6300 5855/2416/5770
f 6333/2896/6301 5855/2416/5770 5863/2424/5778
f 5866/2427/5781 6333/2896/6301 5863/2424/5778
f 6334/2897/6302 6333/2896/6301 5866/2427/5781
f 5868/2429/5783 6334/2897/6302 5866/2427/5781
f 6331/2894/6299 6332/2895/6300 6324/2887/6292
f 6331/2894/6299 6324/2887/6292 6325/2888/6293
f 6332/2895/6300 6335/2898/6303 6324/2887/6292
f 6333/2896/6301 6334/2897/6302 6335/2898/6303
f 6332/2895/6300 6333/2896/6301 6335/2898/6303
f 6322/2885/6290 6324/2887/6292 6335/2898/6303
f 6336/2899/6304 6322/2885/6290 6335/2898/6303
f 6322/2885/6290 6336/2899/6304 6321/2884/6289
f 5928/2489/5843 6321/2884/6289 6336/2899/6304
f 5927/2488/5842 5928/2489/5843 6336/2899/6304
f 6335/2898/6303 6334/2897/6302 5927/2488/5842
f 6336/2899/6304 6335/2898/6303 5927/2488/5842
f 5927/2488/5842 6334/2897/6302 5868/2429/5783
f 5917/2478/5832 5927/2488/5842 5868/2429/5783
f 5917/2478/5832 5868/2429/5783 5867/2428/5782
f 5918/2479/5833 5917/2478/5832 5867/2428/5782
f 5918/2479/5833 5867/2428/5782 5920/2481/5835
f 5920/2481/5835 5867/2428/5782 5878/2439/5793
f 5887/2448/5802 5890/2451/5805 6337/2900/6305
f 5883/2444/5798 5887/2448/5802 6337/2900/6305
f 6337/2900/6305 5882/2443/5797 5883/2444/5798
f 6338/2901/6306 4766/1329/4576 4765/1328/4575
f 6339/2902/6307 6338/2901/6306 4765/1328/4575
f 6338/2901/6306 6340/2903/6308 4766/1329/4576
f 4741/1304/4551 6339/2902/6307 4765/1328/4575
f 6339/2902/6307 4741/1304/4551 4737/1300/4547
f 4751/1314/4561 4741/1304/4551 4765/1328/4575
f 6340/2903/6308 4767/1330/4577 4766/1329/4576
f 6341/2904/6309 4767/1330/4577 6340/2903/6308
f 6339/2902/6307 4737/1300/4547 4731/1294/4541
f 6339/2902/6307 4731/1294/4541 4728/1291/4538
f 6338/2901/6306 6339/2902/6307 4728/1291/4538
f 6338/2901/6306 4728/1291/4538 4726/1289/4536
f 6340/2903/6308 6338/2901/6306 4726/1289/4536
f 6340/2903/6308 4726/1289/4536 4727/1290/4537
f 6341/2904/6309 6340/2903/6308 4727/1290/4537
f 6341/2904/6309 6342/2905/6310 4767/1330/4577
f 6341/2904/6309 4727/1290/4537 6342/2905/6310
f 6342/2905/6310 6343/2906/6311 4767/1330/4577
f 6343/2906/6311 4768/1331/4578 4767/1330/4577
f 4770/1333/4580 4768/1331/4578 6343/2906/6311
f 6344/2907/6312 4770/1333/4580 6343/2906/6311
f 6342/2905/6310 6344/2907/6312 6343/2906/6311
f 4770/1333/4580 6344/2907/6312 4775/1338/4585
f 6344/2907/6312 4796/1359/4606 4775/1338/4585
f 6342/2905/6310 6345/2908/6313 6344/2907/6312
f 4796/1359/4606 6344/2907/6312 6345/2908/6313
f 6345/2908/6313 4797/1360/4607 4796/1359/4606
f 6345/2908/6313 4801/1364/4612 4797/1360/4607
f 4801/1364/4612 6345/2908/6313 4802/1365/4613
f 4802/1365/4613 6345/2908/6313 6346/2909/6314
f 4727/1290/4537 6346/2909/6314 6342/2905/6310
f 6342/2905/6310 6346/2909/6314 6345/2908/6313
f 6346/2909/6314 4727/1290/4537 4725/1288/4535
f 4802/1365/4613 6346/2909/6314 4725/1288/4535
f 4995/1558/4856 4997/1560/4858 5167/1730/5036
f 5168/1731/5037 4995/1558/4856 5167/1730/5036
f 4995/1558/4856 5168/1731/5037 4993/1556/4854
f 5168/1731/5037 6347/2910/6315 4993/1556/4854
f 5168/1731/5037 5146/1709/5015 6347/2910/6315
f 5146/1709/5015 5144/1707/5013 6347/2910/6315
f 6347/2910/6315 5144/1707/5013 5142/1705/5011
f 6347/2910/6315 5142/1705/5011 4990/1553/4851
f 4993/1556/4854 6347/2910/6315 4990/1553/4851
f 4988/1551/4848 4990/1553/4851 5142/1705/5011
f 5141/1704/5010 4988/1551/4848 5142/1705/5011
f 4987/1550/4846 4988/1551/4848 5141/1704/5010
f 4986/1549/4844 4987/1550/4846 5141/1704/5010
f 4986/1549/4844 5141/1704/5010 5138/1701/5007
f 4985/1548/4843 4986/1549/4844 5138/1701/5007
f 5167/1730/5036 4997/1560/4858 5004/1567/4865
f 5054/1617/4921 1605/112/6316 1606/113/6317
f 5056/1619/4923 5054/1617/4921 1606/113/6317
f 1605/112/6316 5054/1617/4921 5052/1615/4919
f 1607/114/6318 1605/112/6316 5052/1615/4919
f 5052/1615/4919 5050/1613/4916 1607/114/6318
f 5050/1613/4916 1609/119/6319 1607/114/6318
f 1609/119/6319 5050/1613/4916 1610/121/4917
f 5675/2238/5579 1661/255/6320 1660/253/5580
f 5675/2238/5579 5674/2237/5578 1661/255/6320
f 5674/2237/5578 1674/283/6321 1661/255/6320
f 1674/283/6321 5674/2237/5578 1675/284/5577
f 1667/270/6322 1664/265/6323 5684/2246/5595
f 5684/2246/5595 5682/2247/5597 1667/270/6322
f 1664/265/6323 5692/2255/5606 5684/2246/5595
f 5692/2255/5606 1664/265/6323 1665/266/6324
f 5708/2271/5622 5692/2255/5606 1665/266/6324
f 1666/268/5627 5708/2271/5622 1665/266/6324
f 1667/270/6322 5682/2247/5597 1668/272/5602
f 1669/274/6325 1668/272/5602 5689/2252/5603
f 1670/277/6326 1669/274/6325 5689/2252/5603
f 5690/2253/5604 1670/277/6326 5689/2252/5603
f 1671/278/6327 1670/277/6326 5690/2253/5604
f 1666/268/5627 1672/289/6328 5712/2275/5626
f 1672/289/6328 6348/2911/6329 5712/2275/5626
f 6348/2911/6329 5713/2276/5628 5712/2275/5626
f 6348/2911/6329 1672/289/6328 1673/288/6330
f 1673/288/6330 1677/290/6331 6348/2911/6329
f 5713/2276/5628 6348/2911/6329 6349/2912/6332
f 5715/2278/5630 5713/2276/5628 6349/2912/6332
f 6348/2911/6329 1677/290/6331 1678/292/6333
f 6349/2912/6332 6348/2911/6329 1678/292/6333
f 1678/292/6333 1679/294/6334 6349/2912/6332
f 5717/2280/5632 5715/2278/5630 6349/2912/6332
f 1679/294/6334 5717/2280/5632 6349/2912/6332
f 5717/2280/5632 1679/294/6334 1680/296/6335
f 6350/2913/6336 5717/2280/5632 1680/296/6335
f 5717/2280/5632 6350/2913/6336 5718/2281/5633
f 5720/2283/5635 5718/2281/5633 6350/2913/6336
f 6350/2913/6336 6351/2914/6337 5720/2283/5635
f 5720/2283/5635 6351/2914/6337 5722/2285/5637
f 6351/2914/6337 6352/2915/6338 5722/2285/5637
f 5723/2286/5638 5722/2285/5637 6352/2915/6338
f 5726/2289/5641 5723/2286/5638 6352/2915/6338
f 6350/2913/6336 1680/296/6335 1681/298/6339
f 6351/2914/6337 6350/2913/6336 1681/298/6339
f 1682/300/6340 6352/2915/6338 6351/2914/6337
f 1681/298/6339 1682/300/6340 6351/2914/6337
f 6352/2915/6338 1682/300/6340 1683/303/6341
f 5726/2289/5641 6352/2915/6338 1683/303/6341
f 5726/2289/5641 1683/303/6341 5727/2290/5642
f 1683/303/6341 1688/314/6342 5727/2290/5642
f 5727/2290/5642 1688/314/6342 5729/2292/5644
f 1688/314/6342 1689/315/6343 5729/2292/5644
f 6354/2916/6344 6353/2917/6345 6030/2593/5945
f 6033/2596/5948 6354/2916/6344 6030/2593/5945
f 6355/2918/6346 6353/2917/6345 6354/2916/6344
f 6355/2918/6346 6040/2603/5955 6353/2917/6345
f 6032/2595/5947 6030/2593/5945 6353/2917/6345
f 6353/2917/6345 6040/2603/5955 6032/2595/5947
f 1636/175/6347 4984/1547/4842 4981/1544/4839
f 1637/177/4838 1636/175/6347 4981/1544/4839
f 1635/173/4845 4984/1547/4842 1636/175/6347
f 6356/2919/6348 1756/508/6349 1753/505/6350
f 1754/506/6351 6356/2919/6348 1753/505/6350
f 1756/508/6349 6356/2919/6348 6357/2920/6352
f 1760/516/6353 1756/508/6349 6357/2920/6352
f 6357/2920/6352 1762/527/6354 1760/516/6353
f 1762/527/6354 1761/518/6355 1760/516/6353
f 1592/50/4711 1593/52/6356 4871/1434/4705
f 1593/52/6356 1594/54/6357 4871/1434/4705
f 1594/54/6357 4870/1433/4704 4871/1434/4705
f 4870/1433/4704 1594/54/6357 1595/56/4703
f 4173/736/3964 4170/733/3961 6358/2921/6358
f 6358/2921/6358 6359/2922/6359 4173/736/3964
f 6359/2922/6359 4177/740/3968 4173/736/3964
f 4177/740/3968 6359/2922/6359 6360/2923/6360
f 4191/754/3982 4177/740/3968 6360/2923/6360
f 4192/755/3983 4191/754/3982 6360/2923/6360
f 5731/2294/5646 5730/2293/5645 5745/2308/5660
f 3448/2293/3154 3449/2294/3155 3463/2308/3169
f 6390/2930/6361 6362/360/6362 6389/2931/6363
f 6389/2931/6363 6362/360/6362 6363/364/6364
f 6390/2930/6361 6389/2931/6363 6391/2932/6365
f 6389/2931/6363 6363/364/6364 6392/2933/6366
f 6393/2934/6367 6389/2931/6363 6392/2933/6366
f 6389/2931/6363 6393/2934/6367 6391/2932/6365
f 6393/2934/6367 6370/394/6368 6391/2932/6365
f 6390/2930/6361 6361/361/6369 6362/360/6362
f 6368/380/6370 6393/2934/6367 6392/2933/6366
f 6369/382/6371 6393/2934/6367 6368/380/6370
f 6393/2934/6367 6369/382/6371 6370/394/6368
f 6363/364/6364 6364/366/6372 6392/2933/6366
f 6392/2933/6366 6364/366/6372 6365/368/6373
f 6370/394/6368 6371/396/6374 6391/2932/6365
f 6372/398/6375 6390/2930/6361 6391/2932/6365
f 6371/396/6374 6372/398/6375 6391/2932/6365
f 6361/361/6369 6390/2930/6361 6374/402/6376
f 6390/2930/6361 6373/400/6377 6374/402/6376
f 6390/2930/6361 6372/398/6375 6373/400/6377
f 6367/378/6378 6368/380/6370 6392/2933/6366
f 6367/378/6378 6392/2933/6366 6365/368/6373
f 6367/378/6378 6365/368/6373 6366/370/6379
f 6375/360/6380 6395/2930/6381 6394/2931/6382
f 6375/360/6380 6394/2931/6382 6377/364/6383
f 6394/2931/6382 6395/2930/6381 6396/2932/6384
f 6377/364/6383 6394/2931/6382 6397/2933/6385
f 6394/2931/6382 6398/2934/6386 6397/2933/6385
f 6398/2934/6386 6394/2931/6382 6396/2932/6384
f 6384/394/6387 6398/2934/6386 6396/2932/6384
f 6376/361/6388 6395/2930/6381 6375/360/6380
f 6398/2934/6386 6382/380/6389 6397/2933/6385
f 6398/2934/6386 6383/382/6390 6382/380/6389
f 6383/382/6390 6398/2934/6386 6384/394/6387
f 6378/366/6391 6377/364/6383 6397/2933/6385
f 6378/366/6391 6397/2933/6385 6379/368/6392
f 6385/396/6393 6384/394/6387 6396/2932/6384
f 6386/398/6394 6385/396/6393 6396/2932/6384
f 6395/2930/6381 6386/398/6394 6396/2932/6384
f 6395/2930/6381 6376/361/6388 6388/402/6395
f 6387/400/6396 6395/2930/6381 6388/402/6395
f 6386/398/6394 6395/2930/6381 6387/400/6396
f 6382/380/6389 6381/378/6397 6397/2933/6385
f 6397/2933/6385 6381/378/6397 6379/368/6392
f 6379/368/6392 6381/378/6397 6380/370/6398
