# Blender 5.0.1
# www.blender.org
mtllib sm_final2.mtl
o sm(posed)
v 1.898890 1.586203 4.054032
v 1.891712 1.587778 4.065996
v 1.893958 1.551100 4.084546
v 1.886623 1.553319 4.096767
v 1.892370 1.552270 4.082045
v 1.885086 1.554546 4.094471
v 1.889099 1.586011 4.066248
v 1.896279 1.583887 4.053925
v 1.902821 1.581205 4.021532
v 1.901390 1.582854 4.036094
v 1.898959 1.546616 4.053459
v 1.896991 1.549131 4.067814
v 1.899100 1.581332 4.036930
v 1.900609 1.579178 4.021771
v 1.866737 1.558851 4.122642
v 1.884561 1.588783 4.076783
v 1.876625 1.556716 4.112023
v 1.875521 1.557711 4.108440
v 1.865633 1.559955 4.119343
v 1.874620 1.589837 4.087688
v 1.882398 1.586042 4.076015
v 1.872341 1.588348 4.087607
v 1.623918 1.585352 4.052484
v 1.631088 1.586799 4.064517
v 1.628851 1.550725 4.083881
v 1.636193 1.552953 4.096198
v 1.630450 1.551872 4.081321
v 1.637734 1.554165 4.093871
v 1.633785 1.585142 4.064848
v 1.626691 1.583158 4.052531
v 1.620000 1.581191 4.021555
v 1.621432 1.582845 4.036135
v 1.623862 1.546616 4.053493
v 1.625829 1.549149 4.067873
v 1.623722 1.581322 4.036970
v 1.622212 1.579160 4.021790
v 1.656087 1.557618 4.121027
v 1.646203 1.555681 4.110540
v 1.638267 1.588836 4.076813
v 1.647296 1.556741 4.107061
v 1.657184 1.558774 4.117798
v 1.648218 1.589786 4.087590
v 1.650462 1.588204 4.087466
v 1.640210 1.585963 4.075882
v 2.123650 1.990673 4.427783
v 2.124770 1.991562 4.422194
v 2.086892 1.944179 4.290246
v 2.098036 1.948836 4.342149
v 2.073288 1.958878 4.293715
v 2.053983 1.973897 4.347939
v 2.092514 1.905320 4.284784
v 2.090392 1.900572 4.330570
v 2.069629 1.895797 4.352438
v 2.054948 1.873854 4.256148
v 2.074048 1.884656 4.270226
v 2.048277 1.966674 4.295079
v 2.026593 1.960962 4.290353
v 2.008413 1.944709 4.285104
v 1.996895 1.913910 4.266711
v 2.019039 1.956374 4.338543
v 2.005257 1.902442 4.286460
v 2.004901 1.890852 4.250209
v 2.042822 1.961764 4.354672
v 2.073672 1.955405 4.357168
v 2.089625 1.940096 4.356916
v 2.022933 1.948417 4.351602
v 2.017709 1.933846 4.344280
v 2.028083 1.923760 4.354239
v 2.017477 1.916669 4.346158
v 1.897246 1.553051 4.056184
v 1.897016 1.547780 4.040864
v 1.899660 1.575501 4.013766
v 1.902031 1.577889 4.030952
v 1.891816 1.581480 4.063869
v 1.901539 1.577392 4.031128
v 1.889552 1.557801 4.091954
v 1.897183 1.551821 4.055855
v 1.870432 1.563368 4.118036
v 1.876291 1.582760 4.082135
v 1.849213 1.568039 4.130749
v 1.851542 1.589408 4.098147
v 1.855770 1.610772 4.082592
v 1.863365 1.598967 4.082511
v 1.866862 1.642514 4.042949
v 1.888631 1.686797 4.011841
v 1.870510 1.636896 4.043383
v 1.885435 1.666961 4.015934
v 1.885006 1.710167 4.021727
v 1.910261 1.733085 3.998621
v 1.930749 1.757452 3.996145
v 1.917101 1.744990 4.010880
v 1.937328 1.790317 3.994636
v 1.958811 1.867394 3.951963
v 1.966948 1.915196 3.906012
v 1.974711 1.930978 3.899905
v 1.992126 1.935230 3.902426
v 2.012907 1.929133 3.905821
v 2.033396 1.910637 3.888576
v 2.034712 1.890045 3.861213
v 2.016835 1.880908 3.843219
v 1.977852 1.874127 3.821561
v 1.906913 1.877228 3.813454
v 1.983531 1.926765 3.943702
v 2.043296 1.895414 3.919549
v 1.977469 1.857628 3.824774
v 2.030734 1.854889 3.871169
v 2.042668 1.873065 3.891086
v 2.028833 1.914854 3.939078
v 2.010311 1.925225 3.950067
v 1.965037 1.910630 3.929044
v 1.961591 1.879857 3.926230
v 1.962149 1.847486 3.944917
v 1.961050 1.826508 3.965246
v 2.131779 1.569131 4.408126
v 2.121011 1.580652 4.389231
v 2.137180 1.553800 4.413490
v 2.139139 1.531602 4.409317
v 2.147337 1.496875 4.376563
v 2.156642 1.485970 4.354409
v 2.153134 1.482902 4.333328
v 2.130700 1.594306 4.352632
v 2.121888 1.592820 4.321181
v 2.109473 1.527868 4.418446
v 2.109320 1.549026 4.420732
v 2.098237 1.562394 4.416652
v 2.100631 1.592770 4.328547
v 2.105273 1.591785 4.349043
v 2.128580 1.477574 4.371116
v 2.133951 1.473547 4.349317
v 2.130863 1.479228 4.320896
v 2.112108 1.483695 4.306818
v 2.116515 1.470144 4.330899
v 2.080968 1.472346 4.310845
v 2.062894 1.508608 4.287813
v 2.056653 1.540312 4.287059
v 2.070391 1.562104 4.291936
v 2.087652 1.581647 4.308116
v 2.105188 1.579996 4.296867
v 2.119208 1.593976 4.322241
v 2.089796 1.555789 4.283334
v 2.100519 1.592563 4.329208
v 2.095201 1.529175 4.280199
v 2.103552 1.502264 4.289936
v 1.761981 1.806625 3.818995
v 1.794217 1.837586 3.816064
v 1.873855 1.847482 3.806563
v 1.825845 1.834151 3.812754
v 1.761580 1.839216 3.824692
v 1.835193 1.849418 3.815161
v 1.869172 1.861181 3.811226
v 1.931189 1.864736 3.811430
v 1.816970 2.079473 4.110417
v 1.813826 2.056861 4.114867
v 1.791077 2.054960 4.128635
v 1.784627 2.030257 4.124100
v 1.772603 2.031353 4.124277
v 1.803625 2.025203 4.109192
v 1.785437 2.016866 4.114505
v 1.820328 2.015705 4.081006
v 1.822266 2.023036 4.079711
v 1.818591 2.035160 4.095273
v 1.826300 2.054990 4.093633
v 1.836148 2.074181 4.075196
v 1.827797 2.067696 4.096569
v 1.828846 2.110005 4.085700
v 1.782260 1.712850 4.056155
v 1.760824 1.699680 4.057137
v 1.761337 1.736582 4.066454
v 1.775640 1.756814 4.057040
v 1.761174 1.769978 4.050361
v 1.770340 1.765780 4.052228
v 2.030808 1.943812 4.068818
v 2.052783 1.933018 4.075644
v 2.060989 1.918961 4.090597
v 2.079296 1.896928 4.115608
v 2.037010 1.948079 4.083858
v 2.053367 1.939837 4.093753
v 2.070514 1.915959 4.115341
v 2.075967 1.882641 4.117973
v 2.056016 1.861119 4.130204
v 2.021742 1.856271 4.153069
v 2.000415 1.860200 4.165020
v 1.977845 1.874586 4.161126
v 2.076153 1.890715 4.136216
v 2.058899 1.864415 4.158812
v 2.038809 1.856867 4.175315
v 2.020813 1.856772 4.187197
v 1.990761 1.865488 4.194283
v 1.979918 1.873180 4.188895
v 2.032085 1.871843 4.235293
v 2.008061 1.881896 4.237898
v 2.003722 1.891159 4.249531
v 2.019229 1.874139 4.252939
v 2.090473 1.910842 4.279850
v 1.985479 1.924224 4.110681
v 1.968473 1.910322 4.131765
v 1.965937 1.892097 4.146654
v 1.992315 1.939812 4.114903
v 2.011204 1.947286 4.093006
v 1.983806 1.933091 4.144155
v 1.967350 1.914753 4.161010
v 1.967600 1.891442 4.176667
v 1.980767 1.873070 4.187519
v 1.978043 1.873644 4.159071
v 2.034449 1.918409 4.368850
v 2.028325 1.925966 4.356828
v 2.044123 1.899274 4.365154
v 2.018578 1.917065 4.345145
v 2.005255 1.902411 4.285882
v 2.092544 1.918460 4.350518
v 2.084991 1.905533 4.348465
v 2.065088 1.899533 4.371172
v 2.064184 1.909102 4.389216
v 2.065055 1.899483 4.371052
v 2.044868 1.918292 4.388071
v 2.045650 1.905995 4.363207
v 2.068024 1.927820 4.408724
v 2.053566 1.933291 4.406298
v 2.072739 1.952266 4.413127
v 2.059987 1.953528 4.412594
v 2.090600 1.970269 4.417728
v 2.075157 1.990684 4.425805
v 2.056621 1.982837 4.418229
v 1.487110 2.401863 3.862781
v 1.488253 2.403636 3.857822
v 1.438150 2.257266 3.939322
v 1.440043 2.249607 3.920547
v 1.443838 2.304345 3.914250
v 1.462216 2.280185 3.874521
v 1.455943 2.264064 3.973957
v 1.481756 2.300155 3.957064
v 1.492542 2.226864 3.997140
v 1.477210 2.246371 3.989354
v 1.453737 2.235539 3.903164
v 1.471335 2.221165 3.900484
v 1.492648 2.210580 3.907716
v 1.513483 2.196643 3.935375
v 1.495363 2.257058 3.877419
v 1.521328 2.219839 3.937487
v 1.516241 2.192533 3.965855
v 1.483089 2.286799 3.874475
v 1.466309 2.303211 3.885731
v 1.463231 2.313246 3.897498
v 1.501107 2.270872 3.878927
v 1.511703 2.265907 3.891221
v 1.513226 2.280980 3.899974
v 1.522984 2.271050 3.903190
v 1.625559 1.552949 4.056090
v 1.625796 1.547678 4.040596
v 1.623169 1.575301 4.013033
v 1.621025 1.577464 4.030348
v 1.631019 1.580395 4.062513
v 1.621369 1.576699 4.030716
v 1.633271 1.557347 4.091228
v 1.625592 1.551669 4.055798
v 1.652359 1.562188 4.116508
v 1.646568 1.581677 4.081092
v 1.673573 1.566486 4.129155
v 1.671065 1.589938 4.097150
v 1.666398 1.613794 4.080147
v 1.659603 1.599182 4.082286
v 1.655532 1.642886 4.040144
v 1.634154 1.687538 4.011446
v 1.652914 1.637305 4.043999
v 1.638396 1.662912 4.015544
v 1.638337 1.709314 4.021832
v 1.613146 1.734186 3.999700
v 1.606701 1.746955 4.012560
v 1.593461 1.761077 3.999008
v 1.584555 1.791661 3.994757
v 1.562425 1.870861 3.957873
v 1.539993 1.893208 3.903690
v 1.513648 1.910899 3.868527
v 1.497734 1.913244 3.871878
v 1.482026 1.909080 3.887209
v 1.475886 1.885748 3.904596
v 1.489168 1.869073 3.904328
v 1.543838 1.858240 3.864033
v 1.592638 1.862564 3.833746
v 1.504372 1.951074 3.890189
v 1.483975 1.877534 3.927415
v 1.539104 1.846561 3.873563
v 1.507584 1.856952 3.918013
v 1.586393 1.852679 3.834079
v 1.471079 1.903589 3.930699
v 1.473456 1.935498 3.916319
v 1.528779 1.932205 3.884778
v 1.564270 1.835141 3.969793
v 1.460255 1.864159 4.188315
v 1.483369 1.856989 4.192127
v 1.444217 1.858391 4.186740
v 1.429992 1.840657 4.187124
v 1.422856 1.793947 4.176665
v 1.426164 1.771012 4.163999
v 1.438039 1.753023 4.162702
v 1.513646 1.839537 4.172029
v 1.534607 1.814444 4.173070
v 1.429776 1.842465 4.218432
v 1.443886 1.858210 4.215941
v 1.459241 1.863129 4.223581
v 1.535790 1.818119 4.195248
v 1.521018 1.833065 4.195930
v 1.417262 1.775531 4.196266
v 1.426462 1.757089 4.186397
v 1.449203 1.739509 4.181579
v 1.466381 1.730516 4.195469
v 1.440236 1.739717 4.199149
v 1.464114 1.723280 4.227971
v 1.509973 1.728766 4.234189
v 1.535333 1.748732 4.235205
v 1.544487 1.768005 4.219974
v 1.543974 1.794446 4.204463
v 1.544978 1.786443 4.185129
v 1.535527 1.815778 4.175721
v 1.539895 1.759122 4.200201
v 1.535255 1.818464 4.195544
v 1.520914 1.739524 4.198308
v 1.492860 1.729574 4.196741
v 1.760874 1.806839 3.818973
v 1.723556 1.829001 3.813522
v 1.761124 1.838638 3.824512
v 1.726724 1.841381 3.815661
v 1.651891 1.852926 3.816259
v 1.648451 1.839774 3.812353
v 1.705858 2.079470 4.110413
v 1.709007 2.056857 4.114869
v 1.731749 2.054960 4.128632
v 1.738200 2.030257 4.124100
v 1.750225 2.031353 4.124276
v 1.719203 2.025203 4.109192
v 1.737389 2.016868 4.114503
v 1.702497 2.015706 4.081003
v 1.700569 2.023023 4.079718
v 1.704236 2.035161 4.095272
v 1.696528 2.054993 4.093631
v 1.686680 2.074183 4.075197
v 1.695031 2.067697 4.096569
v 1.693981 2.110009 4.085700
v 1.740562 1.712839 4.056147
v 1.762000 1.699682 4.057136
v 1.761486 1.736577 4.066455
v 1.747185 1.756811 4.057041
v 1.761649 1.769974 4.050360
v 1.752484 1.765782 4.052229
v 1.443486 2.054836 3.950276
v 1.429999 2.052444 3.970958
v 1.425782 2.064011 4.004526
v 1.431821 2.068621 3.959462
v 1.421835 2.069349 3.979066
v 1.423399 2.068959 4.033153
v 1.457401 2.104051 4.061481
v 1.419951 2.080937 4.016065
v 1.475759 2.119663 4.056017
v 1.495656 2.128762 4.043375
v 1.511682 2.126068 4.026460
v 1.517881 2.107656 4.007636
v 1.423069 2.108226 4.042634
v 1.438818 2.134411 4.052183
v 1.464695 2.151507 4.051540
v 1.488906 2.155784 4.040819
v 1.506073 2.156121 4.027337
v 1.524770 2.143366 4.004220
v 1.526195 2.131675 3.996169
v 1.503088 2.198029 3.999816
v 1.515399 2.185764 3.980193
v 1.516679 2.191315 3.965483
v 1.516632 2.205611 3.984189
v 1.452619 2.257797 3.971265
v 1.520590 2.219489 3.937644
v 1.521006 2.270627 3.903984
v 1.518206 2.302127 3.921355
v 1.512458 2.283105 3.897366
v 1.513230 2.296307 3.906289
v 1.467230 2.312926 3.926211
v 1.480153 2.310463 3.937660
v 1.494030 2.311220 3.935542
v 1.499472 2.312778 3.925413
v 1.480075 2.075986 3.984091
v 1.493864 2.072677 3.989462
v 1.511060 2.085773 3.996132
v 1.464540 2.075311 3.972855
v 1.460001 2.076634 3.946730
v 1.450024 2.085580 3.952063
v 1.458382 2.081542 3.970055
v 1.500887 2.093534 3.972683
v 1.519935 2.111216 3.982862
v 1.525207 2.131039 3.997284
v 1.517655 2.106287 4.009432
v 1.492319 2.325633 3.918220
v 1.497073 2.315093 3.925359
v 1.505084 2.338571 3.915761
v 1.510561 2.294536 3.911271
v 1.492286 2.346908 3.914785
v 1.501835 2.363440 3.899803
v 1.512147 2.358065 3.905208
v 1.499444 2.380105 3.882534
v 1.524134 2.390782 3.882970
v 1.533046 2.375040 3.892812
v 2.119197 2.002566 4.423696
v 2.080916 1.951153 4.294571
v 2.043045 1.968638 4.295751
v 2.009480 1.944632 4.286374
v 1.997430 1.914681 4.269942
v 2.003345 1.891587 4.248711
v 1.904687 1.546182 4.056127
v 1.899675 1.546980 4.040286
v 1.897865 1.574559 4.014273
v 1.904853 1.579300 4.029375
v 1.891921 1.580806 4.063969
v 1.900269 1.578192 4.030749
v 1.884546 1.560157 4.102830
v 1.903279 1.549395 4.057921
v 1.852751 1.563612 4.128421
v 1.848487 1.571751 4.130561
v 1.854586 1.602065 4.088956
v 1.863951 1.597091 4.089220
v 1.862633 1.638169 4.052351
v 1.877555 1.659779 4.031410
v 1.886253 1.689332 4.016107
v 1.879438 1.698900 4.024219
v 1.873373 1.644534 4.033160
v 1.885318 1.665969 4.016980
v 1.893444 1.691842 4.007631
v 1.936659 1.762496 3.995350
v 1.936748 1.777613 4.000311
v 1.957519 1.866619 3.954476
v 1.967924 1.907335 3.906795
v 1.975106 1.932716 3.899605
v 2.013035 1.928814 3.906223
v 2.034061 1.910406 3.888164
v 2.023284 1.884407 3.853877
v 1.973825 1.871718 3.820318
v 1.934254 1.881014 3.814153
v 1.964059 1.881820 3.924215
v 1.962240 1.847445 3.944922
v 1.958871 1.825083 3.969282
v 2.137226 1.556307 4.415327
v 2.120796 1.580605 4.389291
v 2.152781 1.488769 4.363786
v 2.160546 1.486326 4.334316
v 2.137025 1.598298 4.321177
v 2.110029 1.549554 4.421158
v 2.108759 1.504739 4.404157
v 2.091270 1.577589 4.390989
v 2.100807 1.595110 4.348053
v 2.101674 1.592031 4.328605
v 2.146852 1.477446 4.334545
v 2.111838 1.483143 4.306640
v 2.134434 1.474061 4.349168
v 2.110944 1.469568 4.325318
v 2.055419 1.538527 4.284233
v 2.065488 1.558568 4.286602
v 2.121608 1.597962 4.317952
v 2.089267 1.556202 4.282816
v 2.082762 1.583489 4.300406
v 2.101786 1.592520 4.328921
v 2.098402 1.515013 4.282063
v 1.761366 1.838905 3.825021
v 1.782976 1.839417 3.818380
v 1.821682 1.847374 3.810790
v 1.873143 1.861988 3.811586
v 1.822241 2.086911 4.104590
v 1.793016 2.055394 4.127940
v 1.772672 2.031731 4.123680
v 1.781346 2.020429 4.117035
v 1.795445 2.012762 4.104685
v 1.808185 2.013759 4.092506
v 1.819133 2.020633 4.083213
v 1.828381 2.035276 4.076311
v 1.833918 2.058070 4.074126
v 1.827637 2.107900 4.084809
v 1.781011 1.713768 4.055572
v 1.761416 1.699096 4.059016
v 1.781046 1.746974 4.058990
v 1.771537 1.755159 4.055454
v 1.770708 1.765411 4.052348
v 1.761412 1.768759 4.049898
v 2.040827 1.941765 4.066413
v 2.080279 1.897066 4.115057
v 2.077118 1.881955 4.118178
v 2.053886 1.860133 4.131490
v 2.016812 1.955372 4.092950
v 2.043235 1.946543 4.084298
v 2.073267 1.912303 4.120161
v 1.977581 1.874324 4.158832
v 2.072089 1.890996 4.135953
v 2.058895 1.864733 4.158211
v 2.020900 1.856419 4.187294
v 1.992471 1.866172 4.191848
v 1.978301 1.869384 4.186815
v 2.033188 1.872769 4.238333
v 2.009477 1.883218 4.237291
v 2.003345 1.891587 4.248711
v 2.067675 1.877672 4.266470
v 2.088280 1.909613 4.283621
v 1.964881 1.896133 4.144598
v 1.986865 1.938576 4.109690
v 1.987414 1.936652 4.139046
v 1.961429 1.894386 4.174399
v 1.981080 1.871749 4.186393
v 1.976477 1.873690 4.158567
v 2.065688 1.916615 4.400316
v 2.064580 1.898674 4.372517
v 2.046590 1.918743 4.393043
v 2.032178 1.922395 4.360442
v 2.075044 1.958275 4.413692
v 2.056920 1.984910 4.419480
v 2.054629 1.973102 4.417157
v 2.062063 1.960723 4.413758
v 2.087512 1.967708 4.416404
v 2.069890 1.985776 4.432689
v 2.086406 1.980119 4.421797
v 1.492604 2.405195 3.869440
v 1.494399 2.410017 3.858356
v 1.439605 2.255956 3.929123
v 1.457960 2.232157 3.899413
v 1.514580 2.198177 3.936966
v 1.520237 2.190624 3.966064
v 1.618016 1.546068 4.056112
v 1.623470 1.547042 4.040036
v 1.627978 1.573235 4.016441
v 1.618240 1.578894 4.028917
v 1.621760 1.578051 4.030387
v 1.637690 1.559271 4.101098
v 1.619707 1.549412 4.057825
v 1.647033 1.581133 4.082048
v 1.670009 1.562240 4.126794
v 1.674630 1.570070 4.128484
v 1.667748 1.604686 4.087241
v 1.661149 1.593140 4.085929
v 1.658011 1.639489 4.056561
v 1.644878 1.660153 4.027821
v 1.636582 1.689013 4.015619
v 1.644886 1.699073 4.022553
v 1.637151 1.658662 4.019405
v 1.652355 1.637088 4.042789
v 1.659060 1.608587 4.075923
v 1.629317 1.692253 4.007044
v 1.594501 1.777469 4.004204
v 1.590448 1.763725 3.998900
v 1.566039 1.871535 3.956314
v 1.511659 1.912809 3.865109
v 1.482683 1.909737 3.887412
v 1.475048 1.883631 3.905006
v 1.503123 1.865416 3.896637
v 1.547471 1.857010 3.860970
v 1.581387 1.865170 3.839105
v 1.543329 1.895173 3.904273
v 1.566302 1.835899 3.969730
v 1.576524 1.806175 3.985582
v 1.444731 1.861391 4.186774
v 1.483357 1.856973 4.192346
v 1.423380 1.779739 4.169692
v 1.534544 1.819366 4.157775
v 1.443828 1.858930 4.215283
v 1.421961 1.816419 4.219133
v 1.488298 1.853570 4.221696
v 1.525294 1.834144 4.199455
v 1.534928 1.817759 4.194374
v 1.435010 1.749791 4.169835
v 1.466156 1.729970 4.195769
v 1.426799 1.757360 4.185821
v 1.444925 1.734645 4.203304
v 1.536121 1.745340 4.235969
v 1.546555 1.761267 4.223907
v 1.535957 1.814178 4.173040
v 1.546571 1.788776 4.183833
v 1.540685 1.758961 4.200519
v 1.551459 1.789456 4.207038
v 1.535103 1.818334 4.194273
v 1.508648 1.731802 4.197843
v 1.761366 1.838905 3.825021
v 1.742088 1.839212 3.818666
v 1.654343 1.850813 3.816927
v 1.700589 2.086907 4.104593
v 1.729807 2.055399 4.127939
v 1.750156 2.031732 4.123680
v 1.741479 2.020427 4.117033
v 1.727385 2.012763 4.104687
v 1.714643 2.013760 4.092505
v 1.703694 2.020633 4.083212
v 1.694446 2.035277 4.076311
v 1.688910 2.058064 4.074125
v 1.695191 2.107900 4.084809
v 1.761407 1.699100 4.059184
v 1.741812 1.713757 4.055566
v 1.741777 1.746975 4.058991
v 1.751287 1.755159 4.055454
v 1.752113 1.765408 4.052346
v 1.761412 1.768759 4.049898
v 1.436825 2.050045 3.954498
v 1.426533 2.063037 4.002944
v 1.421330 2.075196 4.032799
v 1.430981 2.070925 4.040282
v 1.473850 2.118318 4.060705
v 1.429653 2.066774 3.960500
v 1.419976 2.069348 3.980001
v 1.417570 2.087086 4.020500
v 1.495756 2.129075 4.044363
v 1.511712 2.126557 4.026088
v 1.517556 2.106331 4.009220
v 1.419008 2.107826 4.044019
v 1.460037 2.149995 4.053851
v 1.525558 2.143941 4.006775
v 1.529525 2.129861 3.999144
v 1.506066 2.155842 4.026682
v 1.502748 2.200979 3.998107
v 1.515162 2.186287 3.980018
v 1.516460 2.190135 3.965393
v 1.485445 2.241057 3.994841
v 1.456263 2.259789 3.969673
v 1.474723 2.073815 3.980074
v 1.492111 2.072030 3.988470
v 1.519276 2.105517 4.009160
v 1.464706 2.075403 3.972956
v 1.459367 2.075887 3.949045
v 1.451100 2.083576 3.956048
v 1.455249 2.077185 3.972409
v 1.517026 2.101861 3.976691
v 1.525303 2.129968 3.998567
v 1.493613 2.320950 3.920862
v 1.512952 2.294083 3.903437
v 1.492364 2.346941 3.914755
v 1.507198 2.338564 3.914439
v 1.503182 2.367101 3.896699
v 1.533757 2.376865 3.891967
v 1.528112 2.368243 3.899189
v 1.514746 2.362665 3.901282
v 1.499292 2.377096 3.884962
v 1.528630 2.387688 3.886980
v 1.518454 2.390177 3.881744
v 1.507843 2.386613 3.880813
v 2.033139 2.043024 4.427212
v 2.050300 2.032549 4.416433
v 2.027791 2.003270 4.413214
v 2.034154 2.020615 4.439826
v 2.053777 2.009232 4.431052
v 2.079655 1.998205 4.421935
v 2.058781 2.021317 4.426222
v 2.085810 2.003015 4.464413
v 2.080579 1.997225 4.450853
v 2.059540 1.997449 4.458035
v 2.067317 2.013189 4.448382
v 2.060636 2.010871 4.462313
v 2.049867 1.995160 4.455102
v 2.077428 1.984088 4.455668
v 2.053763 1.967734 4.436764
v 2.041292 1.966029 4.447246
v 2.057490 1.956294 4.448235
v 2.013373 1.978028 4.388008
v 2.043552 1.963826 4.360434
v 2.067415 1.960249 4.353798
v 2.116015 2.006123 4.397492
v 2.093257 1.936177 4.355329
v 2.072427 1.894620 4.357872
v 2.133413 1.996519 4.407303
v 2.113346 1.938212 4.404811
v 2.085157 1.926221 4.413600
v 2.064505 1.898448 4.372603
v 2.110585 1.993871 4.429910
v 2.129977 1.982254 4.429976
v 2.162322 2.032320 4.435310
v 2.162990 2.028354 4.452404
v 2.135267 2.027439 4.436314
v 2.160082 2.061980 4.448223
v 2.144271 2.030077 4.453703
v 2.131657 2.023569 4.434166
v 2.144422 2.042957 4.445510
v 2.143587 2.042644 4.445210
v 2.165495 2.053615 4.464846
v 2.157243 2.064159 4.456144
v 2.172318 2.058087 4.458514
v 2.159763 2.064118 4.457217
v 2.024102 1.949827 4.421198
v 2.039495 1.972829 4.422756
v 2.035691 1.992489 4.418606
v 2.105705 1.982709 4.425638
v 2.086750 2.009588 4.426839
v 2.112925 1.996492 4.422644
v 2.114914 1.988750 4.457993
v 2.108734 1.978805 4.454472
v 2.090302 1.990216 4.447421
v 2.093284 1.999429 4.462590
v 2.094489 1.962046 4.438920
v 2.077963 1.979848 4.455113
v 2.100925 1.959829 4.448975
v 2.068792 1.951003 4.446051
v 2.083800 1.943010 4.444482
v 2.096617 2.026649 4.410397
v 2.113029 2.016937 4.417863
v 2.078799 2.034140 4.422393
v 2.058495 2.012019 4.463000
v 2.084698 2.010242 4.475264
v 2.086878 2.002178 4.464668
v 2.077307 1.983897 4.455678
v 2.052165 1.998597 4.457067
v 2.054589 1.952206 4.455224
v 2.040743 1.972750 4.449257
v 2.039924 1.960962 4.454659
v 2.058266 1.954609 4.446248
v 2.087302 2.010733 4.426061
v 2.091834 2.000517 4.463993
v 2.116168 1.993158 4.469090
v 2.115067 1.988586 4.458166
v 2.073673 1.953828 4.458324
v 2.102350 1.966442 4.449896
v 2.082098 1.980464 4.455497
v 2.085021 1.942079 4.444296
v 2.069113 1.952247 4.447550
v 2.114441 1.996015 4.422081
v 2.064717 2.079206 4.475363
v 2.068241 2.053500 4.443095
v 2.053450 2.086991 4.456028
v 2.067688 2.075805 4.442885
v 2.068492 2.053715 4.442903
v 2.086293 2.090416 4.463827
v 2.057077 2.023675 4.426006
v 2.092089 2.107424 4.471627
v 2.077039 2.114204 4.477941
v 2.084877 2.087940 4.476161
v 2.087404 2.092387 4.464535
v 2.088857 2.110052 4.473397
v 1.997807 1.986979 4.409574
v 2.003819 1.953560 4.399470
v 2.007075 2.008561 4.415343
v 2.018794 1.984218 4.432324
v 2.026215 2.001269 4.415486
v 2.008177 2.018694 4.419043
v 1.995940 2.023012 4.430676
v 1.997797 2.006989 4.448935
v 2.011643 2.036726 4.428570
v 2.019553 2.021856 4.462080
v 2.025283 2.018935 4.426630
v 2.012142 2.033163 4.428129
v 2.006521 2.054919 4.444571
v 2.019132 2.052436 4.446337
v 2.009207 2.052239 4.460180
v 1.996808 2.055579 4.451757
v 2.012030 1.972759 4.386978
v 2.018245 1.992290 4.398220
v 2.008785 1.991627 4.403436
v 2.022746 1.950442 4.416409
v 2.039495 1.972829 4.422756
v 2.035854 1.991686 4.419227
v 2.011733 1.998541 4.398407
v 2.020327 1.933780 4.381829
v 2.009600 1.965245 4.389849
v 2.006253 1.952218 4.405031
v 2.024591 1.941897 4.350059
v 2.113540 1.996817 4.430461
v 2.086925 1.931717 4.415506
v 2.061800 1.892867 4.042481
v 2.036268 1.846213 4.053499
v 2.003444 1.862169 4.165624
v 1.981533 1.866955 4.076533
v 2.051994 1.858945 4.037728
v 1.968062 1.839450 3.991105
v 1.971976 1.807977 3.918196
v 1.970890 1.798632 3.874679
v 1.965366 1.801774 3.907059
v 2.035349 1.817832 3.973828
v 2.007827 1.805420 3.878878
v 2.057194 1.861655 3.918857
v 2.065805 1.869479 3.978962
v 1.983455 1.809495 3.854739
v 2.053384 1.902009 3.965043
v 1.956863 1.797844 3.905876
v 2.029081 1.915657 3.938777
v 2.010284 1.924310 3.949917
v 1.982638 1.924015 3.941047
v 1.951460 1.920322 3.996107
v 1.964615 1.909398 3.928551
v 2.032993 1.934711 4.047902
v 1.962188 1.928176 4.059587
v 1.947710 1.880507 4.064091
v 1.985584 1.926429 4.110134
v 1.967349 1.897002 4.102203
v 1.981805 1.866999 4.071152
v 1.975472 1.876620 4.123304
v 1.975472 1.876620 4.123304
v 2.041487 1.970757 4.146385
v 1.997494 1.961787 4.188231
v 1.978613 1.930749 4.222478
v 2.081836 1.939889 4.179815
v 2.092516 1.906317 4.212176
v 2.079034 1.876977 4.213540
v 1.968582 1.839333 3.988745
v 1.971806 1.808653 3.918487
v 1.963028 1.794325 3.909075
v 1.934468 1.873761 3.993933
v 1.954355 1.823142 3.930386
v 1.960618 1.851648 3.925322
v 1.941970 1.801717 3.931502
v 2.000772 1.939839 3.871786
v 1.951899 1.916160 3.934826
v 2.024307 1.910229 3.847531
v 1.993298 1.923631 3.834812
v 1.948841 1.932943 3.835171
v 1.914639 1.920245 3.921076
v 1.922076 1.933679 3.880708
v 1.925960 1.865828 3.976905
v 1.919176 1.784535 4.019045
v 1.858358 1.742238 4.054673
v 1.863495 1.706608 4.042522
v 1.840258 1.656054 4.055017
v 1.802055 1.620677 4.104800
v 1.798385 1.582156 4.132383
v 1.761449 1.558032 4.160467
v 1.761195 1.618429 4.085228
v 1.814583 1.539944 4.192629
v 1.886214 1.509768 4.148567
v 1.899245 1.527205 4.086723
v 1.900684 1.495668 4.111023
v 1.887430 1.469083 4.166651
v 1.899448 1.453928 4.142513
v 1.826305 1.477919 4.199000
v 1.762233 1.499400 4.232020
v 1.763800 1.471181 4.234899
v 1.767835 1.431613 4.188619
v 1.801003 1.450026 4.200733
v 1.786605 1.428283 4.180568
v 1.779852 1.411137 4.156491
v 1.764095 1.413691 4.154521
v 1.761487 1.969670 3.909445
v 1.791687 1.972189 3.908969
v 1.761248 1.905956 3.847131
v 1.829839 1.946992 3.895865
v 1.832054 1.944400 3.934523
v 1.903780 1.929062 3.857515
v 1.867582 1.903937 3.833428
v 1.882825 1.879869 3.967592
v 1.876773 1.857686 4.001390
v 1.808571 1.796448 4.044426
v 1.761400 1.825476 4.026726
v 1.761001 1.844035 4.004232
v 1.761683 1.884442 3.999309
v 1.762234 1.912012 4.017475
v 1.789740 1.924294 3.999771
v 1.807008 1.881040 3.987812
v 1.828690 1.923330 3.958435
v 1.819439 1.970918 3.927950
v 1.820247 1.957196 3.960213
v 1.761102 1.811321 3.816123
v 1.781515 1.813056 3.813195
v 1.820393 1.701022 3.827617
v 1.895664 1.748139 3.818439
v 1.890937 1.803025 3.801714
v 1.914480 1.681051 3.873315
v 1.971224 1.799092 3.873537
v 1.957063 1.797770 3.905978
v 1.951014 1.779291 3.913583
v 1.948543 1.754020 3.876437
v 1.983360 1.817724 3.853498
v 1.934949 1.719367 3.912293
v 1.920711 1.682028 3.919341
v 1.908196 1.650711 3.938652
v 1.900144 1.600578 3.999386
v 1.864056 1.598556 3.941250
v 1.867667 1.536819 3.993621
v 1.813346 1.532009 3.971243
v 1.812934 1.594623 3.927962
v 1.761410 1.511677 3.974851
v 1.859827 1.436422 4.046223
v 1.889870 1.424058 4.110125
v 1.813953 1.429345 4.028336
v 1.847056 1.401403 4.092454
v 1.761520 1.426835 4.039086
v 1.761444 1.407370 4.101213
v 1.817230 1.396815 4.104850
v 1.764272 1.414848 4.154044
v 1.778092 1.409529 4.156306
v 1.902232 1.481423 4.124564
v 1.899448 1.453928 4.142513
v 1.897083 1.526801 4.086180
v 1.950458 1.779146 3.913608
v 1.915490 1.742620 3.998883
v 1.922100 1.682300 3.919299
v 1.890115 1.650665 4.000331
v 1.935363 1.720084 3.912249
v 1.909679 1.654337 3.935864
v 1.876343 1.582496 4.083502
v 1.901376 1.605011 3.995516
v 1.941369 1.802770 3.933088
v 1.951622 1.797827 3.904806
v 1.961630 1.854588 3.927252
v 1.761444 1.971300 3.907475
v 1.820611 1.968113 3.935101
v 1.819993 1.956629 3.961060
v 1.812808 1.984175 3.998570
v 1.824252 2.042566 3.992926
v 1.818215 2.020396 4.006176
v 1.822770 1.979307 4.012592
v 1.841763 2.039733 4.007903
v 1.784172 1.927082 4.070990
v 1.761394 1.922290 4.074912
v 1.845735 2.100362 4.031944
v 1.837118 2.148760 4.032224
v 1.809048 2.169077 4.051462
v 1.801580 2.173831 3.987570
v 1.828374 2.124849 3.968803
v 1.798831 2.120503 3.939741
v 1.809275 2.050135 3.954579
v 1.788143 2.033774 3.939268
v 1.838994 2.074333 3.998888
v 1.761325 2.173362 3.967952
v 1.761418 2.116114 3.933889
v 1.761405 2.041965 3.938199
v 1.761438 2.183123 4.046864
v 2.210002 1.548227 4.333851
v 2.200400 1.604292 4.321831
v 2.227868 1.517901 4.339695
v 2.207788 1.606475 4.323707
v 2.174550 1.544504 4.358801
v 2.259205 1.539358 4.298674
v 2.236744 1.527791 4.256845
v 2.225600 1.591309 4.388145
v 2.247846 1.585094 4.294289
v 2.209851 1.609448 4.323410
v 2.240865 1.538548 4.369826
v 2.207304 1.551228 4.401034
v 2.136156 1.514562 4.397139
v 2.197892 1.527346 4.296514
v 2.166595 1.578055 4.282926
v 2.149953 1.598392 4.321024
v 2.151699 1.595036 4.321353
v 1.991545 1.540408 4.441768
v 2.039530 1.576669 4.356373
v 1.998022 1.508885 4.449767
v 1.984581 1.476142 4.426300
v 1.908921 1.495544 4.489724
v 1.853103 1.490611 4.544672
v 1.875016 1.452302 4.459654
v 2.133729 1.472221 4.362929
v 2.068565 1.460598 4.347801
v 2.075527 1.476023 4.304112
v 1.969451 1.501826 4.353153
v 1.968879 1.531772 4.362263
v 2.031569 1.572473 4.360786
v 1.905405 1.466396 4.418904
v 1.851170 1.491132 4.413710
v 1.882075 1.530189 4.437811
v 1.962601 1.543359 4.398217
v 1.776761 1.496124 4.441548
v 1.835435 1.531400 4.463493
v 1.789371 1.514422 4.487106
v 1.780217 1.459317 4.441747
v 1.839876 1.462878 4.537077
v 1.898058 1.528457 4.484208
v 1.843533 1.533585 4.482098
v 1.881765 1.529902 4.438327
v 1.816440 1.524638 4.474791
v 2.003872 1.556382 4.378082
v 1.846662 1.510175 4.544356
v 1.821373 1.449491 4.519635
v 1.788917 1.515175 4.486282
v 1.800187 1.444977 4.487334
v 2.168909 1.584997 4.343637
v 2.043261 1.563824 4.254472
v 2.006920 1.488957 4.304466
v 2.137097 1.495221 4.317780
v 2.188910 1.496897 4.261992
v 2.183407 1.548108 4.220592
v 2.219904 1.570889 4.244401
v 2.144706 1.573644 4.200924
v 2.071672 1.480119 4.142036
v 2.031476 1.514498 4.133846
v 1.927360 1.475042 4.138530
v 1.989921 1.547816 4.181138
v 1.857229 1.461088 4.174932
v 1.843389 1.442180 4.184375
v 1.797791 1.446597 4.199940
v 1.821632 1.475033 4.196201
v 1.846205 1.479011 4.195784
v 1.897984 1.423299 4.153598
v 1.800090 1.406844 4.171109
v 1.782334 1.412011 4.154696
v 1.884661 1.469687 4.167404
v 1.887552 1.469748 4.197333
v 1.956281 1.525964 4.210464
v 2.006712 1.551314 4.228347
v 2.075046 1.570784 4.189973
v 2.174609 1.593265 4.275544
v 2.043165 1.564104 4.254568
v 2.168219 1.594368 4.317124
v 1.799117 1.406121 4.171025
v 1.776303 1.408022 4.155890
v 1.846044 1.407099 4.179569
v 1.850790 1.446860 4.194202
v 1.826204 1.381047 4.137185
v 1.813504 1.395146 4.105361
v 1.845999 1.399672 4.090468
v 1.911532 1.389760 4.186559
v 1.888977 1.422841 4.109002
v 1.945560 1.403153 4.240462
v 1.899448 1.453928 4.142513
v 1.980997 1.409262 4.145020
v 1.886960 1.458377 4.212989
v 2.038002 1.414252 4.220643
v 1.962230 1.442251 4.279137
v 1.983687 1.535329 4.265810
v 1.956281 1.525964 4.210464
v 2.006712 1.551314 4.228347
v 1.839863 1.484838 4.728786
v 1.803233 1.515637 4.742400
v 1.830705 1.527369 4.712435
v 1.823584 1.441595 4.684571
v 1.811118 1.476915 4.739635
v 1.794778 1.423941 4.662742
v 1.832626 1.471053 4.637073
v 1.797298 1.423091 4.634594
v 1.843914 1.461112 4.539031
v 1.855361 1.489026 4.545810
v 1.735664 1.424970 4.500381
v 1.821373 1.449491 4.519635
v 1.821331 1.515056 4.626834
v 1.794706 1.543927 4.656276
v 1.787744 1.537005 4.716421
v 1.765375 1.534428 4.652587
v 1.750834 1.489615 4.569590
v 1.806205 1.519663 4.582838
v 1.788917 1.515175 4.486282
v 1.844422 1.509494 4.543804
v 1.745600 1.508307 4.487306
v 1.804872 1.452861 4.718045
v 1.794484 1.527153 4.726933
v 1.803856 1.510653 4.741008
v 1.810804 1.479099 4.739286
v 1.783339 1.536909 4.703557
v 1.769235 1.537641 4.666731
v 1.792396 1.424883 4.656941
v 1.800743 1.435294 4.687109
v 1.764136 1.531758 4.643713
v 1.765165 1.425930 4.578291
v 1.737597 1.426874 4.503716
v 1.752552 1.494663 4.581099
v 1.713744 1.465599 4.459840
v 1.721587 1.440345 4.471040
v 1.713410 1.494516 4.467010
v 1.724308 1.500553 4.502331
v 1.740838 1.490767 4.539055
v 1.761358 2.086345 4.136472
v 1.799339 2.107732 4.122950
v 1.761575 2.141583 4.114984
v 1.761452 2.026477 4.124774
v 1.761742 2.001329 4.126521
v 1.782352 1.946816 4.020685
v 1.797261 1.929441 3.995206
v 1.788148 1.972825 3.908039
v 1.761518 1.939116 4.025664
v 1.760924 1.914094 4.011914
v 1.761418 1.658504 4.062757
v 1.711234 1.465353 4.456283
v 1.720477 1.435486 4.469783
v 1.711157 1.496085 4.464149
v 1.742726 1.512888 4.488899
v 1.724308 1.500553 4.502331
v 1.773993 1.488175 4.431894
v 1.783569 1.451057 4.446029
v 1.788917 1.515175 4.486282
v 1.801202 1.441941 4.487909
v 2.019400 1.849910 3.858652
v 1.988679 1.850186 3.827013
v 2.042577 1.873286 3.890984
v 2.043304 1.895326 3.919932
v 1.985097 1.846495 3.831477
v 1.987179 1.853497 3.829818
v 1.930410 1.865929 3.811804
v 1.875191 1.849436 3.806372
v 1.834624 1.836015 3.811723
v 1.798912 1.830091 3.812963
v 1.760993 1.610330 3.936354
v 1.761600 1.710634 3.838844
v 1.877329 1.667696 3.857335
v 2.150874 1.589654 4.308768
v 2.069208 1.445512 4.166627
v 1.968792 1.435161 4.120640
v 1.723557 1.502286 4.502681
v 2.084291 1.906739 4.347613
v 1.577362 2.404475 3.867329
v 1.572373 2.367574 3.863600
v 1.567778 2.367432 3.886803
v 1.579641 2.386961 3.887394
v 1.552835 2.388847 3.883128
v 1.553778 2.399917 3.876321
v 1.523520 2.392302 3.872748
v 1.520922 2.429217 3.895152
v 1.521838 2.414766 3.890197
v 1.539014 2.411518 3.907264
v 1.543904 2.420703 3.884173
v 1.544458 2.423023 3.900321
v 1.547108 2.402931 3.904004
v 1.518232 2.407800 3.898787
v 1.529502 2.375282 3.898585
v 1.537851 2.374230 3.912637
v 1.518988 2.375188 3.911459
v 1.510683 2.319034 3.860092
v 1.483301 2.397280 3.834291
v 1.477743 2.324474 3.864645
v 1.564128 2.334466 3.896177
v 1.466299 2.303426 3.886717
v 1.479758 2.295012 3.876082
v 1.464491 2.312420 3.898485
v 1.478805 2.307298 3.935855
v 1.459578 2.345541 3.884513
v 1.495849 2.313234 3.923680
v 1.474418 2.348150 3.915486
v 1.494072 2.310886 3.935517
v 1.494885 2.391546 3.868196
v 1.471811 2.394525 3.858956
v 1.473715 2.428342 3.853762
v 1.468954 2.432815 3.868395
v 1.489433 2.428614 3.869772
v 1.471933 2.423076 3.876566
v 1.467659 2.381673 3.876695
v 1.487421 2.416818 3.859200
v 1.493599 2.429791 3.869823
v 1.485819 2.406992 3.880569
v 1.486482 2.407641 3.880419
v 1.479185 2.382919 3.893806
v 1.480309 2.384037 3.893594
v 1.465395 2.380603 3.887922
v 1.462412 2.385489 3.892701
v 1.537475 2.350747 3.930676
v 1.541395 2.365953 3.907126
v 1.557263 2.369716 3.892194
v 1.494986 2.393089 3.867747
v 1.523897 2.403507 3.865951
v 1.489842 2.422859 3.889058
v 1.491906 2.409812 3.882920
v 1.507153 2.408677 3.898009
v 1.512448 2.423262 3.896179
v 1.512273 2.418434 3.881726
v 1.515883 2.398413 3.897661
v 1.484925 2.392229 3.888608
v 1.509123 2.367301 3.898487
v 1.491309 2.366310 3.893869
v 1.537066 2.406803 3.844250
v 1.517923 2.414208 3.847230
v 1.562081 2.397887 3.852073
v 1.551500 2.412313 3.855124
v 1.548606 2.422418 3.901657
v 1.529492 2.436909 3.889761
v 1.521512 2.428611 3.895501
v 1.524880 2.430622 3.906374
v 1.518278 2.407617 3.898935
v 1.547058 2.407453 3.903368
v 1.518451 2.374839 3.920037
v 1.542022 2.379815 3.911750
v 1.535458 2.374169 3.921470
v 1.517533 2.373260 3.910211
v 1.526093 2.404624 3.866198
v 1.512678 2.423395 3.896664
v 1.487871 2.423781 3.889189
v 1.488446 2.421514 3.899996
v 1.505259 2.376409 3.908089
v 1.488761 2.397173 3.889469
v 1.512631 2.400846 3.896809
v 1.490925 2.367112 3.894636
v 1.509359 2.368974 3.899511
v 1.495877 2.403590 3.860032
v 1.497738 2.411805 3.858292
v 1.580418 2.422597 3.911562
v 1.551287 2.410463 3.919506
v 1.557450 2.424978 3.909306
v 1.570926 2.402929 3.910937
v 1.574474 2.398394 3.933347
v 1.565199 2.433039 3.908910
v 1.552696 2.426663 3.908702
v 1.557030 2.401173 3.877475
v 1.549555 2.384842 3.951852
v 1.548679 2.395540 3.929681
v 1.560775 2.374149 3.944511
v 1.549674 2.389169 3.918806
v 1.546136 2.396944 3.932211
v 1.544531 2.379517 3.945197
v 1.547403 2.378485 3.945636
v 1.586755 2.374583 3.899542
v 1.589473 2.355060 3.915944
v 1.579782 2.355258 3.896011
v 1.570480 2.369398 3.918177
v 1.569170 2.380140 3.903768
v 1.569739 2.368256 3.889955
v 1.585031 2.373571 3.901716
v 1.592380 2.384140 3.921233
v 1.580062 2.388545 3.910277
v 1.579007 2.389650 3.911856
v 1.584041 2.363291 3.935357
v 1.552198 2.372726 3.927429
v 1.559846 2.405928 3.942185
v 1.556264 2.400527 3.952864
v 1.557478 2.387014 3.954158
v 1.568220 2.402524 3.950436
v 1.562615 2.407318 3.936339
v 1.563973 2.327475 3.898419
v 1.570354 2.350257 3.888808
v 1.557985 2.323289 3.918270
v 1.539112 2.346474 3.926968
v 1.540164 2.367188 3.910109
v 1.555441 2.370471 3.894930
v 1.579991 2.354812 3.888353
v 1.553324 2.329952 3.927581
v 1.558824 2.325484 3.908983
v 1.513622 2.298569 3.878908
v 1.488127 2.281167 3.874774
v 1.503908 2.271683 3.884409
v 1.497273 2.404459 3.862346
v 1.475594 2.350676 3.913141
v 1.444596 2.011830 3.996505
v 1.457285 2.074387 4.057175
v 1.523721 2.049463 3.997560
v 1.511956 2.077487 4.021458
v 1.485382 1.997996 4.023404
v 1.548701 1.989456 3.976284
v 1.553650 1.922960 3.950951
v 1.552197 1.848074 3.926971
v 1.558178 1.815160 3.898532
v 1.559142 1.825934 3.919555
v 1.521156 1.934528 4.005280
v 1.500869 1.923203 4.004425
v 1.474107 1.892553 3.957551
v 1.460317 1.937476 3.984797
v 1.455887 1.940004 3.949653
v 1.546032 1.827884 3.889169
v 1.567831 1.815055 3.918738
v 1.471693 1.929572 3.918223
v 1.482431 1.947760 3.907536
v 1.504850 1.948156 3.891264
v 1.529425 1.931355 3.884904
v 1.512018 2.051785 3.925652
v 1.449413 2.019525 3.952286
v 1.472957 2.062613 3.943550
v 1.534046 2.059946 3.973568
v 1.521708 2.049919 3.996610
v 1.510514 2.077685 4.018908
v 1.417413 2.114730 3.960402
v 1.519156 2.132113 3.955735
v 1.491940 2.212368 3.907197
v 1.400238 2.108772 3.986716
v 1.411914 2.177359 3.991388
v 1.432324 2.207106 4.007188
v 1.460590 2.208239 4.022089
v 1.550681 1.856610 3.918971
v 1.550528 1.987758 3.977503
v 1.558780 1.858131 3.925938
v 1.567743 1.998979 3.935175
v 1.548471 1.999861 3.910668
v 1.574121 1.808506 3.943159
v 1.573820 1.809913 3.929787
v 1.564177 1.811258 3.924850
v 1.485854 1.882464 3.880311
v 1.530863 1.902953 3.882207
v 1.540031 1.904474 3.907681
v 1.511127 1.889919 3.881578
v 1.587693 1.910625 3.954859
v 1.580827 1.918275 3.893063
v 1.575749 1.903240 3.853775
v 1.617906 1.842838 4.011272
v 1.608975 1.769635 4.024518
v 1.670941 1.743764 4.056192
v 1.658683 1.706904 4.042165
v 1.683306 1.654202 4.051530
v 1.731314 1.582280 4.133598
v 1.761712 1.559511 4.160590
v 1.761571 1.618069 4.085582
v 1.710690 1.534692 4.191847
v 1.635409 1.509001 4.150080
v 1.623291 1.527292 4.088001
v 1.621564 1.492581 4.114840
v 1.630979 1.467487 4.170751
v 1.615533 1.455533 4.145442
v 1.699609 1.471379 4.199002
v 1.761274 1.500304 4.231405
v 1.762780 1.471864 4.234755
v 1.768059 1.439736 4.197325
v 1.734246 1.445797 4.198179
v 1.747869 1.426809 4.179184
v 1.748552 1.410331 4.155939
v 1.764006 1.413990 4.154262
v 1.761400 1.969668 3.909454
v 1.740875 1.972475 3.906916
v 1.698846 1.907935 3.836796
v 1.761214 1.900976 3.845204
v 1.702114 1.951393 3.894210
v 1.717296 1.969911 3.917347
v 1.608909 1.914635 3.869441
v 1.692349 1.946966 3.931642
v 1.610778 1.916958 3.929568
v 1.665546 1.924353 3.943590
v 1.761434 1.812948 4.033889
v 1.639061 1.872625 3.987848
v 1.762089 1.841240 4.007713
v 1.673564 1.868844 3.986924
v 1.725426 1.869562 3.994227
v 1.761166 1.884473 3.999324
v 1.760601 1.912024 4.017461
v 1.732794 1.924502 3.999769
v 1.701295 1.961450 3.952836
v 1.702173 1.922669 3.967853
v 1.761727 1.811327 3.816106
v 1.741187 1.812969 3.813833
v 1.698833 1.709062 3.824115
v 1.641119 1.681709 3.844161
v 1.649990 1.791887 3.806422
v 1.608300 1.755858 3.839674
v 1.586754 1.853125 3.834856
v 1.560180 1.815800 3.900121
v 1.566324 1.814229 3.919292
v 1.574390 1.792758 3.922302
v 1.602418 1.677965 3.888888
v 1.588249 1.725938 3.914442
v 1.601524 1.683999 3.918828
v 1.614390 1.651989 3.938833
v 1.632172 1.593883 3.975183
v 1.621802 1.601845 3.999729
v 1.660635 1.600604 3.939296
v 1.652202 1.533562 3.996629
v 1.708677 1.529730 3.972179
v 1.711023 1.605418 3.923068
v 1.761459 1.511985 3.974375
v 1.622487 1.437534 4.122732
v 1.642075 1.415435 4.102523
v 1.688511 1.429706 4.032409
v 1.674469 1.403206 4.094350
v 1.761296 1.426581 4.039495
v 1.761529 1.407192 4.105067
v 1.705865 1.398114 4.106098
v 1.749845 1.408439 4.155449
v 1.764089 1.413723 4.154641
v 1.615606 1.492775 4.115191
v 1.615533 1.455533 4.145442
v 1.623291 1.527292 4.088001
v 1.574080 1.790548 3.922903
v 1.581505 1.812239 3.939541
v 1.605195 1.748586 4.000196
v 1.631115 1.648272 3.995138
v 1.599827 1.684420 3.918833
v 1.588253 1.726466 3.914409
v 1.632707 1.579316 4.063296
v 1.621118 1.611828 3.989799
v 1.613740 1.654958 3.936413
v 1.568728 1.826785 3.936707
v 1.573303 1.809466 3.930474
v 1.567831 1.815055 3.918738
v 1.551771 1.878871 3.915838
v 1.733291 1.970793 3.911355
v 1.761433 1.971302 3.907487
v 1.702791 1.968010 3.934150
v 1.703050 1.956895 3.960304
v 1.709965 1.984270 3.998572
v 1.698564 2.042584 3.992942
v 1.704612 2.020393 4.006176
v 1.700045 1.979329 4.012570
v 1.738654 1.927081 4.070990
v 1.761431 1.922288 4.074912
v 1.681065 2.039731 4.007905
v 1.677093 2.100358 4.031947
v 1.685712 2.148763 4.032222
v 1.713782 2.169080 4.051455
v 1.721250 2.173831 3.987568
v 1.694457 2.124851 3.968801
v 1.723998 2.120504 3.939741
v 1.719450 2.053777 3.946259
v 1.683833 2.074332 3.998888
v 1.761505 2.173362 3.967952
v 1.761411 2.116127 3.933890
v 1.761437 2.041926 3.938215
v 1.761392 2.183123 4.046864
v 1.490952 1.790630 4.105141
v 1.521772 1.809680 4.096805
v 1.525765 1.820525 4.080612
v 1.519521 1.829313 4.085693
v 1.519121 1.797727 4.124335
v 1.434570 1.793244 4.082234
v 1.455028 1.774697 4.014100
v 1.480203 1.820245 4.016448
v 1.459116 1.874713 4.084496
v 1.516608 1.838104 4.071724
v 1.428199 1.852942 4.094777
v 1.425990 1.820203 4.189656
v 1.521757 1.828604 4.087340
v 1.527649 1.822331 4.083107
v 1.444154 1.781417 4.098456
v 1.437456 1.756031 4.154886
v 1.484034 1.757089 4.107553
v 1.524251 1.764169 4.126021
v 1.531044 1.820107 4.146778
v 1.528771 1.818756 4.146368
v 1.456756 1.858245 4.335227
v 1.523380 1.822873 4.262888
v 1.426846 1.843746 4.335754
v 1.421235 1.803448 4.347795
v 1.416544 1.857087 4.432826
v 1.394018 1.889969 4.500233
v 1.417044 1.766325 4.190148
v 1.435826 1.741820 4.250450
v 1.472499 1.720262 4.230981
v 1.489801 1.764858 4.340476
v 1.490672 1.803108 4.390699
v 1.519793 1.822706 4.272079
v 1.468300 1.786595 4.457535
v 1.481660 1.839294 4.440566
v 1.493975 1.825428 4.351858
v 1.483246 1.810647 4.547630
v 1.479321 1.855245 4.491306
v 1.464780 1.857749 4.543816
v 1.455176 1.786604 4.549922
v 1.409784 1.804651 4.479912
v 1.422820 1.799072 4.427803
v 1.381977 1.864783 4.515388
v 1.432738 1.882008 4.463026
v 1.462794 1.874927 4.480328
v 1.481239 1.839432 4.440884
v 1.472517 1.857602 4.513370
v 1.504755 1.822564 4.305491
v 1.410616 1.904707 4.502317
v 1.388142 1.841295 4.530960
v 1.465963 1.857584 4.543940
v 1.410810 1.812559 4.544039
v 1.551248 1.772401 4.097900
v 1.625357 1.636885 4.161644
v 1.480909 1.778721 4.128267
v 1.488470 1.695648 4.121940
v 1.476458 1.718363 4.041316
v 1.479218 1.676792 4.054718
v 1.524432 1.723355 4.012346
v 1.527108 1.759480 4.014065
v 1.564349 1.700012 4.007597
v 1.630716 1.551507 4.035569
v 1.712319 1.472402 4.143571
v 1.652965 1.610548 4.074555
v 1.693484 1.452355 4.147881
v 1.739185 1.440981 4.198807
v 1.710177 1.464876 4.199824
v 1.615491 1.434784 4.157888
v 1.632772 1.438799 4.111803
v 1.747862 1.426619 4.179107
v 1.711394 1.474892 4.156056
v 1.745960 1.410339 4.155039
v 1.683584 1.471916 4.194597
v 1.649681 1.626937 4.114130
v 1.586231 1.718306 4.036440
v 1.548186 1.781606 4.095802
v 1.615384 1.672762 4.115057
v 1.737416 1.405715 4.164615
v 1.712291 1.386167 4.126630
v 1.701901 1.422145 4.158961
v 1.654734 1.398348 4.101590
v 1.637573 1.409297 4.150461
v 1.597211 1.428242 4.165251
v 1.631137 1.467740 4.168148
v 1.626963 1.430593 4.115586
v 1.678362 1.401048 4.092867
v 1.753221 1.406156 4.154574
v 1.586520 1.466823 4.088421
v 1.602167 1.452653 4.181636
v 1.655677 1.515485 4.180872
v 1.706677 1.479440 4.155272
v 1.544224 1.528393 4.162782
v 1.521934 1.541507 4.108379
v 1.567456 1.608910 4.191995
v 1.614765 1.673212 4.115193
v 1.650439 1.636414 4.115108
v 1.278433 2.021708 4.558774
v 1.322266 2.037070 4.557142
v 1.302504 2.049217 4.592527
v 1.278847 1.958765 4.570147
v 1.273740 2.022092 4.590151
v 1.288151 1.926702 4.595273
v 1.327570 1.943854 4.545469
v 1.303798 1.907006 4.586068
v 1.378398 1.865403 4.512280
v 1.391583 1.889963 4.498594
v 1.403616 1.804657 4.611883
v 1.388142 1.841295 4.530960
v 1.361618 1.974962 4.548819
v 1.379299 2.003356 4.575464
v 1.338595 2.042838 4.597816
v 1.382736 1.991874 4.604114
v 1.405550 1.899249 4.604661
v 1.404226 1.933689 4.550281
v 1.465963 1.857584 4.543940
v 1.436433 1.892259 4.519716
v 1.472083 1.849991 4.586909
v 1.407274 1.901949 4.502305
v 1.271322 1.989550 4.594519
v 1.275641 2.023256 4.590037
v 1.299558 2.044924 4.592345
v 1.322982 2.044656 4.595407
v 1.347766 2.032851 4.598922
v 1.375150 2.004810 4.603362
v 1.292444 1.924477 4.595835
v 1.278907 1.954560 4.593598
v 1.386638 1.983306 4.603540
v 1.352964 1.861611 4.602858
v 1.404557 1.807683 4.610696
v 1.401674 1.911198 4.605067
v 1.466767 1.798815 4.617094
v 1.439163 1.791299 4.616216
v 1.483504 1.823076 4.614779
v 1.462859 1.854172 4.612080
v 1.428268 1.876384 4.606644
v 1.761469 2.086348 4.136472
v 1.723487 2.107733 4.122949
v 1.761253 2.141590 4.114978
v 1.761086 2.001326 4.126520
v 1.761375 2.026478 4.124774
v 1.724910 1.930080 3.994594
v 1.740481 1.946829 4.020678
v 1.761308 1.939110 4.025659
v 1.761916 1.914091 4.011955
v 1.761371 1.661456 4.059186
v 1.469526 1.795809 4.618673
v 1.436503 1.787023 4.617707
v 1.487049 1.821810 4.615999
v 1.475193 1.853940 4.589263
v 1.462859 1.854172 4.612080
v 1.484145 1.798104 4.549102
v 1.445607 1.784608 4.549008
v 1.465963 1.857584 4.543940
v 1.407965 1.811062 4.543665
v 1.512383 1.856014 3.911865
v 1.537652 1.842299 3.874462
v 1.482472 1.876786 3.927777
v 1.471107 1.903654 3.930712
v 1.548511 1.824108 3.891159
v 1.539441 1.846592 3.874998
v 1.565569 1.848475 3.850747
v 1.655906 1.838224 3.811053
v 1.723619 1.829694 3.813155
v 1.761729 1.611509 3.935827
v 1.761450 1.708572 3.839137
v 1.573660 1.535183 4.030577
v 1.464105 1.855513 4.612620
v 1.813899 2.056818 4.114988
v 1.784868 2.031729 4.123041
v 1.793684 2.026187 4.115937
v 1.813099 2.029590 4.099792
v 1.825549 2.046680 4.093410
v 1.827797 2.067696 4.096569
v 1.708934 2.056813 4.114993
v 1.737959 2.031729 4.123041
v 1.729147 2.026188 4.115936
v 1.709728 2.029590 4.099792
v 1.697278 2.046683 4.093409
v 1.695031 2.067697 4.096569
vn 0.3542 -0.6103 0.7086
vn 0.9045 -0.3316 0.2683
vn 0.8038 0.4003 0.4402
vn 0.2093 -0.9436 0.2565
vn -0.4665 -0.8764 -0.1197
vn -0.4918 -0.8608 -0.1306
vn 0.5489 -0.5924 -0.5896
vn -0.3754 0.6487 0.6620
vn 0.9007 -0.4341 0.0152
vn 0.9918 0.1153 0.0546
vn 0.9578 0.2632 0.1152
vn 0.9996 0.0266 -0.0120
vn -0.1991 0.6871 0.6987
vn 0.4997 -0.6217 -0.6031
vn 0.6445 -0.3736 0.6671
vn 0.8791 -0.4597 0.1257
vn 0.2712 -0.9209 0.2799
vn -0.3632 -0.9194 -0.1508
vn -0.3933 -0.9034 -0.1707
vn 0.3130 0.4570 0.8326
vn 0.7861 -0.5347 -0.3102
vn -0.4805 0.7072 0.5186
vn -0.8115 -0.5812 -0.0609
vn -0.5225 -0.8475 0.0938
vn -0.8010 0.3092 0.5126
vn -0.2213 -0.7853 0.5783
vn 0.4604 -0.8804 -0.1138
vn 0.4891 -0.8631 -0.1261
vn -0.4843 -0.6262 -0.6109
vn 0.3321 0.6720 0.6620
vn -0.9931 0.0166 0.1160
vn -0.9009 -0.4337 0.0163
vn -0.9212 -0.0036 0.3891
vn -0.9620 0.2154 0.1677
vn 0.2001 0.6875 0.6981
vn -0.5016 -0.6213 -0.6019
vn -0.8830 -0.4086 0.2308
vn -0.4614 -0.8121 0.3572
vn -0.5039 -0.8027 0.3190
vn 0.3637 -0.9156 -0.1714
vn 0.3911 -0.9006 -0.1896
vn -0.3807 0.7915 0.4781
vn 0.5070 0.6777 0.5326
vn -0.8352 -0.4773 -0.2732
vn 0.5440 0.8370 -0.0589
vn 0.8512 0.0944 0.5163
vn 0.8529 0.4883 -0.1850
vn 0.1983 0.9268 0.3189
vn 0.8303 -0.4529 -0.3247
vn 0.8491 -0.4548 0.2686
vn 0.0117 -0.9625 0.2712
vn 0.2116 -0.9734 -0.0875
vn 0.5376 -0.8402 0.0707
vn 0.3232 0.9364 -0.1366
vn -0.5584 0.7971 0.2297
vn -0.7595 0.5102 0.4035
vn -0.8181 0.4476 0.3610
vn -0.9190 -0.2022 0.3384
vn -0.9937 0.0357 0.1058
vn -0.9445 -0.2162 0.2474
vn -0.0466 0.8243 0.5642
vn 0.5880 0.8064 0.0633
vn 0.7583 0.4756 0.4460
vn -0.6200 0.7526 0.2217
vn -0.6627 0.2653 0.7003
vn -0.7039 -0.1472 0.6949
vn 0.9797 -0.1859 -0.0744
vn 0.9487 0.1240 0.2908
vn 0.8906 -0.4181 0.1791
vn 0.9840 0.1666 0.0628
vn 0.8950 0.3194 0.3114
vn 0.7878 0.6046 -0.1178
vn 0.9662 0.1152 0.2306
vn 0.9445 0.3223 0.0634
vn 0.1237 0.9913 0.0444
vn 0.5615 0.6068 0.5626
vn 0.6755 0.7344 -0.0657
vn 0.7991 0.4499 0.3988
vn 0.3428 0.3178 0.8840
vn 0.8337 0.2888 0.4706
vn 0.7905 0.2401 0.5634
vn 0.3620 0.2547 0.8967
vn 0.5426 -0.1872 0.8189
vn 0.7303 -0.2656 0.6293
vn 0.5119 -0.7154 0.4756
vn 0.9258 -0.2639 0.2707
vn 0.6226 0.2691 0.7348
vn 0.3644 -0.2930 0.8840
vn 0.4713 -0.8666 0.1638
vn 0.8156 -0.5048 0.2828
vn 0.5318 0.7307 0.4281
vn -0.1551 0.8147 0.5588
vn -0.2297 0.9572 0.1759
vn -0.5744 0.7985 0.1801
vn 0.2727 0.9587 0.0808
vn 0.6429 0.7636 0.0599
vn 0.8885 -0.3628 -0.2811
vn 0.8378 0.3799 0.3921
vn 0.7933 0.5823 -0.1776
vn 0.2557 -0.5404 -0.8016
vn 0.6808 -0.3630 -0.6362
vn 0.7263 -0.1467 -0.6715
vn 0.5548 0.1913 -0.8097
vn 0.7338 0.3114 -0.6038
vn 0.2516 0.1247 -0.9598
vn -0.8220 0.0637 -0.5660
vn 0.9638 0.1041 0.2453
vn 0.9381 -0.1814 0.2951
vn -0.5106 0.5223 0.6830
vn 0.3459 0.4268 0.8356
vn 0.7165 -0.3525 0.6020
vn -0.1719 -0.5175 0.8383
vn -0.2108 -0.0012 0.9775
vn 0.5883 -0.0712 0.8055
vn 0.4679 0.5253 0.7108
vn -0.3824 0.4237 0.8211
vn -0.5161 0.6196 0.5913
vn 0.2585 0.8598 0.4404
vn 0.7435 -0.6382 -0.1997
vn -0.5429 0.7181 0.4354
vn -0.2574 0.9457 0.1984
vn 0.6669 -0.7397 0.0899
vn -0.0030 -0.7199 0.6940
vn 0.1285 -0.9622 0.2399
vn 0.4657 -0.8334 0.2975
vn 0.1226 -0.9592 0.2548
vn 0.0466 -0.9989 0.0088
vn 0.6638 -0.6442 -0.3800
vn 0.2774 -0.4712 -0.8372
vn -0.1072 -0.8419 -0.5289
vn -0.1519 0.2039 -0.9671
vn -0.1475 0.5894 -0.7942
vn -0.6585 0.6656 -0.3513
vn -0.4699 0.8740 -0.1236
vn -0.4182 0.5451 -0.7266
vn 0.0953 0.8686 -0.4862
vn -0.0297 -0.0403 -0.9987
vn -0.0752 -0.2567 -0.9636
vn -0.5000 0.0872 -0.8616
vn -0.3377 -0.3273 -0.8825
vn -0.1118 -0.0622 -0.9918
vn 0.0443 0.2143 -0.9758
vn -0.3238 0.5731 -0.7528
vn 0.1847 0.1066 -0.9770
vn -0.5696 0.0973 -0.8162
vn -0.0465 0.5853 -0.8095
vn -0.2940 0.2492 -0.9228
vn -0.2503 -0.0560 -0.9665
vn 0.2823 0.6208 -0.7314
vn 0.1723 -0.2775 -0.9452
vn 0.1413 -0.4008 0.9052
vn 0.5964 0.0090 0.8026
vn 0.4497 -0.2780 0.8488
vn 0.8140 -0.0242 0.5804
vn 0.2358 -0.3692 0.8989
vn 0.7599 -0.3460 0.5503
vn 0.5367 -0.6055 0.5877
vn 0.4700 -0.2782 0.8377
vn 0.7962 -0.3092 0.5201
vn 0.9255 -0.2228 0.3062
vn 0.8899 -0.0054 0.4561
vn 0.8939 0.0898 0.4391
vn 0.7680 -0.1822 0.6140
vn 0.8359 -0.5487 0.0121
vn 0.0997 -0.1943 0.9759
vn 0.1628 -0.1735 0.9713
vn 0.3230 0.0672 0.9440
vn 0.1099 0.2029 0.9730
vn 0.0038 0.4411 0.8974
vn -0.0300 0.5035 0.8635
vn 0.8215 0.3167 0.4742
vn 0.2184 -0.6585 -0.7202
vn 0.5708 0.8079 0.1465
vn 0.4704 0.6861 -0.5550
vn 0.4301 0.9019 0.0404
vn 0.1505 0.7490 -0.6452
vn 0.6993 0.5174 -0.4932
vn 0.9205 -0.3271 -0.2135
vn 0.7718 -0.3207 0.5490
vn 0.7017 -0.6026 0.3800
vn 0.5261 -0.7523 -0.3965
vn 0.1323 -0.9184 -0.3728
vn 0.2117 -0.9009 0.3788
vn -0.1689 -0.9854 -0.0230
vn -0.3127 -0.8874 0.3387
vn -0.3502 -0.9094 -0.2245
vn -0.4525 -0.8493 -0.2719
vn -0.6286 -0.6921 0.3547
vn -0.6176 -0.7745 0.1369
vn 0.0197 -0.9293 0.3687
vn -0.4021 -0.9125 0.0748
vn -0.6537 -0.6931 0.3037
vn 0.9287 0.0134 -0.3705
vn 0.2082 0.9049 -0.3713
vn -0.9938 0.0247 -0.1088
vn -0.7563 0.6078 0.2420
vn -0.7442 0.4334 -0.5082
vn -0.6256 0.7736 -0.1009
vn -0.9487 -0.0261 -0.3150
vn -0.9249 -0.0348 0.3786
vn -0.7718 -0.5987 -0.2141
vn -0.6392 -0.7461 -0.1862
vn -0.8303 -0.3957 0.3926
vn -0.7275 -0.6861 -0.0082
vn -0.7863 -0.4512 0.4221
vn -0.4990 -0.8638 0.0695
vn -0.6920 -0.7196 0.0580
vn -0.3102 -0.9046 0.2923
vn 0.8719 -0.4833 -0.0787
vn 0.8185 -0.4108 0.4016
vn -0.3849 -0.9227 0.0196
vn -0.8989 -0.4141 0.1430
vn -0.6701 -0.7080 0.2229
vn -0.3789 -0.7298 0.5690
vn -0.8095 -0.5405 0.2292
vn -0.4307 -0.8141 0.3895
vn -0.5922 -0.5144 0.6203
vn -0.2696 -0.4195 0.8668
vn -0.2695 -0.1299 0.9542
vn 0.1089 -0.4679 0.8771
vn -0.1381 -0.0263 0.9901
vn -0.1501 -0.6240 0.7669
vn -0.1264 -0.4274 0.8952
vn -0.4722 0.8811 0.0258
vn -0.9271 0.0671 -0.3689
vn -0.9529 0.2790 0.1192
vn -0.6299 0.0274 -0.7762
vn -0.7480 0.3152 0.5841
vn 0.1565 0.5340 0.8309
vn 0.0849 0.4755 0.8756
vn 0.6541 0.4726 0.5906
vn -0.7068 0.0032 -0.7074
vn 0.1038 -0.4464 -0.8888
vn 0.4047 -0.1896 -0.8946
vn 0.1169 -0.3328 -0.9357
vn 0.9134 -0.1928 -0.3584
vn 0.6087 -0.4487 -0.6543
vn 0.8840 -0.2861 -0.3698
vn -0.0416 -0.2166 -0.9754
vn -0.6664 -0.5660 -0.4853
vn -0.7914 0.3943 -0.4672
vn 0.0728 -0.1973 -0.9776
vn 0.7739 -0.4163 -0.4772
vn 0.7690 0.3071 -0.5606
vn -0.9608 0.2056 0.1861
vn -0.9816 -0.1785 -0.0675
vn -0.8949 -0.4019 0.1942
vn -0.9827 0.1740 0.0639
vn -0.8277 0.5355 -0.1677
vn -0.8873 0.3345 0.3177
vn -0.9632 0.1311 0.2344
vn -0.9409 0.3321 0.0668
vn -0.5148 0.8390 -0.1766
vn -0.5568 0.6049 0.5692
vn -0.8204 0.5709 0.0335
vn -0.7329 0.2181 0.6445
vn -0.2921 0.5532 0.7802
vn -0.7991 0.1547 0.5810
vn -0.4676 0.4385 0.7675
vn 0.0408 0.4762 0.8784
vn -0.5004 -0.0689 0.8631
vn -0.6995 -0.3113 0.6432
vn -0.8572 -0.4239 0.2925
vn -0.5360 -0.6729 0.5098
vn -0.6517 0.2745 0.7071
vn -0.5738 -0.8189 -0.0130
vn -0.3430 -0.3715 0.8628
vn -0.5022 -0.5396 0.6758
vn -0.1236 0.6885 -0.7146
vn -0.6698 0.5879 -0.4536
vn -0.3858 0.4839 -0.7855
vn 0.4234 0.3922 -0.8167
vn -0.8568 0.0617 -0.5120
vn -0.3541 -0.5177 0.7788
vn -0.7642 -0.5782 -0.2859
vn -0.7591 -0.6509 0.0088
vn -0.7905 -0.1773 -0.5862
vn -0.5005 -0.4082 -0.7634
vn 0.0129 0.2097 -0.9777
vn 0.2432 0.3093 -0.9194
vn -0.4798 0.4838 0.7320
vn -0.9264 -0.1175 0.3577
vn -0.8955 0.0729 0.4390
vn -0.5823 0.5682 0.5814
vn -0.8885 -0.4515 0.0826
vn -0.6825 -0.5447 -0.4873
vn -0.6913 0.6270 0.3592
vn -0.5640 0.8033 -0.1917
vn -0.2895 0.8889 0.3551
vn -0.1128 0.9752 0.1904
vn -0.2960 0.9175 -0.2658
vn 0.2412 0.8761 0.4174
vn 0.4951 0.6391 0.5886
vn 0.2700 0.9483 -0.1669
vn -0.5462 -0.5102 -0.6644
vn 0.4077 0.7506 0.5200
vn 0.6388 0.7543 0.1516
vn -0.8216 0.3759 -0.4286
vn -0.9238 0.2946 0.2444
vn -0.9765 -0.1968 0.0874
vn -0.8139 -0.3567 -0.4586
vn -0.8292 -0.5363 0.1572
vn -0.8354 -0.5113 -0.2017
vn -0.3980 -0.6656 -0.6313
vn -0.4648 -0.8833 -0.0611
vn -0.1378 -0.8885 -0.4377
vn 0.9662 -0.2036 -0.1585
vn 0.7938 -0.5924 -0.1375
vn 0.8989 0.0123 0.4380
vn 0.8453 0.4500 0.2880
vn 0.9611 -0.2268 0.1578
vn 0.9131 0.2241 -0.3405
vn 0.6933 -0.6685 -0.2692
vn 0.4383 -0.8915 -0.1150
vn 0.7305 -0.6303 0.2630
vn 0.3900 -0.9056 0.1665
vn 0.3285 -0.1157 -0.9374
vn 0.0640 -0.2220 -0.9729
vn 0.1182 0.5957 -0.7945
vn 0.4380 0.2782 -0.8549
vn 0.2881 0.4369 -0.8521
vn 0.0712 0.0134 -0.9974
vn -0.2985 0.6312 -0.7159
vn -0.3998 -0.2481 -0.8824
vn -0.5989 0.0092 0.8008
vn -0.1368 -0.4060 0.9036
vn -0.4685 -0.2733 0.8401
vn -0.8515 0.0751 0.5189
vn -0.1974 -0.2385 0.9509
vn -0.5446 -0.6049 0.5809
vn -0.7780 -0.3227 0.5391
vn -0.3016 -0.2958 0.9064
vn -0.7962 -0.3091 0.5201
vn -0.9259 -0.2215 0.3061
vn -0.8900 -0.0046 0.4559
vn -0.8939 0.0898 0.4391
vn -0.8849 -0.2365 0.4012
vn -0.8795 -0.4461 0.1661
vn -0.1631 -0.1735 0.9712
vn -0.1000 -0.1943 0.9758
vn -0.3479 0.0694 0.9350
vn -0.0421 0.2356 0.9709
vn -0.0035 0.4410 0.8975
vn -0.0655 0.4241 0.9032
vn -0.6360 -0.7191 -0.2800
vn -0.6571 -0.4902 -0.5726
vn -0.6230 0.4076 -0.6676
vn -0.7327 0.1030 -0.6727
vn -0.8937 -0.3326 -0.3010
vn 0.9684 -0.2255 0.1064
vn 0.0345 -0.6780 0.7342
vn -0.9923 0.1128 -0.0502
vn -0.2019 -0.4783 0.8547
vn -0.7065 0.0816 0.7030
vn 0.0723 -0.4532 0.8885
vn 0.2482 -0.1503 0.9570
vn -0.5348 0.3937 0.7477
vn 0.2372 0.4173 0.8773
vn 0.8066 0.0744 0.5864
vn 0.7284 0.3323 0.5992
vn 0.6439 0.1263 0.7546
vn 0.7598 -0.2898 0.5819
vn 0.9921 0.0932 0.0840
vn 0.9494 0.2795 0.1433
vn 0.6444 -0.0035 0.7647
vn 0.8717 0.1677 0.4604
vn 0.9943 0.0667 0.0837
vn -0.7978 0.1728 0.5775
vn 0.8649 0.2611 0.4287
vn 0.9058 0.2277 0.3573
vn 0.8614 0.5078 0.0115
vn 0.9235 0.2056 -0.3238
vn 0.9667 0.1549 -0.2038
vn -0.3227 0.6923 0.6455
vn -0.3054 0.7645 0.5677
vn 0.4200 0.5467 0.7244
vn 0.8303 0.4460 0.3342
vn -0.1118 0.9172 -0.3824
vn 0.2553 0.6855 -0.6819
vn 0.8823 0.2823 -0.3767
vn -0.4642 0.6469 -0.6050
vn 0.0977 -0.9615 -0.2568
vn 0.4089 -0.3059 -0.8598
vn 0.3376 -0.8613 -0.3797
vn 0.5846 -0.4829 -0.6519
vn 0.7484 -0.6629 0.0201
vn 0.8586 -0.3416 0.3822
vn 0.9677 -0.0475 -0.2475
vn 0.9431 -0.3074 -0.1268
vn 0.1363 0.3245 0.9360
vn 0.1080 0.1757 0.9785
vn 0.8013 0.0486 0.5963
vn 0.7322 0.0563 0.6788
vn 0.4581 0.0904 0.8843
vn 0.1389 0.6217 0.7708
vn -0.2490 0.3241 0.9127
vn -0.4095 0.4023 0.8188
vn -0.1458 0.4458 0.8832
vn -0.2011 0.5679 0.7982
vn -0.8113 0.5323 -0.2417
vn -0.7883 -0.2289 0.5712
vn -0.6173 -0.3165 0.7202
vn -0.1111 -0.6202 0.7766
vn 0.8550 -0.4884 -0.1744
vn 0.0426 -0.4652 0.8842
vn 0.7823 -0.5904 -0.1984
vn 0.0433 0.9505 -0.3077
vn -0.5454 -0.2813 0.7896
vn -0.6659 0.4329 -0.6076
vn -0.8141 -0.5021 0.2918
vn 0.7881 -0.3755 -0.4877
vn 0.8917 -0.2767 0.3582
vn -0.3464 -0.5041 0.7911
vn -0.0374 -0.2451 -0.9688
vn -0.6508 -0.0585 -0.7570
vn 0.3122 -0.6217 -0.7184
vn 0.4943 0.6779 -0.5442
vn 0.8286 -0.0328 -0.5590
vn 0.1488 0.5525 -0.8201
vn 0.8341 -0.5473 -0.0693
vn 0.7932 -0.5722 0.2082
vn 0.6208 -0.7486 0.2329
vn 0.6103 0.3938 -0.6873
vn 0.0190 -0.3090 0.9509
vn 0.4043 -0.7457 0.5296
vn 0.4251 -0.7924 0.4376
vn 0.0600 0.0744 0.9954
vn -0.4482 0.0601 0.8919
vn 0.8013 0.0203 -0.5979
vn -0.4972 -0.1244 0.8587
vn -0.8528 0.2866 0.4366
vn -0.8527 0.2647 0.4504
vn -0.5428 0.5828 -0.6047
vn -0.6496 0.6305 -0.4249
vn 0.0159 0.8272 -0.5617
vn 0.6636 -0.5516 0.5054
vn 0.1504 0.1278 0.9803
vn -0.4595 0.3535 0.8148
vn 0.8696 0.4590 0.1821
vn -0.0047 0.9724 -0.2333
vn 0.2935 -0.3263 0.8985
vn 0.2973 0.0089 0.9547
vn -0.0763 -0.6891 0.7206
vn 0.2506 -0.0743 0.9652
vn -0.2902 -0.3753 0.8803
vn 0.2738 -0.3868 0.8806
vn -0.8457 0.3039 -0.4387
vn 0.8590 -0.4873 -0.1570
vn -0.0380 -0.8153 0.5778
vn 0.6450 -0.5357 -0.5449
vn -0.9457 -0.0361 -0.3231
vn -0.8946 0.4362 -0.0972
vn 0.3369 -0.1502 -0.9295
vn -0.7124 0.4886 -0.5038
vn 0.7623 -0.3103 -0.5680
vn -0.3355 0.0735 -0.9392
vn -0.0150 -0.2735 -0.9618
vn 0.6915 0.7195 0.0647
vn 0.2387 0.9198 -0.3114
vn 0.0409 0.6746 -0.7371
vn 0.1584 0.9857 0.0578
vn -0.4527 0.5941 -0.6649
vn -0.5650 0.3647 -0.7401
vn 0.1103 0.8869 0.4485
vn -0.3881 0.5537 0.7367
vn -0.8548 -0.4935 0.1604
vn 0.4675 0.2777 0.8392
vn 0.7244 -0.5403 0.4283
vn 0.8483 -0.4126 0.3319
vn -0.9011 0.2584 0.3482
vn 0.0330 -0.9229 0.3837
vn -0.9906 0.1046 0.0876
vn 0.3194 -0.9188 -0.2318
vn 0.2377 0.8163 0.5264
vn -0.1093 0.5616 0.8201
vn -0.5142 -0.4139 0.7512
vn 0.6569 0.1402 0.7409
vn 0.7496 -0.5952 0.2896
vn 0.9451 -0.2962 -0.1381
vn -0.9065 0.3050 0.2920
vn 0.1863 -0.7006 0.6888
vn -0.7987 -0.4487 0.4009
vn 0.7899 0.6051 -0.0998
vn 0.6536 -0.3486 0.6717
vn -0.3639 -0.2369 0.9008
vn 0.9477 -0.2640 -0.1794
vn -0.7999 0.5845 -0.1360
vn 0.9490 -0.3071 0.0713
vn 0.3021 0.4061 -0.8624
vn 0.7211 0.0606 -0.6901
vn 0.7986 0.0223 -0.6014
vn -0.1000 0.8796 0.4651
vn 0.1139 0.6102 -0.7840
vn 0.5419 -0.0348 0.8397
vn 0.8200 0.5668 0.0795
vn 0.9173 0.2342 -0.3220
vn 0.2516 -0.3789 0.8906
vn 0.4109 0.5326 -0.7400
vn -0.9428 0.1082 -0.3153
vn -0.9243 -0.3128 0.2187
vn -0.7164 -0.4368 0.5440
vn -0.8859 0.2867 -0.3646
vn -0.5102 0.4111 -0.7554
vn -0.3827 0.5514 -0.7413
vn 0.4965 -0.1110 0.8609
vn 0.5120 0.5431 -0.6655
vn 0.2733 0.8984 -0.3437
vn 0.7261 0.6839 -0.0714
vn 0.2435 0.7143 0.6561
vn -0.5798 0.8083 0.1024
vn -0.5279 0.4770 -0.7027
vn -0.4327 0.5492 -0.7149
vn -0.7378 0.2220 -0.6375
vn -0.3858 -0.4218 0.8205
vn 0.3003 -0.1130 0.9471
vn -0.2393 0.1116 0.9645
vn 0.4639 0.6948 -0.5497
vn -0.8091 -0.5873 -0.0195
vn -0.7470 -0.0479 -0.6631
vn -0.8348 -0.5371 -0.1214
vn -0.3568 -0.7683 0.5314
vn -0.7605 -0.6451 -0.0739
vn -0.9620 0.2613 -0.0787
vn -0.8747 0.4847 0.0024
vn 0.0517 0.0768 0.9957
vn -0.0402 -0.6814 0.7308
vn -0.2936 -0.0320 0.9554
vn -0.3653 -0.2142 0.9059
vn -0.2904 -0.0653 0.9547
vn 0.0398 -0.7516 0.6585
vn 0.2307 -0.7924 0.5647
vn 0.8568 -0.4953 -0.1434
vn 0.9623 0.2065 -0.1772
vn 0.9576 -0.0476 -0.2841
vn 0.3760 -0.9264 0.0209
vn 0.2355 -0.9567 0.1709
vn -0.2828 -0.9568 0.0678
vn -0.3176 -0.9361 0.1511
vn 0.8633 -0.5007 0.0626
vn -0.1956 -0.9166 0.3486
vn 0.0911 -0.9760 0.1979
vn 0.4739 -0.8638 0.1710
vn 0.2474 -0.9689 0.0038
vn 0.4656 -0.8676 0.1748
vn 0.5118 -0.8042 -0.3023
vn 0.9464 -0.1193 -0.3003
vn 0.9951 -0.0868 -0.0483
vn 0.7883 0.5980 -0.1448
vn 0.4828 -0.6580 -0.5779
vn 0.3965 -0.9048 0.1554
vn -0.3127 0.9366 -0.1580
vn -0.8485 0.4333 -0.3038
vn -0.7311 0.6726 -0.1145
vn 0.2411 0.9656 -0.0975
vn 0.5534 0.8294 -0.0765
vn 0.2968 0.9248 -0.2381
vn 0.3561 0.8572 -0.3721
vn -0.8127 0.5721 -0.1101
vn -0.5935 0.7939 0.1324
vn -0.9793 -0.0324 0.1996
vn -0.8843 -0.3441 0.3157
vn -0.7427 0.1748 -0.6464
vn -0.5396 -0.7590 0.3644
vn -0.9031 -0.4279 -0.0365
vn -0.9694 -0.2309 -0.0829
vn -0.8830 -0.4689 -0.0197
vn -0.4803 -0.8754 0.0547
vn -0.8206 -0.5715 0.0100
vn -0.5859 0.8103 -0.0043
vn 0.2436 0.9598 -0.1392
vn -0.1136 0.9576 -0.2649
vn -0.8067 0.5747 -0.1380
vn -0.9726 0.0536 0.2262
vn -0.9108 0.3492 0.2204
vn -0.9030 -0.0329 0.4284
vn -0.7461 -0.5328 0.3994
vn -0.7794 -0.4577 0.4279
vn -0.7453 0.6169 0.2530
vn -0.0077 0.9981 0.0619
vn 0.7615 0.6481 -0.0049
vn 0.9506 0.2106 -0.2279
vn 0.8754 0.4563 -0.1593
vn 0.9577 -0.2449 -0.1512
vn 0.9961 -0.0702 -0.0528
vn 0.6911 -0.7223 0.0262
vn 0.6151 -0.7701 0.1693
vn 0.2538 -0.9580 0.1335
vn -0.1384 -0.9330 0.3322
vn 0.6127 -0.7888 -0.0493
vn 0.9928 -0.0836 0.0854
vn 0.3796 -0.6369 0.6711
vn 0.7032 -0.6401 0.3094
vn -0.5819 -0.7322 0.3540
vn -0.9889 -0.1360 0.0603
vn -0.9962 -0.0686 -0.0533
vn -0.8301 0.0728 -0.5528
vn 0.6402 -0.3114 0.7023
vn 0.3469 0.5449 -0.7634
vn 0.3049 0.9510 -0.0504
vn 0.7911 0.2882 -0.5396
vn -0.0481 0.7820 -0.6215
vn 0.3889 0.6610 0.6417
vn 0.1007 0.9501 0.2953
vn 0.0944 0.8606 0.5004
vn 0.0204 0.9976 0.0666
vn -0.1337 0.9157 -0.3789
vn 0.0178 0.3454 -0.9383
vn 0.7901 0.5910 -0.1625
vn 0.7887 -0.1718 -0.5903
vn 0.4641 0.8762 0.1302
vn 0.7593 0.5111 0.4027
vn 0.6483 0.3992 0.6484
vn 0.3335 0.5000 0.7992
vn 0.5647 0.0885 0.8205
vn 0.7394 -0.0052 0.6732
vn 0.4798 -0.1701 0.8607
vn 0.3152 0.0034 0.9490
vn 0.0596 0.5947 0.8017
vn 0.3852 0.6153 0.6878
vn 0.3524 0.4083 0.8421
vn 0.4858 0.5060 0.7128
vn 0.0466 0.7346 0.6769
vn 0.4460 0.6413 0.6243
vn -0.3470 0.5504 0.7594
vn -0.1007 0.7790 0.6188
vn 0.2968 0.5782 0.7600
vn 0.6670 0.4613 0.5850
vn 0.8623 0.3122 0.3986
vn 0.7886 0.3419 0.5111
vn 0.8954 0.2674 0.3561
vn 0.9573 0.1511 0.2465
vn 0.9332 0.2204 0.2838
vn 0.7944 0.2271 0.5634
vn 0.9194 0.2123 0.3312
vn 0.5589 0.0397 0.8283
vn 0.3713 0.3371 0.8652
vn 0.4875 -0.1938 0.8514
vn 0.1406 -0.7945 0.5908
vn 0.2864 -0.6120 0.7372
vn 0.0500 -0.8163 0.5755
vn -0.1034 -0.8206 0.5620
vn -0.2020 -0.7704 0.6048
vn -0.0681 0.6949 -0.7159
vn 0.1129 0.7650 -0.6341
vn -0.1271 0.5614 -0.8177
vn -0.2604 0.3099 -0.9144
vn -0.2867 0.2996 -0.9100
vn -0.1597 0.4056 -0.9000
vn 0.6863 0.6646 0.2956
vn 0.3747 0.8894 -0.2618
vn -0.1220 0.6030 -0.7884
vn 0.1263 0.6961 0.7067
vn -0.0280 0.6019 0.7981
vn 0.0555 0.3982 0.9156
vn 0.1487 0.6590 0.7373
vn 0.0643 0.5612 0.8252
vn 0.3658 -0.1212 0.9228
vn 0.5979 -0.1043 0.7947
vn 0.6178 -0.4679 0.6320
vn 0.3544 0.1389 0.9247
vn 0.5605 0.4150 0.7167
vn 0.7298 0.6679 -0.1456
vn 0.8681 0.2540 0.4264
vn 0.3427 -0.3519 -0.8710
vn -0.0790 -0.4679 -0.8802
vn -0.0966 -0.1282 -0.9870
vn 0.0985 -0.1193 -0.9880
vn 0.9108 -0.1346 0.3902
vn 0.9248 -0.3034 0.2293
vn 0.8782 -0.4668 -0.1044
vn 0.8760 -0.4301 -0.2184
vn 0.4653 -0.3673 -0.8053
vn -0.4034 -0.5374 -0.7406
vn 0.7268 -0.5158 -0.4535
vn 0.9422 -0.3331 0.0348
vn 0.2461 -0.6682 -0.7021
vn 0.9006 -0.4230 -0.0996
vn 0.9898 -0.1386 0.0342
vn 0.8508 -0.3367 -0.4035
vn 0.9970 -0.0597 0.0489
vn 0.8771 -0.2746 -0.3942
vn 0.6157 -0.4487 -0.6477
vn 0.3820 -0.6778 -0.6283
vn 0.8423 -0.3689 -0.3931
vn -0.0013 -0.5915 -0.8063
vn 0.2657 -0.5211 -0.8111
vn 0.0258 -0.5002 -0.8655
vn -0.2743 -0.5285 -0.8034
vn 0.5740 -0.5634 -0.5942
vn 0.8616 -0.3754 -0.3417
vn 0.3047 -0.8262 -0.4739
vn 0.1238 -0.7394 -0.6618
vn -0.0647 -0.8354 -0.5458
vn -0.1491 -0.9766 -0.1550
vn -0.1384 -0.9323 -0.3341
vn -0.2762 -0.9566 -0.0929
vn -0.3825 -0.9128 0.1430
vn 0.9760 -0.1793 -0.1233
vn 0.9595 -0.1454 -0.2412
vn 0.9911 -0.1246 -0.0466
vn 0.6961 -0.6753 -0.2438
vn 0.9244 0.0210 0.3809
vn 0.9325 -0.2205 0.2860
vn 0.9298 -0.3485 0.1184
vn 0.9473 -0.3096 0.0826
vn 0.8230 -0.1963 0.5331
vn 0.8450 -0.1011 0.5251
vn 0.6339 -0.6730 -0.3810
vn 0.9482 -0.1523 0.2787
vn 0.7589 0.4797 0.4404
vn 0.8403 0.3358 0.4256
vn 0.7739 0.4103 0.4823
vn 0.9239 0.2359 0.3013
vn 0.5989 0.7450 0.2937
vn 0.9430 0.2553 0.2135
vn 0.8946 -0.1712 0.4128
vn 0.7353 -0.1763 0.6544
vn 0.7975 -0.5490 -0.2501
vn 0.9417 0.0824 0.3261
vn 0.9769 -0.1824 -0.1118
vn 0.9493 -0.2763 -0.1501
vn 0.9397 -0.3417 0.0179
vn 0.0355 0.4432 -0.8957
vn 0.1077 0.1624 -0.9808
vn 0.3245 0.2245 -0.9189
vn 0.9790 -0.0852 0.1850
vn 0.8596 -0.2403 -0.4510
vn 0.9622 -0.2722 -0.0055
vn 0.8271 -0.2893 -0.4818
vn 0.8170 -0.4973 -0.2918
vn 0.9082 -0.2257 -0.3525
vn 0.8220 -0.3757 0.4280
vn 0.5177 -0.8198 0.2448
vn 0.9313 -0.2929 0.2165
vn 0.4317 0.8366 -0.3372
vn 0.4859 0.8066 0.3365
vn 0.8702 0.4857 0.0827
vn 0.8243 0.2447 -0.5106
vn 0.9965 0.0659 0.0512
vn 0.4203 0.2549 -0.8708
vn 0.7797 -0.0000 -0.6262
vn 0.9255 -0.0462 -0.3759
vn 0.1932 0.8054 -0.5603
vn 0.1181 0.2095 -0.9706
vn 0.1971 0.9545 0.2238
vn 0.9055 0.2556 -0.3387
vn 0.9117 0.3317 0.2424
vn 0.3915 0.9184 -0.0568
vn -0.0867 0.6398 0.7636
vn 0.0453 -0.0167 0.9988
vn 0.5674 -0.8002 0.1943
vn 0.7679 -0.3847 -0.5122
vn 0.9706 -0.2381 -0.0359
vn 0.7836 0.5658 -0.2564
vn 0.4738 0.6868 0.5512
vn 0.1986 0.9788 -0.0504
vn 0.8116 -0.3617 0.4588
vn -0.0876 0.8653 0.4936
vn -0.1568 0.9866 0.0449
vn 0.1180 0.2422 0.9630
vn 0.3778 -0.2466 0.8924
vn 0.3085 -0.5773 0.7560
vn 0.4855 -0.7130 0.5058
vn 0.1774 0.4111 -0.8942
vn 0.6226 -0.2723 -0.7337
vn 0.1289 -0.2656 -0.9554
vn 0.2410 -0.6306 -0.7377
vn -0.0647 0.2851 -0.9563
vn -0.0232 0.8798 -0.4748
vn -0.0973 0.7883 -0.6075
vn 0.3385 -0.7652 -0.5476
vn -0.0316 -0.0547 0.9980
vn 0.0221 0.0509 -0.9985
vn -0.0859 0.8779 0.4711
vn -0.2921 0.9562 0.0190
vn 0.0602 0.7420 0.6677
vn 0.2331 -0.8418 0.4868
vn 0.3305 -0.2363 0.9137
vn 0.5630 -0.2401 0.7908
vn 0.2240 -0.9722 0.0688
vn 0.3015 -0.5532 0.7766
vn 0.2175 -0.9433 0.2507
vn -0.0165 -0.9981 -0.0598
vn -0.5542 -0.1846 -0.8116
vn -0.5534 0.5706 -0.6068
vn -0.6146 0.5606 -0.5550
vn -0.4625 0.8425 -0.2762
vn -0.4985 0.8201 -0.2811
vn -0.3180 0.9441 -0.0866
vn -0.0761 -0.8980 -0.4333
vn -0.2646 -0.7824 -0.5637
vn -0.3396 0.0622 -0.9385
vn -0.3689 0.7321 -0.5727
vn -0.3857 0.8567 -0.3425
vn -0.3634 0.4936 -0.7901
vn -0.3326 0.8198 -0.4663
vn -0.4427 0.8446 -0.3010
vn -0.1902 -0.6081 -0.7708
vn 0.5382 -0.7713 0.3398
vn 0.7282 -0.1295 0.6730
vn 0.2975 0.8177 0.4928
vn -0.1126 0.9910 0.0722
vn 0.3729 0.6757 0.6359
vn -0.0518 0.9979 0.0376
vn -0.2848 0.9565 -0.0637
vn -0.2499 0.9446 0.2126
vn -0.2121 0.8738 0.4376
vn -0.2921 0.9103 0.2933
vn 0.1527 -0.9826 -0.1053
vn 0.7395 -0.4980 -0.4530
vn -0.3561 0.8863 0.2960
vn -0.3800 0.8849 0.2693
vn -0.3854 0.0169 0.9226
vn 0.1229 -0.8004 0.5867
vn 0.4815 -0.8487 -0.2185
vn 0.5505 -0.1335 -0.8241
vn 0.4812 0.5315 -0.6971
vn -0.0241 0.9718 -0.2345
vn 0.4684 -0.1726 -0.8665
vn 0.2897 0.6766 -0.6770
vn 0.0382 0.4380 -0.8981
vn -0.3726 0.8658 -0.3341
vn -0.4131 0.3598 -0.8366
vn -0.7751 -0.1051 0.6231
vn 0.3315 -0.4739 0.8158
vn 0.0874 0.2224 0.9710
vn 0.4325 -0.3433 0.8337
vn 0.0372 -0.7123 0.7008
vn 0.7360 -0.3864 -0.5558
vn -0.3435 -0.5370 0.7705
vn -0.6350 -0.4954 0.5927
vn 0.6317 -0.0332 0.7745
vn -0.5859 0.5953 0.5499
vn -0.5448 0.8364 0.0600
vn -0.4032 0.9122 0.0726
vn -0.1051 0.9135 -0.3930
vn -0.2716 0.9603 -0.0638
vn -0.2235 0.9733 -0.0525
vn -0.3618 -0.1880 0.9131
vn -0.2665 -0.8150 0.5146
vn -0.2918 -0.5515 0.7814
vn -0.3103 -0.9187 0.2442
vn -0.1253 -0.9910 0.0464
vn -0.3363 -0.9270 -0.1661
vn 0.1637 -0.9417 -0.2939
vn 0.0702 -0.9958 -0.0583
vn 0.7890 -0.5202 -0.3269
vn -0.0328 -0.7818 0.6227
vn 0.9890 -0.0047 0.1481
vn 0.2129 -0.8161 -0.5373
vn -0.3537 -0.3079 0.8832
vn -0.6061 0.3135 0.7310
vn 0.3231 -0.9410 0.1012
vn -0.5489 0.6875 0.4754
vn -0.6433 0.7399 0.1967
vn -0.4443 0.8890 0.1111
vn 0.7661 0.5967 0.2387
vn 0.4518 0.4801 0.7519
vn 0.8492 -0.1732 0.4989
vn 0.1622 0.9447 0.2851
vn 0.3879 -0.4174 0.8218
vn 0.5972 -0.7711 0.2206
vn 0.3391 -0.9236 0.1788
vn 0.3377 -0.9412 -0.0080
vn 0.9834 -0.1793 0.0284
vn 0.7269 -0.6840 0.0610
vn 0.9706 0.0587 0.2336
vn 0.1699 -0.9542 -0.2463
vn 0.4912 -0.8661 -0.0933
vn 0.8354 0.5495 0.0133
vn 0.0010 0.9890 -0.1479
vn 0.1279 0.9889 -0.0762
vn -0.2771 0.9445 -0.1767
vn -0.3436 0.9374 -0.0567
vn -0.1547 0.9817 0.1111
vn 0.5341 0.8445 -0.0403
vn -0.1384 0.9665 0.2163
vn -0.8918 -0.1820 0.4143
vn -0.9119 -0.1714 0.3729
vn -0.9115 -0.2072 0.3552
vn -0.8412 -0.2124 0.4972
vn -0.9198 -0.1747 0.3514
vn -0.9314 -0.2145 0.2940
vn -0.7758 -0.4986 0.3867
vn -0.9054 -0.2845 0.3151
vn -0.9353 -0.1989 0.2925
vn -0.8763 -0.3604 0.3196
vn -0.9296 -0.1456 0.3387
vn -0.9819 0.0054 0.1894
vn -0.9116 -0.1156 0.3945
vn -0.9094 -0.1038 0.4028
vn -0.9262 -0.1415 0.3495
vn -0.9258 -0.1606 0.3421
vn -0.9414 -0.1260 0.3130
vn 0.1900 0.0774 0.9787
vn 0.4993 0.3441 0.7951
vn 0.3210 0.6213 0.7148
vn 0.2711 -0.0846 0.9588
vn 0.8077 0.3550 0.4708
vn 0.7141 0.2015 0.6705
vn 0.0983 -0.0426 0.9942
vn 0.5068 -0.2653 0.8202
vn 0.2922 -0.2483 0.9236
vn 0.5485 -0.1570 0.8213
vn 0.6148 -0.3303 0.7162
vn 0.2701 -0.9066 0.3241
vn 0.6962 -0.3463 0.6289
vn 0.9720 -0.1074 0.2090
vn 0.6092 -0.7662 0.2047
vn 0.7404 -0.3387 0.5806
vn 0.2774 0.4400 -0.8541
vn 0.3826 -0.8933 0.2360
vn 0.4667 -0.4794 0.7432
vn 0.6950 -0.1026 0.7116
vn 0.5428 0.2105 0.8131
vn 0.8044 0.0652 0.5905
vn 0.0374 0.1618 0.9861
vn 0.1280 -0.0681 0.9894
vn 0.1331 0.0961 0.9864
vn -0.0420 0.3813 0.9235
vn -0.0754 0.3455 0.9354
vn -0.1138 0.2792 0.9535
vn -0.1072 0.3760 0.9204
vn -0.2981 0.7296 -0.6155
vn -0.5151 0.8536 0.0775
vn -0.2356 0.9309 -0.2790
vn 0.0107 -0.7548 -0.6559
vn -0.2962 -0.1801 -0.9380
vn -0.1995 0.2864 -0.9371
vn -0.0049 -0.7940 -0.6078
vn -0.0689 0.9010 -0.4284
vn 0.2598 -0.9461 -0.1932
vn 0.7648 -0.4279 -0.4817
vn 0.6219 -0.4803 -0.6185
vn 0.8907 0.0579 -0.4509
vn 0.8413 0.4682 -0.2701
vn 0.3578 -0.2107 -0.9097
vn 0.2009 -0.0089 -0.9796
vn -0.0106 0.0742 -0.9972
vn -0.0834 0.0991 -0.9916
vn -0.0173 0.0188 -0.9997
vn -0.2382 -0.4518 -0.8597
vn -0.1491 -0.1977 -0.9688
vn -0.1170 0.4392 -0.8907
vn 0.2922 0.1235 -0.9483
vn 0.5431 0.7726 -0.3287
vn 0.5529 -0.6696 -0.4959
vn -0.0962 -0.3374 -0.9364
vn 0.2204 0.3012 0.9278
vn -0.3045 0.9386 -0.1621
vn 0.1497 -0.9817 -0.1174
vn 0.2699 -0.9504 -0.1546
vn -0.6991 0.0578 -0.7127
vn 0.0624 0.9745 0.2156
vn -0.3427 -0.8271 0.4454
vn -0.3286 -0.8364 0.4387
vn -0.3419 -0.8307 0.4393
vn -0.3082 -0.8438 0.4394
vn 0.7900 -0.3480 -0.5048
vn 0.6073 0.6579 -0.4453
vn 0.8377 -0.0831 0.5398
vn 0.8355 -0.5020 0.2236
vn 0.1996 0.4259 0.8825
vn -0.1587 0.0784 0.9842
vn -0.9600 -0.0766 -0.2695
vn -0.4687 0.1953 0.8615
vn -0.2113 0.0632 0.9754
vn -0.9412 -0.1454 -0.3050
vn 0.4781 0.6953 -0.5366
vn 0.2270 -0.2107 0.9508
vn 0.8565 -0.3114 -0.4116
vn 0.1548 0.9760 -0.1534
vn -0.8567 -0.1528 -0.4927
vn -0.0600 0.3850 0.9209
vn 0.0266 -0.7236 -0.6897
vn 0.5531 -0.7491 -0.3646
vn -0.5580 -0.6958 -0.4522
vn -0.4822 -0.4391 -0.7581
vn -0.3609 0.2141 -0.9077
vn 0.1626 -0.4867 -0.8583
vn -0.6536 -0.4420 -0.6144
vn -0.8018 0.0728 -0.5932
vn -0.2667 0.0152 -0.9637
vn -0.9914 0.0548 0.1190
vn -0.9976 0.0300 -0.0617
vn -0.1909 0.8672 0.4599
vn -0.2580 0.8242 0.5041
vn -0.8809 -0.0512 0.4706
vn -0.9856 0.1469 0.0835
vn -0.2253 0.9619 0.1548
vn -0.2847 0.4368 0.8533
vn 0.1861 -0.1771 0.9664
vn -0.2395 0.8159 -0.5262
vn -0.4349 0.8526 0.2898
vn 0.4258 0.9026 0.0627
vn -0.7450 -0.1332 0.6536
vn -0.3037 -0.7751 -0.5541
vn 0.8438 0.0742 -0.5315
vn 0.9548 -0.2918 -0.0561
vn 0.9320 0.1810 0.3139
vn -0.0186 0.2680 0.9632
vn 0.1938 0.4163 0.8884
vn 0.6132 -0.7410 -0.2738
vn -0.4848 -0.8667 0.1171
vn -0.0763 0.8172 0.5713
vn -0.3721 0.6991 0.6106
vn -0.4166 0.1309 0.8996
vn -0.2367 0.7466 0.6217
vn -0.9122 -0.0861 0.4005
vn 0.0886 0.8514 0.5170
vn -0.8815 -0.0837 -0.4647
vn -0.9553 0.0382 -0.2931
vn -0.7117 -0.0231 0.7021
vn -0.8988 -0.1944 -0.3929
vn 0.2278 -0.0087 0.9737
vn 0.9395 -0.1994 0.2785
vn 0.4405 0.6180 -0.6512
vn 0.9128 -0.1491 -0.3801
vn -0.2945 -0.1950 -0.9356
vn 0.2011 -0.2788 -0.9391
vn 0.3624 -0.2936 -0.8845
vn 0.0712 0.8503 -0.5214
vn 0.2991 0.4123 -0.8605
vn 0.5866 0.1544 -0.7950
vn 0.2949 0.8492 -0.4381
vn 0.4354 0.8495 -0.2981
vn 0.6126 0.6675 0.4232
vn -0.3324 0.6782 0.6554
vn -0.0965 0.9627 -0.2527
vn -0.9964 0.0826 -0.0185
vn 0.3899 -0.6065 0.6930
vn -0.9493 0.1695 0.2648
vn 0.8651 -0.0160 0.5014
vn -0.5972 -0.4312 0.6764
vn 0.8623 -0.3266 0.3871
vn -0.7725 -0.6313 0.0685
vn -0.0104 0.9491 -0.3148
vn 0.2468 0.8701 0.4267
vn 0.1020 0.9937 0.0476
vn -0.6004 0.4962 0.6271
vn 0.1299 -0.3051 0.9434
vn -0.9937 -0.0534 0.0985
vn 0.8427 0.0069 0.5384
vn -0.5876 -0.2922 0.7545
vn 0.3885 -0.5906 0.7073
vn -0.2921 0.7748 -0.5607
vn -0.9226 0.1569 -0.3523
vn 0.9205 -0.2017 0.3347
vn 0.5659 -0.8144 0.1284
vn -0.8647 -0.1252 -0.4865
vn -0.9632 0.2247 -0.1479
vn -0.5221 -0.5266 -0.6708
vn 0.8745 -0.0113 0.4850
vn 0.0162 0.9987 0.0486
vn -0.2499 0.0947 0.9636
vn -0.6082 0.7791 0.1519
vn -0.9534 0.2521 0.1658
vn -0.7557 -0.0638 0.6517
vn 0.3597 -0.8721 0.3318
vn -0.5158 -0.7548 -0.4052
vn -0.9733 -0.0566 -0.2226
vn 0.9868 -0.0666 0.1476
vn -0.4846 0.5752 0.6590
vn -0.5978 0.5291 -0.6023
vn 0.1315 0.8448 -0.5186
vn -0.6140 -0.7201 0.3230
vn 0.2683 0.6039 -0.7506
vn 0.9315 0.0458 -0.3609
vn 0.8873 0.4523 0.0898
vn 0.7705 -0.5478 0.3259
vn 0.5694 0.7677 -0.2940
vn -0.1595 0.7063 -0.6897
vn 0.4209 -0.5887 0.6901
vn -0.8871 -0.4085 -0.2150
vn -0.8615 0.3551 -0.3630
vn -0.9833 0.1458 -0.1087
vn -0.5501 -0.1945 0.8121
vn 0.4386 0.8858 0.1515
vn 0.2872 0.6214 0.7289
vn 0.7547 -0.4371 -0.4893
vn 0.7691 -0.6218 -0.1477
vn 0.6808 -0.4383 -0.5869
vn 0.5976 -0.4002 0.6948
vn 0.1659 0.1926 0.9672
vn -0.1537 0.8328 0.5318
vn 0.2819 0.8275 0.4856
vn 0.4600 0.4218 -0.7813
vn 0.5795 -0.8059 -0.1214
vn -0.0705 -0.6241 0.7782
vn 0.6699 -0.7066 0.2280
vn 0.5195 -0.6089 -0.5995
vn 0.6738 -0.3410 -0.6555
vn -0.4441 0.2140 0.8700
vn 0.1971 -0.0312 -0.9799
vn 0.0022 0.9677 0.2520
vn -0.3126 0.7025 0.6393
vn -0.0453 0.7748 0.6306
vn 0.0623 0.5262 0.8481
vn -0.0172 0.7343 0.6786
vn 0.0102 0.4555 0.8902
vn -0.0758 0.2846 0.9556
vn -0.0148 -0.2942 0.9556
vn 0.6672 -0.1912 0.7199
vn -0.0561 -0.1482 0.9874
vn 0.6876 -0.1307 0.7142
vn -0.6136 -0.4362 0.6583
vn 0.1602 -0.6216 0.7668
vn 0.5197 -0.2708 0.8103
vn 0.7433 -0.0555 0.6666
vn -0.8773 -0.4018 0.2623
vn -0.6837 -0.6686 0.2926
vn 0.4971 -0.2511 0.8306
vn -0.1787 -0.5098 0.8415
vn -0.6820 -0.6249 0.3800
vn -0.7811 -0.3465 0.5195
vn -0.9651 -0.1606 -0.2066
vn -0.7217 -0.6021 0.3416
vn -0.1521 0.3774 -0.9135
vn -0.0495 0.6207 -0.7825
vn 0.5674 0.2088 -0.7965
vn -0.7110 0.1423 -0.6886
vn 0.1439 0.7231 -0.6755
vn -0.8852 0.0549 -0.4619
vn -0.8392 -0.0505 -0.5414
vn -0.8572 -0.3924 0.3335
vn -0.7125 -0.1913 -0.6751
vn 0.7443 0.6650 0.0614
vn 0.5305 0.7330 -0.4258
vn 0.2916 0.9117 -0.2895
vn 0.1445 0.4868 -0.8615
vn 0.8581 0.0785 0.5075
vn 0.9221 0.1263 -0.3659
vn 0.1879 0.9822 0.0003
vn 0.7933 -0.4529 -0.4068
vn -0.7282 -0.6128 0.3069
vn -0.9400 -0.3343 -0.0684
vn 0.6481 -0.1329 0.7498
vn 0.8067 -0.0519 0.5886
vn 0.9330 -0.0295 0.3586
vn 0.3683 -0.2405 0.8981
vn 0.7676 -0.2664 -0.5830
vn 0.6881 -0.4874 -0.5376
vn -0.1131 -0.4606 -0.8804
vn 0.3504 -0.8428 -0.4086
vn -0.5680 -0.1810 -0.8029
vn -0.6572 -0.1978 -0.7273
vn 0.2318 -0.3502 -0.9076
vn 0.8496 -0.1182 -0.5141
vn 0.9851 0.0079 -0.1718
vn 0.9843 -0.0799 -0.1576
vn -0.9749 -0.1678 -0.1462
vn -0.9451 0.2624 -0.1946
vn -0.8892 0.1175 0.4422
vn -0.9464 0.2782 0.1641
vn -0.6838 0.5046 0.5271
vn -0.2001 0.4554 0.8675
vn -0.0490 0.5305 0.8462
vn 0.7770 0.3760 0.5049
vn 0.0682 0.6371 0.7678
vn 0.4442 0.4301 0.7859
vn -0.6371 0.6316 0.4419
vn -0.5446 -0.3032 0.7820
vn 0.9172 0.0625 0.3935
vn -0.6092 -0.2046 0.7661
vn 0.9742 0.1720 -0.1460
vn 0.5268 0.3166 -0.7889
vn -0.8819 -0.0244 0.4709
vn -0.9634 -0.2666 -0.0295
vn -0.4855 -0.0474 0.8729
vn 0.0214 -0.5530 -0.8329
vn 0.2383 -0.9398 -0.2449
vn -0.4921 -0.5314 -0.6896
vn -0.7201 0.6458 0.2538
vn -0.4194 0.5485 -0.7233
vn -0.2809 0.7437 0.6066
vn -0.2196 0.9703 -0.1015
vn -0.1002 0.8548 -0.5092
vn -0.2542 0.6465 -0.7193
vn -0.3109 0.2602 -0.9142
vn -0.0924 0.4522 -0.8871
vn -0.3696 -0.5710 -0.7331
vn -0.7698 -0.4338 -0.4682
vn -0.7265 0.0835 -0.6821
vn -0.4831 0.5794 0.6564
vn -0.3341 0.4127 0.8474
vn -0.6768 -0.1334 0.7239
vn -0.8197 -0.0835 0.5666
vn -0.5173 -0.2170 0.8279
vn -0.2215 0.0191 0.9750
vn -0.2385 0.6765 0.6968
vn -0.2917 0.6180 0.7300
vn -0.0324 0.7553 0.6546
vn -0.4189 0.6346 0.6495
vn 0.5257 0.4948 0.6919
vn 0.0233 0.7886 0.6144
vn -0.3226 0.5626 0.7612
vn -0.0750 0.3676 0.9270
vn -0.6409 0.4393 0.6295
vn -0.8482 0.3200 0.4221
vn -0.7586 0.4167 0.5008
vn -0.8847 0.2965 0.3596
vn -0.9554 0.1727 0.2394
vn -0.9252 0.2677 0.2691
vn -0.7162 0.3536 0.6016
vn -0.8529 0.4118 0.3209
vn -0.4187 -0.0279 0.9077
vn -0.4078 0.3140 0.8574
vn -0.4689 -0.3284 0.8199
vn -0.2185 -0.6683 0.7111
vn -0.0891 -0.7803 0.6190
vn 0.1998 -0.8177 0.5398
vn 0.0625 -0.8240 0.5631
vn 0.2496 -0.7869 0.5644
vn -0.0213 0.7467 -0.6648
vn 0.1749 0.6677 -0.7236
vn -0.0375 0.5686 -0.8217
vn 0.1786 0.5171 -0.8371
vn 0.1844 0.3104 -0.9326
vn 0.3034 0.2953 -0.9060
vn -0.3642 0.8517 -0.3768
vn -0.5116 0.8108 -0.2842
vn -0.6407 0.7431 0.1934
vn -0.0903 0.9382 0.3340
vn -0.3382 0.6569 0.6738
vn -0.0195 0.5154 0.8567
vn -0.1067 0.5184 0.8485
vn 0.0608 0.7356 0.6747
vn -0.0032 0.7144 0.6997
vn -0.2275 0.2384 0.9441
vn -0.3037 -0.0745 0.9499
vn -0.6151 -0.0494 0.7869
vn -0.6153 -0.4688 0.6337
vn -0.9006 0.3525 0.2543
vn -0.6442 0.2419 0.7256
vn 0.1396 -0.1715 -0.9752
vn -0.2214 -0.0943 -0.9706
vn 0.0930 -0.0705 -0.9932
vn -0.6820 -0.2740 -0.6781
vn -0.6047 -0.2121 -0.7677
vn -0.5075 -0.1555 -0.8475
vn -0.3491 -0.5588 -0.7523
vn -0.9205 -0.3006 0.2495
vn -0.9158 -0.3112 0.2539
vn -0.8118 -0.4774 -0.3362
vn -0.9661 -0.1986 -0.1651
vn -0.8662 -0.4933 -0.0797
vn 0.0715 -0.4221 -0.9037
vn -0.9474 -0.3184 0.0313
vn -0.9624 -0.2623 0.0706
vn -0.7881 -0.4784 -0.3873
vn -0.9084 -0.3063 -0.2845
vn -0.8281 -0.4166 -0.3752
vn -0.3462 -0.6714 -0.6552
vn -0.6334 -0.4478 -0.6311
vn -0.8672 -0.3194 -0.3819
vn 0.0267 -0.6214 -0.7830
vn -0.2522 -0.5021 -0.8272
vn -0.0486 -0.5139 -0.8565
vn 0.2596 -0.5248 -0.8107
vn -0.9068 -0.2485 -0.3406
vn -0.7233 -0.4771 -0.4993
vn -0.2966 -0.6931 -0.6569
vn -0.2006 -0.8604 -0.4685
vn 0.0144 -0.8310 -0.5560
vn 0.1263 -0.9787 -0.1620
vn 0.1668 -0.9232 -0.3463
vn 0.1771 -0.9839 0.0248
vn 0.3511 -0.9305 0.1045
vn -0.9724 -0.1460 -0.1821
vn -0.9783 -0.1106 -0.1754
vn -0.9639 0.2477 0.0976
vn -0.6941 -0.6692 -0.2655
vn -0.9303 -0.3161 -0.1863
vn -0.9398 -0.3266 0.1006
vn -0.8306 -0.5563 -0.0248
vn -0.9342 -0.2390 0.2648
vn -0.7901 -0.2307 0.5680
vn -0.9471 -0.2380 0.2155
vn -0.7025 -0.5719 -0.4235
vn -0.9391 0.0059 0.3435
vn -0.9268 -0.1158 0.3573
vn -0.8730 0.2422 0.4233
vn -0.7388 0.4333 0.5162
vn -0.8081 0.4089 0.4241
vn -0.9353 0.2281 0.2704
vn -0.8996 0.3317 0.2841
vn -0.9456 -0.1946 0.2609
vn -0.6352 0.4900 0.5970
vn -0.5392 0.4184 0.7309
vn -0.7601 -0.1979 0.6189
vn -0.9049 -0.4247 -0.0286
vn -0.9155 -0.4006 -0.0372
vn -0.8034 -0.2530 0.5390
vn -0.9216 -0.1762 0.3458
vn -0.8122 -0.5440 -0.2106
vn -0.7682 -0.5909 -0.2464
vn -0.9531 -0.2956 0.0650
vn -0.1310 0.1951 -0.9720
vn -0.1365 0.3959 -0.9081
vn -0.3294 0.3360 -0.8824
vn -0.8483 -0.2413 -0.4713
vn -0.9857 -0.0556 0.1593
vn -0.9499 -0.3126 -0.0009
vn -0.7483 -0.3538 -0.5611
vn -0.8170 -0.4975 -0.2916
vn -0.5131 -0.8199 0.2538
vn -0.8275 -0.3711 0.4214
vn -0.9316 -0.2919 0.2166
vn -0.9067 -0.2229 -0.3582
vn -0.4931 0.7991 0.3439
vn -0.4331 0.8319 -0.3469
vn -0.8695 0.4876 0.0786
vn -0.8124 0.2481 -0.5277
vn -0.9969 0.0629 0.0472
vn -0.4058 0.2646 -0.8748
vn -0.6167 0.0306 -0.7866
vn -0.9250 -0.0769 -0.3722
vn -0.1930 0.8056 -0.5602
vn -0.1181 0.2096 -0.9706
vn -0.2142 0.9511 0.2225
vn -0.9183 0.2296 -0.3225
vn 0.9721 0.2290 0.0511
vn 0.4376 0.8884 -0.1386
vn 0.7979 0.4580 0.3918
vn 0.1319 0.7210 0.6803
vn -0.5374 0.6554 -0.5308
vn -0.4477 0.4402 0.7783
vn -0.9333 -0.3536 -0.0635
vn -0.0575 0.5729 -0.8176
vn -0.6088 -0.1245 -0.7835
vn -0.0649 0.9571 -0.2826
vn 0.6943 0.6726 -0.2561
vn -0.8596 0.4354 -0.2676
vn 0.3515 0.9327 0.0810
vn 0.7385 0.6729 -0.0417
vn -0.4484 0.8867 0.1127
vn 0.8681 0.4955 0.0304
vn 0.8809 0.3741 -0.2900
vn -0.9600 -0.2590 -0.1067
vn -0.9815 0.1879 -0.0367
vn -0.9521 0.0441 -0.3025
vn -0.5808 -0.7090 -0.4000
vn 0.0887 -0.7107 -0.6979
vn 0.6939 -0.5373 -0.4794
vn 0.3393 -0.9000 -0.2737
vn -0.0949 -0.9402 -0.3271
vn 0.7822 -0.5839 -0.2173
vn 0.9646 -0.1263 -0.2313
vn 0.9406 0.3185 -0.1175
vn 0.9323 0.3489 -0.0956
vn -0.2885 -0.8959 -0.3379
vn 0.6652 -0.6859 -0.2950
vn 0.7592 0.6343 0.1458
vn 0.3684 0.9273 0.0656
vn 0.1270 0.9916 -0.0241
vn -0.8131 0.5740 -0.0966
vn -0.9966 -0.0805 -0.0168
vn -0.8847 0.3725 -0.2803
vn -0.7774 -0.6280 0.0355
vn -0.9711 0.2382 -0.0152
vn -0.9001 -0.4357 -0.0072
vn -0.6985 -0.7039 0.1291
vn 0.9716 -0.1185 0.2050
vn 0.6485 -0.6822 0.3376
vn 0.9290 -0.0957 0.3576
vn 0.9204 0.3102 0.2382
vn 0.8330 0.5347 0.1422
vn 0.8994 0.3529 0.2580
vn 0.2561 -0.9568 0.1376
vn -0.1546 -0.9626 0.2224
vn 0.9224 0.2955 0.2486
vn 0.9860 0.1586 0.0522
vn 0.9411 -0.3205 0.1077
vn 0.9827 0.1677 0.0782
vn 0.9302 0.3086 0.1990
vn -0.7155 -0.6968 -0.0503
vn 0.1023 -0.9927 0.0646
vn -0.9332 -0.1956 -0.3014
vn -0.6880 0.4557 -0.5647
vn -0.0054 0.9463 -0.3233
vn 0.7642 0.6380 0.0951
vn 0.8096 0.5835 -0.0643
vn 0.6407 0.7675 -0.0201
vn 0.6306 0.7617 0.1488
vn 0.4395 0.8837 0.1612
vn 0.0466 0.9355 -0.3503
vn 0.5812 0.7907 0.1923
vn -0.6903 -0.7235 0.0083
vn -0.2850 -0.6055 -0.7431
vn 0.6016 0.4428 0.6649
vn 0.7446 0.5637 0.3575
vn -0.8433 -0.2197 0.4905
vn -0.6798 -0.3469 -0.6462
vn -0.8624 -0.3459 -0.3696
vn -0.2441 -0.1407 -0.9595
vn 0.3893 0.3898 -0.8346
vn 0.3099 0.1054 -0.9449
vn 0.4986 -0.1842 -0.8471
vn 0.8638 0.3251 -0.3848
vn 0.8996 -0.1721 -0.4014
vn 0.0763 -0.8886 -0.4522
vn 0.3593 -0.8673 -0.3445
vn -0.7071 -0.7050 0.0551
vn -0.4523 -0.7958 0.4026
vn -0.9341 0.0737 -0.3493
vn -0.8248 -0.5272 0.2042
vn 0.8823 0.4689 -0.0420
vn -0.9128 -0.3620 0.1891
vn -0.6545 -0.0102 0.7560
vn -0.3150 -0.6322 0.7078
vn 0.8568 0.4975 -0.1356
vn 0.7757 0.4778 -0.4122
vn 0.8252 0.4995 -0.2638
vn -0.2219 -0.6640 0.7140
vn 0.4457 0.1085 0.8886
vn -0.0924 -0.3556 0.9301
vn 0.3131 -0.8996 -0.3044
vn -0.0620 -0.8345 0.5475
vn -0.4891 -0.7621 -0.4243
vn -0.6686 -0.6603 0.3420
vn -0.8202 -0.1084 -0.5617
vn -0.0403 -0.7650 -0.6427
vn 0.3821 -0.9192 0.0950
vn -0.4383 -0.6982 -0.5660
vn -0.2169 -0.2709 0.9378
vn 0.3498 0.1070 0.9307
vn -0.7776 -0.2616 0.5717
vn -0.8992 -0.4281 -0.0902
vn -0.1582 0.1213 0.9799
vn 0.7564 0.5839 0.2947
vn 0.7479 0.5268 0.4039
vn -0.1683 0.9320 -0.3211
vn 0.0732 0.6417 -0.7634
vn -0.6698 0.3270 -0.6667
vn 0.4757 0.8490 -0.2301
vn -0.9250 0.3647 -0.1070
vn -0.8608 -0.2296 -0.4541
vn -0.7616 -0.6112 -0.2157
vn -0.8735 -0.4575 -0.1661
vn -0.4642 -0.0202 -0.8855
vn -0.7342 -0.3380 -0.5889
vn -0.4099 0.2666 -0.8723
vn -0.5637 -0.8207 -0.0934
vn -0.7104 -0.6036 -0.3618
vn 0.8758 0.4754 0.0836
vn 0.7951 0.5342 -0.2872
vn 0.8057 0.5634 0.1827
vn 0.8129 0.5588 -0.1640
vn 0.6915 0.7140 0.1098
vn 0.6823 0.6974 -0.2194
vn 0.6114 0.7901 0.0426
vn 0.1334 0.7446 -0.6541
vn 0.1775 0.3517 -0.9191
vn -0.1475 0.1120 0.9827
vn -0.2354 0.1577 0.9590
vn -0.1249 0.0516 0.9908
vn -0.1083 0.0867 0.9903
vn -0.0951 0.0678 0.9932
vn -0.0852 -0.0010 0.9964
vn -0.3940 -0.1094 0.9126
vn -0.1529 -0.0297 0.9878
vn -0.0695 0.0146 0.9975
vn -0.2390 -0.0881 0.9670
vn -0.0640 0.0765 0.9950
vn 0.1487 0.0609 0.9870
vn -0.0771 0.1683 0.9827
vn -0.0818 0.1432 0.9863
vn -0.0685 0.0877 0.9938
vn -0.0780 0.0681 0.9946
vn -0.0306 0.0687 0.9972
vn -0.5012 0.3419 0.7950
vn -0.1873 0.1085 0.9763
vn -0.3252 0.6319 0.7035
vn -0.2757 -0.0817 0.9578
vn -0.7103 0.1767 0.6814
vn -0.8175 0.3603 0.4493
vn -0.9721 -0.1084 0.2079
vn -0.5069 -0.2541 0.8237
vn -0.0961 -0.0408 0.9945
vn -0.2996 -0.2580 0.9185
vn -0.5568 -0.1665 0.8138
vn -0.6243 -0.3290 0.7085
vn -0.6060 -0.7739 0.1840
vn -0.7246 -0.3674 0.5830
vn -0.3679 -0.8605 0.3523
vn -0.2688 -0.9046 0.3309
vn -0.4721 -0.4806 0.7390
vn -0.6962 -0.3462 0.6288
vn -0.4925 0.2784 0.8246
vn -0.2354 0.3359 0.9120
vn -0.6993 -0.1472 0.6995
vn -0.7054 0.0908 0.7029
vn -0.0692 0.1864 0.9800
vn -0.1323 -0.0646 0.9891
vn -0.1375 0.0327 0.9900
vn 0.1137 0.2792 0.9535
vn -0.0202 0.3612 0.9323
vn 0.1239 0.3379 0.9330
vn 0.7175 0.5826 0.3819
vn 0.9977 0.0432 0.0513
vn 0.9273 0.3733 0.0259
vn 0.5322 -0.8433 0.0751
vn -0.0935 -0.9938 -0.0607
vn 0.8613 -0.5064 0.0420
vn -0.1955 -0.9805 -0.0192
vn 0.9463 0.2745 -0.1707
vn -0.6414 -0.7507 -0.1583
vn -0.5897 -0.8007 0.1054
vn -0.7006 -0.6926 -0.1716
vn -0.7376 -0.6359 -0.2270
vn -0.5818 -0.7897 0.1947
vn -0.9356 -0.3175 -0.1544
vn 0.3201 -0.4598 -0.8283
vn -0.6749 -0.5165 -0.5270
vn -0.1398 0.1057 -0.9845
vn 0.0439 -0.0272 -0.9987
vn 0.2115 -0.4781 -0.8524
vn -0.5629 -0.0915 -0.8214
vn -0.9242 0.3562 -0.1377
vn -0.9427 0.2941 -0.1575
vn -0.6122 0.6865 -0.3924
vn -0.2877 -0.4216 -0.8599
vn 0.8430 0.5364 -0.0417
vn -0.4891 0.8687 -0.0780
vn 0.8714 0.4778 0.1112
vn -0.6837 -0.7289 -0.0338
vn -0.6734 -0.7240 -0.1497
vn 0.6694 -0.5865 0.4560
vn 0.4795 0.8733 -0.0861
vn 0.9685 0.2424 0.0569
vn 0.9318 0.3285 0.1545
vn 0.9649 0.2529 0.0713
vn 0.9266 0.3352 0.1704
vn 0.6443 -0.3549 0.6774
vn 0.7118 -0.3247 0.6229
vn 0.6095 -0.2696 0.7456
vn 0.7887 -0.2550 0.5594
vn 0.6451 0.0259 0.7637
vn 0.8352 -0.1760 0.5211
vn -0.7147 -0.3202 0.6219
vn -0.6471 -0.3482 0.6782
vn -0.6103 -0.2716 0.7442
vn -0.7921 -0.2522 0.5558
vn -0.6451 0.0251 0.7637
vn -0.8351 -0.1760 0.5211
vt 0.577429 1.134149
vt 0.572286 1.242986
vt 0.536405 1.231635
vt 0.534428 1.123239
vt 0.576019 1.123127
vt 0.547129 1.112242
vt 0.584023 1.233778
vt 0.528154 1.223039
vt 0.572323 1.242948
vt 0.536381 1.231563
vt 0.577322 1.131723
vt 0.537242 1.120750
vt 0.528154 1.223262
vt 0.584029 1.234388
vt 0.576360 1.133487
vt 0.572104 1.243157
vt 0.535510 1.122727
vt 0.536536 1.231866
vt 0.584022 1.233594
vt 0.528154 1.223281
vt 0.572275 1.242988
vt 0.577350 1.134103
vt 0.536424 1.231634
vt 0.534465 1.123219
vt 0.584023 1.233697
vt 0.528154 1.223027
vt 0.536381 1.231564
vt 0.572323 1.242948
vt 0.577323 1.131723
vt 0.537241 1.120750
vt 0.528154 1.223261
vt 0.584029 1.234387
vt 0.572152 1.243123
vt 0.576453 1.133544
vt 0.535453 1.122759
vt 0.536488 1.231837
vt 0.528154 1.223275
vt 0.584022 1.233666
vt 0.531128 0.540888
vt 0.556050 0.486953
vt 0.552915 0.542327
vt 0.502585 0.487575
vt 0.588654 0.549106
vt 0.599736 0.495447
vt 0.628941 0.586496
vt 0.619980 0.469384
vt 0.610039 0.568726
vt 0.504517 0.541939
vt 0.482188 0.548564
vt 0.458957 0.555861
vt 0.458498 0.494772
vt 0.430165 0.574166
vt 0.427120 0.477614
vt 0.410807 0.545538
vt 0.481662 0.467262
vt 0.534151 0.467247
vt 0.563213 0.467282
vt 0.443037 0.467522
vt 0.410807 0.491052
vt 0.410807 0.467856
vt 0.242431 0.700955
vt 0.227133 0.668313
vt 0.222001 0.702638
vt 0.242414 0.667277
vt 0.303427 0.877512
vt 0.303489 0.894845
vt 0.280780 0.879254
vt 0.280036 0.893842
vt 0.324318 0.895844
vt 0.320205 0.876943
vt 0.341456 0.894117
vt 0.342060 0.874356
vt 0.331471 0.866370
vt 0.340327 0.859804
vt 0.338112 0.830567
vt 0.328256 0.837393
vt 0.329380 0.808914
vt 0.334836 0.792963
vt 0.323067 0.768921
vt 0.341017 0.781091
vt 0.319280 0.755544
vt 0.330203 0.760243
vt 0.323401 0.742274
vt 0.274304 0.661584
vt 0.278983 0.674422
vt 0.252362 0.684758
vt 0.285193 0.685348
vt 0.245510 0.664917
vt 0.251106 0.649532
vt 0.291759 0.629591
vt 0.281327 0.646042
vt 0.261462 0.634074
vt 0.312003 0.609018
vt 0.299164 0.620075
vt 0.306570 0.598689
vt 0.281019 0.610578
vt 0.272675 0.620921
vt 0.282021 0.715214
vt 0.264812 0.702134
vt 0.297994 0.723842
vt 0.318042 0.710052
vt 0.295674 0.695240
vt 0.309116 0.728589
vt 0.898267 0.698849
vt 0.891790 0.672174
vt 0.913390 0.669304
vt 0.918302 0.697037
vt 0.934833 0.696615
vt 0.930360 0.669140
vt 0.953377 0.670760
vt 1.010101 0.673305
vt 0.996037 0.678656
vt 0.983309 0.654437
vt 1.011696 0.656677
vt 0.835185 0.688912
vt 0.847190 0.669206
vt 0.824543 0.663724
vt 0.817271 0.683570
vt 0.805825 0.665129
vt 0.792114 0.679605
vt 0.801173 0.693131
vt 0.778295 0.709614
vt 0.778225 0.688873
vt 0.709810 0.707552
vt 0.689319 0.699272
vt 0.695270 0.683053
vt 0.667458 0.673972
vt 0.717363 0.693090
vt 0.668377 0.693556
vt 0.726326 0.715560
vt 0.748184 0.713572
vt 0.737167 0.691420
vt 0.758839 0.689934
vt 0.388005 0.580796
vt 0.404165 0.586509
vt 0.359078 0.584066
vt 0.420838 0.590625
vt 0.421781 0.573835
vt 0.382120 0.589957
vt 0.362162 0.593224
vt 0.327358 0.595723
vt 0.341541 0.600697
vt 0.153850 0.258835
vt 0.186423 0.255742
vt 0.169600 0.271456
vt 0.202685 0.267326
vt 0.144438 0.266917
vt 0.178168 0.225492
vt 0.166043 0.240922
vt 0.148461 0.246378
vt 0.184091 0.232675
vt 0.199744 0.239138
vt 0.216110 0.235807
vt 0.206620 0.247126
vt 0.237911 0.264682
vt 0.185511 0.214877
vt 0.410497 0.787831
vt 0.400421 0.782575
vt 0.411237 0.773779
vt 0.405701 0.766231
vt 0.411911 0.760989
vt 0.407878 0.761951
vt 0.586584 0.739865
vt 0.563924 0.763371
vt 0.549148 0.775614
vt 0.546209 0.753105
vt 0.527245 0.781183
vt 0.531232 0.759495
vt 0.569698 0.732623
vt 0.590520 0.712977
vt 0.597080 0.739798
vt 0.617718 0.724950
vt 0.615481 0.690722
vt 0.633909 0.678255
vt 0.645258 0.706619
vt 0.648710 0.667845
vt 0.663164 0.698871
vt 0.674521 0.665757
vt 0.683409 0.676637
vt 0.683409 0.712770
vt 0.647650 0.608326
vt 0.674001 0.604315
vt 0.661412 0.586724
vt 0.683408 0.587894
vt 0.584101 0.553396
vt 0.506443 0.759017
vt 0.483756 0.747861
vt 0.469880 0.757588
vt 0.468000 0.718561
vt 0.445249 0.740205
vt 0.446348 0.703816
vt 0.427277 0.725023
vt 0.427679 0.688422
vt 0.410807 0.676447
vt 0.410807 0.713017
vt 0.666017 0.454817
vt 0.683409 0.467366
vt 0.649751 0.461985
vt 0.683409 0.490088
vt 0.683409 0.546079
vt 0.588550 0.467311
vt 0.604410 0.467218
vt 0.631591 0.454580
vt 0.410807 0.588077
vt 0.912246 1.460616
vt 0.954997 1.459938
vt 0.902595 1.479977
vt 0.938191 1.482741
vt 0.922537 1.435615
vt 0.948634 1.433829
vt 0.924321 1.408770
vt 0.949687 1.411778
vt 0.918606 1.390980
vt 0.943731 1.376773
vt 0.963192 1.388265
vt 0.555517 0.487114
vt 0.531128 0.540886
vt 0.552905 0.542352
vt 0.502590 0.487579
vt 0.588589 0.549006
vt 0.604908 0.493838
vt 0.610065 0.568695
vt 0.629004 0.586535
vt 0.504517 0.541939
vt 0.482188 0.548565
vt 0.458963 0.555874
vt 0.458332 0.494899
vt 0.430767 0.573855
vt 0.427092 0.477505
vt 0.410807 0.544376
vt 0.484198 0.467317
vt 0.534144 0.467278
vt 0.563221 0.467259
vt 0.443132 0.467535
vt 0.410807 0.491087
vt 0.410807 0.468193
vt 0.227146 0.668343
vt 0.242430 0.700892
vt 0.221999 0.702674
vt 0.242414 0.667266
vt 0.303489 0.894848
vt 0.303429 0.877507
vt 0.280774 0.879381
vt 0.280036 0.893844
vt 0.324319 0.895843
vt 0.320205 0.876943
vt 0.341391 0.894162
vt 0.342042 0.873791
vt 0.331408 0.866363
vt 0.339867 0.857590
vt 0.338598 0.829368
vt 0.328293 0.837749
vt 0.329438 0.811190
vt 0.334741 0.793182
vt 0.341198 0.781526
vt 0.323092 0.768986
vt 0.330201 0.760244
vt 0.319279 0.755545
vt 0.322711 0.742733
vt 0.278977 0.674423
vt 0.274299 0.661585
vt 0.252219 0.684836
vt 0.286058 0.684848
vt 0.249647 0.653651
vt 0.292049 0.629706
vt 0.311838 0.608927
vt 0.274079 0.621246
vt 0.302300 0.599567
vt 0.284171 0.606659
vt 0.264769 0.702183
vt 0.282552 0.714459
vt 0.309200 0.728800
vt 0.317437 0.710620
vt 0.280908 0.645466
vt 0.261220 0.634031
vt 0.891730 0.672185
vt 0.898273 0.698847
vt 0.913390 0.669304
vt 0.918302 0.697037
vt 0.934826 0.696614
vt 0.930360 0.669140
vt 0.953377 0.670759
vt 1.010101 0.673305
vt 0.996055 0.678646
vt 0.983310 0.654437
vt 1.011696 0.656676
vt 0.835203 0.688918
vt 0.847190 0.669206
vt 0.824543 0.663724
vt 0.817271 0.683571
vt 0.805824 0.665133
vt 0.792114 0.679605
vt 0.801173 0.693131
vt 0.778225 0.688873
vt 0.778293 0.709613
vt 0.689319 0.699273
vt 0.709810 0.707551
vt 0.695297 0.683069
vt 0.667458 0.673973
vt 0.668377 0.693556
vt 0.726325 0.715559
vt 0.748184 0.713571
vt 0.737167 0.691420
vt 0.758839 0.689934
vt 0.403362 0.588595
vt 0.420793 0.590620
vt 0.421774 0.573835
vt 0.401902 0.580752
vt 0.361641 0.583410
vt 0.364172 0.592964
vt 0.327614 0.595445
vt 0.333714 0.603447
vt 0.186417 0.255744
vt 0.153849 0.258835
vt 0.169598 0.271458
vt 0.202684 0.267326
vt 0.144438 0.266917
vt 0.166043 0.240922
vt 0.178167 0.225488
vt 0.148462 0.246376
vt 0.184092 0.232675
vt 0.199745 0.239139
vt 0.216107 0.235811
vt 0.237912 0.264684
vt 0.185497 0.214878
vt 0.400421 0.782575
vt 0.411237 0.773781
vt 0.405701 0.766232
vt 0.411911 0.760989
vt 0.407878 0.761951
vt 0.546574 0.752876
vt 0.531653 0.759766
vt 0.528243 0.781578
vt 0.549142 0.775607
vt 0.570872 0.755760
vt 0.569933 0.731713
vt 0.587029 0.716186
vt 0.589765 0.739402
vt 0.597976 0.705893
vt 0.617814 0.725137
vt 0.615485 0.690793
vt 0.633928 0.678400
vt 0.631772 0.715613
vt 0.646273 0.706128
vt 0.648704 0.667763
vt 0.663164 0.698868
vt 0.674543 0.666102
vt 0.683409 0.676637
vt 0.683409 0.712771
vt 0.647578 0.608399
vt 0.674004 0.604315
vt 0.661164 0.586767
vt 0.683409 0.587701
vt 0.584052 0.553372
vt 0.650096 0.463327
vt 0.683409 0.544758
vt 0.683409 0.489656
vt 0.683409 0.467362
vt 0.665864 0.455043
vt 0.588550 0.467317
vt 0.604411 0.467204
vt 0.618748 0.462726
vt 0.632315 0.455301
vt 0.505085 0.769374
vt 0.507776 0.748863
vt 0.481612 0.729792
vt 0.482252 0.754151
vt 0.463203 0.753592
vt 0.445276 0.740107
vt 0.446365 0.703742
vt 0.427273 0.725011
vt 0.427679 0.688421
vt 0.410807 0.676448
vt 0.410807 0.713016
vt 0.410807 0.587873
vt 0.948528 1.438833
vt 0.912302 1.460642
vt 0.902343 1.480016
vt 0.959297 1.480324
vt 0.922532 1.435614
vt 0.924801 1.407349
vt 0.949600 1.412110
vt 0.945104 1.376965
vt 0.918821 1.390652
vt 0.963185 1.388110
vt 1.027657 1.351567
vt 1.008349 1.388125
vt 1.001722 1.358532
vt 0.940615 1.342428
vt 0.945112 1.309870
vt 0.943709 1.348351
vt 0.953837 1.313686
vt 0.968793 1.306872
vt 0.969503 1.315813
vt 0.980391 1.287930
vt 0.980716 1.315071
vt 0.944881 1.290579
vt 0.980334 1.344746
vt 0.976887 1.349936
vt 0.962459 1.270769
vt 0.974395 1.264137
vt 0.953854 1.262195
vt 1.123996 1.377750
vt 1.120425 1.479886
vt 1.085443 1.456700
vt 1.172264 1.497404
vt 1.180721 1.417177
vt 1.194750 1.489238
vt 1.149419 1.363916
vt 1.183905 1.366321
vt 1.208463 1.431108
vt 1.208463 1.479016
vt 1.207863 1.365585
vt 1.206738 1.355271
vt 1.159556 1.310778
vt 1.193218 1.312192
vt 1.206113 1.303860
vt 1.206113 1.331790
vt 1.135362 1.323540
vt 1.135879 1.303161
vt 1.148319 1.283873
vt 1.175409 1.308398
vt 1.186292 1.283004
vt 1.201043 1.276131
vt 1.176027 1.274173
vt 1.147495 1.276097
vt 0.951522 1.405815
vt 0.983218 1.405829
vt 0.987020 1.418393
vt 0.962862 1.396676
vt 0.990801 1.391476
vt 0.963535 1.386404
vt 0.902473 1.348324
vt 0.902473 1.315538
vt 0.902705 1.367792
vt 0.908165 1.312710
vt 0.925723 1.317301
vt 0.936962 1.316495
vt 0.912162 1.283892
vt 0.937498 1.293025
vt 0.902473 1.285198
vt 0.930483 1.265736
vt 0.912185 1.264448
vt 1.113245 1.360237
vt 1.094420 1.366891
vt 1.052159 1.355134
vt 1.075613 1.354339
vt 1.035698 1.484678
vt 1.021544 1.408084
vt 1.057727 1.348113
vt 1.059251 1.320425
vt 1.072364 1.271496
vt 1.083311 1.316175
vt 1.094181 1.296268
vt 1.094181 1.313837
vt 1.059001 1.297285
vt 1.082449 1.270653
vt 1.062626 1.273665
vt 1.087379 1.266352
vt 1.096169 1.352776
vt 1.097954 1.317082
vt 1.109559 1.278593
vt 1.121341 1.317385
vt 1.132811 1.293866
vt 1.132811 1.317524
vt 1.097621 1.296457
vt 1.124231 1.268850
vt 1.105000 1.269129
vt 1.133535 1.353926
vt 0.997032 1.281150
vt 1.007278 1.293708
vt 0.984200 1.319241
vt 1.027742 1.298408
vt 0.984635 1.278225
vt 1.044159 1.307013
vt 1.055689 1.280748
vt 1.055282 1.319300
vt 1.015335 1.263585
vt 1.049812 1.266320
vt 0.996366 1.262836
vt 0.929050 1.224250
vt 0.933659 1.184612
vt 0.958290 1.212804
vt 0.917653 1.191665
vt 0.996525 1.215563
vt 0.990747 1.240553
vt 0.977378 1.186200
vt 0.996218 1.183254
vt 1.010137 1.198978
vt 1.009224 1.171166
vt 0.960271 1.178962
vt 0.917708 1.173998
vt 0.933085 1.146598
vt 0.937313 1.155791
vt 0.957337 1.148133
vt 0.987787 1.156111
vt 1.011473 1.217311
vt 1.021206 1.227066
vt 1.006988 1.239413
vt 0.966170 1.240891
vt 0.948090 1.230327
vt 0.934925 1.227174
vt 0.913646 1.225076
vt 1.000517 1.421483
vt 1.014421 1.416558
vt 0.996189 1.459463
vt 0.954217 1.454498
vt 0.972135 1.487735
vt 1.003929 1.498698
vt 0.902473 1.353029
vt 0.948731 1.377442
vt 0.924857 1.382000
vt 0.917201 1.393115
vt 0.902473 1.425003
vt 0.926777 1.404701
vt 0.917293 1.448326
vt 0.902473 1.478984
vt 0.597214 0.739982
vt 0.579030 0.821580
vt 0.586787 0.739989
vt 0.620431 0.725144
vt 0.632805 0.821590
vt 0.661321 0.699581
vt 0.682986 0.801682
vt 0.611185 0.836210
vt 0.683327 0.891426
vt 0.683144 0.952978
vt 0.683409 0.974816
vt 0.657299 0.983665
vt 0.631554 0.905537
vt 0.634694 0.960479
vt 0.594234 0.942931
vt 0.590958 0.895541
vt 0.565676 0.908411
vt 0.638593 0.988995
vt 0.683409 0.989190
vt 0.509376 0.947325
vt 0.488622 0.968226
vt 0.477755 0.893561
vt 0.532876 0.928922
vt 0.548144 0.938509
vt 0.530971 0.822786
vt 0.536635 0.784530
vt 0.471382 0.758409
vt 0.474359 0.823842
vt 0.439266 0.775535
vt 0.438244 0.827621
vt 0.481275 0.753461
vt 0.410807 0.806322
vt 0.410807 0.752198
vt 0.429969 0.727926
vt 0.410807 0.714031
vt 0.683409 0.713648
vt 0.683409 0.752198
vt 0.484263 0.665385
vt 0.522580 0.688225
vt 0.516257 0.752108
vt 0.473619 0.722999
vt 0.433931 0.689901
vt 0.452364 0.635034
vt 0.429861 0.572648
vt 0.410807 0.589316
vt 0.410807 0.676138
vt 0.459074 0.556027
vt 0.499440 0.543504
vt 0.542077 0.541712
vt 0.573514 0.728379
vt 0.557497 0.663181
vt 0.591166 0.712062
vt 0.580653 0.628946
vt 0.605498 0.633790
vt 0.616984 0.575995
vt 0.648399 0.668067
vt 0.645743 0.608077
vt 0.615485 0.690799
vt 0.584556 0.553619
vt 0.410758 0.980151
vt 0.410807 0.953146
vt 0.411019 0.893357
vt 0.445414 0.900655
vt 0.439663 0.985903
vt 0.460526 0.993812
vt 0.434221 1.020365
vt 0.313828 0.637214
vt 0.302592 0.664479
vt 0.301324 0.638423
vt 0.328882 0.635538
vt 0.324308 0.691565
vt 0.286181 0.684779
vt 0.345768 0.670154
vt 0.340311 0.656162
vt 0.348052 0.636814
vt 0.328640 0.606221
vt 0.281541 0.646050
vt 0.295897 0.625212
vt 0.274376 0.661571
vt 0.297480 0.696875
vt 0.318152 0.711506
vt 0.339926 0.707314
vt 0.338772 0.743558
vt 0.325450 0.746767
vt 0.358721 0.779096
vt 0.365800 0.764558
vt 0.378694 0.849833
vt 0.341056 0.865414
vt 0.361430 0.819836
vt 0.338700 0.837131
vt 0.376948 0.885451
vt 0.343501 0.892722
vt 0.407036 0.853299
vt 0.405144 0.901426
vt 0.364048 0.917294
vt 0.338419 0.896292
vt 0.312072 0.895060
vt 0.312395 0.920712
vt 0.279981 0.894738
vt 0.279124 0.909799
vt 0.278414 0.923290
vt 0.304946 0.945444
vt 0.277324 0.943984
vt 0.372876 0.948500
vt 0.403857 0.938209
vt 0.402977 0.948585
vt 0.402258 0.960740
vt 0.382761 0.955306
vt 0.386590 0.962825
vt 0.401822 0.968887
vt 0.386964 0.968104
vt 0.417292 0.657391
vt 0.405682 0.655896
vt 0.419292 0.618999
vt 0.409869 0.589125
vt 0.420834 0.590740
vt 0.385491 0.591692
vt 0.387521 0.664257
vt 0.385395 0.649671
vt 0.367756 0.616482
vt 0.358434 0.696397
vt 0.410184 0.735946
vt 0.389966 0.745295
vt 0.367290 0.714427
vt 0.413982 0.718495
vt 0.415191 0.699653
vt 0.406749 0.685293
vt 0.415637 0.688930
vt 0.393507 0.696816
vt 0.387402 0.678776
vt 0.397755 0.660628
vt 0.397630 0.669304
vt 0.134216 0.906599
vt 0.069121 0.853086
vt 0.016749 0.947373
vt 0.120208 0.955514
vt 0.240792 0.933226
vt 0.240881 0.918092
vt 0.216733 0.933736
vt 0.202467 0.902227
vt 0.200280 0.989742
vt 0.208670 0.953460
vt 0.189408 0.838356
vt 0.241159 0.872539
vt 0.141418 0.819357
vt 0.241384 0.835680
vt 0.241610 0.798754
vt 0.220947 0.700942
vt 0.242044 0.727755
vt 0.242421 0.703547
vt 0.138254 0.661136
vt 0.144580 0.734250
vt 0.225760 0.667764
vt 0.068097 0.731337
vt 0.067459 0.662961
vt 0.002491 0.644127
vt 0.001842 0.742339
vt 0.114268 0.578144
vt 0.173870 0.547759
vt 0.104485 0.528009
vt 0.063413 0.576036
vt 0.002885 0.568605
vt 0.002038 0.520755
vt 0.066569 0.517679
vt 0.015042 0.471085
vt -0.021835 0.472327
vt 0.243039 0.565044
vt 0.242898 0.588059
vt 0.242637 0.630684
vt 0.242437 0.663409
vt 0.311169 0.818529
vt 0.278975 0.797836
vt 0.319314 0.767083
vt 0.289263 0.749683
vt 0.277676 0.778258
vt 0.276316 0.757707
vt 0.317314 0.754227
vt 0.280294 0.818396
vt 0.320222 0.876948
vt 0.328853 0.829130
vt 0.331439 0.868979
vt 0.282127 0.853647
vt 0.303433 0.877457
vt 0.280805 0.878759
vt 0.329405 0.809722
vt 0.329102 0.791282
vt 0.309426 0.729786
vt 0.276503 0.752520
vt 0.280483 0.726110
vt 0.297996 0.723838
vt 0.280834 0.714365
vt 0.281098 -0.031720
vt 0.344946 0.061985
vt 0.306709 0.071315
vt 0.189383 0.030798
vt 0.257097 0.138573
vt 0.198514 0.103624
vt 0.236415 0.138299
vt 0.190427 0.126612
vt 0.243677 0.162893
vt 0.180981 0.214854
vt 0.107749 0.167466
vt 0.196926 0.215098
vt 0.360805 0.232774
vt 0.309660 0.285985
vt 0.298495 0.242399
vt 0.327416 0.188388
vt 0.270125 0.221497
vt 0.358149 0.160864
vt 0.293418 0.110704
vt 0.271915 0.173836
vt 0.411773 0.220345
vt 0.395737 0.137224
vt 0.358979 0.329334
vt 0.213018 0.014343
vt 0.744265 0.586900
vt 0.666380 0.601374
vt 0.695033 0.560127
vt 0.740778 0.555611
vt 0.798810 0.587968
vt 0.880940 0.542392
vt 0.882347 0.561470
vt 0.917593 0.558702
vt 0.916700 0.589674
vt 0.997140 0.581224
vt 0.866992 0.586542
vt 0.953368 0.670733
vt 1.008700 0.645682
vt 0.915595 0.669715
vt 0.888808 0.606208
vt 0.873160 0.675575
vt 0.833440 0.665832
vt 0.703899 0.638618
vt 0.752808 0.620941
vt 0.747181 0.690706
vt 0.778221 0.688876
vt 0.717372 0.693073
vt 0.666323 0.649760
vt 0.667380 0.673323
vt 0.804786 0.670643
vt 0.806649 0.659213
vt 1.008215 0.633007
vt 0.962995 0.697447
vt 0.996953 0.678405
vt 0.947881 0.796594
vt 0.851020 0.806618
vt 0.908427 0.801764
vt 0.908119 0.899252
vt 0.836694 0.922525
vt 0.873439 0.703720
vt 0.832523 0.687951
vt 0.806326 0.727241
vt 0.745983 0.798439
vt 0.710510 0.801236
vt 0.710165 0.710703
vt 0.689475 0.700970
vt 0.671290 0.755675
vt 0.668378 0.693580
vt 0.802510 0.882092
vt 0.774241 0.712887
vt 0.752712 0.914868
vt 0.677915 0.896455
vt 0.674531 0.824770
vt 0.726580 0.984189
vt 0.680127 0.940367
vt 0.682114 0.986427
vt 0.772636 0.982063
vt 0.889445 0.976359
vt 0.921958 0.975091
vt 0.959954 0.895267
vt 0.997963 0.930621
vt 0.949561 0.973336
vt 1.019892 0.881057
vt 1.022810 0.943262
vt 1.014339 0.762670
vt 1.012687 0.727458
vt 1.024081 0.970360
vt 0.827711 0.979485
vt 0.861419 0.977989
vt 0.661235 0.541286
vt 0.656592 0.442312
vt 0.722211 0.412164
vt 0.785160 0.494349
vt 0.853151 0.502668
vt 0.906775 0.495170
vt 0.918187 0.534849
vt 0.962642 0.521671
vt 0.882626 0.385314
vt 0.929731 0.467084
vt 0.916011 0.366106
vt 0.967262 0.364747
vt 0.916130 0.305890
vt 0.908904 0.263199
vt 0.941119 0.251686
vt 0.988176 0.299113
vt 0.908389 0.229276
vt 0.884616 0.228330
vt 0.825197 0.257396
vt 0.991458 0.274856
vt 0.990445 0.253268
vt 0.832185 0.227178
vt 0.994075 0.330644
vt 0.995597 0.363094
vt 0.997146 0.396114
vt 0.949379 0.421646
vt 1.003850 0.539049
vt 0.998561 0.426284
vt 0.651006 0.323218
vt 0.649652 0.293146
vt 0.685940 0.319062
vt 0.648141 0.268569
vt 0.698133 0.295433
vt 0.700859 0.267620
vt 0.725340 0.265947
vt 0.785970 0.300501
vt 0.759704 0.253731
vt 0.763577 0.342549
vt 0.794335 0.235687
vt 0.849080 0.321890
vt 0.739970 0.371024
vt 0.676072 0.347045
vt 0.814591 0.376693
vt 0.682119 0.404158
vt 0.653629 0.379134
vt 0.655178 0.412154
vt 1.225728 1.098202
vt 1.235672 1.071220
vt 1.250041 1.098327
vt 1.205660 1.083192
vt 1.262967 1.081468
vt 1.267337 1.136029
vt 1.290709 1.159712
vt 1.280475 1.185078
vt 1.235441 1.166460
vt 1.218302 1.252043
vt 1.195283 1.241307
vt 1.293109 1.299489
vt 1.236288 1.271218
vt 1.198665 1.160906
vt 1.158140 1.190583
vt 1.178080 1.123374
vt 1.154840 1.116066
vt 1.101393 1.181482
vt 1.109583 1.258655
vt 1.173954 1.235794
vt 1.076035 1.245255
vt 1.125117 1.132684
vt 1.112688 1.146476
vt 1.106424 1.087451
vt 1.124827 1.107258
vt 1.092740 1.155108
vt 1.061826 1.156495
vt 1.082303 1.073758
vt 1.057419 1.067129
vt 1.043432 1.152259
vt 0.992075 1.069025
vt 0.926129 1.067997
vt 0.992642 1.124021
vt 0.886781 1.098420
vt 0.895789 1.077719
vt 0.894537 1.122235
vt 0.925480 1.128183
vt 0.957782 1.120792
vt 0.164419 0.307714
vt 0.207849 0.295869
vt 0.228970 0.355922
vt 0.170188 0.271852
vt 0.237371 0.263121
vt 0.211899 0.265966
vt 0.133374 0.270922
vt 0.122038 0.254308
vt 0.144624 0.266975
vt 0.146381 0.251834
vt 0.154669 0.233430
vt 0.082224 0.173633
vt 0.166856 0.220586
vt 0.214107 0.225670
vt 0.137114 0.105832
vt 0.148587 0.057806
vt 0.253309 -0.012961
vt 0.118296 0.105247
vt 0.107046 0.085775
vt 0.344004 0.787023
vt 0.338276 0.815566
vt 0.338060 0.792835
vt 0.401885 0.768970
vt 0.400444 0.782564
vt 0.410508 0.787864
vt 0.406343 0.813537
vt 0.407661 0.762075
vt 0.406327 0.765748
vt 0.411914 0.760930
vt 1.293825 1.365199
vt 1.293849 1.390424
vt 1.278077 1.388346
vt 1.293881 1.325896
vt 1.293622 1.344490
vt 1.248406 1.353808
vt 1.248406 1.328386
vt 1.248406 1.392494
vt 1.248406 1.297871
vt 0.607964 0.992876
vt 0.617423 1.017771
vt 0.585016 0.973015
vt 0.566716 0.955707
vt 0.201808 0.996915
vt 0.154350 1.005912
vt 0.105625 0.991044
vt 0.064820 0.978892
vt 0.029712 0.967461
vt 0.001184 0.850013
vt 0.000615 0.943155
vt 0.359981 0.594270
vt 0.313395 0.608086
vt 0.535309 0.760438
vt 0.858223 0.384745
vt 0.874235 0.312310
vt 0.918883 0.697450
vt 1.010151 0.673379
vt 0.797351 0.696146
vt 0.817270 0.683567
vt 0.727146 0.715584
vt 1.062794 1.227789
vt 0.674555 0.667186
vt 0.674135 0.604701
vt 0.683409 0.676532
vt 0.683409 0.589316
vt 1.037643 1.385865
vt 1.039630 1.354584
vt 1.009146 1.388665
vt 1.011678 1.353858
vt 0.991491 1.389186
vt 0.978648 1.347738
vt 0.945111 1.309760
vt 0.938786 1.344027
vt 0.940777 1.348638
vt 0.953835 1.313703
vt 0.968901 1.307959
vt 0.969534 1.315817
vt 0.980391 1.287932
vt 0.980698 1.313558
vt 0.944881 1.290544
vt 0.980689 1.344188
vt 0.962459 1.270769
vt 0.974395 1.264137
vt 0.953854 1.262196
vt 1.129838 1.450433
vt 1.142949 1.373641
vt 1.086426 1.445544
vt 1.021706 1.408071
vt 1.082524 1.488711
vt 1.049064 1.479814
vt 1.118745 1.484418
vt 1.170621 1.437947
vt 1.171166 1.497176
vt 1.208466 1.480006
vt 1.209119 1.438520
vt 1.179166 1.371891
vt 1.194791 1.489617
vt 1.208463 1.371985
vt 1.205583 1.360376
vt 1.163800 1.334758
vt 1.159315 1.329249
vt 1.135813 1.325905
vt 1.158545 1.281545
vt 1.184395 1.287225
vt 1.193693 1.324491
vt 1.206113 1.303862
vt 1.206088 1.334520
vt 1.147561 1.276354
vt 1.135879 1.303161
vt 1.201043 1.276132
vt 1.176270 1.274104
vt 0.982537 1.403349
vt 0.951438 1.406121
vt 0.986375 1.417749
vt 0.962557 1.396807
vt 0.952853 1.378178
vt 0.902473 1.315654
vt 0.902473 1.346487
vt 0.905381 1.360375
vt 0.911129 1.317381
vt 0.925921 1.322027
vt 0.936963 1.316427
vt 0.925872 1.312263
vt 0.937493 1.293245
vt 0.902473 1.286642
vt 0.912187 1.264260
vt 0.930482 1.265735
vt 1.110770 1.360613
vt 1.090244 1.365210
vt 1.059532 1.367383
vt 1.073667 1.356312
vt 1.056937 1.348043
vt 1.059345 1.320118
vt 1.083601 1.312456
vt 1.083164 1.320216
vt 1.094181 1.314131
vt 1.072359 1.271520
vt 1.094181 1.296266
vt 1.059001 1.297278
vt 1.082449 1.270654
vt 1.062629 1.273656
vt 1.087381 1.266352
vt 1.095570 1.351756
vt 1.097938 1.316975
vt 1.132560 1.317946
vt 1.121696 1.311987
vt 1.109524 1.278830
vt 1.132811 1.294012
vt 1.097621 1.296544
vt 1.124231 1.268850
vt 1.104999 1.269128
vt 1.134373 1.355181
vt 1.134011 1.355291
vt 1.027359 1.318887
vt 1.008132 1.316568
vt 0.987439 1.302451
vt 0.984264 1.313049
vt 0.997189 1.285710
vt 1.026003 1.290135
vt 1.043444 1.316677
vt 1.041504 1.270297
vt 1.055357 1.312153
vt 1.055663 1.283298
vt 1.048303 1.265451
vt 1.016476 1.263508
vt 0.996363 1.262837
vt 0.984605 1.280998
vt 1.206783 1.355211
vt 1.182308 1.334940
vt 0.933699 1.194132
vt 0.928534 1.225348
vt 0.960304 1.199672
vt 0.917612 1.204253
vt 1.008866 1.200675
vt 0.996137 1.187244
vt 0.988408 1.211525
vt 1.010137 1.187101
vt 0.917669 1.186512
vt 0.974975 1.185417
vt 0.950682 1.179180
vt 0.927039 1.148674
vt 0.940437 1.144645
vt 0.956924 1.148537
vt 1.006901 1.157408
vt 0.992158 1.156012
vt 1.011456 1.217202
vt 1.006977 1.239417
vt 0.992051 1.242161
vt 0.965609 1.240569
vt 0.913680 1.223232
vt 1.013280 1.417256
vt 1.000513 1.421442
vt 0.965093 1.480759
vt 1.038151 1.458275
vt 1.003299 1.499078
vt 0.949558 1.433641
vt 1.029498 1.489094
vt 0.938013 1.375770
vt 0.902473 1.436045
vt 0.926779 1.404680
vt 0.922514 1.435609
vt 0.908300 1.468442
vt 0.623209 0.827160
vt 0.683718 0.752187
vt 0.618571 0.744874
vt 0.683345 0.802324
vt 0.596989 0.739697
vt 0.674507 0.952634
vt 0.683323 0.918147
vt 0.682600 0.873895
vt 0.655908 0.983801
vt 0.640169 0.903272
vt 0.624092 0.908056
vt 0.596119 0.941060
vt 0.591258 0.896994
vt 0.565608 0.910687
vt 0.509294 0.946545
vt 0.492279 0.803911
vt 0.487326 0.964018
vt 0.532873 0.928861
vt 0.475624 0.836738
vt 0.548143 0.938535
vt 0.541383 0.830114
vt 0.579795 0.815985
vt 0.536635 0.784619
vt 0.436902 0.810898
vt 0.446819 0.745045
vt 0.470553 0.758363
vt 0.505062 0.769994
vt 0.410807 0.801255
vt 0.411040 0.752917
vt 0.482253 0.754200
vt 0.410977 0.713257
vt 0.587262 0.739186
vt 0.570384 0.757135
vt 0.646267 0.706380
vt 0.663161 0.698851
vt 0.683409 0.713131
vt 0.630405 0.717156
vt 0.437701 0.650727
vt 0.434562 0.693948
vt 0.508248 0.749296
vt 0.486211 0.733631
vt 0.497011 0.544000
vt 0.517475 0.687885
vt 0.459054 0.555731
vt 0.429189 0.574272
vt 0.410807 0.590120
vt 0.410807 0.676440
vt 0.537805 0.701345
vt 0.541911 0.541687
vt 0.586665 0.715803
vt 0.559514 0.651088
vt 0.580494 0.625874
vt 0.612722 0.693001
vt 0.605320 0.628609
vt 0.618039 0.576609
vt 0.648456 0.667615
vt 0.584714 0.553696
vt 0.429069 0.961484
vt 0.410807 0.869936
vt 0.410807 0.952008
vt 0.442031 0.886436
vt 0.464605 0.896931
vt 0.426963 1.005638
vt 0.434390 1.020553
vt 0.410807 0.989528
vt 0.286198 0.683745
vt 0.296511 0.692367
vt 0.295624 0.656328
vt 0.313468 0.681200
vt 0.309960 0.654911
vt 0.335028 0.684538
vt 0.333752 0.656511
vt 0.346415 0.638667
vt 0.331960 0.631062
vt 0.328316 0.606419
vt 0.367034 0.593680
vt 0.297999 0.624899
vt 0.282105 0.646058
vt 0.274518 0.661968
vt 0.318284 0.709915
vt 0.344449 0.726013
vt 0.337893 0.750566
vt 0.326232 0.749124
vt 0.358517 0.778781
vt 0.366475 0.764733
vt 0.339536 0.837597
vt 0.340863 0.863828
vt 0.378424 0.882625
vt 0.343425 0.892617
vt 0.407021 0.853583
vt 0.405136 0.901174
vt 0.360868 0.918530
vt 0.407733 0.812576
vt 0.338418 0.896291
vt 0.311494 0.895008
vt 0.313084 0.919648
vt 0.279984 0.894702
vt 0.278355 0.924410
vt 0.306070 0.945536
vt 0.369738 0.948483
vt 0.404090 0.936832
vt 0.402955 0.948583
vt 0.382717 0.955306
vt 0.402385 0.958332
vt 0.401770 0.968884
vt 0.386518 0.962826
vt 0.409008 0.655314
vt 0.417289 0.657390
vt 0.388544 0.622468
vt 0.419394 0.617884
vt 0.411057 0.589198
vt 0.393163 0.650263
vt 0.400965 0.657762
vt 0.387748 0.663647
vt 0.346137 0.670762
vt 0.372979 0.673451
vt 0.412990 0.739982
vt 0.413606 0.718626
vt 0.361182 0.700722
vt 0.376021 0.700523
vt 0.400210 0.703033
vt 0.415188 0.699651
vt 0.406719 0.685224
vt 0.415637 0.688930
vt 0.397331 0.667381
vt 0.393779 0.679054
vt 0.000615 0.943160
vt 0.104176 0.941159
vt 0.016782 0.947367
vt 0.163591 0.905424
vt 0.174741 0.997921
vt 0.154328 1.005839
vt 0.142916 0.839434
vt 0.240882 0.917874
vt 0.240645 0.933222
vt 0.202998 0.837624
vt 0.241151 0.873791
vt 0.220745 0.933815
vt 0.072274 0.858196
vt 0.241374 0.837299
vt 0.241602 0.799989
vt 0.199854 0.727301
vt 0.242033 0.729504
vt 0.242422 0.703378
vt 0.142230 0.736455
vt 0.138625 0.656162
vt 0.225737 0.667647
vt 0.067991 0.744824
vt 0.067141 0.660138
vt 0.002493 0.644564
vt 0.001835 0.743509
vt 0.193837 0.554255
vt 0.147076 0.538670
vt 0.084292 0.576480
vt 0.104484 0.528013
vt 0.002878 0.568290
vt 0.001725 0.518895
vt 0.066567 0.517688
vt 0.010904 0.471798
vt -0.022141 0.472354
vt 0.242839 0.597680
vt 0.242638 0.630591
vt 0.242438 0.663352
vt 0.222106 0.699199
vt 0.323110 0.767077
vt 0.289287 0.749783
vt 0.278926 0.796877
vt 0.276354 0.758271
vt 0.277646 0.777807
vt 0.318293 0.754881
vt 0.311341 0.817602
vt 0.329402 0.814415
vt 0.328179 0.837299
vt 0.330604 0.860493
vt 0.303447 0.877820
vt 0.282432 0.847863
vt 0.280802 0.878811
vt 0.280324 0.818182
vt 0.320202 0.876925
vt 0.331507 0.869801
vt 0.329079 0.790925
vt 0.309040 0.728862
vt 0.288077 0.743043
vt 0.283625 0.752213
vt 0.275975 0.752543
vt 0.279757 0.725098
vt 0.282393 0.715541
vt 0.313854 0.740158
vt 0.344918 0.061943
vt 0.281098 -0.031721
vt 0.252579 -0.012319
vt 0.257120 0.138579
vt 0.189134 0.030821
vt 0.198566 0.103700
vt 0.236412 0.138296
vt 0.190437 0.126609
vt 0.107749 0.167463
vt 0.180982 0.214854
vt 0.196926 0.215098
vt 0.243674 0.162893
vt 0.309668 0.285982
vt 0.360805 0.232773
vt 0.298496 0.242398
vt 0.327417 0.188388
vt 0.270121 0.221499
vt 0.358149 0.160865
vt 0.304916 0.105236
vt 0.271914 0.173835
vt 0.395745 0.137236
vt 0.358979 0.329333
vt 0.213470 0.014114
vt 0.663760 0.595120
vt 0.697218 0.590915
vt 0.663130 0.581693
vt 0.704243 0.561657
vt 0.740425 0.589405
vt 0.755835 0.555946
vt 0.785392 0.583003
vt 0.913185 0.558543
vt 0.880828 0.549922
vt 0.915326 0.587733
vt 0.977987 0.574160
vt 0.882712 0.597081
vt 0.953368 0.670733
vt 1.008709 0.645679
vt 0.915437 0.669721
vt 1.005841 0.581487
vt 1.005096 0.565616
vt 0.822643 0.585025
vt 0.873172 0.675610
vt 0.833657 0.665885
vt 0.806606 0.659060
vt 0.752808 0.622288
vt 0.721177 0.638042
vt 0.747068 0.690714
vt 0.778222 0.688876
vt 0.717372 0.693073
vt 0.692687 0.682144
vt 0.666382 0.651037
vt 0.667428 0.673339
vt 0.804789 0.670640
vt 1.008305 0.635082
vt 0.996972 0.678386
vt 0.962996 0.697447
vt 0.947872 0.796539
vt 0.908431 0.801814
vt 0.850989 0.806631
vt 0.908084 0.899236
vt 0.828700 0.886083
vt 0.873439 0.703720
vt 0.832551 0.687970
vt 0.806318 0.727122
vt 0.714139 0.849166
vt 0.745967 0.798290
vt 0.710166 0.710713
vt 0.689478 0.701003
vt 0.668378 0.693579
vt 0.671283 0.755508
vt 0.761660 0.906280
vt 0.774241 0.712885
vt 0.674530 0.824743
vt 0.677912 0.896366
vt 0.726580 0.984190
vt 0.680128 0.940367
vt 0.682114 0.986424
vt 0.831302 0.936918
vt 0.772700 0.982060
vt 0.889443 0.976356
vt 0.921959 0.975094
vt 0.947776 0.926511
vt 1.022813 0.943333
vt 1.019881 0.880822
vt 0.992211 0.925326
vt 1.014339 0.762675
vt 1.012684 0.727392
vt 0.950339 0.973818
vt 0.827711 0.979486
vt 0.687402 0.411664
vt 0.661004 0.536378
vt 0.787286 0.478639
vt 0.861549 0.509365
vt 0.836429 0.473159
vt 0.906806 0.494730
vt 0.932077 0.519654
vt 0.924067 0.442597
vt 0.909678 0.356515
vt 0.962776 0.377413
vt 0.964518 0.309190
vt 0.862285 0.280576
vt 0.915786 0.274789
vt 0.938013 0.253441
vt 0.908485 0.228745
vt 0.821013 0.258953
vt 0.966020 0.254463
vt 0.993456 0.317462
vt 0.990503 0.254500
vt 0.828596 0.228163
vt 0.884472 0.227702
vt 0.996958 0.392116
vt 0.953233 0.467010
vt 1.002878 0.527153
vt 0.649700 0.291537
vt 0.659600 0.335316
vt 0.682874 0.318929
vt 0.694886 0.281577
vt 0.742118 0.298754
vt 0.735373 0.273506
vt 0.794420 0.286456
vt 0.761606 0.252847
vt 0.722949 0.265985
vt 0.648205 0.269157
vt 0.852609 0.314727
vt 0.749159 0.327270
vt 0.703194 0.358477
vt 0.781864 0.360050
vt 0.821776 0.372798
vt 0.733763 0.397161
vt 0.656633 0.443172
vt 0.655176 0.412121
vt 1.235676 1.071219
vt 1.225729 1.098201
vt 1.250041 1.098326
vt 1.205663 1.083186
vt 1.262966 1.081467
vt 1.267337 1.136039
vt 1.280550 1.185276
vt 1.290712 1.161126
vt 1.235435 1.166458
vt 1.218300 1.252043
vt 1.195286 1.241301
vt 1.293532 1.299162
vt 1.154831 1.116070
vt 1.178077 1.123379
vt 1.101464 1.181392
vt 1.158150 1.190568
vt 1.148842 1.240661
vt 1.076004 1.245239
vt 1.179258 1.235102
vt 1.202745 1.149755
vt 1.106424 1.087450
vt 1.061824 1.156495
vt 1.057357 1.067129
vt 1.043375 1.152229
vt 0.988330 1.068897
vt 0.926104 1.067982
vt 0.207850 0.295930
vt 0.165050 0.308727
vt 0.228983 0.356456
vt 0.170192 0.271853
vt 0.211893 0.265967
vt 0.237371 0.263120
vt 0.214103 0.225666
vt 0.122037 0.254306
vt 0.133374 0.270923
vt 0.144624 0.266975
vt 0.146382 0.251830
vt 0.154666 0.233433
vt 0.137099 0.105829
vt 0.149295 0.057318
vt 0.118297 0.105243
vt 0.082225 0.173632
vt 0.107033 0.085784
vt 0.338279 0.814198
vt 0.363521 0.815216
vt 0.344024 0.787065
vt 0.401885 0.768970
vt 0.400444 0.782565
vt 0.410507 0.787861
vt 0.407660 0.762076
vt 1.293822 1.365199
vt 1.278042 1.388350
vt 1.293613 1.344490
vt 1.293845 1.325896
vt 1.248406 1.353866
vt 0.608085 0.992879
vt 0.635722 0.993063
vt 0.618370 1.017089
vt 0.586070 0.973777
vt 0.208811 0.945279
vt 0.201616 0.994537
vt 0.092953 0.987104
vt 0.029712 0.967461
vt 0.001703 0.846806
vt 0.313296 0.608162
vt 0.545431 0.751517
vt 0.573601 0.728210
vt 0.534931 0.760378
vt 0.873633 0.360096
vt 0.998578 0.426647
vt 0.918892 0.697450
vt 0.797258 0.696208
vt 0.727150 0.715584
vt 1.062793 1.227789
vt 0.683409 0.677402
vt 0.674564 0.666540
vt 0.674149 0.604348
vt 0.176758 0.234032
vt 0.186282 0.255739
vt 0.154153 0.258945
vt 0.194259 0.235680
vt 0.158575 0.248951
vt 0.186274 0.255741
vt 0.176758 0.234032
vt 0.154153 0.258945
vt 0.194260 0.235681
vt 0.158573 0.248954
s 1
usemtl defaultSG
f 3/1/1 1/2/2 2/3/3
f 4/4/4 3/1/1 2/3/3
f 5/5/5 3/1/1 4/4/4
f 6/6/6 5/5/5 4/4/4
f 8/7/7 1/2/2 3/1/1
f 7/8/8 4/4/4 2/3/3
f 9/9/9 10/10/10 11/11/11
f 10/10/10 12/12/12 11/11/11
f 13/13/13 12/12/12 10/10/10
f 14/14/14 9/9/9 11/11/11
f 17/15/15 16/16/16 15/17/17
f 18/5/18 17/15/15 15/17/17
f 19/6/19 18/5/18 15/17/17
f 15/17/17 16/16/16 20/18/20
f 21/19/21 16/16/16 17/15/15
f 22/20/22 15/17/17 20/18/20
f 23/21/23 25/22/24 24/23/25
f 25/22/24 26/24/26 24/23/25
f 25/22/24 27/5/27 26/24/26
f 27/5/27 28/6/28 26/24/26
f 23/21/23 30/25/29 25/22/24
f 26/24/26 29/26/30 24/23/25
f 32/27/31 31/28/32 33/29/33
f 34/30/34 32/27/31 33/29/33
f 34/30/34 35/31/35 32/27/31
f 31/28/32 36/32/36 33/29/33
f 39/33/37 38/34/38 37/35/39
f 38/34/38 40/5/40 37/35/39
f 40/5/40 41/6/41 37/35/39
f 39/33/37 37/35/39 42/36/42
f 37/35/39 43/37/43 42/36/42
f 39/33/37 44/38/44 38/34/38
f 49/39/45 48/40/46 47/41/47
f 50/42/48 48/40/46 49/39/45
f 47/41/47 48/40/46 51/43/49
f 48/40/46 52/44/50 51/43/49
f 54/45/51 52/44/50 53/46/52
f 54/45/51 55/47/53 52/44/50
f 55/47/53 51/43/49 52/44/50
f 49/39/45 56/48/54 50/42/48
f 57/49/55 58/50/56 60/51/57
f 58/50/56 59/52/58 60/51/57
f 59/52/58 67/53/59 60/51/57
f 59/52/58 61/54/60 67/53/59
f 60/51/57 50/42/48 57/49/55
f 50/42/48 56/48/54 57/49/55
f 48/40/46 50/42/48 63/55/61
f 64/56/62 48/40/46 63/55/61
f 64/56/62 65/57/63 48/40/46
f 63/55/61 50/42/48 60/51/57
f 66/58/64 63/55/61 60/51/57
f 66/58/64 60/51/57 67/53/59
f 67/53/59 69/59/65 68/60/66
f 69/59/65 67/53/59 61/54/60
f 73/61/67 71/62/68 72/63/69
f 70/64/70 71/62/68 73/61/67
f 74/65/71 76/66/72 75/67/73
f 76/66/72 77/68/74 75/67/73
f 76/66/72 74/65/71 78/69/75
f 74/65/71 79/70/76 78/69/75
f 78/69/75 79/70/76 80/71/77
f 80/71/77 79/70/76 81/72/78
f 81/72/78 83/73/79 82/74/80
f 83/73/79 81/72/78 79/70/76
f 82/74/80 83/73/79 84/75/81
f 83/73/79 86/76/82 84/75/81
f 86/76/82 87/77/83 84/75/81
f 84/75/81 87/77/83 85/78/84
f 89/79/85 88/80/86 85/78/87
f 89/79/85 90/81/88 91/82/89
f 88/80/86 89/79/85 91/82/89
f 92/83/90 91/82/89 90/81/88
f 97/84/91 96/85/92 103/86/93
f 95/87/94 103/86/93 96/85/92
f 109/88/95 97/84/91 103/86/93
f 108/89/96 97/84/91 109/88/95
f 99/90/97 98/91/98 104/92/99
f 104/92/99 98/91/98 108/89/96
f 101/93/100 100/94/101 105/95/102
f 106/96/103 105/95/102 100/94/101
f 107/97/104 106/96/103 100/94/101
f 99/90/97 107/97/104 100/94/101
f 111/98/105 110/99/106 95/87/94
f 112/100/107 111/98/105 95/87/94
f 93/101/108 95/87/94 94/102/109
f 93/101/108 112/100/107 95/87/94
f 113/103/110 112/100/107 93/101/108
f 93/101/108 92/83/90 113/103/110
f 113/103/110 92/83/90 90/81/88
f 108/89/96 98/91/98 97/84/91
f 104/92/99 107/97/104 99/90/97
f 123/104/111 117/105/112 116/106/113
f 124/107/114 123/104/111 116/106/113
f 124/107/114 116/106/113 125/108/115
f 116/106/113 114/109/116 125/108/115
f 114/109/116 115/110/117 125/108/115
f 115/110/117 126/111/118 125/108/115
f 125/108/115 126/111/118 127/112/119
f 115/110/117 121/113/120 126/111/118
f 122/114/121 126/111/118 121/113/120
f 128/115/122 118/116/123 117/105/112
f 119/117/124 118/116/123 128/115/122
f 119/117/124 128/115/122 129/118/125
f 120/119/126 119/117/124 129/118/125
f 120/119/126 129/118/125 130/120/127
f 123/104/111 128/115/122 117/105/112
f 129/118/125 132/121/128 130/120/127
f 130/120/127 132/121/128 133/122/129
f 131/123/130 130/120/127 133/122/129
f 136/124/131 137/125/132 138/126/133
f 138/126/133 137/125/132 139/127/134
f 140/128/135 136/124/131 138/126/133
f 137/125/132 141/129/136 139/127/134
f 140/128/135 135/130/137 136/124/131
f 134/131/138 135/130/137 140/128/135
f 142/132/139 134/131/138 140/128/135
f 142/132/139 143/133/140 134/131/138
f 133/122/129 134/131/138 143/133/140
f 131/123/130 133/122/129 143/133/140
f 147/134/141 145/135/142 146/136/143
f 148/137/144 145/135/145 144/138/146
f 145/135/142 149/139/147 146/136/143
f 150/140/148 146/136/143 149/139/147
f 151/141/149 146/136/143 150/140/148
f 102/142/150 151/141/149 150/140/148
f 151/141/149 102/142/150 101/93/100
f 105/95/102 151/141/149 101/93/100
f 95/87/94 110/99/106 103/86/93
f 155/143/151 153/144/152 154/145/153
f 154/145/153 153/144/152 152/146/154
f 156/147/155 155/143/151 154/145/153
f 159/148/156 157/149/157 158/150/158
f 157/149/157 159/148/156 161/151/159
f 159/148/156 162/152/160 161/151/159
f 159/148/156 163/153/161 162/152/160
f 164/154/162 162/152/160 163/153/161
f 165/155/163 152/146/154 163/153/161
f 163/153/161 152/146/154 164/154/162
f 164/154/162 152/146/154 153/144/152
f 163/153/161 159/148/156 160/156/164
f 156/147/155 158/150/158 155/143/151
f 155/143/151 158/150/158 157/149/157
f 167/157/165 166/158/166 168/159/167
f 168/159/167 166/158/166 169/160/168
f 168/159/167 169/160/168 170/161/169
f 169/160/168 171/162/170 170/161/169
f 175/163/171 174/164/172 173/165/173
f 177/166/174 173/165/173 172/167/175
f 176/168/176 177/166/174 172/167/175
f 173/165/173 177/166/174 175/163/171
f 177/166/174 178/169/177 175/163/171
f 175/163/171 178/169/177 184/170/178
f 175/163/171 184/170/178 179/171/179
f 179/171/179 184/170/178 180/172/180
f 180/172/180 184/170/178 185/173/181
f 180/172/180 185/173/181 186/174/182
f 181/175/183 180/172/180 186/174/182
f 187/176/184 181/175/183 186/174/182
f 187/176/184 182/177/185 181/175/183
f 187/176/184 188/178/186 182/177/185
f 182/177/185 188/178/186 189/179/187
f 183/180/188 182/177/185 189/179/187
f 187/176/184 190/181/189 188/178/186
f 190/181/189 191/182/190 188/178/186
f 191/182/190 190/181/189 193/183/191
f 193/183/191 190/181/189 54/45/51
f 191/182/190 193/183/191 192/184/192
f 55/47/53 194/185/193 51/43/49
f 51/43/49 194/185/193 47/41/47
f 176/168/176 172/167/175 199/186/194
f 198/187/195 195/188/196 200/189/197
f 200/189/197 195/188/196 196/190/198
f 201/191/199 200/189/197 196/190/198
f 201/191/199 196/190/198 197/192/200
f 202/193/201 201/191/199 197/192/200
f 203/194/202 202/193/201 197/192/200
f 203/194/202 197/192/200 204/195/203
f 205/196/204 206/197/205 207/198/206
f 206/197/205 208/199/207 207/198/206
f 192/184/192 207/198/206 208/199/207
f 53/46/52 207/198/206 54/45/51
f 209/200/208 192/184/192 208/199/207
f 207/198/206 192/184/192 193/183/191
f 54/45/51 207/198/206 193/183/191
f 52/44/50 48/40/46 210/201/209
f 210/201/209 211/202/210 52/44/50
f 53/46/52 52/44/50 211/202/210
f 48/40/46 65/57/63 210/201/209
f 212/203/211 207/198/206 53/46/52
f 62/204/212 61/54/60 59/52/58
f 213/205/213 215/206/214 214/207/215
f 215/206/214 216/208/216 214/207/215
f 213/205/213 217/209/217 218/210/218
f 215/206/214 213/205/213 218/210/218
f 217/209/217 219/211/219 218/210/218
f 218/210/218 219/211/219 220/212/220
f 221/213/221 222/214/222 219/211/219
f 223/215/223 220/212/220 219/211/219
f 222/214/222 223/215/223 219/211/219
f 228/216/224 227/217/225 226/218/226
f 228/216/224 229/219/227 227/217/225
f 228/216/224 226/218/226 230/220/228
f 231/221/229 228/216/224 230/220/228
f 233/222/230 232/223/231 231/221/229
f 230/220/228 233/222/230 231/221/229
f 234/224/232 227/217/225 229/219/227
f 234/224/232 229/219/227 235/225/233
f 236/226/234 235/225/233 238/227/235
f 229/219/227 238/227/235 235/225/233
f 237/228/236 236/226/234 238/227/235
f 245/229/237 237/228/236 238/227/235
f 239/230/238 237/228/236 245/229/237
f 229/219/227 241/231/239 238/227/235
f 229/219/227 228/216/224 241/231/239
f 228/216/224 242/232/240 241/231/239
f 243/233/241 242/232/240 228/216/224
f 241/231/239 244/234/242 238/227/235
f 238/227/235 244/234/242 245/229/237
f 247/235/243 245/229/237 246/236/244
f 245/229/237 247/235/243 239/230/238
f 249/237/245 251/238/246 250/239/247
f 249/237/245 248/240/248 251/238/246
f 254/241/249 252/242/250 253/243/251
f 255/244/252 254/241/249 253/243/251
f 252/242/250 254/241/249 256/245/253
f 257/246/254 252/242/250 256/245/253
f 257/246/254 256/245/253 258/247/255
f 257/246/254 258/247/255 259/248/256
f 261/249/257 259/248/256 260/250/258
f 259/248/256 261/249/257 257/246/254
f 261/249/257 260/250/258 262/251/259
f 264/252/260 261/249/257 262/251/259
f 265/253/261 264/252/260 262/251/259
f 265/253/261 262/251/259 263/254/262
f 266/255/263 267/256/264 263/254/265
f 267/256/264 266/255/263 268/257/266
f 269/258/267 267/256/264 268/257/266
f 268/257/266 270/259/268 269/258/267
f 274/260/269 275/261/270 280/262/271
f 280/262/271 273/263/272 274/260/269
f 275/261/270 286/264/273 280/262/271
f 277/265/274 278/266/275 281/267/276
f 278/266/275 282/268/277 281/267/276
f 283/269/278 281/267/276 282/268/277
f 287/270/279 272/271/280 273/263/272
f 288/272/281 271/273/282 272/271/283
f 271/273/282 288/272/281 270/259/284
f 277/265/274 281/267/276 276/274/285
f 285/275/286 276/274/285 281/267/276
f 276/274/285 285/275/286 286/264/273
f 276/274/285 286/264/273 275/261/270
f 292/276/287 298/277/288 291/278/289
f 298/277/288 299/279/290 291/278/289
f 291/278/289 299/279/290 300/280/291
f 289/281/292 291/278/289 300/280/291
f 290/282/293 289/281/292 300/280/291
f 301/283/294 290/282/293 300/280/291
f 301/283/294 300/280/291 302/284/295
f 296/285/296 290/282/293 301/283/294
f 301/283/294 297/286/297 296/285/296
f 303/287/298 298/277/288 292/276/287
f 293/288/299 294/289/300 303/287/298
f 303/287/298 294/289/300 304/290/301
f 294/289/300 295/291/302 304/290/301
f 304/290/301 295/291/302 305/292/303
f 293/288/299 303/287/298 292/276/287
f 307/293/304 304/290/301 305/292/303
f 305/292/303 306/294/305 308/295/306
f 307/293/304 305/292/303 308/295/306
f 312/296/307 311/297/308 313/298/309
f 312/296/307 313/298/309 314/299/310
f 311/297/308 315/128/311 313/298/309
f 316/300/312 312/296/307 314/299/310
f 310/301/313 315/128/311 311/297/308
f 309/302/314 317/303/315 315/128/311
f 310/301/313 309/302/314 315/128/311
f 318/304/316 317/303/315 309/302/314
f 308/295/306 306/294/305 318/304/316
f 309/302/314 308/295/306 318/304/316
f 322/305/317 321/306/318 319/307/319
f 320/308/320 322/305/317 319/307/319
f 320/308/320 324/309/321 322/305/317
f 324/309/321 323/310/322 322/305/317
f 324/309/321 284/311/323 323/310/322
f 284/311/323 279/312/324 323/310/322
f 279/312/324 284/311/323 278/266/275
f 284/311/323 282/268/277 278/266/275
f 287/270/279 273/263/272 280/262/271
f 326/313/325 328/314/326 327/315/327
f 326/313/325 327/315/327 325/316/328
f 328/314/326 329/317/329 327/315/327
f 330/318/330 332/319/331 331/320/332
f 332/319/331 330/318/330 334/321/333
f 335/322/334 332/319/331 334/321/333
f 336/323/335 332/319/331 335/322/334
f 335/322/334 337/154/336 336/323/335
f 325/316/328 338/324/337 336/323/335
f 325/316/328 336/323/335 337/154/336
f 325/316/328 337/154/336 326/313/325
f 331/320/332 329/317/329 328/314/326
f 331/320/332 328/314/326 330/318/330
f 332/319/331 336/323/335 333/325/338
f 339/326/339 340/157/340 341/327/341
f 339/326/339 341/327/341 342/328/342
f 342/328/342 341/327/341 343/329/343
f 344/330/344 342/328/342 343/329/343
f 349/331/345 348/332/346 345/333/347
f 346/334/348 349/331/345 345/333/347
f 349/331/345 346/334/348 347/335/349
f 352/336/350 349/331/345 357/337/351
f 349/331/345 350/338/352 357/337/351
f 349/331/345 347/335/349 350/338/352
f 357/337/351 350/338/352 358/339/353
f 358/339/353 350/338/352 351/340/354
f 358/339/353 351/340/354 359/341/355
f 359/341/355 351/340/354 360/342/356
f 351/340/354 353/343/357 360/342/356
f 360/342/356 353/343/357 354/344/358
f 354/344/358 361/345/359 360/342/356
f 355/346/360 361/345/359 354/344/358
f 362/347/361 361/345/359 355/346/360
f 362/347/361 355/346/360 363/348/362
f 355/346/360 356/349/363 363/348/362
f 364/350/364 361/345/359 362/347/361
f 365/351/365 364/350/364 362/347/361
f 364/350/364 365/351/365 367/352/366
f 364/350/364 367/352/366 232/223/231
f 367/352/366 365/351/365 366/353/367
f 368/354/368 233/222/230 230/220/228
f 368/354/368 230/220/228 226/218/226
f 371/355/369 232/223/231 367/352/366
f 366/353/367 369/356/370 370/357/371
f 371/355/369 366/353/367 370/357/371
f 371/355/369 231/221/229 232/223/231
f 370/357/371 372/358/372 371/355/369
f 372/358/372 373/359/373 371/355/369
f 228/216/224 231/221/229 374/360/374
f 375/361/375 374/360/374 231/221/229
f 231/221/229 376/362/376 375/361/375
f 231/221/229 371/355/369 376/362/376
f 243/233/241 228/216/224 374/360/374
f 371/355/369 377/363/377 376/362/376
f 382/364/378 345/333/347 383/365/379
f 345/333/347 348/332/346 383/365/379
f 382/364/378 383/365/379 384/366/380
f 381/367/381 382/364/378 384/366/380
f 378/368/382 381/367/381 384/366/380
f 378/368/382 384/366/380 379/369/383
f 384/366/380 385/370/384 379/369/383
f 379/369/383 385/370/384 380/371/385
f 385/370/384 386/372/386 380/371/385
f 386/372/386 387/373/387 380/371/385
f 380/371/385 387/373/387 388/374/388
f 239/230/238 240/375/389 237/228/236
f 366/353/367 371/355/369 367/352/366
f 391/376/390 389/377/391 390/378/392
f 392/379/393 391/376/390 390/378/392
f 393/380/394 389/377/391 391/376/390
f 394/381/395 393/380/394 391/376/390
f 394/381/395 391/376/390 395/382/396
f 397/383/397 396/384/398 394/381/395
f 395/382/396 398/385/399 394/381/395
f 398/385/399 397/383/397 394/381/395
f 633/386/400 635/387/401 636/388/402
f 678/389/403 640/390/404 638/391/405
f 640/390/404 641/392/406 638/391/405
f 641/392/406 643/393/407 642/394/408
f 643/393/407 645/395/409 644/396/410
f 640/390/404 646/397/411 641/392/406
f 644/396/410 642/394/408 643/393/407
f 642/394/408 644/396/410 639/398/412
f 637/399/413 642/394/408 639/398/412
f 638/391/405 642/394/408 637/399/413
f 641/392/406 642/394/408 638/391/405
f 641/392/406 647/400/414 643/393/407
f 647/400/414 648/401/415 645/395/409
f 648/401/415 647/400/414 649/402/416
f 649/402/416 647/400/414 641/392/406
f 646/397/411 649/402/416 641/392/406
f 643/393/407 647/400/414 645/395/409
f 653/403/417 654/404/418 652/405/419
f 1078/406/420 657/407/421 655/408/422
f 654/404/418 657/407/421 1078/406/420
f 654/404/418 656/409/423 657/407/421
f 657/407/421 661/410/424 658/411/425
f 657/407/421 658/411/425 659/412/426
f 655/408/422 657/407/421 659/412/426
f 661/410/424 660/413/427 658/411/425
f 656/409/423 654/404/418 653/403/417
f 661/410/424 399/414/428 660/413/427
f 656/409/423 662/415/429 657/407/421
f 666/416/430 668/417/431 667/418/432
f 664/419/433 669/420/434 665/421/435
f 663/422/436 670/423/437 666/416/430
f 666/416/430 671/424/438 668/417/431
f 670/423/437 671/424/438 666/416/430
f 663/422/436 672/425/439 670/423/437
f 662/415/429 672/425/439 663/422/436
f 665/421/435 672/425/439 662/415/429
f 665/421/435 673/426/440 672/425/439
f 669/420/434 673/426/440 665/421/435
f 509/427/441 675/428/442 674/429/443
f 509/427/441 508/430/444 675/428/442
f 508/430/444 676/431/445 675/428/442
f 636/388/402 635/387/401 676/431/445
f 637/399/413 636/388/402 676/431/445
f 507/432/446 637/399/413 508/430/444
f 676/431/445 508/430/444 637/399/413
f 679/433/447 680/434/448 677/435/449
f 680/434/448 681/436/450 677/435/449
f 677/435/449 681/436/450 638/391/405
f 681/436/450 682/437/451 638/391/405
f 638/391/405 682/437/451 678/389/403
f 682/437/451 683/438/452 678/389/403
f 681/436/450 684/439/453 682/437/451
f 682/437/451 685/440/454 683/438/452
f 686/441/455 684/439/453 681/436/450
f 684/439/453 687/442/456 682/437/451
f 684/439/453 688/443/457 687/442/456
f 688/443/457 684/439/453 686/441/455
f 682/437/451 687/442/456 685/440/454
f 690/444/458 653/403/417 689/445/459
f 653/403/417 652/405/419 689/445/459
f 689/445/459 652/405/419 634/446/460
f 691/447/461 689/445/459 634/446/460
f 652/405/419 651/448/462 634/446/460
f 634/446/460 651/448/462 633/386/400
f 651/448/462 650/449/463 633/386/400
f 635/387/401 633/386/400 650/449/463
f 691/447/461 634/446/460 717/450/464
f 717/450/464 692/451/465 691/447/461
f 692/451/465 699/452/466 693/453/467
f 693/453/467 695/454/468 694/455/469
f 696/456/470 699/452/466 692/451/465
f 693/453/467 699/452/466 697/457/471
f 696/456/470 698/458/472 699/452/466
f 693/453/467 697/457/471 695/454/468
f 697/457/471 700/459/473 695/454/468
f 699/452/466 700/459/473 697/457/471
f 698/458/472 700/459/473 699/452/466
f 701/460/474 702/461/475 689/445/459
f 702/461/475 705/462/476 703/463/477
f 703/463/477 706/464/478 704/465/479
f 707/466/480 705/462/476 702/461/475
f 703/463/477 708/467/481 706/464/478
f 705/462/476 708/467/481 703/463/477
f 707/466/480 709/468/482 705/462/476
f 705/462/476 709/468/482 708/467/481
f 656/409/423 653/403/417 710/469/483
f 710/469/483 664/419/433 656/409/423
f 664/419/433 665/421/435 656/409/423
f 665/421/435 662/415/429 656/409/423
f 653/403/417 690/444/458 710/469/483
f 690/444/458 703/463/477 710/469/483
f 702/461/475 703/463/477 690/444/458
f 689/445/459 702/461/475 690/444/458
f 703/463/477 704/465/479 710/469/483
f 689/445/459 691/447/461 701/460/474
f 691/447/461 693/453/467 701/460/474
f 692/451/465 693/453/467 691/447/461
f 693/453/467 694/455/469 701/460/474
f 720/470/484 711/471/485 636/388/402
f 637/399/413 720/470/484 636/388/402
f 712/472/486 720/470/484 637/399/413
f 636/388/402 711/471/485 633/386/400
f 711/471/485 713/473/487 633/386/400
f 712/472/486 721/474/488 720/470/484
f 714/475/489 716/476/490 715/477/491
f 714/475/489 715/477/491 634/446/460
f 713/473/487 714/475/489 633/386/400
f 633/386/400 714/475/489 634/446/460
f 634/446/460 715/477/491 717/450/464
f 639/398/412 712/472/486 637/399/413
f 719/478/492 718/479/493 714/475/489
f 713/473/487 719/478/492 714/475/489
f 714/475/489 718/479/493 716/476/490
f 720/470/484 719/478/492 711/471/485
f 720/470/484 722/480/494 719/478/492
f 722/480/494 720/470/484 721/474/488
f 711/471/485 719/478/492 713/473/487
f 671/424/438 670/423/437 672/425/439
f 666/416/430 667/418/432 399/414/428
f 661/410/424 666/416/430 399/414/428
f 663/422/436 666/416/430 661/410/424
f 657/407/421 663/422/436 661/410/424
f 662/415/429 663/422/436 657/407/421
f 727/481/495 733/482/496 726/483/497
f 728/484/498 733/482/496 727/481/495
f 723/485/499 724/486/500 730/487/501
f 724/486/500 726/483/497 730/487/501
f 729/488/502 723/485/499 730/487/501
f 729/488/502 725/489/503 723/485/499
f 729/488/502 731/490/504 725/489/503
f 733/482/496 732/491/505 726/483/497
f 728/484/498 734/492/506 733/482/496
f 726/483/497 732/491/505 730/487/501
f 734/492/506 735/493/507 733/482/496
f 735/493/507 736/494/508 733/482/496
f 737/495/509 736/494/508 735/493/507
f 736/494/508 737/495/509 732/491/505
f 733/482/496 736/494/508 732/491/505
f 732/491/505 737/495/509 730/487/501
f 737/495/509 738/496/510 730/487/501
f 737/495/509 731/490/504 738/496/510
f 730/487/501 738/496/510 729/488/502
f 729/488/502 738/496/510 731/490/504
f 741/497/511 740/498/512 739/499/513
f 723/485/499 741/497/511 739/499/513
f 741/497/511 723/485/499 725/489/503
f 723/485/499 739/499/513 724/486/500
f 724/486/500 742/500/514 726/483/497
f 727/481/495 726/483/497 743/501/515
f 743/501/515 726/483/497 742/500/514
f 744/502/516 727/481/495 743/501/515
f 745/503/517 728/484/498 727/481/495
f 748/504/518 747/505/519 746/506/520
f 746/506/520 747/505/519 651/448/462
f 747/505/519 650/449/463 651/448/462
f 504/507/521 746/506/520 505/508/522
f 504/507/521 674/429/443 746/506/520
f 746/506/520 651/448/462 749/509/523
f 505/508/522 746/506/520 749/509/523
f 674/429/443 504/507/521 509/427/441
f 746/506/520 674/429/443 748/504/518
f 750/510/524 679/433/447 677/435/449
f 677/435/449 638/391/405 511/511/525
f 511/511/525 638/391/405 637/399/413
f 637/399/413 507/432/446 511/511/525
f 677/435/449 511/511/525 512/512/526
f 510/513/527 677/435/449 512/512/526
f 510/513/527 751/514/528 677/435/449
f 506/515/529 751/514/528 510/513/527
f 751/514/528 506/515/529 502/516/530
f 503/517/531 751/514/528 502/516/530
f 480/518/532 752/519/533 479/520/534
f 480/518/532 481/521/535 753/522/536
f 481/521/535 754/523/537 753/522/536
f 755/524/538 753/522/536 754/523/537
f 753/522/536 756/525/539 480/518/532
f 755/524/538 757/526/540 753/522/536
f 758/527/541 760/528/542 759/529/543
f 761/530/544 757/526/540 758/527/541
f 761/530/544 758/527/541 762/531/545
f 761/530/544 762/531/545 763/532/546
f 761/530/544 763/532/546 764/533/547
f 764/533/547 763/532/546 766/534/548
f 765/535/549 762/531/545 759/529/543
f 762/531/545 758/527/541 759/529/543
f 760/528/542 767/536/550 759/529/543
f 770/537/551 772/538/552 771/539/553
f 769/540/554 766/534/548 768/541/555
f 766/534/548 769/540/554 773/542/556
f 478/543/557 752/519/533 773/542/556
f 480/518/532 756/525/539 752/519/533
f 776/544/558 774/545/559 777/546/560
f 774/545/559 775/547/561 777/546/560
f 497/548/562 773/542/556 776/544/558
f 776/544/558 773/542/556 774/545/559
f 777/546/560 775/547/561 778/549/563
f 497/548/562 478/543/557 773/542/556
f 777/546/560 778/549/563 779/550/564
f 496/551/565 777/546/560 779/550/564
f 496/551/565 779/550/564 501/552/566
f 496/551/565 776/544/558 777/546/560
f 478/543/557 479/520/534 752/519/533
f 755/524/538 485/553/567 780/554/568
f 485/553/567 755/524/538 754/523/537
f 782/555/569 781/556/570 482/557/571
f 498/558/572 782/555/569 482/557/571
f 499/559/573 783/560/574 782/555/569
f 499/559/573 782/555/569 498/558/572
f 499/559/573 403/561/575 783/560/574
f 404/562/576 403/561/575 499/559/573
f 500/563/577 404/562/576 499/559/573
f 403/561/575 402/564/578 783/560/574
f 783/560/574 402/564/578 782/555/569
f 402/564/578 401/565/579 782/555/569
f 782/555/569 401/565/579 781/556/570
f 781/556/570 401/565/579 400/566/580
f 484/567/581 784/568/582 486/569/583
f 784/568/582 785/570/584 486/569/583
f 785/570/584 786/571/585 486/569/583
f 786/571/585 494/572/586 488/573/587
f 494/572/586 491/574/588 488/573/587
f 486/569/583 786/571/585 487/575/589
f 487/575/589 786/571/585 488/573/587
f 494/572/586 786/571/585 495/576/590
f 786/571/585 785/570/584 495/576/590
f 495/576/590 785/570/584 400/566/580
f 784/568/582 400/566/580 785/570/584
f 781/556/570 400/566/580 784/568/582
f 789/577/591 788/578/592 787/579/593
f 790/580/594 787/579/593 775/547/561
f 787/579/593 790/580/594 789/577/591
f 771/539/553 772/538/552 790/580/594
f 790/580/594 791/581/595 789/577/591
f 772/538/552 791/581/595 790/580/594
f 772/538/552 792/582/596 791/581/595
f 771/539/553 790/580/594 775/547/561
f 775/547/561 787/579/593 778/549/563
f 774/545/559 771/539/553 775/547/561
f 770/537/551 771/539/553 774/545/559
f 773/542/556 770/537/551 774/545/559
f 769/540/554 770/537/551 773/542/556
f 789/577/591 791/581/595 793/583/597
f 797/584/598 794/585/599 796/586/600
f 797/584/598 798/587/601 794/585/599
f 795/588/602 428/589/603 799/590/604
f 799/590/604 428/589/603 800/591/605
f 428/589/603 794/585/599 800/591/605
f 794/585/599 798/587/601 800/591/605
f 829/592/606 800/591/605 798/587/601
f 433/593/607 798/587/601 797/584/598
f 430/594/608 431/595/609 796/586/600
f 796/586/600 794/585/599 430/594/608
f 429/596/610 430/594/608 794/585/599
f 428/589/603 429/596/610 794/585/599
f 428/589/603 795/588/602 427/597/611
f 427/597/611 795/588/602 426/598/612
f 801/599/613 426/598/612 795/588/602
f 802/600/614 426/598/612 801/599/613
f 425/601/615 426/598/612 802/600/614
f 802/600/614 804/602/616 425/601/615
f 802/600/614 803/603/617 804/602/616
f 806/604/618 415/605/619 805/606/620
f 415/605/619 417/607/621 805/606/620
f 806/604/618 807/608/622 415/605/619
f 415/605/619 807/608/622 414/609/623
f 807/608/622 809/610/624 808/611/625
f 807/608/622 806/604/618 809/610/624
f 808/611/625 810/612/626 807/608/622
f 807/608/622 810/612/626 414/609/623
f 414/609/623 810/612/626 413/613/627
f 413/613/627 810/612/626 411/614/628
f 810/612/626 811/615/629 411/614/628
f 412/616/630 411/614/628 811/615/629
f 812/617/631 412/616/630 811/615/629
f 813/618/632 812/617/631 811/615/629
f 814/619/633 813/618/632 811/615/629
f 815/620/634 813/618/632 814/619/633
f 810/612/626 814/619/633 811/615/629
f 814/619/633 810/612/626 816/621/635
f 816/621/635 810/612/626 817/622/636
f 817/622/636 818/623/637 816/621/635
f 819/624/638 820/625/639 818/623/637
f 816/621/635 818/623/637 820/625/639
f 808/611/625 817/622/636 810/612/626
f 821/626/640 823/627/641 822/628/642
f 819/624/638 823/627/641 821/626/640
f 819/624/638 821/626/640 820/625/639
f 824/629/643 825/630/644 826/631/645
f 826/631/645 459/632/646 458/633/647
f 826/631/645 460/634/648 459/632/646
f 828/635/649 800/591/605 827/636/650
f 829/592/606 827/636/650 800/591/605
f 829/592/606 830/637/651 827/636/650
f 830/637/651 825/630/644 827/636/650
f 800/591/605 828/635/649 799/590/604
f 831/638/652 801/599/613 795/588/602
f 834/639/653 833/640/654 832/641/655
f 834/639/653 832/641/655 835/642/656
f 831/638/652 835/642/656 832/641/655
f 836/643/657 838/644/658 837/645/659
f 831/638/652 839/646/660 835/642/656
f 832/641/655 801/599/613 831/638/652
f 799/590/604 831/638/652 795/588/602
f 840/647/661 799/590/604 828/635/649
f 825/630/644 841/648/662 827/636/650
f 841/648/662 828/635/649 827/636/650
f 831/638/652 799/590/604 840/647/661
f 840/647/661 839/646/660 831/638/652
f 839/646/660 836/643/657 835/642/656
f 841/648/662 842/649/663 828/635/649
f 842/649/663 840/647/661 828/635/649
f 838/644/658 836/643/657 839/646/660
f 840/647/661 842/649/663 838/644/658
f 839/646/660 840/647/661 838/644/658
f 846/650/664 845/651/665 844/652/666
f 846/650/664 844/652/666 847/653/667
f 850/654/668 851/655/669 849/656/670
f 849/656/670 851/655/669 852/657/671
f 1065/658/672 853/659/673 849/656/670
f 852/657/671 1065/658/672 849/656/670
f 846/650/664 1065/658/672 852/657/671
f 848/660/674 846/650/664 852/657/671
f 852/657/671 851/655/669 854/661/675
f 848/660/674 1073/662/676 846/650/664
f 846/650/664 1073/662/676 845/651/665
f 855/663/677 852/657/671 854/661/675
f 848/660/674 852/657/671 855/663/677
f 856/664/678 848/660/674 855/663/677
f 407/665/679 848/660/674 856/664/678
f 857/666/680 407/665/679 856/664/678
f 407/665/679 857/666/680 408/667/681
f 859/668/682 858/669/683 407/665/679
f 406/670/684 859/668/682 407/665/679
f 861/671/685 858/669/683 859/668/682
f 860/672/686 861/671/685 859/668/682
f 860/672/686 862/673/687 861/671/685
f 862/673/687 1071/674/688 861/671/685
f 863/675/689 859/668/682 864/676/690
f 866/677/691 863/675/689 864/676/690
f 863/675/689 866/677/691 865/678/692
f 867/679/693 865/678/692 868/680/694
f 865/678/692 869/681/695 868/680/694
f 866/677/691 869/681/695 865/678/692
f 867/679/693 862/673/687 865/678/692
f 868/680/694 871/682/696 870/683/697
f 868/680/694 869/681/695 871/682/696
f 860/672/686 859/668/682 863/675/689
f 865/678/692 860/672/686 863/675/689
f 862/673/687 860/672/686 865/678/692
f 873/684/698 864/676/690 872/685/699
f 864/676/690 874/686/700 872/685/699
f 864/676/690 406/670/684 874/686/700
f 859/668/682 406/670/684 864/676/690
f 874/686/700 406/670/684 405/687/701
f 878/688/702 877/689/703 876/690/704
f 876/690/704 877/689/703 883/691/705
f 877/689/703 879/692/706 883/691/705
f 883/691/705 879/692/706 875/693/707
f 883/691/705 424/694/708 876/690/704
f 878/688/702 880/695/709 877/689/703
f 881/696/710 878/688/702 421/697/711
f 881/696/710 421/697/711 416/698/712
f 881/696/710 882/699/713 878/688/702
f 882/699/713 881/696/710 409/700/714
f 410/701/715 882/699/713 409/700/714
f 882/699/713 880/695/709 878/688/702
f 421/697/711 878/688/702 422/702/716
f 423/703/717 422/702/716 878/688/702
f 878/688/702 876/690/704 423/703/717
f 883/691/705 436/704/718 424/694/708
f 883/691/705 875/693/707 884/705/719
f 885/706/720 436/704/718 883/691/705
f 885/706/720 435/707/721 436/704/718
f 435/707/721 885/706/720 434/708/722
f 886/709/723 907/710/724 903/711/725
f 888/712/726 890/713/727 889/714/728
f 889/714/728 890/713/727 891/715/729
f 891/715/729 892/716/730 889/714/728
f 891/715/729 893/717/731 892/716/730
f 468/718/732 894/719/733 469/720/734
f 894/719/733 892/716/730 469/720/734
f 893/717/731 469/720/734 892/716/730
f 891/715/729 890/713/727 893/717/731
f 899/721/735 898/722/736 897/723/737
f 897/723/737 900/724/738 899/721/735
f 900/724/738 897/723/737 896/725/739
f 899/721/735 900/724/738 901/726/740
f 901/726/740 902/727/741 903/711/725
f 901/726/740 900/724/738 902/727/741
f 902/727/741 900/724/738 904/728/742
f 902/727/741 904/728/742 890/713/727
f 899/721/735 901/726/740 905/729/743
f 901/726/740 906/730/744 905/729/743
f 901/726/740 907/710/724 906/730/744
f 901/726/740 903/711/725 907/710/724
f 899/721/735 905/729/743 908/731/745
f 898/722/736 899/721/735 908/731/745
f 900/724/738 896/725/739 904/728/742
f 904/728/742 893/717/731 890/713/727
f 893/717/731 904/728/742 896/725/739
f 890/713/727 888/712/726 902/727/741
f 888/712/726 887/732/746 902/727/741
f 903/711/725 902/727/741 887/732/746
f 909/733/747 910/734/748 957/735/749
f 913/736/750 909/733/747 957/735/749
f 909/733/747 913/736/750 911/737/751
f 915/738/752 914/739/753 911/737/751
f 917/740/754 916/741/755 914/739/753
f 917/740/754 914/739/753 915/738/752
f 918/742/756 916/741/755 917/740/754
f 919/743/757 914/739/753 916/741/755
f 438/744/758 916/741/755 918/742/756
f 441/745/759 438/744/758 918/742/756
f 438/744/758 437/746/760 916/741/755
f 919/743/757 916/741/755 920/747/761
f 911/737/751 914/739/753 919/743/757
f 921/748/762 919/743/757 920/747/761
f 911/737/751 919/743/757 921/748/762
f 921/748/762 439/749/763 911/737/751
f 923/750/764 922/751/765 457/752/766
f 922/751/765 448/753/767 457/752/766
f 923/750/764 457/752/766 454/754/768
f 922/751/765 910/734/748 909/733/747
f 923/750/764 910/734/748 922/751/765
f 923/750/764 924/755/769 910/734/748
f 924/755/769 923/750/764 453/756/770
f 454/754/768 453/756/770 923/750/764
f 447/757/771 448/753/767 922/751/765
f 922/751/765 911/737/751 447/757/771
f 447/757/771 911/737/751 440/758/772
f 911/737/751 439/749/763 440/758/772
f 921/748/762 920/747/761 437/746/760
f 437/746/760 920/747/761 916/741/755
f 925/759/773 441/745/759 918/742/756
f 444/760/774 445/761/775 926/762/776
f 929/763/777 928/764/778 930/765/779
f 929/763/777 930/765/779 932/766/780
f 443/767/781 928/764/778 929/763/777
f 929/763/777 933/768/782 443/767/781
f 934/769/783 933/768/782 929/763/777
f 936/770/784 937/771/785 452/772/786
f 937/771/785 455/773/787 452/772/786
f 938/774/788 456/775/789 455/773/787
f 455/773/787 937/771/785 938/774/788
f 939/776/790 936/770/784 935/777/791
f 935/777/791 934/769/783 939/776/790
f 940/778/792 936/770/784 939/776/790
f 940/778/792 937/771/785 936/770/784
f 940/778/792 941/779/793 937/771/785
f 941/779/793 942/780/794 937/771/785
f 940/778/792 943/781/795 941/779/793
f 943/781/795 944/782/796 941/779/793
f 945/783/797 944/782/796 943/781/795
f 939/776/790 946/784/798 940/778/792
f 939/776/790 934/769/783 929/763/777
f 939/776/790 929/763/777 932/766/780
f 946/784/798 939/776/790 932/766/780
f 930/765/779 947/785/799 932/766/780
f 931/786/800 947/785/799 930/765/779
f 948/787/801 949/788/802 953/789/803
f 953/789/803 931/786/800 930/765/779
f 948/787/801 953/789/803 930/765/779
f 930/765/779 928/764/778 948/787/801
f 928/764/778 926/762/776 948/787/801
f 950/790/804 951/791/805 949/788/802
f 952/792/806 950/790/804 926/762/776
f 952/792/806 926/762/776 445/761/775
f 927/793/807 952/792/806 445/761/775
f 950/790/804 948/787/801 926/762/776
f 949/788/802 948/787/801 950/790/804
f 953/789/803 949/788/802 955/794/808
f 949/788/802 951/791/805 955/794/808
f 932/766/780 947/785/799 956/795/809
f 956/795/809 946/784/798 932/766/780
f 947/785/799 954/796/810 956/795/809
f 940/778/792 946/784/798 943/781/795
f 1074/797/811 958/798/812 957/735/749
f 913/736/750 959/799/813 960/800/814
f 915/738/752 911/737/751 961/801/815
f 915/738/752 961/801/815 962/802/816
f 913/736/750 960/800/814 911/737/751
f 962/802/816 963/803/817 915/738/752
f 963/803/817 917/740/754 915/738/752
f 982/804/818 917/740/754 963/803/817
f 982/804/818 918/742/756 917/740/754
f 962/802/816 965/805/819 964/806/820
f 966/807/821 964/806/820 965/805/819
f 968/808/822 966/807/821 967/809/823
f 969/810/824 968/808/822 967/809/823
f 969/810/824 971/811/825 970/812/826
f 969/810/824 972/813/827 971/811/825
f 972/813/827 969/810/824 973/814/828
f 974/815/829 973/814/828 969/810/824
f 970/812/826 971/811/825 975/816/830
f 971/811/825 976/817/831 975/816/830
f 974/815/829 977/818/832 973/814/828
f 978/819/833 969/810/824 970/812/826
f 969/810/824 978/819/833 979/820/834
f 968/808/822 969/810/824 979/820/834
f 980/821/835 968/808/822 979/820/834
f 982/804/818 981/822/836 968/808/822
f 982/804/818 964/806/820 981/822/836
f 984/823/837 982/804/818 983/824/838
f 918/742/756 982/804/818 984/823/837
f 964/806/820 982/804/818 963/803/817
f 963/803/817 962/802/816 964/806/820
f 966/807/821 981/822/836 964/806/820
f 981/822/836 966/807/821 968/808/822
f 988/825/839 985/826/840 987/827/841
f 985/826/840 986/828/842 989/829/843
f 986/828/842 990/830/844 989/829/843
f 989/829/843 990/830/844 991/831/845
f 992/832/846 989/829/843 991/831/845
f 991/831/845 993/833/847 992/832/846
f 989/829/843 992/832/846 994/834/848
f 987/827/841 989/829/843 994/834/848
f 985/826/840 989/829/843 987/827/841
f 993/833/847 974/815/829 992/832/846
f 995/835/849 977/818/832 974/815/829
f 993/833/847 995/835/849 974/815/829
f 992/832/846 974/815/829 996/836/850
f 987/827/841 994/834/848 999/837/851
f 997/838/852 987/827/841 999/837/851
f 987/827/841 997/838/852 988/825/839
f 998/839/853 960/800/814 994/834/848
f 998/839/853 961/801/815 960/800/814
f 911/737/751 960/800/814 961/801/815
f 913/736/750 957/735/749 959/799/813
f 957/735/749 1000/840/854 959/799/813
f 957/735/749 958/798/812 1000/840/854
f 999/837/851 994/834/848 960/800/814
f 959/799/813 999/837/851 960/800/814
f 997/838/852 999/837/851 959/799/813
f 997/838/852 1000/840/854 1001/841/855
f 988/825/839 997/838/852 1001/841/855
f 1000/840/854 997/838/852 959/799/813
f 1002/842/856 1001/841/855 1000/840/854
f 1002/842/856 1000/840/854 958/798/812
f 1005/843/857 1004/844/858 1003/845/859
f 1004/844/858 1005/843/857 1017/846/860
f 1007/847/861 1003/845/859 1004/844/858
f 1007/847/861 1006/848/862 1003/845/859
f 1008/849/863 1010/850/864 1006/848/862
f 1007/847/861 1008/849/863 1006/848/862
f 1009/851/865 1006/848/862 1010/850/864
f 1010/850/864 1011/852/866 1009/851/865
f 1012/853/867 1009/851/865 1011/852/866
f 1010/850/864 1008/849/863 1013/854/868
f 1014/855/869 1011/852/866 1010/850/864
f 1015/856/870 1020/857/871 1016/858/872
f 1016/858/872 1018/859/873 1017/846/860
f 1019/860/874 1018/859/873 1020/857/871
f 1020/857/871 1018/859/873 1016/858/872
f 1020/857/871 1021/861/875 1019/860/874
f 1021/861/875 1020/857/871 1022/862/876
f 1021/861/875 1023/863/877 1019/860/874
f 1015/856/870 1022/862/876 1020/857/871
f 1022/862/876 1015/856/870 1012/853/867
f 1012/853/867 1015/856/870 1009/851/865
f 1026/864/878 1025/865/879 1024/866/880
f 1027/867/881 1026/864/878 1024/866/880
f 1028/868/882 1024/866/880 1025/865/879
f 1028/868/882 1029/869/883 1024/866/880
f 1031/870/884 1024/866/880 1030/871/885
f 1029/869/883 1032/872/886 1024/866/880
f 1033/873/887 1030/871/885 1024/866/880
f 1034/874/888 1033/873/887 1024/866/880
f 1034/874/888 1024/866/880 1032/872/886
f 1032/872/886 1035/875/889 1034/874/888
f 1036/876/890 1037/877/891 1034/874/888
f 1038/878/892 1036/876/890 1034/874/888
f 1039/879/893 1038/878/892 1034/874/888
f 1040/880/894 1039/879/893 1034/874/888
f 1035/875/889 1040/880/894 1034/874/888
f 1041/881/895 1042/882/896 1043/883/897
f 1042/882/896 1041/881/895 463/884/898
f 1043/883/897 1042/882/896 898/722/736
f 898/722/736 1042/882/896 471/885/899
f 897/723/737 898/722/736 471/885/899
f 897/723/737 471/885/899 896/725/739
f 471/885/899 1042/882/896 462/886/900
f 463/884/898 462/886/900 1042/882/896
f 1041/881/895 1044/887/901 463/884/898
f 1044/887/901 1045/888/902 464/889/903
f 465/890/904 464/889/903 1045/888/902
f 1045/888/902 894/719/733 466/891/905
f 463/884/898 1044/887/901 464/889/903
f 894/719/733 1045/888/902 895/892/906
f 465/890/904 1045/888/902 466/891/905
f 468/718/732 467/893/907 894/719/733
f 467/893/907 466/891/905 894/719/733
f 1043/883/897 898/722/736 908/731/745
f 469/720/734 893/717/731 470/894/908
f 896/725/739 471/885/899 470/894/908
f 470/894/908 893/717/731 896/725/739
f 894/719/733 1046/895/909 892/716/730
f 1046/895/909 889/714/728 892/716/730
f 1047/896/910 889/714/728 1046/895/909
f 1047/896/910 888/712/726 889/714/728
f 1048/897/911 903/711/725 887/732/746
f 886/709/723 903/711/725 1048/897/911
f 895/892/906 1049/898/912 1046/895/909
f 1046/895/909 1050/899/913 1047/896/910
f 1050/899/913 1046/895/909 1049/898/912
f 895/892/906 1046/895/909 894/719/733
f 420/900/914 805/606/620 418/901/915
f 417/607/621 418/901/915 805/606/620
f 420/900/914 418/901/915 419/902/916
f 805/606/620 420/900/914 804/602/616
f 804/602/616 420/900/914 425/601/615
f 803/603/617 833/640/654 474/903/917
f 472/904/918 803/603/617 474/903/917
f 804/602/616 803/603/617 472/904/918
f 473/905/919 804/602/616 472/904/918
f 805/606/620 804/602/616 473/905/919
f 473/905/919 1051/906/920 805/606/620
f 809/610/624 806/604/618 1051/906/920
f 1051/906/920 806/604/618 805/606/620
f 476/907/921 475/908/922 474/903/917
f 833/640/654 476/907/921 474/903/917
f 476/907/921 833/640/654 834/639/653
f 477/909/923 476/907/921 834/639/653
f 1054/910/924 1056/911/925 1055/912/926
f 1053/913/927 1052/914/928 1057/915/929
f 1058/916/930 1053/913/927 1057/915/929
f 1057/915/929 1052/914/928 1054/910/924
f 1057/915/929 1054/910/924 1055/912/926
f 1059/917/931 1057/915/929 1055/912/926
f 1013/854/868 1053/913/927 1058/916/930
f 1060/918/932 1013/854/868 1058/916/930
f 1013/854/868 1060/918/932 1010/850/864
f 1014/855/869 1010/850/864 1060/918/932
f 1009/851/865 1003/845/859 1006/848/862
f 1005/843/857 1003/845/859 1009/851/865
f 1015/856/870 1005/843/857 1009/851/865
f 1015/856/870 1016/858/872 1005/843/857
f 1017/846/860 1005/843/857 1016/858/872
f 762/531/545 1061/919/933 763/532/546
f 1062/920/934 1061/919/933 762/531/545
f 1062/920/934 762/531/545 765/535/549
f 763/532/546 1061/919/933 1063/921/935
f 763/532/546 1063/921/935 1064/922/936
f 766/534/548 763/532/546 1064/922/936
f 766/534/548 1064/922/936 768/541/555
f 1065/658/672 847/653/667 1066/923/937
f 846/650/664 847/653/667 1065/658/672
f 1066/923/937 847/653/667 1067/924/938
f 1067/924/938 847/653/667 1068/925/939
f 1069/926/940 1068/925/939 847/653/667
f 844/652/666 1069/926/940 847/653/667
f 844/652/666 1070/927/941 1069/926/940
f 845/651/665 861/671/685 1071/674/688
f 1071/674/688 1072/928/942 845/651/665
f 845/651/665 1072/928/942 843/929/943
f 843/929/943 844/652/666 845/651/665
f 861/671/685 845/651/665 858/669/683
f 848/660/674 407/665/679 858/669/683
f 848/660/674 858/669/683 1073/662/676
f 845/651/665 1073/662/676 858/669/683
f 957/735/749 910/734/748 1074/797/811
f 830/637/651 460/634/648 826/631/645
f 830/637/651 826/631/645 825/630/644
f 798/587/601 830/637/651 829/592/606
f 461/930/944 460/634/648 830/637/651
f 798/587/601 461/930/944 830/637/651
f 433/593/607 461/930/944 798/587/601
f 433/593/607 797/584/598 432/931/945
f 797/584/598 796/586/600 432/931/945
f 432/931/945 796/586/600 431/595/609
f 484/567/581 483/932/946 784/568/582
f 483/932/946 781/556/570 784/568/582
f 483/932/946 482/557/571 781/556/570
f 909/733/747 911/737/751 922/751/765
f 992/832/846 998/839/853 994/834/848
f 998/839/853 996/836/850 1075/933/947
f 961/801/815 998/839/853 1075/933/947
f 961/801/815 1075/933/947 962/802/816
f 1075/933/947 965/805/819 962/802/816
f 965/805/819 1076/934/948 966/807/821
f 1076/934/948 967/809/823 966/807/821
f 967/809/823 1076/934/948 969/810/824
f 1076/934/948 974/815/829 969/810/824
f 1076/934/948 996/836/850 974/815/829
f 1076/934/948 965/805/819 1075/933/947
f 996/836/850 1076/934/948 1075/933/947
f 998/839/853 992/832/846 996/836/850
f 982/804/818 968/808/822 983/824/838
f 980/821/835 983/824/838 968/808/822
f 756/525/539 753/522/536 761/530/544
f 753/522/536 757/526/540 761/530/544
f 764/533/547 756/525/539 761/530/544
f 752/519/533 756/525/539 764/533/547
f 764/533/547 766/534/548 752/519/533
f 773/542/556 752/519/533 766/534/548
f 832/641/655 833/640/654 803/603/617
f 832/641/655 803/603/617 802/600/614
f 802/600/614 801/599/613 832/641/655
f 444/760/774 926/762/776 442/935/949
f 928/764/778 442/935/949 926/762/776
f 928/764/778 443/767/781 442/935/949
f 445/761/775 446/936/950 927/793/807
f 933/768/782 934/769/783 450/937/951
f 449/938/952 933/768/782 450/937/951
f 934/769/783 935/777/791 450/937/951
f 451/939/953 935/777/791 936/770/784
f 936/770/784 452/772/786 451/939/953
f 1023/863/877 1077/940/954 1019/860/874
f 489/941/955 492/942/956 490/943/957
f 493/944/958 490/943/957 492/942/956
f 1080/945/959 1079/946/960 1081/947/961
f 1082/948/962 1081/947/961 1079/946/960
f 1081/947/961 1082/948/962 1125/949/963
f 1082/948/962 1083/950/964 1125/949/963
f 1086/951/965 1127/952/966 1085/953/967
f 1087/954/968 1086/951/965 1085/953/967
f 1087/954/968 1085/953/967 1083/950/964
f 1089/955/969 1087/954/968 1088/956/970
f 1091/957/971 1089/955/969 1090/958/972
f 1092/959/973 1086/951/965 1087/954/968
f 1088/956/970 1090/958/972 1089/955/969
f 1090/958/972 1088/956/970 1084/960/974
f 1088/956/970 1083/950/964 1084/960/974
f 1088/956/970 1087/954/968 1083/950/964
f 1093/961/975 1087/954/968 1089/955/969
f 1094/962/976 1093/961/975 1091/957/971
f 1093/961/975 1094/962/976 1095/963/977
f 1093/961/975 1095/963/977 1087/954/968
f 1095/963/977 1092/959/973 1087/954/968
f 1093/961/975 1089/955/969 1091/957/971
f 1098/964/978 1097/965/979 1096/966/980
f 1080/945/959 1081/947/961 1099/967/981
f 1098/964/978 1096/966/980 1100/968/982
f 1096/966/980 1101/969/983 1100/968/982
f 1098/964/978 1100/968/982 1102/970/984
f 1104/971/985 1102/970/984 1103/972/986
f 1104/971/985 1098/964/978 1102/970/984
f 1104/971/985 1103/972/986 1105/973/987
f 1104/971/985 1097/965/979 1098/964/978
f 1106/974/988 1104/971/985 1105/973/987
f 1104/971/985 1106/974/988 1109/975/989
f 1107/976/990 1105/973/987 1103/972/986
f 1108/977/991 1109/975/989 1106/974/988
f 513/978/992 1109/975/989 1108/977/991
f 1110/979/993 1097/965/979 1109/975/989
f 1110/979/993 1111/980/994 1112/981/995
f 1112/981/995 1111/980/994 1122/982/996
f 1114/983/997 1110/979/993 1115/984/998
f 1117/985/999 1115/984/998 1116/986/1000
f 1110/979/993 1114/983/997 1111/980/994
f 1114/983/997 1122/982/996 1111/980/994
f 1112/981/995 1122/982/996 1119/987/1001
f 1118/988/1002 1112/981/995 1119/987/1001
f 1120/989/1003 1115/984/998 1117/985/999
f 1120/989/1003 1114/983/997 1115/984/998
f 1121/990/1004 1122/982/996 1114/983/997
f 1121/990/1004 1119/987/1001 1122/982/996
f 1124/991/1005 628/992/1006 1123/993/1007
f 628/992/1006 1124/991/1005 627/994/1008
f 627/994/1008 1124/991/1005 626/432/1009
f 1083/950/964 630/995/1010 1125/949/963
f 630/995/1010 626/432/1009 1124/991/1005
f 1124/991/1005 1125/949/963 630/995/1010
f 1083/950/964 1085/953/967 630/995/1010
f 1128/996/1011 1206/997/1012 1126/998/1013
f 1129/999/1014 1128/996/1011 1126/998/1013
f 1130/1000/1015 1129/999/1014 1126/998/1013
f 1130/1000/1015 1126/998/1013 1085/953/967
f 1130/1000/1015 1085/953/967 1127/952/966
f 1131/1001/1016 1130/1000/1015 1127/952/966
f 1130/1000/1015 1131/1001/1016 1132/1002/1017
f 1132/1002/1017 1129/999/1014 1130/1000/1015
f 1133/1003/1018 1132/1002/1017 1131/1001/1016
f 1134/1004/1019 1128/996/1011 1129/999/1014
f 1136/1005/1020 1129/999/1014 1132/1002/1017
f 1135/1006/1021 1136/1005/1020 1132/1002/1017
f 1136/1005/1020 1134/1004/1019 1129/999/1014
f 1135/1006/1021 1132/1002/1017 1133/1003/1018
f 1097/965/979 1138/1007/1022 1137/1008/1023
f 1096/966/980 1097/965/979 1137/1008/1023
f 1096/966/980 1137/1008/1023 1139/1009/1024
f 1137/1008/1023 1140/1010/1025 1139/1009/1024
f 1080/945/959 1096/966/980 1139/1009/1024
f 1139/1009/1024 1140/1010/1025 1169/1011/1026
f 1141/1012/1027 1169/1011/1026 1140/1010/1025
f 1144/1013/1028 1142/1014/1029 1143/1015/1030
f 1141/1012/1027 1142/1014/1029 1144/1013/1028
f 1149/1016/1031 1141/1012/1027 1144/1013/1028
f 1145/1017/1032 1144/1013/1028 1143/1015/1030
f 1149/1016/1031 1146/1018/1033 1141/1012/1027
f 1149/1016/1031 1144/1013/1028 1147/1019/1034
f 1148/1020/1035 1146/1018/1033 1149/1016/1031
f 1147/1019/1034 1144/1013/1028 1145/1017/1032
f 1150/1021/1036 1147/1019/1034 1145/1017/1032
f 1150/1021/1036 1149/1016/1031 1147/1019/1034
f 1150/1021/1036 1148/1020/1035 1149/1016/1031
f 1137/1008/1023 1138/1007/1022 1151/1022/1037
f 1152/1023/1038 1151/1022/1037 1138/1007/1022
f 1152/1023/1038 1153/1024/1039 1154/1025/1040
f 1155/1026/1041 1152/1023/1038 1154/1025/1040
f 1156/1027/1042 1154/1025/1040 1153/1024/1039
f 1155/1026/1041 1157/1028/1043 1152/1023/1038
f 1158/1029/1044 1154/1025/1040 1156/1027/1042
f 1158/1029/1044 1155/1026/1041 1154/1025/1040
f 1159/1030/1045 1157/1028/1043 1155/1026/1041
f 1159/1030/1045 1155/1026/1041 1158/1029/1044
f 1110/979/993 1112/981/995 1161/1031/1046
f 1110/979/993 1161/1031/1046 1097/965/979
f 1153/1024/1039 1138/1007/1022 1161/1031/1046
f 1153/1024/1039 1152/1023/1038 1138/1007/1022
f 1153/1024/1039 1161/1031/1046 1160/1032/1047
f 1142/1014/1029 1137/1008/1023 1151/1022/1037
f 1142/1014/1029 1141/1012/1027 1137/1008/1023
f 1141/1012/1027 1140/1010/1025 1137/1008/1023
f 1143/1015/1030 1142/1014/1029 1151/1022/1037
f 1162/1033/1048 1082/948/962 1079/946/960
f 1165/1034/1049 1082/948/962 1162/1033/1048
f 1165/1034/1049 1083/950/964 1082/948/962
f 1165/1034/1049 1163/1035/1050 1083/950/964
f 1163/1035/1050 1164/1036/1051 1083/950/964
f 1173/1037/1052 1163/1035/1050 1165/1034/1049
f 1166/1038/1053 1165/1034/1049 1162/1033/1048
f 1166/1038/1053 1162/1033/1048 1167/1039/1054
f 1170/1040/1055 1166/1038/1053 1167/1039/1054
f 1170/1040/1055 1167/1039/1054 1168/1041/1056
f 1171/1042/1057 1170/1040/1055 1168/1041/1056
f 1168/1041/1056 1167/1039/1054 1079/946/960
f 1167/1039/1054 1162/1033/1048 1079/946/960
f 1168/1041/1056 1079/946/960 1169/1011/1026
f 1079/946/960 1139/1009/1024 1169/1011/1026
f 1079/946/960 1080/945/959 1139/1009/1024
f 1164/1036/1051 1084/960/974 1083/950/964
f 1175/1043/1058 1170/1040/1055 1171/1042/1057
f 1175/1043/1058 1172/1044/1059 1170/1040/1055
f 1176/1045/1060 1173/1037/1052 1172/1044/1059
f 1173/1037/1052 1176/1045/1060 1174/1046/1061
f 1166/1038/1053 1170/1040/1055 1172/1044/1059
f 1173/1037/1052 1174/1046/1061 1163/1035/1050
f 1172/1044/1059 1173/1037/1052 1165/1034/1049
f 1172/1044/1059 1165/1034/1049 1166/1038/1053
f 1114/983/997 1120/989/1003 1121/990/1004
f 1116/986/1000 513/978/992 514/1047/1062
f 1116/986/1000 1113/1048/1063 513/978/992
f 1113/1048/1063 1109/975/989 513/978/992
f 1113/1048/1063 1110/979/993 1109/975/989
f 1115/984/998 1113/1048/1063 1116/986/1000
f 1115/984/998 1110/979/993 1113/1048/1063
f 1181/1049/1064 1182/1050/1065 1180/1051/1066
f 1181/1049/1064 1183/1052/1067 1182/1050/1065
f 1177/1053/1068 1184/1054/1069 1178/1055/1070
f 1185/1056/1071 1184/1054/1069 1177/1053/1068
f 1186/1057/1072 1183/1052/1067 1181/1049/1064
f 1178/1055/1070 1184/1054/1069 1187/1058/1073
f 1180/1051/1066 1178/1055/1070 1187/1058/1073
f 1188/1059/1074 1180/1051/1066 1187/1058/1073
f 1188/1059/1074 1181/1049/1064 1180/1051/1066
f 1189/1060/1075 1186/1057/1072 1181/1049/1064
f 1189/1060/1075 1181/1049/1064 1188/1059/1074
f 1190/1061/1076 1189/1060/1075 1188/1059/1074
f 1191/1062/1077 1190/1061/1076 1188/1059/1074
f 1191/1062/1077 1188/1059/1074 1187/1058/1073
f 1193/1063/1078 1191/1062/1077 1192/1064/1079
f 1191/1062/1077 1187/1058/1073 1184/1054/1069
f 1192/1064/1079 1191/1062/1077 1184/1054/1069
f 1192/1064/1079 1184/1054/1069 1185/1056/1071
f 1193/1063/1078 1192/1064/1079 1185/1056/1071
f 1179/1065/1080 1178/1055/1070 1194/1066/1081
f 1195/498/1082 1179/1065/1080 1194/1066/1081
f 1177/1053/1068 1178/1055/1070 1179/1065/1080
f 1196/1067/1083 1194/1066/1081 1178/1055/1070
f 1196/1067/1083 1178/1055/1070 1180/1051/1066
f 1197/1068/1084 1196/1067/1083 1180/1051/1066
f 1180/1051/1066 1182/1050/1065 1198/501/1085
f 1180/1051/1066 1198/501/1085 1197/1068/1084
f 1182/1050/1065 1199/502/1086 1198/501/1085
f 1183/1052/1067 1200/1069/1087 1182/1050/1065
f 1202/1070/1088 1201/1071/1089 622/1072/1090
f 1080/945/959 1099/967/981 1202/1070/1088
f 1203/1073/1091 1202/1070/1088 622/1072/1090
f 1096/966/980 1080/945/959 1203/1073/1091
f 1203/1073/1091 1080/945/959 1202/1070/1088
f 1203/1073/1091 1101/969/983 1096/966/980
f 1203/1073/1091 622/1072/1090 1205/1074/1092
f 1123/993/1007 624/1075/1093 622/1072/1090
f 1101/969/983 1203/1073/1091 1204/1076/1094
f 1204/1076/1094 1203/1073/1091 1205/1074/1092
f 624/1075/1093 1123/993/1007 628/992/1006
f 1123/993/1007 622/1072/1090 1201/1071/1089
f 1085/953/967 1126/998/1013 631/1077/1095
f 1085/953/967 631/1077/1095 630/995/1010
f 631/1077/1095 1126/998/1013 632/512/1096
f 1126/998/1013 629/513/1097 632/512/1096
f 1207/1078/1098 629/513/1097 1126/998/1013
f 1207/1078/1098 625/1079/1099 629/513/1097
f 625/1079/1099 1207/1078/1098 623/1080/1100
f 1207/1078/1098 621/1081/1101 623/1080/1100
f 1212/1082/1102 1211/1083/1103 1209/1084/1104
f 1212/1082/1102 1210/1085/1105 1211/1083/1103
f 1212/1082/1102 1209/1084/1104 594/1086/1106
f 1215/1087/1107 1214/1088/1108 1213/1089/1109
f 1217/528/1110 1215/1087/1107 1216/1090/1111
f 1215/1087/1107 1213/1089/1109 1218/1091/1112
f 1216/1090/1111 1218/1091/1112 1219/1092/1113
f 1220/1093/1114 1216/1090/1111 1219/1092/1113
f 1220/1093/1114 1219/1092/1113 1221/1094/1115
f 1220/1093/1114 1221/1094/1115 1222/1095/1116
f 1215/1087/1107 1218/1091/1112 1216/1090/1111
f 1224/536/1117 1217/528/1110 1216/1090/1111
f 1227/1096/1118 1231/1097/1119 1228/1098/1120
f 1227/1096/1118 1226/1099/1121 1231/1097/1119
f 1231/1097/1119 1229/1100/1122 1228/1098/1120
f 1222/1095/1116 1226/1099/1121 1225/1101/1123
f 1226/1099/1121 1222/1095/1116 1230/1102/1124
f 1208/1103/1125 591/1104/1126 1230/1102/1124
f 1212/1082/1102 594/1086/1106 1208/1103/1125
f 1232/1105/1127 1231/1097/1119 613/1106/1128
f 1229/1100/1122 1231/1097/1119 1232/1105/1127
f 1231/1097/1119 612/1107/1129 613/1106/1128
f 616/1108/1130 612/1107/1129 1231/1097/1119
f 1233/1109/1131 1232/1105/1127 1234/1110/1132
f 613/1106/1128 1234/1110/1132 1232/1105/1127
f 591/1104/1126 616/1108/1130 1231/1097/1119
f 1230/1102/1124 591/1104/1126 1231/1097/1119
f 615/1111/1133 612/1107/1129 616/1108/1130
f 1234/1110/1132 613/1106/1128 614/1112/1134
f 1208/1103/1125 593/1113/1135 592/1114/1136
f 592/1114/1136 591/1104/1126 1208/1103/1125
f 1208/1103/1125 594/1086/1106 593/1113/1135
f 599/1115/1137 1211/1083/1103 600/1116/1138
f 1211/1083/1103 601/1117/1139 600/1116/1138
f 599/1115/1137 595/1118/1140 1211/1083/1103
f 1211/1083/1103 595/1118/1140 1209/1084/1104
f 595/1118/1140 594/1086/1106 1209/1084/1104
f 1236/1119/1141 619/1120/1142 617/1121/1143
f 617/1121/1143 619/1120/1142 618/1122/1144
f 516/1123/1145 617/1121/1143 1235/1124/1146
f 516/1123/1145 1237/1125/1147 617/1121/1143
f 1237/1125/1147 1236/1119/1141 617/1121/1143
f 517/1126/1148 518/1127/1149 1236/1119/1141
f 517/1126/1148 1236/1119/1141 1237/1125/1147
f 518/1127/1149 620/1128/1150 1236/1119/1141
f 516/1123/1145 1238/1129/1151 515/1130/1152
f 516/1123/1145 1235/1124/1146 1238/1129/1151
f 1238/1129/1151 602/1131/1153 1239/1132/1154
f 1240/1133/1155 1239/1132/1154 602/1131/1153
f 1240/1133/1155 602/1131/1153 603/1134/1156
f 1241/1135/1157 1240/1133/1155 603/1134/1156
f 607/574/1158 610/1136/1159 606/1137/1160
f 610/1136/1159 1241/1135/1157 606/1137/1160
f 1241/1135/1157 603/1134/1156 606/1137/1160
f 1241/1135/1157 610/1136/1159 611/1138/1161
f 1240/1133/1155 1241/1135/1157 611/1138/1161
f 1240/1133/1155 611/1138/1161 515/1130/1152
f 515/1130/1152 1239/1132/1154 1240/1133/1155
f 515/1130/1152 1238/1129/1151 1239/1132/1154
f 1244/1139/1162 1243/1140/1163 1242/1141/1164
f 1245/1142/1165 1243/1140/1163 1244/1139/1162
f 1228/1098/1120 1246/1143/1166 1245/1142/1165
f 1244/1139/1162 1228/1098/1120 1245/1142/1165
f 1246/1143/1166 1229/1100/1122 1245/1142/1165
f 1245/1142/1165 1229/1100/1122 1232/1105/1127
f 1226/1099/1121 1230/1102/1124 1231/1097/1119
f 1243/1140/1163 1245/1142/1165 1232/1105/1127
f 1243/1140/1163 1232/1105/1127 1233/1109/1131
f 1229/1100/1122 1246/1143/1166 1228/1098/1120
f 1248/1144/1167 1247/1145/1168 1244/1139/1162
f 1248/1144/1167 1244/1139/1162 1249/1146/1169
f 1244/1139/1162 1242/1141/1164 1249/1146/1169
f 542/1147/1170 1251/1148/1171 1250/1149/1172
f 1251/1148/1171 1252/1150/1173 1250/1149/1172
f 1252/1150/1173 1253/1151/1174 1250/1149/1172
f 1252/1150/1173 1254/1152/1175 1255/1153/1176
f 1253/1151/1174 1252/1150/1173 1255/1153/1176
f 1255/1153/1176 1285/1154/1177 1256/1155/1178
f 1253/1151/1174 1255/1153/1176 1256/1155/1178
f 547/1156/1179 1253/1151/1174 1256/1155/1178
f 1256/1155/1178 574/1157/1180 547/1156/1179
f 545/1158/1181 1250/1149/1172 1253/1151/1174
f 545/1158/1181 544/1159/1182 1250/1149/1172
f 544/1159/1182 543/1160/1183 1250/1149/1172
f 543/1160/1183 542/1147/1170 1250/1149/1172
f 1252/1150/1173 1251/1148/1171 541/1161/1184
f 541/1161/1184 1257/1162/1185 1252/1150/1173
f 541/1161/1184 1258/1163/1186 1257/1162/1185
f 541/1161/1184 539/1164/1187 1258/1163/1186
f 1260/1165/1188 1258/1163/1186 539/1164/1187
f 1259/1166/1189 1258/1163/1186 1260/1165/1188
f 531/1167/1190 529/1168/1191 1262/1169/1192
f 529/1168/1191 528/1170/1193 1262/1169/1192
f 1264/1171/1194 1262/1169/1192 1263/1172/1195
f 1265/1173/1196 1263/1172/1195 1262/1169/1192
f 1265/1173/1196 1262/1169/1192 528/1170/1193
f 1511/1174/1197 1262/1169/1192 1264/1171/1194
f 531/1167/1190 1262/1169/1192 1511/1174/1197
f 1265/1173/1196 528/1170/1193 527/1175/1198
f 1265/1173/1196 527/1175/1198 524/1176/1199
f 1266/1177/1200 1265/1173/1196 524/1176/1199
f 524/1176/1199 525/1178/1201 1266/1177/1200
f 525/1178/1201 1267/617/1202 1266/1177/1200
f 1267/617/1202 1268/1179/1203 1266/1177/1200
f 1268/1179/1203 1269/1180/1204 1266/1177/1200
f 1268/1179/1203 1270/620/1205 1269/1180/1204
f 1269/1180/1204 1265/1173/1196 1266/1177/1200
f 1265/1173/1196 1269/1180/1204 1271/1181/1206
f 1265/1173/1196 1271/1181/1206 1272/1182/1207
f 1273/1183/1208 1272/1182/1207 1271/1181/1206
f 1275/1184/1209 1274/1185/1210 1273/1183/1208
f 1273/1183/1208 1271/1181/1206 1275/1184/1209
f 1272/1182/1207 1263/1172/1195 1265/1173/1196
f 1278/1186/1211 1276/1187/1212 1277/628/1213
f 1278/1186/1211 1274/1185/1210 1276/1187/1212
f 1276/1187/1212 1274/1185/1210 1275/1184/1209
f 1280/1188/1214 1279/1189/1215 1281/1190/1216
f 1279/1189/1215 1282/1191/1217 1281/1190/1216
f 573/1192/1218 1282/1191/1217 572/633/1219
f 1281/1190/1216 1282/1191/1217 573/1192/1218
f 1281/1190/1216 1283/1193/1220 1280/1188/1214
f 1283/1193/1220 1284/1194/1221 1280/1188/1214
f 1286/1195/1222 1283/1193/1220 1285/1154/1177
f 1255/1153/1176 1286/1195/1222 1285/1154/1177
f 1281/1190/1216 1285/1154/1177 1283/1193/1220
f 1254/1152/1175 1287/1196/1223 1255/1153/1176
f 1288/1197/1224 1255/1153/1176 1287/1196/1223
f 1286/1195/1222 1255/1153/1176 1288/1197/1224
f 1252/1150/1173 1257/1162/1185 1254/1152/1175
f 1289/1198/1225 1291/1199/1226 1257/1162/1185
f 1291/1199/1226 1290/1200/1227 1257/1162/1185
f 1289/1198/1225 1257/1162/1185 1259/1166/1189
f 1292/1201/1228 1290/1200/1227 1291/1199/1226
f 1292/1201/1228 1291/1199/1226 1293/1202/1229
f 1291/1199/1226 1294/1203/1230 1293/1202/1229
f 1296/1204/1231 1294/1203/1230 1295/1205/1232
f 1257/1162/1185 1290/1200/1227 1254/1152/1175
f 1290/1200/1227 1287/1196/1223 1254/1152/1175
f 1286/1195/1222 1284/1194/1221 1283/1193/1220
f 1297/1206/1233 1284/1194/1221 1286/1195/1222
f 1286/1195/1222 1288/1197/1224 1298/1207/1234
f 1287/1196/1223 1292/1201/1228 1288/1197/1224
f 1292/1201/1228 1287/1196/1223 1290/1200/1227
f 1292/1201/1228 1293/1202/1229 1288/1197/1224
f 1293/1202/1229 1298/1207/1234 1288/1197/1224
f 1298/1207/1234 1297/1206/1233 1286/1195/1222
f 1294/1203/1230 1296/1204/1231 1293/1202/1229
f 1293/1202/1229 1296/1204/1231 1298/1207/1234
f 1297/1206/1233 1298/1207/1234 1296/1204/1231
f 1299/1208/1235 1303/1209/1236 1300/1210/1237
f 1303/1209/1236 1304/1211/1238 1527/1212/1239
f 1305/1213/1240 1303/1209/1236 1527/1212/1239
f 1302/1214/1241 1304/1211/1238 1303/1209/1236
f 1308/1215/1242 1307/1216/1243 1309/1217/1244
f 1310/1218/1245 1308/1215/1242 1309/1217/1244
f 1309/1217/1244 1307/1216/1243 1306/1219/1246
f 1304/1211/1238 1309/1217/1244 1306/1219/1246
f 1304/1211/1238 1302/1214/1241 1309/1217/1244
f 1301/1220/1247 1302/1214/1241 1303/1209/1236
f 1309/1217/1244 1311/1221/1248 1310/1218/1245
f 1309/1217/1244 1312/1222/1249 1311/1221/1248
f 1309/1217/1244 1313/1223/1250 1312/1222/1249
f 1313/1223/1250 1314/1224/1251 1312/1222/1249
f 1314/1224/1251 1313/1223/1250 522/1225/1252
f 1315/1226/1253 1316/1227/1254 1313/1223/1250
f 1316/1227/1254 520/1228/1255 1313/1223/1250
f 1318/1229/1256 1317/1230/1257 1316/1227/1254
f 1315/1226/1253 1318/1229/1256 1316/1227/1254
f 1319/1231/1258 1317/1230/1257 1318/1229/1256
f 1530/1232/1259 1319/1231/1258 1318/1229/1256
f 520/1228/1255 1316/1227/1254 1320/1233/1260
f 1316/1227/1254 1321/1234/1261 1320/1233/1260
f 1322/1235/1262 1323/1236/1263 1321/1234/1261
f 1322/1235/1262 1324/1237/1264 1325/1238/1265
f 1326/1239/1266 1322/1235/1262 1325/1238/1265
f 1326/1239/1266 1323/1236/1263 1322/1235/1262
f 1316/1227/1254 1322/1235/1262 1321/1234/1261
f 1319/1231/1258 1324/1237/1264 1322/1235/1262
f 1326/1239/1266 1325/1238/1265 1327/1240/1267
f 1325/1238/1265 1328/1241/1268 1327/1240/1267
f 1316/1227/1254 1317/1230/1257 1322/1235/1262
f 1317/1230/1257 1319/1231/1258 1322/1235/1262
f 1320/1233/1260 1330/684/1269 1329/1242/1270
f 520/1228/1255 1320/1233/1260 1329/1242/1270
f 520/1228/1255 1331/1243/1271 519/1244/1272
f 1331/1243/1271 520/1228/1255 1329/1242/1270
f 521/1245/1273 1313/1223/1250 520/1228/1255
f 1313/1223/1250 521/1245/1273 522/1225/1252
f 1334/1246/1274 1333/1247/1275 1336/1248/1276
f 1336/1248/1276 1333/1247/1275 1332/1249/1277
f 1337/1250/1278 1336/1248/1276 1332/1249/1277
f 540/1251/1279 1333/1247/1275 1334/1246/1274
f 1334/1246/1274 1336/1248/1276 1335/1252/1280
f 535/1253/1281 1335/1252/1280 536/1254/1282
f 536/1254/1282 1335/1252/1280 537/1255/1283
f 1335/1252/1280 1338/1256/1284 537/1255/1283
f 1335/1252/1280 1339/1257/1285 1338/1256/1284
f 1339/1257/1285 523/1258/1286 1338/1256/1284
f 1340/1259/1287 1339/1257/1285 1335/1252/1280
f 1340/1259/1287 1335/1252/1280 1336/1248/1276
f 537/1255/1283 1338/1256/1284 526/1260/1288
f 530/1261/1289 537/1255/1283 526/1260/1288
f 535/1253/1281 538/1262/1290 1335/1252/1280
f 1334/1246/1274 1335/1252/1280 538/1262/1290
f 549/1263/1291 1341/1264/1292 540/1251/1279
f 1333/1247/1275 540/1251/1279 1341/1264/1292
f 1332/1249/1277 1333/1247/1275 1342/1265/1293
f 1343/1266/1294 1332/1249/1277 1342/1265/1293
f 549/1263/1291 1344/1267/1295 1341/1264/1292
f 1344/1267/1295 549/1263/1291 548/1268/1296
f 549/1263/1291 540/1251/1279 550/1269/1297
f 1366/1270/1298 1346/1271/1299 1345/1272/1300
f 1350/1273/1301 1348/1274/1302 1349/1275/1303
f 1350/1273/1301 1349/1275/1303 1351/1276/1304
f 1352/1277/1305 1351/1276/1304 1349/1275/1303
f 1353/1278/1306 581/1279/1307 582/1280/1308
f 1352/1277/1305 1353/1278/1306 582/1280/1308
f 582/1280/1308 1355/1281/1309 1352/1277/1305
f 1350/1273/1301 1351/1276/1304 1355/1281/1309
f 1358/1282/1310 1359/1283/1311 1357/1284/1312
f 1360/1285/1313 1357/1284/1312 1359/1283/1311
f 1357/1284/1312 1360/1285/1313 1356/1286/1314
f 1360/1285/1313 1359/1283/1311 1361/1287/1315
f 1360/1285/1313 1361/1287/1315 1362/1288/1316
f 1360/1285/1313 1362/1288/1316 1363/1289/1317
f 1363/1289/1317 1362/1288/1316 1350/1273/1301
f 1361/1287/1315 1359/1283/1311 1364/729/1318
f 1365/1290/1319 1361/1287/1315 1364/729/1318
f 1366/1270/1298 1361/1287/1315 1365/1290/1319
f 1362/1288/1316 1361/1287/1315 1366/1270/1298
f 1359/1283/1311 1358/1282/1310 1367/1291/1320
f 1364/729/1318 1359/1283/1311 1367/1291/1320
f 1356/1286/1314 1360/1285/1313 1363/1289/1317
f 1355/1281/1309 1363/1289/1317 1350/1273/1301
f 1363/1289/1317 1355/1281/1309 1356/1286/1314
f 1348/1274/1302 1350/1273/1301 1362/1288/1316
f 1347/1292/1321 1348/1274/1302 1362/1288/1316
f 1362/1288/1316 1345/1272/1300 1347/1292/1321
f 1345/1272/1300 1362/1288/1316 1366/1270/1298
f 1371/1293/1322 1369/1294/1323 1370/1295/1324
f 1372/1296/1325 1370/1295/1324 1369/1294/1323
f 1369/1294/1323 1368/1297/1326 1372/1296/1325
f 1368/1297/1326 1421/1298/1327 1372/1296/1325
f 1421/1298/1327 1368/1297/1326 1382/1299/1328
f 1375/1300/1329 1374/1301/1330 1376/1302/1331
f 1376/1302/1331 1377/1303/1332 1375/1300/1329
f 1374/1301/1330 1378/1304/1333 1376/1302/1331
f 1376/1302/1331 552/1305/1334 1377/1303/1332
f 552/1305/1334 554/1306/1335 1377/1303/1332
f 551/1307/1336 552/1305/1334 1376/1302/1331
f 1380/1308/1337 1381/1309/1338 1377/1303/1332
f 1373/1310/1339 1378/1304/1333 1374/1301/1330
f 1378/1304/1333 1373/1310/1339 1379/1311/1340
f 553/1312/1341 1379/1311/1340 1382/1299/1328
f 1373/1310/1339 1382/1299/1328 1379/1311/1340
f 1383/1313/1342 1382/1299/1328 1384/1314/1343
f 1384/1314/1343 1385/1315/1344 571/1316/1345
f 561/1317/1346 1384/1314/1343 571/1316/1345
f 571/1316/1345 1385/1315/1344 568/1318/1347
f 1369/1294/1323 1384/1314/1343 1368/1297/1326
f 1369/1294/1323 1385/1315/1344 1384/1314/1343
f 1369/1294/1323 1371/1293/1322 567/1319/1348
f 568/1318/1347 1385/1315/1344 567/1319/1348
f 567/1319/1348 1385/1315/1344 1369/1294/1323
f 1386/1320/1349 567/1319/1348 1371/1293/1322
f 1386/1320/1349 566/1321/1350 567/1319/1348
f 561/1317/1346 560/1322/1351 1384/1314/1343
f 1383/1313/1342 1384/1314/1343 560/1322/1351
f 553/1312/1341 1382/1299/1328 1383/1313/1342
f 1378/1304/1333 1379/1311/1340 551/1307/1336
f 1378/1304/1333 551/1307/1336 1376/1302/1331
f 554/1306/1335 1387/1323/1352 1377/1303/1332
f 1380/1308/1337 1377/1303/1332 1387/1323/1352
f 558/1324/1353 557/1325/1354 1388/1326/1355
f 1390/1327/1356 1391/1328/1357 1392/1329/1358
f 1392/1329/1358 1391/1328/1357 1408/1330/1359
f 1390/1327/1356 556/1331/1360 1391/1328/1357
f 1394/1332/1361 1391/1328/1357 556/1331/1360
f 1394/1332/1361 1395/1333/1362 1391/1328/1357
f 1398/1334/1363 1397/1335/1364 565/1336/1365
f 569/1337/1366 1398/1334/1363 565/1336/1365
f 570/1338/1367 1399/1339/1368 569/1337/1366
f 1398/1334/1363 569/1337/1366 1399/1339/1368
f 1397/1335/1364 1400/1340/1369 1396/1341/1370
f 1395/1333/1362 1396/1341/1370 1400/1340/1369
f 1398/1334/1363 1400/1340/1369 1397/1335/1364
f 1402/1342/1371 1401/1343/1372 1398/1334/1363
f 1398/1334/1363 1403/1344/1373 1400/1340/1369
f 1403/1344/1373 1398/1334/1363 1401/1343/1372
f 1404/1345/1374 1403/1344/1373 1401/1343/1372
f 1404/1345/1374 1405/1346/1375 1403/1344/1373
f 1400/1340/1369 1407/1347/1376 1408/1330/1359
f 1408/1330/1359 1395/1333/1362 1400/1340/1369
f 1395/1333/1362 1408/1330/1359 1391/1328/1357
f 1400/1340/1369 1406/1348/1377 1407/1347/1376
f 1409/1349/1378 1408/1330/1359 1407/1347/1376
f 1409/1349/1378 1392/1329/1358 1408/1330/1359
f 1409/1349/1378 1393/1350/1379 1392/1329/1358
f 1393/1350/1379 1410/1351/1380 1392/1329/1358
f 1390/1327/1356 1392/1329/1358 1410/1351/1380
f 1388/1326/1355 1390/1327/1356 1410/1351/1380
f 1413/1352/1381 1412/1353/1382 1411/1354/1383
f 1412/1353/1382 1414/1355/1384 1388/1326/1355
f 1388/1326/1355 1414/1355/1384 558/1324/1353
f 1414/1355/1384 1389/1356/1385 558/1324/1353
f 1411/1354/1383 1412/1353/1382 1388/1326/1355
f 1411/1354/1383 1388/1326/1355 1410/1351/1380
f 1411/1354/1383 1410/1351/1380 1415/1357/1386
f 1393/1350/1379 1415/1357/1386 1410/1351/1380
f 1411/1354/1383 1415/1357/1386 1417/794/1387
f 1413/1352/1381 1411/1354/1383 1417/794/1387
f 1409/1349/1378 1407/1347/1376 1418/1358/1388
f 1406/1348/1377 1418/1358/1388 1407/1347/1376
f 1416/796/1389 1409/1349/1378 1418/1358/1388
f 1406/1348/1377 1400/1340/1369 1403/1344/1373
f 1420/1359/1390 1419/1360/1391 1372/1296/1325
f 1422/1361/1392 1421/1298/1327 1382/1299/1328
f 1373/1310/1339 1374/1301/1330 1423/1362/1393
f 1373/1310/1339 1423/1362/1393 1424/1363/1394
f 1423/1362/1393 1374/1301/1330 1425/1364/1395
f 1370/1295/1324 1372/1296/1325 1419/1360/1391
f 1426/1365/1396 1425/1364/1395 1374/1301/1330
f 1375/1300/1329 1426/1365/1396 1374/1301/1330
f 1375/1300/1329 1377/1303/1332 1426/1365/1396
f 1425/1364/1395 1426/1365/1396 1427/1366/1397
f 1428/1367/1398 1430/1368/1399 1429/1369/1400
f 1429/1369/1400 1435/1370/1401 1428/1367/1398
f 1435/1370/1401 1429/1369/1400 1431/1371/1402
f 1432/1372/1403 1431/1371/1402 1429/1369/1400
f 1433/1373/1404 1431/1371/1402 1432/1372/1403
f 1433/1373/1404 1434/1374/1405 1431/1371/1402
f 1434/1374/1405 1435/1370/1401 1431/1371/1402
f 1432/1372/1403 1429/1369/1400 1436/1375/1406
f 1436/1375/1406 1429/1369/1400 1437/1376/1407
f 1438/1377/1408 1436/1375/1406 1437/1376/1407
f 1450/1378/1409 1434/1374/1405 1433/1373/1404
f 1439/1379/1410 1450/1378/1409 1433/1373/1404
f 1437/1376/1407 1429/1369/1400 1440/1380/1411
f 1429/1369/1400 1430/1368/1399 1440/1380/1411
f 1441/1381/1412 1442/1382/1413 1430/1368/1399
f 1427/1366/1397 1426/1365/1396 1441/1381/1412
f 1377/1303/1332 1381/1309/1338 1442/1382/1413
f 1377/1303/1332 1442/1382/1413 1426/1365/1396
f 1426/1365/1396 1442/1382/1413 1441/1381/1412
f 1441/1381/1412 1430/1368/1399 1427/1366/1397
f 1430/1368/1399 1428/1367/1398 1427/1366/1397
f 1444/1383/1414 1457/1384/1415 1446/1385/1416
f 1445/1386/1417 1448/1387/1418 1447/1388/1419
f 1445/1386/1417 1446/1385/1416 1448/1387/1418
f 1445/1386/1417 1444/1383/1414 1446/1385/1416
f 1447/1388/1419 1448/1387/1418 1449/1389/1420
f 1451/1390/1421 1449/1389/1420 1434/1374/1405
f 1450/1378/1409 1451/1390/1421 1434/1374/1405
f 1447/1388/1419 1449/1389/1420 1451/1390/1421
f 1447/1388/1419 1451/1390/1421 1452/1391/1422
f 1452/1391/1422 1445/1386/1417 1447/1388/1419
f 1452/1391/1422 1453/1392/1423 1445/1386/1417
f 1453/1392/1423 1444/1383/1414 1445/1386/1417
f 1434/1374/1405 1449/1389/1420 1454/1393/1424
f 1448/1387/1418 1455/1394/1425 1449/1389/1420
f 1448/1387/1418 1446/1385/1416 1455/1394/1425
f 1446/1385/1416 1456/1395/1426 1455/1394/1425
f 1457/1384/1415 1456/1395/1426 1446/1385/1416
f 1449/1389/1420 1455/1394/1425 1458/1396/1427
f 1458/1396/1427 1422/1361/1392 1459/1397/1428
f 1382/1299/1328 1373/1310/1339 1422/1361/1392
f 1424/1363/1394 1459/1397/1428 1422/1361/1392
f 1422/1361/1392 1373/1310/1339 1424/1363/1394
f 1372/1296/1325 1421/1298/1327 1460/1398/1429
f 1420/1359/1390 1372/1296/1325 1460/1398/1429
f 1461/1399/1430 1419/1360/1391 1420/1359/1390
f 1460/1398/1429 1421/1298/1327 1422/1361/1392
f 1458/1396/1427 1460/1398/1429 1422/1361/1392
f 1460/1398/1429 1458/1396/1427 1455/1394/1425
f 1456/1395/1426 1460/1398/1429 1455/1394/1425
f 1457/1384/1415 1420/1359/1390 1456/1395/1426
f 1420/1359/1390 1457/1384/1415 1462/1400/1431
f 1456/1395/1426 1420/1359/1390 1460/1398/1429
f 1420/1359/1390 1462/1400/1431 1461/1399/1430
f 1465/1401/1432 1464/1402/1433 1463/1403/1434
f 1464/1402/1433 1465/1401/1432 1477/1404/1435
f 1463/1403/1434 1467/1405/1436 1465/1401/1432
f 1466/1406/1437 1467/1405/1436 1463/1403/1434
f 1470/1407/1438 1468/1408/1439 1466/1406/1437
f 1468/1408/1439 1467/1405/1436 1466/1406/1437
f 1466/1406/1437 1469/1409/1440 1470/1407/1438
f 1471/1410/1441 1470/1407/1438 1469/1409/1440
f 1469/1409/1440 1472/1411/1442 1471/1410/1441
f 1470/1407/1438 1473/1412/1443 1468/1408/1439
f 1471/1410/1441 1474/855/1444 1470/1407/1438
f 1478/1413/1445 1476/1414/1446 1477/1404/1435
f 1478/1413/1445 1479/1415/1447 1480/1416/1448
f 1478/1413/1445 1480/1416/1448 1476/1414/1446
f 1481/861/1449 1480/1416/1448 1479/1415/1447
f 1480/1416/1448 1481/861/1449 1482/1417/1450
f 1483/1418/1451 1481/861/1449 1479/1415/1447
f 1480/1416/1448 1482/1417/1450 1484/1419/1452
f 1484/1419/1452 1472/1411/1442 1469/1409/1440
f 1475/1420/1453 1484/1419/1452 1469/1409/1440
f 1480/1416/1448 1475/1420/1453 1476/1414/1446
f 1480/1416/1448 1484/1419/1452 1475/1420/1453
f 1487/864/1454 1486/867/1455 1485/1421/1456
f 1488/865/1457 1487/864/1454 1485/1421/1456
f 1485/1421/1456 1489/868/1458 1488/865/1457
f 1490/1422/1459 1489/868/1458 1485/1421/1456
f 1485/1421/1456 1492/870/1460 1491/1423/1461
f 1493/1424/1462 1490/1422/1459 1485/1421/1456
f 1491/1423/1461 1494/1425/1463 1485/1421/1456
f 1494/1425/1463 1495/1426/1464 1485/1421/1456
f 1485/1421/1456 1495/1426/1464 1493/1424/1462
f 1496/875/1465 1493/1424/1462 1495/1426/1464
f 1498/877/1466 1497/876/1467 1495/1426/1464
f 1497/876/1467 1499/878/1468 1495/1426/1464
f 1499/878/1468 1500/879/1469 1495/1426/1464
f 1500/879/1469 1501/880/1470 1495/1426/1464
f 1501/880/1470 1496/875/1465 1495/1426/1464
f 1503/1427/1471 1502/1428/1472 1504/1429/1473
f 1502/1428/1472 1503/1427/1471 576/1430/1474
f 575/1431/1475 576/1430/1474 1503/1427/1471
f 1503/1427/1471 1504/1429/1473 1358/1282/1310
f 1503/1427/1471 1358/1282/1310 584/1432/1476
f 1358/1282/1310 1357/1284/1312 584/1432/1476
f 584/1432/1476 1357/1284/1312 1356/1286/1314
f 1503/1427/1471 584/1432/1476 575/1431/1475
f 584/1432/1476 1356/1286/1314 583/1433/1477
f 1355/1281/1309 583/1433/1477 1356/1286/1314
f 1355/1281/1309 582/1280/1308 583/1433/1477
f 1358/1282/1310 1504/1429/1473 1367/1291/1320
f 1505/1434/1478 1506/1435/1479 577/1436/1480
f 577/1436/1480 578/1437/1481 1505/1434/1478
f 1353/1278/1306 1505/1434/1478 579/1438/1482
f 1506/1435/1479 1502/1428/1472 576/1430/1474
f 1506/1435/1479 576/1430/1474 577/1436/1480
f 1355/1281/1309 1351/1276/1304 1352/1277/1305
f 1508/1439/1483 1353/1278/1306 1352/1277/1305
f 1349/1275/1303 1508/1439/1483 1352/1277/1305
f 1349/1275/1303 1507/1440/1484 1508/1439/1483
f 1348/1274/1302 1507/1440/1484 1349/1275/1303
f 1509/1441/1485 1354/1442/1486 1508/1439/1483
f 1510/1443/1487 1508/1439/1483 1507/1440/1484
f 1508/1439/1483 1510/1443/1487 1509/1441/1485
f 1508/1439/1483 1354/1442/1486 1353/1278/1306
f 1505/1434/1478 1353/1278/1306 1354/1442/1486
f 1505/1434/1478 578/1437/1481 579/1438/1482
f 580/893/1488 581/1279/1307 1353/1278/1306
f 579/1438/1482 580/893/1488 1353/1278/1306
f 532/1444/1489 531/1167/1190 1261/1445/1490
f 534/1446/1491 532/1444/1489 1261/1445/1490
f 532/1444/1489 534/1446/1491 533/902/1492
f 1260/1165/1188 534/1446/1491 1261/1445/1490
f 534/1446/1491 1260/1165/1188 539/1164/1187
f 1097/965/979 1104/971/985 1109/975/989
f 1161/1031/1046 1138/1007/1022 1097/965/979
f 1259/1166/1189 587/1447/1493 1289/1198/1225
f 1259/1166/1189 586/1448/1494 587/1447/1493
f 1259/1166/1189 1260/1165/1188 586/1448/1494
f 1260/1165/1188 585/1449/1495 586/1448/1494
f 1260/1165/1188 1261/1445/1490 585/1449/1495
f 1511/1174/1197 585/1449/1495 1261/1445/1490
f 1511/1174/1197 1261/1445/1490 531/1167/1190
f 588/908/1496 589/1450/1497 587/1447/1493
f 589/1450/1497 1289/1198/1225 587/1447/1493
f 589/1450/1497 590/909/1498 1289/1198/1225
f 1516/911/1499 1514/1451/1500 1515/1452/1501
f 1512/1453/1502 1513/1454/1503 1517/1455/1504
f 1513/1454/1503 1518/916/1505 1517/1455/1504
f 1512/1453/1502 1517/1455/1504 1514/1451/1500
f 1514/1451/1500 1517/1455/1504 1515/1452/1501
f 1517/1455/1504 1519/917/1506 1515/1452/1501
f 1513/1454/1503 1473/1412/1443 1518/916/1505
f 1473/1412/1443 1520/918/1507 1518/916/1505
f 1520/918/1507 1473/1412/1443 1470/1407/1438
f 1470/1407/1438 1474/855/1444 1520/918/1507
f 1521/1456/1508 1216/1090/1111 1220/1093/1114
f 1521/1456/1508 1223/1457/1509 1216/1090/1111
f 1521/1456/1508 1522/1458/1510 1223/1457/1509
f 1521/1456/1508 1220/1093/1114 1523/1459/1511
f 1523/1459/1511 1220/1093/1114 1524/922/1512
f 1220/1093/1114 1222/1095/1116 1524/922/1512
f 1524/922/1512 1222/1095/1116 1225/1101/1123
f 1306/1219/1246 1525/1460/1513 1526/1461/1514
f 1304/1211/1238 1526/1461/1514 1527/1212/1239
f 1306/1219/1246 1526/1461/1514 1304/1211/1238
f 1303/1209/1236 1305/1213/1240 1528/1462/1515
f 1300/1210/1237 1303/1209/1236 1528/1462/1515
f 1529/1463/1516 1300/1210/1237 1528/1462/1515
f 1463/1403/1434 1469/1409/1440 1466/1406/1437
f 1463/1403/1434 1464/1402/1433 1469/1409/1440
f 1464/1402/1433 1475/1420/1453 1469/1409/1440
f 1476/1414/1446 1475/1420/1453 1464/1402/1433
f 1464/1402/1433 1477/1404/1435 1476/1414/1446
f 1531/1464/1517 1530/1232/1259 1318/1229/1256
f 1531/1464/1517 1301/1220/1247 1299/1208/1235
f 1301/1220/1247 1531/1464/1517 1318/1229/1256
f 1303/1209/1236 1299/1208/1235 1301/1220/1247
f 1313/1223/1250 1309/1217/1244 1315/1226/1253
f 1315/1226/1253 1309/1217/1244 1302/1214/1241
f 1318/1229/1256 1302/1214/1241 1301/1220/1247
f 1302/1214/1241 1318/1229/1256 1315/1226/1253
f 574/1157/1180 1285/1154/1177 1281/1190/1216
f 574/1157/1180 1256/1155/1178 1285/1154/1177
f 573/1192/1218 574/1157/1180 1281/1190/1216
f 1253/1151/1174 546/1465/1518 545/1158/1181
f 546/1465/1518 1253/1151/1174 547/1156/1179
f 602/1131/1153 1238/1129/1151 597/1466/1519
f 598/1467/1520 602/1131/1153 597/1466/1519
f 1235/1124/1146 597/1466/1519 1238/1129/1151
f 617/1121/1143 597/1466/1519 1235/1124/1146
f 597/1466/1519 617/1121/1143 596/1468/1521
f 620/1128/1150 619/1120/1142 1236/1119/1141
f 1382/1299/1328 1368/1297/1326 1384/1314/1343
f 1459/1397/1428 1449/1389/1420 1458/1396/1427
f 1459/1397/1428 1424/1363/1394 1532/1469/1522
f 1424/1363/1394 1423/1362/1393 1425/1364/1395
f 1425/1364/1395 1427/1366/1397 1532/1469/1522
f 1532/1469/1522 1424/1363/1394 1425/1364/1395
f 1428/1367/1398 1532/1469/1522 1427/1366/1397
f 1532/1469/1522 1428/1367/1398 1435/1370/1401
f 1532/1469/1522 1435/1370/1401 1454/1393/1424
f 1459/1397/1428 1532/1469/1522 1454/1393/1424
f 1454/1393/1424 1449/1389/1420 1459/1397/1428
f 1434/1374/1405 1454/1393/1424 1435/1370/1401
f 1430/1368/1399 1442/1382/1413 1443/1470/1523
f 1443/1470/1523 1440/1380/1411 1430/1368/1399
f 1212/1082/1102 1219/1092/1113 1218/1091/1112
f 1212/1082/1102 1221/1094/1115 1219/1092/1113
f 1218/1091/1112 1213/1089/1109 1210/1085/1105
f 1218/1091/1112 1210/1085/1105 1212/1082/1102
f 1212/1082/1102 1208/1103/1125 1221/1094/1115
f 1222/1095/1116 1221/1094/1115 1208/1103/1125
f 1208/1103/1125 1230/1102/1124 1222/1095/1116
f 1259/1166/1189 1257/1162/1185 1258/1163/1186
f 1388/1326/1355 557/1325/1354 555/1471/1524
f 555/1471/1524 1390/1327/1356 1388/1326/1355
f 556/1331/1360 1390/1327/1356 555/1471/1524
f 559/936/1525 558/1324/1353 1389/1356/1385
f 1395/1333/1362 1394/1332/1361 563/1472/1526
f 1394/1332/1361 562/938/1527 563/1472/1526
f 1396/1341/1370 1395/1333/1362 563/1472/1526
f 1396/1341/1370 564/1473/1528 1397/1335/1364
f 565/1336/1365 1397/1335/1364 564/1473/1528
f 1533/1474/1529 1483/1418/1451 1479/1415/1447
f 605/1475/1530 609/944/1531 604/1476/1532
f 609/944/1531 608/1477/1533 604/1476/1532
f 1398/1334/1363 1399/1339/1368 1402/1342/1371
f 938/774/788 937/771/785 942/780/794
f 1537/1478/1534 1534/1479/1535 1535/1480/1536
f 1534/1479/1535 1537/1478/1534 1538/1481/1537
f 1536/1482/1538 1537/1478/1534 1535/1480/1536
f 1534/1479/1535 1538/1481/1537 1539/154/1539
f 1540/1483/1540 1543/1484/1541 1541/1485/1542
f 1543/1484/1541 1540/1483/1540 1544/1486/1543
f 1543/1484/1541 1542/1487/1544 1541/1485/1542
f 1544/1486/1543 1540/1483/1540 1545/154/1545
l 45 46
l 224 225
l 198 199
l 910 912
