# Blender 5.0.1
# www.blender.org
mtllib sm_final1.mtl
o sm(posed)
v 1.901701 1.596698 3.987583
v 1.894474 1.598292 3.999522
v 1.890956 1.596045 3.999169
v 1.898191 1.594375 3.987131
v 1.896971 1.561243 4.017910
v 1.889669 1.563437 4.030166
v 1.894076 1.562128 4.014910
v 1.886792 1.564404 4.027336
v 1.890805 1.595870 3.999113
v 1.897985 1.593746 3.986790
v 1.894076 1.562128 4.014910
v 1.886792 1.564404 4.027336
v 1.905811 1.591562 3.954575
v 1.904312 1.593281 3.969127
v 1.900788 1.591589 3.970238
v 1.902299 1.589813 3.955571
v 1.902718 1.555997 3.986499
v 1.900848 1.558530 4.000858
v 1.899463 1.557440 3.984868
v 1.897617 1.560019 3.999400
v 1.900806 1.591191 3.969795
v 1.897617 1.560019 3.999400
v 1.902315 1.589036 3.954637
v 1.899463 1.557440 3.984868
v 1.869387 1.569111 4.056075
v 1.887089 1.599433 4.010518
v 1.879233 1.566980 4.045399
v 1.877227 1.567569 4.041305
v 1.867339 1.569814 4.052208
v 1.877093 1.600477 4.021360
v 1.874058 1.598248 4.020494
v 1.884041 1.597046 4.009455
v 1.884104 1.595901 4.008880
v 1.877227 1.567569 4.041305
v 1.874047 1.598206 4.020473
v 1.867339 1.569814 4.052208
v 1.624533 1.595857 3.986037
v 1.631761 1.597329 3.998040
v 1.635278 1.595114 3.997694
v 1.628043 1.593557 3.985574
v 1.629261 1.560858 4.017226
v 1.636562 1.563061 4.029585
v 1.632156 1.561730 4.014186
v 1.639440 1.564024 4.026736
v 1.635491 1.595001 3.997714
v 1.628397 1.593017 3.985396
v 1.632156 1.561730 4.014186
v 1.639440 1.564024 4.026736
v 1.620422 1.591548 3.954598
v 1.621921 1.593271 3.969168
v 1.625446 1.591581 3.970279
v 1.623935 1.589799 3.955594
v 1.623515 1.555998 3.986534
v 1.625384 1.558549 4.000918
v 1.626770 1.557440 3.984902
v 1.628616 1.560036 3.999458
v 1.625428 1.591181 3.969835
v 1.628616 1.560036 3.999458
v 1.626770 1.557440 3.984902
v 1.623918 1.589019 3.954656
v 1.656842 1.567874 4.054489
v 1.646994 1.565943 4.043953
v 1.639143 1.599457 4.010561
v 1.649002 1.566599 4.039926
v 1.658890 1.568633 4.050663
v 1.649140 1.600396 4.021286
v 1.652176 1.598130 4.020373
v 1.642193 1.597048 4.009472
v 1.652168 1.598063 4.020332
v 1.658890 1.568633 4.050663
v 1.641916 1.595822 4.008747
v 1.649002 1.566599 4.039926
v 2.115246 2.006675 4.363326
v 2.116194 2.008452 4.355317
v 2.120217 2.013179 4.357064
v 2.120011 2.009610 4.364671
v 2.096088 1.953475 4.227362
v 2.099742 1.958695 4.275014
v 2.074994 1.968737 4.226580
v 2.055689 1.983756 4.280804
v 2.094220 1.915178 4.217649
v 2.092098 1.910431 4.263435
v 2.069713 1.900067 4.274302
v 2.056654 1.883713 4.189013
v 2.042516 1.901101 4.265095
v 2.075754 1.894514 4.203092
v 2.049983 1.976533 4.227944
v 2.028299 1.970821 4.223218
v 2.010119 1.954568 4.217970
v 1.995965 1.928716 4.208419
v 2.001983 1.931655 4.206624
v 2.020745 1.966233 4.271409
v 2.006963 1.912300 4.219325
v 2.000806 1.916027 4.195320
v 2.005721 1.901080 4.182144
v 2.054847 1.970859 4.293979
v 2.075378 1.965264 4.290034
v 2.091331 1.949955 4.289781
v 2.024491 1.965805 4.287719
v 2.038148 1.967453 4.289425
v 2.024617 1.957731 4.284783
v 2.021522 1.945713 4.282409
v 2.029789 1.933618 4.287105
v 2.011589 1.943932 4.268837
v 2.019183 1.926528 4.279024
v 1.898952 1.562910 3.989050
v 1.898722 1.557639 3.973730
v 1.901366 1.585359 3.946631
v 1.903737 1.587748 3.963818
v 1.893522 1.591338 3.996734
v 1.903245 1.587251 3.963994
v 1.891258 1.567660 4.024819
v 1.898889 1.561679 3.988721
v 1.872139 1.573227 4.050901
v 1.877997 1.592619 4.015000
v 1.850919 1.577897 4.063614
v 1.853248 1.599267 4.031013
v 1.857476 1.620631 4.015457
v 1.864587 1.606417 4.021956
v 1.865747 1.609725 4.014212
v 1.874286 1.663817 3.966717
v 1.864339 1.648027 3.985216
v 1.887435 1.697376 3.949076
v 1.872216 1.646755 3.976249
v 1.887141 1.676820 3.948799
v 1.895174 1.702343 3.941074
v 1.881446 1.708920 3.957387
v 1.895093 1.730458 3.950382
v 1.911967 1.742944 3.931486
v 1.932455 1.767311 3.929010
v 1.918807 1.754849 3.943746
v 1.939034 1.800176 3.927501
v 1.958624 1.878324 3.885672
v 1.967446 1.899393 3.860390
v 1.968654 1.925054 3.838878
v 1.977930 1.941414 3.832544
v 1.993832 1.945089 3.835291
v 2.014612 1.938992 3.838686
v 2.035102 1.920496 3.821441
v 2.036418 1.899904 3.794079
v 2.017442 1.890535 3.775450
v 1.979558 1.883986 3.754426
v 1.937140 1.890806 3.748070
v 1.985237 1.936624 3.876568
v 1.973435 1.937046 3.844201
v 2.045002 1.905273 3.852414
v 2.026305 1.876474 3.784852
v 1.988635 1.863394 3.763462
v 2.019741 1.860018 3.791627
v 1.962960 1.868587 3.751140
v 1.931757 1.875867 3.744049
v 2.033062 1.869419 3.803547
v 2.044374 1.882923 3.823951
v 2.030539 1.924713 3.871943
v 2.012017 1.935083 3.882932
v 1.966743 1.920489 3.861910
v 1.963297 1.889716 3.859095
v 1.963855 1.857345 3.877782
v 1.959147 1.837388 3.899098
v 1.950421 1.809753 3.912538
v 2.133485 1.578990 4.340991
v 2.122718 1.590511 4.322096
v 2.138886 1.563658 4.346355
v 2.140378 1.545032 4.343458
v 2.138130 1.524861 4.330706
v 2.149043 1.506734 4.309428
v 2.158348 1.495829 4.287274
v 2.162367 1.496255 4.267085
v 2.132406 1.604165 4.285497
v 2.138177 1.605687 4.253644
v 2.123213 1.603445 4.253755
v 2.113402 1.539900 4.351338
v 2.111026 1.558885 4.353598
v 2.110058 1.514912 4.336145
v 2.105798 1.573029 4.347685
v 2.092886 1.587068 4.324010
v 2.103462 1.605960 4.282929
v 2.099961 1.599124 4.294620
v 2.102648 1.602180 4.261415
v 2.103238 1.603067 4.275446
v 2.124150 1.496045 4.315732
v 2.133029 1.486168 4.297390
v 2.135657 1.483405 4.282182
v 2.148198 1.489694 4.268133
v 2.132569 1.489087 4.253761
v 2.113814 1.493554 4.239683
v 2.118221 1.480002 4.263764
v 2.094883 1.482720 4.247797
v 2.077625 1.487264 4.239964
v 2.063932 1.520512 4.215882
v 2.065105 1.518287 4.221056
v 2.058359 1.550171 4.219924
v 2.072097 1.571963 4.224802
v 2.089358 1.591506 4.240982
v 2.106619 1.592838 4.229055
v 2.120914 1.603835 4.255107
v 2.110926 1.593850 4.234923
v 2.101614 1.582624 4.224894
v 2.091502 1.565647 4.216199
v 2.102225 1.602422 4.262074
v 2.096907 1.539034 4.213064
v 2.105258 1.512122 4.222801
v 1.763347 1.820576 3.751982
v 1.783425 1.822953 3.747257
v 1.800646 1.839844 3.745811
v 1.875561 1.857341 3.739428
v 1.827551 1.844010 3.745620
v 1.763286 1.849074 3.757557
v 1.794384 1.850935 3.748756
v 1.836899 1.859277 3.748027
v 1.870878 1.871040 3.744092
v 1.897522 1.882773 3.745958
v 1.904326 1.867889 3.743334
v 1.823607 2.099288 4.035387
v 1.820094 2.070193 4.043014
v 1.806364 2.058835 4.052707
v 1.792783 2.064818 4.061501
v 1.790878 2.045811 4.056139
v 1.787037 2.039354 4.056405
v 1.811457 2.082038 4.050089
v 1.774309 2.041212 4.057142
v 1.799237 2.035479 4.046923
v 1.809770 2.036794 4.037960
v 1.787143 2.026725 4.047370
v 1.805746 2.022476 4.029229
v 1.825068 2.038217 4.022283
v 1.820952 2.030159 4.015825
v 1.828432 2.044394 4.008818
v 1.818286 2.041567 4.031331
v 1.824498 2.050759 4.027367
v 1.828006 2.064848 4.026498
v 1.833936 2.087617 4.023786
v 1.829503 2.077554 4.029434
v 1.835661 2.069905 4.007103
v 1.830552 2.119864 4.018565
v 1.783966 1.722709 3.989020
v 1.762530 1.709539 3.990002
v 1.763043 1.746441 3.999320
v 1.783102 1.757012 3.991301
v 1.774221 1.766132 3.989007
v 1.762880 1.779837 3.983227
v 1.772046 1.775639 3.985094
v 2.041625 1.949559 4.000239
v 2.029376 1.954755 4.005192
v 2.054489 1.942877 4.008510
v 2.062696 1.928820 4.023463
v 2.073501 1.917100 4.036474
v 2.044085 1.955799 4.018094
v 2.032496 1.961364 4.020878
v 2.055415 1.949555 4.025476
v 2.072221 1.925818 4.048206
v 2.080983 1.905084 4.048511
v 2.077673 1.892500 4.050839
v 2.057722 1.870978 4.063070
v 2.061914 1.938363 4.036339
v 2.023448 1.866130 4.085934
v 2.002121 1.870059 4.097885
v 1.979552 1.884444 4.093992
v 2.078221 1.905345 4.066408
v 2.072293 1.891774 4.073702
v 2.060605 1.874274 4.091677
v 2.040515 1.866726 4.108180
v 2.021968 1.866951 4.119679
v 2.022454 1.865426 4.128426
v 1.992467 1.875347 4.127148
v 1.981624 1.883039 4.121760
v 2.033791 1.881701 4.168159
v 2.009767 1.891755 4.170763
v 2.004752 1.901441 4.181429
v 2.020935 1.883998 4.185804
v 2.005212 1.902140 4.195004
v 2.085902 1.910506 4.212702
v 2.088115 1.952142 4.225829
v 2.091607 1.927765 4.219005
v 1.987185 1.934083 4.043546
v 1.970179 1.920180 4.064631
v 1.967643 1.901956 4.079519
v 1.992198 1.946871 4.043071
v 2.011363 1.953966 4.018123
v 2.012944 1.962658 4.032350
v 1.993823 1.956905 4.057419
v 1.985512 1.942950 4.077020
v 1.969056 1.924612 4.093875
v 1.969306 1.901301 4.109532
v 1.982473 1.882929 4.120384
v 1.979749 1.883503 4.091937
v 2.036155 1.928268 4.301715
v 2.030031 1.935825 4.289693
v 2.045874 1.909934 4.297936
v 2.020283 1.926924 4.278010
v 2.046555 1.904869 4.290987
v 2.006961 1.912270 4.218747
v 2.094250 1.928318 4.283383
v 2.086697 1.915392 4.281330
v 2.074643 1.906276 4.289776
v 2.066794 1.909392 4.304037
v 2.005096 1.902017 4.195035
v 2.065890 1.918960 4.322081
v 2.066761 1.909342 4.303917
v 2.046574 1.928151 4.320936
v 2.046483 1.910891 4.297782
v 2.036793 1.927172 4.300861
v 2.069730 1.937679 4.341589
v 2.055272 1.943150 4.339163
v 2.074445 1.962125 4.345993
v 2.061693 1.963386 4.345459
v 2.089547 1.977594 4.349407
v 2.088604 1.989915 4.354821
v 2.076864 2.000543 4.358670
v 2.054925 1.984419 4.350730
v 2.058626 1.994768 4.352345
v 1.488816 2.411721 3.795646
v 1.489959 2.413495 3.790687
v 1.436149 2.274837 3.873951
v 1.441749 2.259466 3.853413
v 1.445544 2.314204 3.847115
v 1.463922 2.290044 3.807387
v 1.457649 2.273923 3.906822
v 1.476932 2.310507 3.887884
v 1.502725 2.309346 3.881092
v 1.494248 2.236722 3.930005
v 1.478917 2.256229 3.922219
v 1.455443 2.245398 3.836029
v 1.473041 2.231023 3.833349
v 1.494354 2.220439 3.840581
v 1.517122 2.210787 3.859026
v 1.510496 2.211843 3.860434
v 1.497070 2.266916 3.810284
v 1.523034 2.229698 3.870352
v 1.517009 2.205662 3.878013
v 1.518085 2.200869 3.898525
v 1.481341 2.305464 3.807603
v 1.468015 2.313070 3.818597
v 1.464937 2.323105 3.830363
v 1.502813 2.280731 3.811792
v 1.489719 2.291116 3.808154
v 1.512380 2.280757 3.820920
v 1.514932 2.290838 3.832839
v 1.516249 2.264490 3.824629
v 1.524690 2.280909 3.836055
v 1.627266 1.562808 3.988955
v 1.627502 1.557537 3.973462
v 1.624875 1.585160 3.945898
v 1.622731 1.587322 3.963214
v 1.632725 1.590254 3.995378
v 1.623075 1.586558 3.963582
v 1.634977 1.567206 4.024093
v 1.627298 1.561528 3.988663
v 1.654065 1.572047 4.049374
v 1.648274 1.591536 4.013958
v 1.675279 1.576344 4.062020
v 1.672771 1.599797 4.030015
v 1.668104 1.623653 4.013013
v 1.662622 1.603146 4.018610
v 1.661165 1.616004 4.011288
v 1.661897 1.647708 3.984506
v 1.652581 1.661322 3.965233
v 1.638872 1.695789 3.948300
v 1.654620 1.647164 3.976864
v 1.644807 1.660815 3.956922
v 1.630753 1.703001 3.940524
v 1.644704 1.708829 3.957091
v 1.631421 1.730677 3.950575
v 1.614853 1.744045 3.932565
v 1.637496 1.679624 3.944881
v 1.608407 1.756813 3.945425
v 1.595167 1.770935 3.931873
v 1.589445 1.803388 3.931678
v 1.565321 1.879471 3.892088
v 1.548607 1.895480 3.856353
v 1.534073 1.910870 3.819253
v 1.515354 1.920757 3.801392
v 1.499440 1.923103 3.804743
v 1.483732 1.918938 3.820074
v 1.477592 1.895606 3.837461
v 1.490491 1.878971 3.836751
v 1.511469 1.873004 3.823748
v 1.545545 1.868099 3.796898
v 1.594344 1.872423 3.766612
v 1.506078 1.960933 3.823055
v 1.487501 1.879505 3.847997
v 1.540810 1.856420 3.806428
v 1.509290 1.866810 3.850879
v 1.588099 1.862538 3.766945
v 1.484796 1.889129 3.861535
v 1.472785 1.913447 3.863564
v 1.473925 1.939238 3.851674
v 1.483696 1.957973 3.839865
v 1.530485 1.942063 3.817644
v 1.544474 1.904880 3.836585
v 1.565977 1.844999 3.902659
v 1.577877 1.816712 3.918099
v 1.461961 1.874018 4.121180
v 1.485075 1.866848 4.124992
v 1.445923 1.868249 4.119606
v 1.433691 1.853851 4.120268
v 1.427484 1.830827 4.122349
v 1.424562 1.803806 4.109531
v 1.427870 1.780871 4.096864
v 1.439682 1.766498 4.088036
v 1.515352 1.849396 4.104894
v 1.534774 1.827222 4.091407
v 1.537161 1.824564 4.106114
v 1.432445 1.853968 4.148847
v 1.445592 1.868068 4.148807
v 1.424551 1.825800 4.152130
v 1.461071 1.872637 4.150245
v 1.489639 1.863298 4.154749
v 1.526246 1.846215 4.131736
v 1.514856 1.850100 4.139000
v 1.537080 1.827708 4.127883
v 1.528803 1.838781 4.130598
v 1.419620 1.799301 4.136543
v 1.421410 1.779872 4.125079
v 1.428168 1.766947 4.119262
v 1.438107 1.761733 4.102864
v 1.450909 1.749368 4.114444
v 1.468087 1.740375 4.128335
v 1.441942 1.749576 4.132014
v 1.460305 1.737548 4.150054
v 1.473247 1.733296 4.163990
v 1.516360 1.736363 4.166223
v 1.511173 1.738827 4.166699
v 1.537039 1.758591 4.168070
v 1.546193 1.777864 4.152839
v 1.545680 1.804305 4.137328
v 1.549366 1.797750 4.117636
v 1.537233 1.825636 4.108586
v 1.545262 1.803175 4.114767
v 1.545853 1.787500 4.122947
v 1.541601 1.768981 4.133066
v 1.536961 1.828323 4.128410
v 1.522620 1.749383 4.131174
v 1.494566 1.739433 4.129606
v 1.762886 1.820575 3.751983
v 1.742775 1.822874 3.747300
v 1.725145 1.839459 3.745938
v 1.700894 1.841905 3.746721
v 1.762830 1.848497 3.757378
v 1.728430 1.851240 3.748526
v 1.666028 1.860999 3.748942
v 1.651655 1.862270 3.746432
v 1.646282 1.864597 3.751111
v 1.651471 1.850458 3.742586
v 1.664871 1.847116 3.745090
v 1.642498 1.851274 3.747608
v 1.702632 2.099289 4.035385
v 1.706146 2.070191 4.043015
v 1.719876 2.058836 4.052707
v 1.733455 2.064819 4.061497
v 1.735358 2.045815 4.056138
v 1.739202 2.039354 4.056406
v 1.714783 2.082038 4.050088
v 1.751931 2.041212 4.057142
v 1.727002 2.035478 4.046923
v 1.716470 2.036794 4.037960
v 1.739095 2.026727 4.047369
v 1.720481 2.022480 4.029217
v 1.701172 2.038215 4.022281
v 1.705291 2.030154 4.015828
v 1.697808 2.044393 4.008819
v 1.707954 2.041567 4.031331
v 1.701742 2.050760 4.027366
v 1.698234 2.064851 4.026496
v 1.692304 2.087617 4.023785
v 1.696737 2.077555 4.029434
v 1.690580 2.069894 4.007102
v 1.695687 2.119867 4.018565
v 1.742268 1.722698 3.989012
v 1.763706 1.709540 3.990001
v 1.763192 1.746435 3.999321
v 1.743133 1.757002 3.991302
v 1.752014 1.766132 3.989007
v 1.763355 1.779833 3.983226
v 1.754190 1.775641 3.985094
v 1.440264 2.060369 3.889051
v 1.447321 2.069975 3.882119
v 1.431705 2.062302 3.903824
v 1.430133 2.069772 3.925814
v 1.425256 2.076471 3.946540
v 1.436499 2.081907 3.889932
v 1.423716 2.079486 3.910684
v 1.417244 2.092751 3.948192
v 1.423751 2.084903 3.965606
v 1.433598 2.080860 3.972452
v 1.459107 2.113910 3.994346
v 1.432353 2.076819 3.894988
v 1.420654 2.090447 3.936643
v 1.477465 2.129522 3.988883
v 1.497362 2.138621 3.976241
v 1.513388 2.135927 3.959325
v 1.519587 2.117514 3.940501
v 1.420198 2.098739 3.955257
v 1.424776 2.118085 3.975500
v 1.440524 2.144269 3.985049
v 1.466401 2.161366 3.984405
v 1.490613 2.165643 3.973685
v 1.507902 2.165235 3.959841
v 1.511396 2.172535 3.956965
v 1.526476 2.153225 3.937085
v 1.527901 2.141534 3.929034
v 1.504794 2.207888 3.932682
v 1.517105 2.195623 3.913059
v 1.518332 2.199723 3.898203
v 1.518338 2.215469 3.917054
v 1.522057 2.210755 3.891191
v 1.465013 2.266281 3.909418
v 1.452419 2.270895 3.895535
v 1.442221 2.269446 3.872088
v 1.522296 2.229347 3.870509
v 1.522713 2.280486 3.836849
v 1.517919 2.311841 3.854013
v 1.520049 2.307188 3.860338
v 1.514164 2.292964 3.830231
v 1.514936 2.306165 3.839154
v 1.468936 2.322784 3.859076
v 1.481859 2.320322 3.870525
v 1.495736 2.321079 3.868407
v 1.501179 2.322636 3.858279
v 1.481781 2.085845 3.916956
v 1.495570 2.082536 3.922328
v 1.512766 2.095632 3.928997
v 1.466246 2.085170 3.905720
v 1.461707 2.086492 3.879596
v 1.451731 2.095439 3.884929
v 1.456059 2.085991 3.904719
v 1.474289 2.094829 3.906911
v 1.502593 2.103393 3.905549
v 1.521641 2.121075 3.915727
v 1.526913 2.140897 3.930149
v 1.519361 2.116147 3.942298
v 1.522170 2.210760 3.891196
v 1.494025 2.335492 3.851085
v 1.498779 2.324952 3.858224
v 1.509305 2.331089 3.847287
v 1.515390 2.311723 3.854129
v 1.514161 2.305310 3.841219
v 1.493992 2.356766 3.847651
v 1.509145 2.352400 3.847053
v 1.503541 2.373298 3.832669
v 1.513853 2.367924 3.838073
v 1.500715 2.387178 3.817744
v 1.509157 2.396807 3.813553
v 1.525840 2.400640 3.815835
v 1.532190 2.379557 3.832149
v 1.535463 2.386724 3.824832
v 2.114250 2.006367 4.360084
v 2.120762 2.012808 4.356557
v 2.120104 2.009727 4.364259
v 2.074192 1.968159 4.228078
v 2.044751 1.978496 4.228616
v 2.011186 1.954491 4.219240
v 1.999136 1.924540 4.202807
v 2.005051 1.901445 4.181576
v 1.899544 1.560204 3.989135
v 1.898560 1.558243 3.974207
v 1.900403 1.570787 3.959029
v 1.901119 1.585300 3.946764
v 1.906559 1.589159 3.962240
v 1.893627 1.590665 3.996835
v 1.903305 1.587667 3.963668
v 1.886252 1.570016 4.035695
v 1.904985 1.559253 3.990787
v 1.854457 1.573471 4.061287
v 1.850193 1.581609 4.063426
v 1.853963 1.601681 4.026050
v 1.855904 1.615175 4.017258
v 1.863379 1.603341 4.018987
v 1.864339 1.648027 3.985216
v 1.872575 1.660480 3.969320
v 1.879701 1.675578 3.959069
v 1.887959 1.699191 3.948972
v 1.880654 1.708922 3.956674
v 1.879991 1.659575 3.961602
v 1.887024 1.675828 3.949845
v 1.872142 1.647112 3.976348
v 1.865232 1.616299 4.010769
v 1.894676 1.698619 3.940606
v 1.899034 1.713481 3.939632
v 1.909285 1.740285 3.933087
v 1.938365 1.772355 3.928216
v 1.918582 1.754798 3.943958
v 1.945215 1.811663 3.920885
v 1.958056 1.867980 3.886142
v 1.957942 1.879591 3.884472
v 1.969630 1.917194 3.839660
v 1.977949 1.942640 3.832588
v 2.014741 1.938672 3.839088
v 2.035767 1.920265 3.821030
v 2.035764 1.900163 3.792991
v 2.016964 1.890130 3.775233
v 1.975531 1.881577 3.753183
v 1.935960 1.890872 3.747018
v 1.966643 1.920329 3.861826
v 1.963346 1.889640 3.859116
v 1.963946 1.857304 3.877787
v 1.960577 1.834942 3.902147
v 2.133415 1.578619 4.340976
v 2.122502 1.590464 4.322156
v 2.140038 1.556480 4.347092
v 2.137825 1.524602 4.330333
v 2.154487 1.498628 4.296651
v 2.162252 1.496185 4.267182
v 2.131992 1.603890 4.285857
v 2.138229 1.605678 4.253684
v 2.107996 1.569866 4.350753
v 2.113765 1.540317 4.351159
v 2.110465 1.514598 4.337022
v 2.092976 1.587448 4.323854
v 2.102513 1.604969 4.280918
v 2.103380 1.601890 4.261470
v 2.148559 1.487304 4.267411
v 2.113544 1.493002 4.239506
v 2.133618 1.484746 4.298479
v 2.136140 1.483919 4.282033
v 2.112649 1.479426 4.258183
v 2.077657 1.485985 4.237700
v 2.064799 1.518665 4.220340
v 2.058617 1.549939 4.219385
v 2.067194 1.568427 4.219467
v 2.123232 1.603493 4.253000
v 2.108472 1.592521 4.231403
v 2.090973 1.566061 4.215681
v 2.089827 1.591219 4.240693
v 2.103492 1.602378 4.261787
v 2.096624 1.538501 4.212911
v 2.105119 1.511240 4.222658
v 1.763072 1.848763 3.757886
v 1.784682 1.849276 3.751245
v 1.833635 1.858014 3.747933
v 1.866549 1.868884 3.744066
v 1.891718 1.877962 3.745817
v 1.823947 2.096770 4.037456
v 1.794722 2.065253 4.060805
v 1.774378 2.041590 4.056545
v 1.783052 2.030287 4.049901
v 1.797151 2.022621 4.037550
v 1.809891 2.023617 4.025371
v 1.820838 2.030491 4.016079
v 1.830087 2.045135 4.009176
v 1.833964 2.059037 4.007354
v 1.835505 2.076816 4.008140
v 1.833288 2.105820 4.014244
v 1.830347 2.117939 4.019531
v 1.782717 1.723627 3.988437
v 1.763123 1.708955 3.991881
v 1.782752 1.756833 3.991856
v 1.773243 1.765017 3.988319
v 1.773119 1.773679 3.986038
v 1.768953 1.777219 3.983968
v 1.763118 1.778617 3.982763
v 2.042533 1.951624 3.999278
v 2.068735 1.921531 4.031483
v 2.081962 1.906049 4.048311
v 2.078825 1.891814 4.051044
v 2.053885 1.869957 4.065233
v 2.028052 1.965847 4.020899
v 2.044941 1.956402 4.017163
v 2.074973 1.922162 4.053026
v 2.002220 1.870255 4.098463
v 1.979287 1.884182 4.091698
v 2.077342 1.905312 4.065897
v 2.072250 1.891794 4.073152
v 2.060601 1.874591 4.091076
v 2.036608 1.865244 4.110719
v 1.992688 1.875593 4.124216
v 1.980007 1.879243 4.119680
v 2.022741 1.868421 4.119553
v 1.998802 1.878379 4.136567
v 2.034894 1.882627 4.171198
v 2.011183 1.893077 4.170156
v 2.005051 1.901445 4.181576
v 2.069381 1.887530 4.199336
v 2.089986 1.919472 4.216487
v 2.088274 1.951893 4.225781
v 1.970361 1.919975 4.065197
v 1.967057 1.903139 4.079340
v 1.992310 1.946963 4.043323
v 2.015050 1.953558 4.016561
v 2.011188 1.963326 4.032617
v 1.993877 1.956956 4.056941
v 1.985188 1.941943 4.077207
v 1.968923 1.923390 4.094022
v 1.969420 1.901449 4.108990
v 1.982786 1.881608 4.119258
v 1.978183 1.883549 4.091432
v 2.065747 1.918911 4.321852
v 2.066286 1.908533 4.305382
v 2.046440 1.928611 4.320487
v 2.036361 1.927960 4.301285
v 2.069760 1.937663 4.341570
v 2.055057 1.941370 4.337896
v 2.076750 1.968133 4.346558
v 2.058626 1.994768 4.352345
v 2.056335 1.982961 4.350023
v 2.063769 1.970582 4.346623
v 2.089219 1.977566 4.349269
v 2.068880 1.999802 4.357385
v 2.080636 1.997765 4.357526
v 2.088112 1.989977 4.354662
v 1.496673 2.412149 3.800370
v 1.494174 2.416612 3.798985
v 1.496105 2.419876 3.791222
v 1.443167 2.260363 3.852757
v 1.455840 2.246939 3.836793
v 1.471023 2.234057 3.832538
v 1.516286 2.208035 3.869831
v 1.521943 2.200483 3.898929
v 1.626683 1.560144 3.989046
v 1.627669 1.558160 3.973983
v 1.625830 1.570605 3.958453
v 1.625115 1.585106 3.946100
v 1.619946 1.588753 3.961783
v 1.622929 1.587354 3.963044
v 1.639396 1.569129 4.033964
v 1.621413 1.559271 3.990690
v 1.648739 1.590992 4.014914
v 1.671715 1.572099 4.059659
v 1.676336 1.579928 4.061349
v 1.671182 1.604157 4.025838
v 1.669655 1.616300 4.017797
v 1.662855 1.602999 4.018794
v 1.661897 1.647708 3.984506
v 1.653661 1.659296 3.967103
v 1.646423 1.674603 3.956765
v 1.638288 1.698872 3.948484
v 1.646592 1.708932 3.955419
v 1.646085 1.658768 3.959509
v 1.639338 1.674330 3.948205
v 1.654061 1.646947 3.975655
v 1.660766 1.618446 4.008788
v 1.631574 1.698328 3.940103
v 1.627273 1.713522 3.939517
v 1.608582 1.756785 3.945590
v 1.592154 1.773583 3.931766
v 1.589416 1.803470 3.931581
v 1.568364 1.873303 3.894145
v 1.568676 1.882045 3.890347
v 1.534554 1.910878 3.819698
v 1.513365 1.922668 3.797975
v 1.484389 1.919596 3.820277
v 1.476754 1.893490 3.837871
v 1.491014 1.878525 3.836438
v 1.509374 1.873011 3.823781
v 1.549177 1.866869 3.793836
v 1.583093 1.875029 3.771971
v 1.545035 1.905032 3.837138
v 1.568009 1.845758 3.902595
v 1.578230 1.816034 3.918447
v 1.461719 1.873759 4.121303
v 1.485063 1.866832 4.125211
v 1.439911 1.864146 4.119753
v 1.427615 1.830355 4.122589
v 1.425086 1.789598 4.102557
v 1.515028 1.849455 4.105429
v 1.534728 1.827250 4.091368
v 1.456258 1.872999 4.149360
v 1.432764 1.854144 4.148389
v 1.423667 1.826278 4.151998
v 1.490004 1.863429 4.154562
v 1.527000 1.844003 4.132320
v 1.536634 1.827617 4.127239
v 1.419522 1.779799 4.125005
v 1.436716 1.759650 4.102700
v 1.467862 1.739829 4.128635
v 1.428505 1.767218 4.118686
v 1.446631 1.744503 4.136169
v 1.473719 1.730766 4.163603
v 1.511976 1.738520 4.166760
v 1.537133 1.758056 4.167728
v 1.548261 1.771126 4.156772
v 1.537663 1.824037 4.105905
v 1.547159 1.799459 4.116471
v 1.542391 1.768820 4.133384
v 1.545521 1.803946 4.136850
v 1.536809 1.828193 4.127138
v 1.522398 1.748879 4.131489
v 1.494026 1.738711 4.129837
v 1.763072 1.848763 3.757886
v 1.743795 1.849070 3.751531
v 1.674491 1.857600 3.749821
v 1.641446 1.864322 3.751916
v 1.702295 2.096766 4.037458
v 1.731513 2.065258 4.060804
v 1.751862 2.041590 4.056545
v 1.743185 2.030285 4.049898
v 1.729091 2.022622 4.037552
v 1.716349 2.023618 4.025370
v 1.705400 2.030492 4.016078
v 1.696152 2.045135 4.009176
v 1.692275 2.059038 4.007353
v 1.690734 2.076817 4.008140
v 1.692951 2.105816 4.014242
v 1.695893 2.117940 4.019531
v 1.763113 1.708959 3.992049
v 1.743518 1.723616 3.988432
v 1.743483 1.756834 3.991856
v 1.752993 1.765017 3.988319
v 1.753117 1.773680 3.986039
v 1.757283 1.777218 3.983968
v 1.763118 1.778617 3.982763
v 1.438531 2.059903 3.887363
v 1.428239 2.072896 3.935809
v 1.423036 2.085055 3.965664
v 1.432687 2.080784 3.973148
v 1.475556 2.128177 3.993571
v 1.431359 2.076633 3.893365
v 1.423841 2.079528 3.911703
v 1.419276 2.096945 3.953365
v 1.497462 2.138934 3.977228
v 1.513418 2.136415 3.958953
v 1.519262 2.116190 3.942085
v 1.424884 2.118055 3.975504
v 1.442216 2.145494 3.985171
v 1.466247 2.161129 3.984399
v 1.508482 2.166433 3.961629
v 1.525278 2.151088 3.938292
v 1.525869 2.140129 3.931518
v 1.522494 2.171203 3.929722
v 1.507855 2.176727 3.952923
v 1.504454 2.210837 3.930972
v 1.516868 2.196146 3.912883
v 1.518166 2.199994 3.898258
v 1.487151 2.250916 3.927706
v 1.457968 2.269649 3.902538
v 1.442279 2.269501 3.872296
v 1.476429 2.083674 3.912940
v 1.495823 2.083212 3.922169
v 1.512525 2.096069 3.928613
v 1.466412 2.085262 3.905821
v 1.461073 2.085746 3.881911
v 1.452069 2.093672 3.887234
v 1.456955 2.087044 3.905275
v 1.503374 2.103612 3.906244
v 1.521294 2.120664 3.915925
v 1.527009 2.139827 3.931432
v 1.519169 2.116231 3.942125
v 1.495319 2.330809 3.853727
v 1.514207 2.306278 3.837659
v 1.494070 2.356799 3.847620
v 1.508904 2.348423 3.847305
v 1.504888 2.376960 3.829564
v 1.535463 2.386724 3.824832
v 1.529818 2.378101 3.832054
v 1.516452 2.372524 3.834147
v 1.500998 2.386955 3.817827
v 1.530336 2.397547 3.819845
v 1.520160 2.400036 3.814609
v 1.509549 2.396472 3.813678
v 2.038344 2.048749 4.352530
v 2.053478 2.045711 4.354906
v 2.027070 2.012612 4.348589
v 2.019951 2.002149 4.331085
v 2.033673 2.046671 4.367662
v 2.035861 2.030474 4.372692
v 2.054252 2.029884 4.369506
v 2.058416 2.015041 4.362452
v 2.077193 2.008837 4.355301
v 2.061105 2.030800 4.359388
v 2.059484 2.036393 4.361526
v 2.086765 2.020066 4.361184
v 2.087516 2.012874 4.397278
v 2.080319 2.002535 4.389705
v 2.085528 2.017036 4.384044
v 2.061246 2.007308 4.390901
v 2.071085 2.027847 4.383352
v 2.062338 2.010547 4.376963
v 2.062342 2.020730 4.395178
v 2.051573 2.005018 4.387968
v 2.079134 1.993947 4.388534
v 2.062230 1.972493 4.372684
v 2.050864 1.983997 4.371102
v 2.043655 1.982972 4.381712
v 2.066660 1.970964 4.381849
v 2.057461 1.966233 4.380535
v 2.044244 1.972845 4.379057
v 2.015079 1.987887 4.320873
v 2.043152 1.969521 4.290869
v 2.069120 1.970108 4.286664
v 2.092369 1.948899 4.288726
v 2.117722 2.015982 4.330358
v 2.095540 1.931270 4.297839
v 2.074133 1.904479 4.290738
v 2.106000 1.937000 4.333807
v 2.137921 2.004162 4.342664
v 2.135875 1.988429 4.353185
v 2.086863 1.936080 4.346466
v 2.071425 1.915404 4.318316
v 2.066627 1.909438 4.303905
v 2.100994 1.976035 4.354585
v 2.131683 1.992112 4.362841
v 2.166305 2.042021 4.371576
v 2.155710 2.041754 4.364115
v 2.164696 2.038213 4.385270
v 2.136973 2.037298 4.369180
v 2.161788 2.071839 4.381089
v 2.151079 2.037730 4.387610
v 2.144157 2.042842 4.383862
v 2.133363 2.033428 4.367032
v 2.146128 2.052816 4.378376
v 2.145293 2.052503 4.378075
v 2.167202 2.063474 4.397711
v 2.158949 2.074018 4.389009
v 2.173885 2.067890 4.391411
v 2.175361 2.070836 4.386076
v 2.161469 2.073977 4.390082
v 2.033039 1.968005 4.356274
v 2.041201 1.982687 4.355621
v 2.037397 2.002347 4.351471
v 2.088440 2.003386 4.358529
v 2.109106 1.995648 4.359701
v 2.091124 2.017327 4.362696
v 2.114522 2.005269 4.355414
v 2.116620 1.998609 4.390858
v 2.111544 1.992458 4.384035
v 2.092363 1.996263 4.387107
v 2.094990 2.009288 4.395455
v 2.100497 2.012584 4.381918
v 2.089488 1.995162 4.377385
v 2.096195 1.971905 4.371785
v 2.079669 1.989707 4.387978
v 2.107641 1.980805 4.384482
v 2.102631 1.969688 4.381840
v 2.079513 1.972309 4.372730
v 2.072801 1.961196 4.380154
v 2.085506 1.952869 4.377347
v 2.092493 2.035392 4.332343
v 2.114735 2.026795 4.350729
v 2.056777 2.038429 4.338408
v 2.074842 2.045028 4.353404
v 2.098498 2.031570 4.351760
v 2.061715 2.020726 4.395180
v 2.068158 2.028363 4.402268
v 2.086988 2.025415 4.398843
v 2.088584 2.012037 4.397533
v 2.081259 2.010763 4.406936
v 2.079013 1.993756 4.388543
v 2.053871 2.008456 4.389933
v 2.047077 1.991211 4.384139
v 2.056295 1.962065 4.388089
v 2.043543 1.974383 4.379520
v 2.041630 1.970820 4.387525
v 2.059972 1.964468 4.379113
v 2.089008 2.020592 4.358926
v 2.094227 2.009565 4.395960
v 2.100521 2.013729 4.399963
v 2.117165 2.009678 4.394422
v 2.116773 1.998445 4.391031
v 2.111343 1.998142 4.402254
v 2.104940 1.975670 4.394230
v 2.086078 1.985158 4.398136
v 2.107863 1.980436 4.384264
v 2.083805 1.990322 4.388362
v 2.099648 1.968432 4.380974
v 2.086728 1.951938 4.377161
v 2.075238 1.955980 4.387316
v 2.075835 1.976394 4.384809
v 2.073878 1.959794 4.379721
v 2.116148 2.005874 4.354947
v 2.129026 2.011239 4.344343
v 2.084610 2.035516 4.363810
v 2.067428 2.076133 4.400439
v 2.074993 2.072891 4.394016
v 2.069947 2.063359 4.375960
v 2.058533 2.103617 4.394047
v 2.086481 2.096049 4.393654
v 2.049480 2.079649 4.376405
v 2.062748 2.087826 4.377204
v 2.071533 2.082602 4.376197
v 2.070198 2.063574 4.375768
v 2.081348 2.086565 4.387945
v 2.058783 2.033534 4.358871
v 2.093795 2.117283 4.404492
v 2.081051 2.127028 4.402952
v 2.088775 2.101935 4.398025
v 2.078206 2.123746 4.410832
v 2.066669 2.099336 4.411061
v 2.085646 2.099409 4.411236
v 2.091371 2.104229 4.399134
v 2.090564 2.119911 4.406262
v 1.999513 1.996838 4.342439
v 2.000937 1.977158 4.346355
v 2.009240 2.017476 4.349522
v 2.013752 1.989896 4.362998
v 2.023287 1.997778 4.364073
v 2.027921 2.011128 4.348351
v 2.009457 2.010790 4.346090
v 1.997646 2.032871 4.363542
v 2.010463 2.030986 4.353417
v 2.010512 2.033800 4.353715
v 1.999503 2.016848 4.381800
v 2.013848 2.043021 4.360994
v 2.021259 2.031714 4.394945
v 2.028465 2.027633 4.368801
v 2.023569 2.034133 4.357936
v 2.013848 2.043021 4.360994
v 2.009519 2.065221 4.372775
v 2.020838 2.062294 4.379202
v 2.009368 2.066736 4.383661
v 2.010914 2.062098 4.393046
v 2.002814 2.059566 4.393473
v 1.999565 2.064905 4.378417
v 2.009838 2.062353 4.369256
v 2.015979 1.987754 4.321969
v 2.019951 2.002149 4.331085
v 2.010491 2.001485 4.336301
v 2.011140 1.978079 4.320472
v 2.005708 1.965839 4.328476
v 2.022222 1.958348 4.352122
v 2.041201 1.982687 4.355621
v 2.033390 1.968607 4.356137
v 2.037560 2.001545 4.352092
v 2.019951 2.002149 4.331085
v 2.010491 2.001485 4.336301
v 2.024237 1.950707 4.308346
v 2.011306 1.975104 4.322714
v 2.007959 1.962077 4.337897
v 2.021629 1.957470 4.352496
v 2.025622 1.938243 4.316971
v 2.030277 1.935527 4.289335
v 2.054321 1.970803 4.293489
v 2.026298 1.951755 4.282924
v 2.115246 2.006675 4.363326
v 2.116194 2.008452 4.355317
v 2.099449 1.972571 4.351453
v 2.088631 1.941576 4.348372
v 2.063507 1.902726 3.975347
v 2.037974 1.856072 3.986364
v 2.060885 1.866049 4.047263
v 2.022035 1.868838 4.087928
v 2.003800 1.870876 4.020014
v 1.982916 1.880531 4.019989
v 2.053700 1.868803 3.970593
v 1.982229 1.873988 3.994882
v 1.971276 1.853720 3.935191
v 1.994585 1.815613 3.853487
v 1.972596 1.808491 3.807545
v 1.970967 1.841077 3.892038
v 1.973512 1.818511 3.851352
v 1.967072 1.811632 3.839924
v 2.025371 1.826859 3.908920
v 2.045161 1.832675 3.898247
v 2.004775 1.813177 3.825263
v 2.018169 1.826987 3.808950
v 2.051535 1.852296 3.851059
v 2.067511 1.879338 3.911827
v 1.985161 1.819354 3.787605
v 2.059207 1.879822 3.856466
v 2.055090 1.911868 3.897908
v 1.958569 1.807702 3.838741
v 2.030787 1.925516 3.871643
v 2.011990 1.934169 3.882782
v 1.984344 1.933874 3.873913
v 1.959863 1.932045 3.917750
v 1.956384 1.904189 3.871516
v 2.042997 1.931877 3.962597
v 2.020037 1.945787 3.981392
v 1.973957 1.942929 3.982033
v 1.959975 1.930853 3.997382
v 1.949329 1.898726 3.999579
v 1.957631 1.876370 3.981800
v 1.987290 1.936288 4.042999
v 1.969055 1.906861 4.035069
v 1.981750 1.872639 3.992283
v 1.983205 1.881793 4.022817
v 1.977178 1.886478 4.056169
v 1.977178 1.886478 4.056169
v 2.027776 1.980130 4.096773
v 1.999200 1.971646 4.121097
v 2.055237 1.975783 4.086974
v 1.980319 1.940607 4.155343
v 1.974306 1.905005 4.143602
v 2.072743 1.961262 4.101313
v 2.087064 1.940103 4.112553
v 2.094222 1.916176 4.145041
v 2.080740 1.886836 4.146405
v 1.970722 1.840639 3.894652
v 1.973512 1.818511 3.851352
v 1.966768 1.810076 3.840538
v 1.972040 1.855127 3.933468
v 1.936174 1.883620 3.926798
v 1.946275 1.920905 3.934534
v 1.956061 1.833001 3.863252
v 1.962324 1.861507 3.858187
v 1.966643 1.920329 3.861826
v 1.958569 1.807702 3.838741
v 1.943676 1.811576 3.864367
v 2.002478 1.949698 3.804651
v 1.977638 1.945150 3.824314
v 1.963110 1.918818 3.861716
v 2.026014 1.920088 3.780396
v 2.005613 1.936259 3.777213
v 1.966259 1.947271 3.778529
v 1.939565 1.921191 3.874806
v 1.916345 1.930104 3.853941
v 1.923782 1.943538 3.813573
v 1.924574 1.930176 3.762917
v 1.971159 1.919125 3.758668
v 1.927666 1.875687 3.909770
v 1.920409 1.831462 3.938626
v 1.917414 1.777865 3.954984
v 1.881832 1.727880 3.968916
v 1.859634 1.777385 3.981732
v 1.858368 1.739542 3.986312
v 1.842337 1.717252 3.981137
v 1.866016 1.694257 3.969342
v 1.824955 1.676753 3.989020
v 1.850173 1.661076 3.988126
v 1.828945 1.622751 4.031052
v 1.800091 1.592015 4.065248
v 1.763224 1.575462 4.078059
v 1.762901 1.628288 4.018094
v 1.797958 1.644403 4.024291
v 1.763094 1.559854 4.113309
v 1.811171 1.567941 4.107587
v 1.831828 1.541554 4.119637
v 1.887920 1.519627 4.081432
v 1.900951 1.537063 4.019588
v 1.902547 1.514724 4.035468
v 1.903938 1.491282 4.057429
v 1.889136 1.478942 4.099517
v 1.901154 1.463787 4.075378
v 1.841950 1.487721 4.125902
v 1.823338 1.484891 4.129066
v 1.794844 1.517592 4.152435
v 1.763663 1.510620 4.162006
v 1.765506 1.481040 4.167765
v 1.769541 1.441472 4.121484
v 1.802709 1.459885 4.133599
v 1.788311 1.438141 4.113433
v 1.781558 1.420995 4.089356
v 1.765801 1.423550 4.087387
v 1.763193 1.979529 3.842311
v 1.782074 1.981323 3.840832
v 1.762808 1.927696 3.789450
v 1.762980 1.895494 3.772202
v 1.802413 1.894686 3.761300
v 1.801441 1.981869 3.845803
v 1.847079 1.951520 3.819732
v 1.825778 1.963235 3.842187
v 1.851424 1.948444 3.861893
v 1.905486 1.938921 3.790380
v 1.869288 1.913796 3.766293
v 1.898420 1.890342 3.899130
v 1.884501 1.846980 3.945508
v 1.810277 1.806306 3.977292
v 1.790833 1.849125 3.951407
v 1.861193 1.866490 3.936091
v 1.763195 1.822374 3.965772
v 1.762956 1.852347 3.936868
v 1.783404 1.860956 3.933490
v 1.851314 1.877568 3.916528
v 1.762948 1.895725 3.930527
v 1.781948 1.904278 3.930329
v 1.763940 1.921871 3.950341
v 1.783424 1.930464 3.936054
v 1.823650 1.881546 3.921071
v 1.830396 1.933189 3.891301
v 1.829059 1.960044 3.872118
v 1.821145 1.980777 3.860815
v 1.802495 1.904114 3.923711
v 1.821953 1.967055 3.893079
v 1.799711 1.937809 3.931872
v 1.763007 1.782212 3.751223
v 1.783221 1.822915 3.746061
v 1.763125 1.821083 3.752095
v 1.823449 1.725776 3.755180
v 1.877781 1.753516 3.749642
v 1.860099 1.806611 3.736916
v 1.906714 1.821229 3.737387
v 1.912560 1.763488 3.757351
v 1.912222 1.717544 3.781895
v 1.957516 1.808475 3.765813
v 1.975945 1.812649 3.800869
v 1.971223 1.808623 3.809285
v 1.958769 1.807628 3.838843
v 1.952720 1.789150 3.846449
v 1.950249 1.763879 3.809302
v 1.985066 1.827583 3.786364
v 1.936655 1.729225 3.845158
v 1.912542 1.674519 3.823615
v 1.927335 1.702515 3.849395
v 1.919579 1.684506 3.855797
v 1.911361 1.664940 3.868176
v 1.904975 1.645457 3.890061
v 1.892470 1.601677 3.909569
v 1.901850 1.610436 3.932252
v 1.865762 1.608415 3.874115
v 1.876740 1.543889 3.936697
v 1.854416 1.546941 3.916991
v 1.820064 1.538465 3.905214
v 1.893931 1.547724 3.958175
v 1.814640 1.604482 3.860827
v 1.789302 1.557328 3.896209
v 1.762861 1.539955 3.899096
v 1.762884 1.501454 3.921536
v 1.878972 1.465643 3.988813
v 1.897256 1.443748 4.052832
v 1.877161 1.423045 4.034337
v 1.852198 1.444650 3.973546
v 1.815659 1.439203 3.961202
v 1.848762 1.411262 4.025320
v 1.763226 1.436694 3.971952
v 1.763150 1.417229 4.034078
v 1.818936 1.406674 4.037716
v 1.765978 1.424706 4.086909
v 1.779798 1.419388 4.089171
v 1.903938 1.491282 4.057429
v 1.901154 1.463787 4.075378
v 1.902547 1.514724 4.035468
v 1.899659 1.554042 3.991367
v 1.900951 1.537063 4.019588
v 1.952164 1.789005 3.846473
v 1.942862 1.812358 3.865302
v 1.925264 1.761491 3.915783
v 1.927169 1.702441 3.849401
v 1.891822 1.660524 3.933197
v 1.937069 1.729943 3.845114
v 1.919579 1.684506 3.855797
v 1.911385 1.664196 3.868730
v 1.878050 1.592354 4.016367
v 1.903082 1.614869 3.928381
v 1.902169 1.593308 3.959502
v 1.952313 1.823565 3.865651
v 1.950880 1.807982 3.855171
v 1.958569 1.807702 3.838741
v 1.963336 1.864446 3.860117
v 1.791508 2.015723 3.860504
v 1.763150 1.981159 3.840341
v 1.816101 1.979629 3.859173
v 1.822337 1.976251 3.873764
v 1.821699 1.966488 3.893925
v 1.814514 1.994034 3.931436
v 1.825958 2.052425 3.925791
v 1.819921 2.030254 3.939042
v 1.824476 1.989166 3.945458
v 1.835163 2.030923 3.947955
v 1.790033 1.940161 3.997717
v 1.779006 1.938614 4.009013
v 1.763100 1.932149 4.007777
v 1.787148 1.993224 4.034263
v 1.844933 2.057616 3.947411
v 1.841758 2.049867 3.934359
v 1.845291 2.122102 3.953040
v 1.838824 2.158619 3.965090
v 1.804178 2.185767 3.970433
v 1.810985 2.159872 4.011241
v 1.807794 2.183874 3.928651
v 1.792938 2.175624 3.903471
v 1.830080 2.134707 3.901669
v 1.796351 2.143105 3.877720
v 1.802301 2.114548 3.872782
v 1.810981 2.059994 3.887444
v 1.789039 2.062232 3.873473
v 1.840700 2.084192 3.931753
v 1.763100 2.168628 3.887930
v 1.763121 2.193917 3.931855
v 1.763124 2.125973 3.866754
v 1.763111 2.051824 3.871065
v 1.763144 2.192981 3.979729
v 2.211709 1.558086 4.266717
v 2.200216 1.615295 4.256004
v 2.203236 1.614650 4.254205
v 2.231176 1.528000 4.273528
v 2.209495 1.616334 4.256572
v 2.181987 1.548259 4.291676
v 2.215041 1.518968 4.258343
v 2.260911 1.549217 4.231539
v 2.238032 1.532230 4.195544
v 2.233330 1.551980 4.182663
v 2.236673 1.594453 4.310390
v 2.249552 1.594953 4.227154
v 2.218510 1.618141 4.265125
v 2.242572 1.548407 4.302691
v 2.201901 1.597148 4.327879
v 2.209010 1.561087 4.333899
v 2.183941 1.532910 4.316015
v 2.209602 1.618881 4.256646
v 2.182320 1.607901 4.253318
v 2.220638 1.525229 4.267419
v 2.177998 1.523871 4.227091
v 2.202111 1.551609 4.231175
v 2.167549 1.568843 4.211772
v 2.163524 1.597575 4.227947
v 2.165823 1.607932 4.253084
v 2.149515 1.607138 4.254710
v 2.149208 1.606946 4.254913
v 2.165823 1.607932 4.253084
v 2.199689 1.613549 4.254278
v 1.996893 1.546743 4.376803
v 1.991777 1.557324 4.349509
v 2.041236 1.586527 4.289238
v 1.999728 1.518744 4.382632
v 1.998768 1.500964 4.369143
v 1.910628 1.505403 4.422589
v 1.870637 1.502532 4.457531
v 1.905375 1.475658 4.390038
v 1.986205 1.482485 4.350808
v 2.092484 1.474092 4.304163
v 2.070271 1.470456 4.280666
v 2.004138 1.489367 4.277496
v 1.971157 1.511684 4.286018
v 1.970585 1.541631 4.295128
v 2.053609 1.585794 4.252831
v 2.033276 1.582332 4.293652
v 1.894555 1.484532 4.343957
v 1.855959 1.496247 4.346746
v 1.881966 1.521451 4.343798
v 1.883781 1.540048 4.370677
v 1.964307 1.553217 4.331082
v 1.778467 1.505983 4.374413
v 1.837141 1.541259 4.396358
v 1.791077 1.524280 4.419971
v 1.785018 1.463575 4.380245
v 1.862961 1.458413 4.399269
v 1.906668 1.473963 4.363243
v 1.859430 1.470797 4.439674
v 1.865734 1.523280 4.455837
v 1.877054 1.542371 4.415980
v 1.845239 1.543443 4.414963
v 1.912040 1.533722 4.413881
v 1.883471 1.539761 4.371192
v 1.818146 1.534497 4.407656
v 2.005579 1.566241 4.310947
v 1.824693 1.530054 4.457502
v 1.852379 1.520459 4.480154
v 1.859869 1.499458 4.479901
v 1.846728 1.470733 4.472366
v 1.823079 1.459349 4.452500
v 1.790623 1.525033 4.419147
v 1.832989 1.460471 4.406127
v 1.802908 1.451799 4.420774
v 1.777620 1.484147 4.365570
v 2.170615 1.594855 4.276502
v 2.044967 1.573682 4.187337
v 2.160296 1.564917 4.283931
v 2.081365 1.510531 4.252819
v 2.125325 1.493795 4.235852
v 2.183833 1.521683 4.276220
v 2.195783 1.515352 4.188224
v 2.166657 1.491368 4.196790
v 2.185113 1.557967 4.153458
v 2.221610 1.580747 4.177267
v 2.183814 1.601986 4.208739
v 2.172876 1.588456 4.158937
v 2.116208 1.569017 4.112207
v 2.125776 1.537882 4.108848
v 2.026417 1.532472 4.072076
v 2.038865 1.503502 4.062562
v 1.929066 1.484901 4.071395
v 1.991627 1.557675 4.114004
v 1.900916 1.502167 4.107664
v 1.852186 1.465185 4.110087
v 1.845095 1.452039 4.117240
v 1.799497 1.456456 4.132805
v 1.823338 1.484891 4.129066
v 1.889425 1.463179 4.086892
v 1.847911 1.488870 4.128649
v 1.897198 1.436954 4.090596
v 1.913332 1.432646 4.072555
v 1.801796 1.416702 4.103974
v 1.784040 1.421870 4.087561
v 1.886367 1.479546 4.100269
v 1.889258 1.479607 4.130198
v 1.957987 1.535822 4.143329
v 2.008418 1.561172 4.161212
v 2.076752 1.580643 4.122838
v 2.143245 1.599508 4.174267
v 2.044871 1.573963 4.187434
v 2.146834 1.597512 4.238752
v 1.800823 1.415980 4.103890
v 1.791161 1.411455 4.068888
v 1.780266 1.419798 4.088856
v 1.847750 1.416958 4.112435
v 1.846232 1.452521 4.117740
v 1.827910 1.390905 4.070050
v 1.815210 1.405005 4.038227
v 1.847705 1.409531 4.023334
v 1.879703 1.397341 4.078117
v 1.877546 1.421410 4.032446
v 1.924858 1.409232 4.157772
v 1.910165 1.406677 4.110547
v 1.893237 1.441237 4.050145
v 1.901154 1.463787 4.075378
v 1.955695 1.418313 4.079774
v 1.924859 1.398278 4.127203
v 1.923466 1.444621 4.180524
v 1.888666 1.468236 4.145854
v 1.889258 1.479607 4.130198
v 1.987357 1.420943 4.176540
v 2.039708 1.424111 4.153508
v 2.126983 1.475557 4.144026
v 2.009829 1.512801 4.236564
v 2.010289 1.547787 4.217906
v 1.986620 1.465260 4.222937
v 1.973656 1.544141 4.177860
v 1.957987 1.535822 4.143329
v 2.008418 1.561172 4.161212
v 1.841569 1.494697 4.661651
v 1.821568 1.525080 4.669862
v 1.832411 1.537228 4.645301
v 1.826169 1.452593 4.604056
v 1.821809 1.456414 4.635375
v 1.805592 1.548504 4.646155
v 1.803189 1.527590 4.671746
v 1.812824 1.486774 4.672501
v 1.796484 1.433800 4.595607
v 1.824677 1.460498 4.563419
v 1.799111 1.432785 4.574296
v 1.806254 1.442544 4.506810
v 1.834071 1.493474 4.573290
v 1.845620 1.470971 4.471896
v 1.857067 1.498885 4.478675
v 1.739047 1.437436 4.436193
v 1.752201 1.435566 4.424617
v 1.823079 1.459349 4.452500
v 1.823037 1.524914 4.559700
v 1.803390 1.548675 4.581867
v 1.783520 1.552897 4.589278
v 1.783184 1.547338 4.632576
v 1.767081 1.544287 4.585453
v 1.754069 1.505088 4.514324
v 1.742987 1.501552 4.474620
v 1.807911 1.529521 4.515703
v 1.790623 1.525033 4.419147
v 1.824693 1.530054 4.457502
v 1.761339 1.524237 4.419879
v 1.852379 1.520459 4.480154
v 1.806579 1.462720 4.650910
v 1.796190 1.537011 4.659799
v 1.805562 1.520511 4.673873
v 1.812510 1.488957 4.672151
v 1.785045 1.546768 4.636422
v 1.770941 1.547499 4.599596
v 1.796714 1.437073 4.598296
v 1.802449 1.445152 4.619974
v 1.790841 1.434265 4.580413
v 1.765842 1.541616 4.576578
v 1.766871 1.435788 4.511157
v 1.739303 1.436732 4.436582
v 1.754258 1.504521 4.513964
v 1.715450 1.475457 4.392705
v 1.723293 1.450203 4.403905
v 1.715116 1.504375 4.399875
v 1.726014 1.510411 4.435196
v 1.742544 1.500626 4.471920
v 1.763064 2.096204 4.069337
v 1.788904 2.104016 4.063470
v 1.763281 2.151442 4.047849
v 1.810609 2.128057 4.041419
v 1.763158 2.036336 4.057639
v 1.763448 2.011188 4.059386
v 1.840344 2.099337 3.997048
v 1.784058 1.956675 3.953550
v 1.794766 1.936571 3.930044
v 1.807302 1.946038 3.922574
v 1.789854 1.982684 3.840904
v 1.763224 1.948974 3.958529
v 1.779090 1.925892 3.942679
v 1.763124 1.923541 3.948410
v 1.763124 1.668363 3.995623
v 1.712940 1.475211 4.389148
v 1.723293 1.450203 4.403905
v 1.745906 1.448219 4.392588
v 1.712863 1.505943 4.397015
v 1.744433 1.522747 4.421764
v 1.726014 1.510411 4.435196
v 1.777620 1.484147 4.365570
v 1.785275 1.460915 4.378894
v 1.778055 1.508977 4.374043
v 1.790623 1.525033 4.419147
v 1.802908 1.451799 4.420774
v 2.021106 1.859769 3.791518
v 1.987298 1.838403 3.776605
v 1.986353 1.857641 3.764916
v 2.044283 1.883144 3.823849
v 2.045010 1.905185 3.852797
v 1.988628 1.863783 3.763592
v 1.986304 1.857558 3.765012
v 1.988885 1.863356 3.762684
v 1.932116 1.875787 3.744670
v 1.876898 1.859295 3.739237
v 1.836330 1.845874 3.744588
v 1.800618 1.839950 3.745829
v 1.763032 1.610642 3.874682
v 1.763003 1.654775 3.837798
v 1.820403 1.689929 3.780478
v 1.763306 1.720492 3.771709
v 1.879035 1.677555 3.790200
v 2.152580 1.599513 4.241634
v 2.002170 1.427118 4.078466
v 2.050614 1.454282 4.082608
v 2.064207 1.479098 4.072355
v 1.970498 1.445020 4.053505
v 1.725263 1.512144 4.435546
v 1.741747 1.521583 4.423205
v 2.085997 1.916597 4.280479
v 1.583396 2.412874 3.801984
v 1.578331 2.384920 3.797389
v 1.570969 2.419935 3.809673
v 1.572325 2.379095 3.822196
v 1.572060 2.360116 3.821673
v 1.581347 2.396820 3.820259
v 1.565123 2.387657 3.820947
v 1.559698 2.400395 3.820029
v 1.547495 2.397984 3.813936
v 1.555484 2.409776 3.809186
v 1.525226 2.402161 3.805614
v 1.528700 2.414299 3.800483
v 1.522628 2.439075 3.828018
v 1.522751 2.425380 3.833136
v 1.528367 2.434528 3.816007
v 1.540720 2.421376 3.840129
v 1.546536 2.434727 3.816555
v 1.544100 2.415483 3.821442
v 1.546164 2.432882 3.833187
v 1.548814 2.412790 3.836869
v 1.519938 2.417659 3.831652
v 1.522535 2.386261 3.833585
v 1.538538 2.388395 3.831748
v 1.539557 2.384089 3.845503
v 1.517350 2.392202 3.840200
v 1.522196 2.384015 3.844465
v 1.552343 2.351888 3.800028
v 1.512389 2.328893 3.792957
v 1.505376 2.394383 3.767715
v 1.479449 2.334333 3.797510
v 1.565834 2.344325 3.829042
v 1.468005 2.313284 3.819582
v 1.481464 2.304871 3.808947
v 1.466197 2.322279 3.831350
v 1.468802 2.322059 3.859030
v 1.481630 2.318553 3.869978
v 1.461284 2.355399 3.817379
v 1.489331 2.338676 3.850633
v 1.464958 2.361338 3.833695
v 1.477003 2.358775 3.846743
v 1.495779 2.320745 3.868383
v 1.499099 2.325016 3.858032
v 1.496591 2.401405 3.801061
v 1.482277 2.410552 3.768560
v 1.472316 2.406582 3.785691
v 1.477314 2.405027 3.794502
v 1.472960 2.435041 3.789542
v 1.485914 2.441410 3.788161
v 1.470660 2.442674 3.801260
v 1.485180 2.443011 3.807679
v 1.473639 2.432934 3.809432
v 1.489912 2.437117 3.802150
v 1.464842 2.415298 3.815336
v 1.467980 2.411842 3.798735
v 1.491283 2.430741 3.792376
v 1.486165 2.413370 3.799153
v 1.491697 2.438390 3.803136
v 1.487525 2.416851 3.813434
v 1.488188 2.417500 3.813285
v 1.477399 2.397200 3.830273
v 1.474014 2.389481 3.813365
v 1.482015 2.393895 3.826460
v 1.467101 2.390461 3.820788
v 1.465072 2.392933 3.826180
v 1.479851 2.392279 3.825993
v 1.539128 2.367373 3.856952
v 1.543101 2.375812 3.839992
v 1.557147 2.380329 3.827795
v 1.500373 2.404163 3.802935
v 1.523545 2.415044 3.802111
v 1.491548 2.432718 3.821924
v 1.492328 2.420459 3.825509
v 1.508859 2.418535 3.830874
v 1.514154 2.433120 3.829045
v 1.513409 2.434561 3.814129
v 1.513273 2.413514 3.816782
v 1.496822 2.428834 3.811910
v 1.517589 2.408272 3.830526
v 1.489523 2.412965 3.821823
v 1.488215 2.400507 3.823461
v 1.495805 2.388005 3.818256
v 1.509989 2.388627 3.820473
v 1.508941 2.378940 3.831818
v 1.494133 2.377215 3.827781
v 1.533008 2.413459 3.773603
v 1.519629 2.424067 3.780095
v 1.563787 2.407746 3.784939
v 1.553206 2.422172 3.787989
v 1.557894 2.408657 3.807648
v 1.548224 2.431836 3.834337
v 1.550061 2.438127 3.830927
v 1.531198 2.446768 3.822626
v 1.523218 2.438470 3.828366
v 1.526586 2.440480 3.839240
v 1.519984 2.417475 3.831801
v 1.548764 2.417312 3.836233
v 1.544787 2.398930 3.841037
v 1.520157 2.384698 3.852902
v 1.538292 2.382947 3.845428
v 1.537164 2.384028 3.854336
v 1.519239 2.383119 3.843076
v 1.527799 2.414483 3.799063
v 1.514357 2.432999 3.829308
v 1.512923 2.440142 3.829597
v 1.497658 2.442465 3.820260
v 1.490015 2.432928 3.821706
v 1.493643 2.434237 3.833390
v 1.488150 2.410672 3.833033
v 1.508606 2.410985 3.839505
v 1.489345 2.412348 3.821764
v 1.514337 2.410704 3.829675
v 1.490143 2.397782 3.823739
v 1.492631 2.376971 3.827502
v 1.503369 2.378282 3.839094
v 1.513986 2.394317 3.831777
v 1.507338 2.378161 3.831459
v 1.497583 2.413449 3.792897
v 1.496036 2.420456 3.792129
v 1.496156 2.417383 3.778980
v 1.502587 2.424484 3.794513
v 1.539217 2.424351 3.794532
v 1.582124 2.432456 3.844427
v 1.569764 2.415623 3.849604
v 1.555100 2.421694 3.842283
v 1.559156 2.434836 3.842171
v 1.575061 2.419026 3.836504
v 1.555026 2.406869 3.845517
v 1.576180 2.408252 3.866212
v 1.550680 2.415843 3.856057
v 1.566905 2.442898 3.841775
v 1.556352 2.415332 3.870691
v 1.554402 2.436522 3.841567
v 1.550263 2.416026 3.856186
v 1.560335 2.416092 3.818306
v 1.552464 2.391062 3.885659
v 1.546193 2.403141 3.866598
v 1.562481 2.384007 3.877376
v 1.549755 2.393454 3.857461
v 1.544907 2.401484 3.868162
v 1.546237 2.389376 3.878062
v 1.549109 2.388344 3.878502
v 1.548206 2.410060 3.863223
v 1.548206 2.410060 3.863223
v 1.493563 2.438518 3.800159
v 1.588461 2.384442 3.832407
v 1.592166 2.372079 3.850922
v 1.581489 2.365116 3.828877
v 1.573008 2.379523 3.852639
v 1.565774 2.376717 3.851491
v 1.570876 2.389998 3.836634
v 1.572487 2.379268 3.829377
v 1.586737 2.383430 3.834581
v 1.594086 2.393999 3.854099
v 1.581768 2.398404 3.843143
v 1.580713 2.399509 3.844722
v 1.588831 2.376328 3.867909
v 1.571855 2.371874 3.865468
v 1.553904 2.382584 3.860295
v 1.565038 2.412652 3.866094
v 1.561615 2.416375 3.875865
v 1.551778 2.405371 3.873599
v 1.560117 2.407772 3.884499
v 1.559209 2.396833 3.886834
v 1.566715 2.396973 3.888259
v 1.569926 2.412383 3.883301
v 1.561154 2.413125 3.880588
v 1.565038 2.412652 3.866094
v 1.565834 2.344325 3.829042
v 1.583842 2.350277 3.844556
v 1.572060 2.360116 3.821673
v 1.563008 2.336053 3.837199
v 1.559692 2.333147 3.851135
v 1.541923 2.355870 3.864118
v 1.541870 2.377047 3.842974
v 1.539303 2.368120 3.855775
v 1.557147 2.380329 3.827795
v 1.572405 2.379244 3.822452
v 1.581698 2.364671 3.821218
v 1.528306 2.313730 3.835076
v 1.555030 2.339811 3.860446
v 1.560530 2.335342 3.841848
v 1.542145 2.354481 3.865550
v 1.515328 2.308428 3.811774
v 1.510782 2.281127 3.820172
v 1.489833 2.291025 3.807640
v 1.503583 2.281841 3.811898
v 1.495761 2.399776 3.802641
v 1.498979 2.414318 3.795212
v 1.482180 2.376099 3.834339
v 1.478225 2.358400 3.846233
v 1.446302 2.021688 3.929370
v 1.458991 2.084246 3.990041
v 1.498025 2.089766 3.972549
v 1.512235 2.055370 3.944002
v 1.510686 2.087400 3.952699
v 1.523772 2.058978 3.928988
v 1.478033 2.006855 3.951835
v 1.494513 2.022905 3.956517
v 1.550407 1.999315 3.909149
v 1.555356 1.932818 3.883816
v 1.553903 1.857933 3.859836
v 1.560377 1.824176 3.833064
v 1.560848 1.835792 3.852420
v 1.528489 1.915705 3.917193
v 1.520209 1.960141 3.941386
v 1.502575 1.933062 3.937290
v 1.537525 1.857276 3.860763
v 1.482201 1.901615 3.896471
v 1.462023 1.947335 3.917662
v 1.554447 1.829952 3.827089
v 1.472313 1.905420 3.882361
v 1.457593 1.949862 3.882519
v 1.547738 1.837743 3.822034
v 1.569537 1.824914 3.851603
v 1.473399 1.939430 3.851089
v 1.484138 1.957619 3.840401
v 1.506556 1.958015 3.824129
v 1.529876 1.986519 3.828628
v 1.533116 1.937592 3.819057
v 1.506860 2.048314 3.851289
v 1.451119 2.029383 3.885152
v 1.473923 2.057769 3.871651
v 1.485384 2.073385 3.878698
v 1.523435 2.063910 3.866283
v 1.540709 2.065782 3.893916
v 1.524806 2.072890 3.922848
v 1.490517 2.076488 3.924258
v 1.523414 2.059778 3.929476
v 1.511492 2.087698 3.952118
v 1.508243 2.083359 3.935189
v 1.458288 2.119732 3.877890
v 1.419119 2.124588 3.893267
v 1.510732 2.144640 3.879816
v 1.493646 2.222226 3.840062
v 1.526774 2.148310 3.900861
v 1.404163 2.127836 3.912970
v 1.404920 2.125001 3.929523
v 1.413620 2.187218 3.924253
v 1.413729 2.142639 3.961636
v 1.434030 2.216965 3.940053
v 1.462296 2.218098 3.954954
v 1.555372 1.933165 3.883973
v 1.562552 2.006558 3.896129
v 1.560486 1.867990 3.858804
v 1.553944 1.861073 3.860240
v 1.551571 1.986349 3.903820
v 1.568288 1.967318 3.859549
v 1.564500 2.024492 3.876509
v 1.550177 2.009720 3.843534
v 1.541865 2.018345 3.914512
v 1.575827 1.818365 3.876025
v 1.575526 1.819772 3.862652
v 1.560848 1.835792 3.852420
v 1.569537 1.824914 3.851603
v 1.487560 1.892323 3.813176
v 1.519822 1.908304 3.804642
v 1.532639 1.911537 3.829637
v 1.512833 1.899777 3.814443
v 1.561063 1.904992 3.874517
v 1.582733 1.926025 3.866749
v 1.567643 1.928101 3.827315
v 1.556439 1.916559 3.798918
v 1.606040 1.904314 3.775898
v 1.601667 1.878539 3.920653
v 1.608800 1.838938 3.943713
v 1.610681 1.779493 3.957383
v 1.643951 1.728319 3.968760
v 1.672773 1.780957 3.982704
v 1.668285 1.739348 3.986318
v 1.683627 1.717396 3.980992
v 1.693647 1.675177 3.985646
v 1.674657 1.658581 3.983890
v 1.685088 1.636779 4.012705
v 1.730711 1.619184 4.044007
v 1.720458 1.590264 4.064430
v 1.763058 1.576185 4.077173
v 1.763277 1.627928 4.018447
v 1.763127 1.559365 4.114361
v 1.714795 1.565405 4.104057
v 1.696612 1.536745 4.119529
v 1.739239 1.662725 3.998869
v 1.637115 1.518859 4.082945
v 1.624997 1.537150 4.020866
v 1.623043 1.514793 4.037233
v 1.619349 1.491088 4.059727
v 1.630019 1.477805 4.102198
v 1.617239 1.465391 4.078307
v 1.656257 1.478285 4.114551
v 1.687063 1.481184 4.125726
v 1.711024 1.477376 4.128066
v 1.732313 1.516393 4.150983
v 1.763251 1.513394 4.160497
v 1.764486 1.481722 4.167621
v 1.768515 1.456691 4.141348
v 1.735952 1.455655 4.131044
v 1.749575 1.436668 4.112050
v 1.750258 1.420190 4.088804
v 1.765712 1.423849 4.087127
v 1.768975 1.438843 4.113310
v 1.763106 1.979526 3.842319
v 1.742581 1.982334 3.839782
v 1.693146 1.924581 3.776336
v 1.762920 1.910835 3.778069
v 1.720301 1.893227 3.760624
v 1.703820 1.961251 3.827076
v 1.724656 1.982760 3.844325
v 1.640537 1.934620 3.802804
v 1.694055 1.956824 3.864508
v 1.608761 1.922241 3.801035
v 1.600338 1.929770 3.835036
v 1.612484 1.926817 3.862433
v 1.664736 1.938367 3.868894
v 1.596118 1.910209 3.898913
v 1.655200 1.829283 3.961301
v 1.737280 1.823395 3.968478
v 1.658905 1.874279 3.933191
v 1.763049 1.822368 3.965773
v 1.745609 1.852302 3.943757
v 1.763302 1.852334 3.936879
v 1.675270 1.878703 3.919790
v 1.742371 1.866022 3.931984
v 1.763318 1.895722 3.930531
v 1.744301 1.904372 3.930304
v 1.762307 1.921883 3.950326
v 1.742868 1.930480 3.936084
v 1.718369 1.896765 3.920772
v 1.634570 1.894971 3.904055
v 1.709084 1.980028 3.857337
v 1.703001 1.971309 3.885701
v 1.703879 1.932528 3.900718
v 1.682476 1.904679 3.901005
v 1.725782 1.938263 3.931733
v 1.763246 1.782134 3.751219
v 1.763107 1.821083 3.752095
v 1.742893 1.822827 3.746698
v 1.667044 1.801365 3.739632
v 1.700539 1.718921 3.756981
v 1.651866 1.712329 3.765299
v 1.643543 1.799441 3.741681
v 1.614272 1.746519 3.774831
v 1.584424 1.805106 3.789353
v 1.588460 1.862984 3.767722
v 1.622862 1.703476 3.786500
v 1.578878 1.790206 3.817214
v 1.560381 1.825527 3.832252
v 1.568030 1.824088 3.852158
v 1.576097 1.802616 3.855167
v 1.592356 1.721596 3.830153
v 1.589955 1.735797 3.847308
v 1.609121 1.685536 3.815163
v 1.599095 1.703557 3.849670
v 1.606742 1.685008 3.855999
v 1.614891 1.665151 3.869077
v 1.621262 1.645756 3.892136
v 1.633878 1.603742 3.908048
v 1.623509 1.611703 3.932595
v 1.662341 1.610463 3.872161
v 1.647366 1.539065 3.940508
v 1.670348 1.544420 3.918764
v 1.705586 1.535843 3.906394
v 1.632674 1.545295 3.959344
v 1.712798 1.600826 3.865619
v 1.736161 1.553713 3.898066
v 1.763371 1.540106 3.898878
v 1.763360 1.501077 3.921746
v 1.624193 1.447393 4.055597
v 1.654485 1.438910 4.003342
v 1.674042 1.445117 3.972983
v 1.710112 1.439723 3.960453
v 1.676176 1.413065 4.027216
v 1.763002 1.436440 3.972361
v 1.763235 1.417050 4.037932
v 1.707571 1.407972 4.038963
v 1.752874 1.418560 4.088205
v 1.733240 1.412453 4.067060
v 1.765795 1.423581 4.087506
v 1.645732 1.425548 4.035592
v 1.619349 1.491088 4.059727
v 1.617239 1.465391 4.078307
v 1.623043 1.514793 4.037233
v 1.626565 1.554005 3.991336
v 1.624997 1.537150 4.020866
v 1.575786 1.800407 3.855769
v 1.583211 1.822097 3.872406
v 1.604402 1.730090 3.907337
v 1.612828 1.748742 3.933563
v 1.632821 1.658131 3.928004
v 1.599036 1.703658 3.849679
v 1.589960 1.736325 3.847275
v 1.606742 1.685008 3.855999
v 1.634413 1.589175 3.996161
v 1.622824 1.621686 3.922665
v 1.624065 1.593016 3.958967
v 1.615445 1.664817 3.869278
v 1.570434 1.836644 3.869572
v 1.575009 1.819324 3.863339
v 1.569537 1.824914 3.851603
v 1.553478 1.888729 3.848704
v 1.734792 2.015890 3.860492
v 1.763139 1.981160 3.840353
v 1.710514 1.978857 3.859985
v 1.704122 1.976356 3.872699
v 1.704756 1.966754 3.893169
v 1.711671 1.994129 3.931437
v 1.700270 2.052443 3.925807
v 1.706318 2.030252 3.939041
v 1.701751 1.989187 3.945436
v 1.736207 1.940160 3.997719
v 1.747231 1.938614 4.009013
v 1.763137 1.932147 4.007777
v 1.739091 1.993225 4.034264
v 1.691077 2.030922 3.947954
v 1.681307 2.057618 3.947414
v 1.684482 2.049869 3.934358
v 1.680949 2.122101 3.953041
v 1.687418 2.158621 3.965088
v 1.722064 2.185769 3.970428
v 1.715256 2.159872 4.011241
v 1.718450 2.183874 3.928649
v 1.733298 2.175624 3.903471
v 1.696163 2.134710 3.901667
v 1.729889 2.143105 3.877720
v 1.723941 2.114551 3.872782
v 1.715101 2.061561 3.887362
v 1.737212 2.062216 3.873467
v 1.685539 2.084191 3.931754
v 1.763141 2.168628 3.887930
v 1.763121 2.193917 3.931855
v 1.763117 2.125986 3.866755
v 1.763143 2.051785 3.871081
v 1.763098 2.192981 3.979729
v 1.492659 1.800488 4.038006
v 1.523478 1.819538 4.029671
v 1.527471 1.830383 4.013478
v 1.521227 1.839171 4.018559
v 1.526846 1.809494 4.051339
v 1.503014 1.800609 4.061162
v 1.481028 1.788263 4.062488
v 1.443015 1.788313 4.017686
v 1.446313 1.807946 3.959730
v 1.462031 1.766394 3.954482
v 1.484188 1.769568 3.943613
v 1.481909 1.830104 3.949314
v 1.456110 1.877797 4.008659
v 1.518314 1.847962 4.004590
v 1.427639 1.850459 4.016789
v 1.464562 1.882116 4.051908
v 1.438013 1.868475 4.056885
v 1.430295 1.832140 4.076077
v 1.523463 1.838463 4.020206
v 1.529355 1.832189 4.015972
v 1.434235 1.807623 4.015897
v 1.445584 1.794289 4.026079
v 1.439162 1.765890 4.087751
v 1.480494 1.756451 4.059173
v 1.496783 1.777021 4.036874
v 1.525957 1.774027 4.058887
v 1.538074 1.804768 4.062848
v 1.529195 1.830611 4.064442
v 1.532064 1.829925 4.080583
v 1.530477 1.828615 4.079233
v 1.453521 1.867683 4.265601
v 1.479709 1.853978 4.262249
v 1.525086 1.832732 4.195754
v 1.428552 1.853605 4.268620
v 1.424236 1.831640 4.268751
v 1.418250 1.866946 4.365691
v 1.405349 1.887617 4.412811
v 1.418240 1.822691 4.367359
v 1.425605 1.804784 4.279324
v 1.419454 1.773453 4.167346
v 1.437532 1.751678 4.183315
v 1.471455 1.756364 4.243118
v 1.491507 1.774717 4.273342
v 1.507922 1.801363 4.271622
v 1.543878 1.806274 4.175257
v 1.521499 1.832565 4.204945
v 1.456495 1.793467 4.365381
v 1.473886 1.800027 4.400977
v 1.487028 1.816708 4.371563
v 1.483366 1.849153 4.373432
v 1.495681 1.835286 4.284722
v 1.484952 1.820506 4.480495
v 1.481027 1.865103 4.424172
v 1.466487 1.867608 4.476681
v 1.448474 1.797186 4.482044
v 1.411490 1.814509 4.412777
v 1.433374 1.801796 4.359875
v 1.396297 1.852292 4.424156
v 1.422918 1.899740 4.413996
v 1.458734 1.883902 4.390812
v 1.468791 1.881078 4.420758
v 1.444048 1.879598 4.357920
v 1.482945 1.849291 4.373750
v 1.474223 1.867461 4.446235
v 1.506461 1.832422 4.238357
v 1.438139 1.902117 4.452581
v 1.409408 1.914854 4.432978
v 1.392134 1.901349 4.428952
v 1.379339 1.875550 4.444236
v 1.389848 1.851153 4.463825
v 1.467669 1.867442 4.476805
v 1.416922 1.818359 4.442816
v 1.409671 1.820920 4.476530
v 1.474729 1.799355 4.482441
v 1.567173 1.758974 4.034797
v 1.613981 1.659445 4.095673
v 1.513095 1.724331 4.080150
v 1.490176 1.705507 4.054806
v 1.465139 1.768462 4.052201
v 1.478164 1.728221 3.974181
v 1.476427 1.700187 4.000762
v 1.526138 1.733214 3.945212
v 1.550193 1.789498 4.029042
v 1.515943 1.776681 3.942162
v 1.536426 1.767298 3.952430
v 1.585236 1.688782 3.947516
v 1.559814 1.669388 3.944384
v 1.630785 1.593505 3.966878
v 1.601232 1.575368 3.958680
v 1.636216 1.517365 3.988858
v 1.697335 1.489413 4.056931
v 1.654671 1.620407 4.007421
v 1.708978 1.500186 4.068478
v 1.624982 1.471672 4.015090
v 1.695190 1.462214 4.080747
v 1.733275 1.444652 4.123255
v 1.701448 1.464756 4.120950
v 1.711024 1.477376 4.128066
v 1.735819 1.456340 4.130374
v 1.630330 1.450496 4.096128
v 1.627545 1.444325 4.059400
v 1.749568 1.436478 4.111972
v 1.721810 1.458457 4.093498
v 1.744523 1.416318 4.092982
v 1.750258 1.420190 4.088804
v 1.685290 1.481775 4.127462
v 1.656257 1.478285 4.114551
v 1.701897 1.503759 4.083257
v 1.671241 1.584994 4.059954
v 1.642979 1.641381 4.046430
v 1.587937 1.728164 3.969306
v 1.550486 1.785239 4.004725
v 1.617090 1.682621 4.047922
v 1.552561 1.789787 4.029140
v 1.739122 1.415573 4.097480
v 1.713998 1.396026 4.059495
v 1.703607 1.432003 4.091826
v 1.713828 1.475948 4.092346
v 1.656440 1.408207 4.034455
v 1.662000 1.415011 4.082600
v 1.627891 1.418631 4.081514
v 1.600585 1.438427 4.097928
v 1.612079 1.442232 4.089003
v 1.617239 1.465391 4.078307
v 1.631122 1.477734 4.102198
v 1.628669 1.440452 4.048451
v 1.680068 1.410907 4.025733
v 1.732372 1.410665 4.064097
v 1.750258 1.420190 4.088804
v 1.588226 1.476681 4.021286
v 1.577748 1.461954 4.083490
v 1.603873 1.462512 4.114501
v 1.657383 1.525344 4.113738
v 1.691169 1.500881 4.094871
v 1.545930 1.538252 4.095647
v 1.516071 1.570769 4.042861
v 1.504799 1.641468 3.982054
v 1.585223 1.636558 4.118014
v 1.616471 1.683070 4.048058
v 1.566636 1.586460 4.124855
v 1.649280 1.620677 4.081234
v 1.671241 1.584994 4.059954
v 1.642979 1.641381 4.046430
v 1.280139 2.031567 4.491639
v 1.323972 2.046928 4.490008
v 1.302727 2.056181 4.508209
v 1.289495 1.959521 4.498744
v 1.273939 1.984957 4.509960
v 1.339038 2.052810 4.514206
v 1.308416 2.057709 4.525896
v 1.275446 2.031951 4.523016
v 1.283289 1.955205 4.526889
v 1.321053 1.934484 4.489085
v 1.301188 1.921661 4.520528
v 1.308330 1.916706 4.530907
v 1.348346 1.878926 4.495725
v 1.336450 1.964522 4.477502
v 1.380104 1.875262 4.445146
v 1.393289 1.899822 4.431459
v 1.409386 1.809198 4.528696
v 1.389848 1.851153 4.463825
v 1.363324 1.984821 4.481684
v 1.379892 2.005005 4.500648
v 1.383802 2.011646 4.520849
v 1.352787 2.040087 4.532546
v 1.384441 2.001733 4.536979
v 1.403623 1.921685 4.538115
v 1.428828 1.888885 4.539595
v 1.405932 1.943547 4.483146
v 1.467669 1.867442 4.476805
v 1.438139 1.902117 4.452581
v 1.474558 1.864840 4.505316
v 1.408980 1.911808 4.435170
v 1.273028 1.999408 4.527384
v 1.277347 2.033114 4.522902
v 1.301264 2.054782 4.525210
v 1.324688 2.054514 4.528272
v 1.349472 2.042709 4.531787
v 1.376856 2.014668 4.536227
v 1.289802 1.942473 4.527903
v 1.280613 1.964418 4.526463
v 1.300606 1.926723 4.529616
v 1.388344 1.993165 4.536406
v 1.354671 1.871469 4.535723
v 1.406264 1.817541 4.543562
v 1.403380 1.921056 4.537932
v 1.468473 1.808673 4.549959
v 1.440869 1.801157 4.549081
v 1.485210 1.832934 4.547644
v 1.464565 1.864031 4.544945
v 1.429974 1.886243 4.539509
v 1.763175 2.096206 4.069337
v 1.737333 2.104014 4.063470
v 1.762959 2.151449 4.047843
v 1.715630 2.128060 4.041418
v 1.685894 2.099344 3.997045
v 1.762792 2.011185 4.059385
v 1.763082 2.036336 4.057639
v 1.731495 1.936696 3.929938
v 1.742187 1.956688 3.953543
v 1.718980 1.946267 3.922336
v 1.735754 1.982578 3.840826
v 1.763014 1.948969 3.958525
v 1.747177 1.925927 3.942667
v 1.763124 1.923541 3.948410
v 1.763118 1.677205 3.990079
v 1.471232 1.805668 4.551538
v 1.440255 1.793150 4.525095
v 1.440869 1.801157 4.549081
v 1.488755 1.831669 4.548864
v 1.476899 1.863798 4.522129
v 1.464565 1.864031 4.544945
v 1.474729 1.799355 4.482441
v 1.447313 1.794467 4.481873
v 1.487484 1.822181 4.480348
v 1.467669 1.867442 4.476805
v 1.409671 1.820920 4.476530
v 1.406342 1.817477 4.543803
v 1.514089 1.865873 3.844731
v 1.539358 1.852158 3.807327
v 1.484178 1.886645 3.860643
v 1.472813 1.913512 3.863577
v 1.550217 1.833966 3.824025
v 1.545539 1.844806 3.817047
v 1.542434 1.853695 3.808709
v 1.594694 1.833886 3.766321
v 1.561734 1.857708 3.788267
v 1.639557 1.851844 3.748567
v 1.677179 1.844976 3.745275
v 1.725325 1.839553 3.746020
v 1.539547 1.857422 3.808168
v 1.763174 1.611143 3.874506
v 1.763240 1.655131 3.837409
v 1.707868 1.656969 3.813887
v 1.763544 1.698449 3.788931
v 1.763030 1.729239 3.767300
v 1.647133 1.668895 3.798797
v 1.655570 1.885694 3.762124
v 1.415804 2.091675 3.917247
v 1.550577 1.524161 4.015980
v 1.556118 1.575463 3.961786
v 1.591290 1.526440 3.972560
v 1.465811 1.865372 4.545485
v 1.475911 1.863887 4.525279
v 1.524897 2.161964 3.919134
v 1.820100 2.070340 4.042774
v 1.806931 2.058933 4.052976
v 1.791154 2.045883 4.056301
v 1.786859 2.040618 4.055424
v 1.795390 2.036046 4.048802
v 1.809904 2.036614 4.038215
v 1.818286 2.041567 4.031331
v 1.825412 2.050354 4.027908
v 1.828464 2.064833 4.026741
v 1.829503 2.077554 4.029434
v 1.706140 2.070339 4.042774
v 1.719308 2.058933 4.052976
v 1.735081 2.045887 4.056300
v 1.739381 2.040619 4.055424
v 1.730853 2.036047 4.048801
v 1.716335 2.036614 4.038215
v 1.707954 2.041567 4.031331
v 1.700827 2.050355 4.027907
v 1.697775 2.064837 4.026740
v 1.696737 2.077555 4.029434
vn -0.4685 0.7928 -0.3899
vn -0.1444 0.9743 0.1727
vn 0.4637 0.5435 -0.6997
vn -0.4716 0.7894 -0.3930
vn 0.8497 -0.4874 0.2009
vn -0.1429 -0.3319 0.9324
vn -0.2946 -0.9556 -0.0031
vn -0.3112 -0.9503 -0.0084
vn 0.4654 -0.6196 -0.6320
vn 0.5750 -0.5766 -0.5804
vn -0.4759 0.6182 0.6256
vn -0.4229 0.6344 0.6471
vn -0.4677 0.8708 -0.1516
vn 0.1250 0.9040 0.4088
vn 0.4769 0.3598 -0.8019
vn -0.4750 0.8665 -0.1538
vn 0.7113 -0.6951 -0.1043
vn 0.1479 -0.3615 0.9206
vn -0.4460 -0.8895 0.0993
vn -0.4532 -0.8858 0.0996
vn -0.2536 0.6685 0.6992
vn -0.0094 0.6891 0.7246
vn 0.0531 -0.6929 -0.7191
vn 0.4249 -0.6306 -0.6494
vn 0.6963 -0.7005 0.1568
vn 0.7573 0.6525 -0.0257
vn -0.4234 -0.3041 0.8534
vn -0.2414 -0.9701 -0.0269
vn -0.2605 -0.9648 -0.0376
vn 0.1773 0.9424 0.2835
vn -0.4314 0.7687 -0.4723
vn -0.4335 0.7656 -0.4754
vn 0.6561 -0.6318 -0.4128
vn 0.7868 -0.5303 -0.3159
vn -0.6145 0.6484 0.4494
vn -0.6205 0.6451 0.4459
vn -0.0178 0.9988 0.0462
vn 0.4670 0.7986 -0.3796
vn -0.4941 0.4141 -0.7645
vn 0.4703 0.7951 -0.3829
vn -0.5977 -0.7937 -0.1131
vn 0.1438 -0.3206 0.9363
vn 0.2930 -0.9561 -0.0012
vn 0.3111 -0.9503 -0.0069
vn -0.5364 -0.6027 -0.5908
vn -0.4648 -0.6291 -0.6230
vn 0.4519 0.6390 0.6225
vn 0.4137 0.6500 0.6375
vn -0.1236 0.9050 0.4071
vn 0.4676 0.8709 -0.1516
vn -0.5260 0.2656 -0.8079
vn 0.4749 0.8664 -0.1540
vn -0.3349 -0.8991 -0.2819
vn -0.1475 -0.3606 0.9210
vn 0.4461 -0.8894 0.1002
vn 0.4531 -0.8858 0.1005
vn 0.2542 0.6688 0.6986
vn 0.0098 0.6897 0.7241
vn -0.4261 -0.6306 -0.6487
vn -0.0531 -0.6932 -0.7188
vn -0.7221 0.4197 -0.5500
vn -0.6578 -0.7357 0.1612
vn 0.4287 -0.2947 0.8540
vn 0.2393 -0.9699 -0.0440
vn 0.2570 -0.9649 -0.0540
vn 0.2323 0.9353 0.2669
vn 0.4330 0.7685 -0.4711
vn 0.4351 0.7652 -0.4744
vn 0.6277 0.6239 0.4655
vn 0.6332 0.6209 0.4621
vn -0.8192 -0.4898 -0.2983
vn -0.6585 -0.6180 -0.4295
vn -0.7047 0.6915 0.1588
vn -0.7696 0.6365 0.0501
vn -0.6640 0.7157 0.2162
vn -0.5609 0.7552 0.3391
vn 0.4521 0.8905 -0.0508
vn 0.8266 0.1140 0.5511
vn 0.6608 0.5529 -0.5075
vn 0.1240 0.9757 0.1806
vn 0.7137 -0.3527 -0.6052
vn 0.8636 -0.4264 0.2692
vn 0.0134 -0.9651 0.2617
vn 0.1496 -0.8310 0.5358
vn 0.5204 -0.8504 0.0773
vn 0.3232 0.9364 -0.1366
vn -0.7842 0.5750 0.2335
vn -0.4604 0.5333 -0.7096
vn -0.9987 0.0350 0.0375
vn -0.5584 0.7971 0.2297
vn -0.7833 0.5692 0.2501
vn -0.9446 -0.2585 0.2022
vn -0.8840 -0.3738 0.2808
vn -0.9232 0.0405 -0.3821
vn -0.8172 -0.5749 0.0401
vn 0.1833 0.8449 0.5026
vn 0.6128 0.7790 0.1329
vn 0.7583 0.4755 0.4460
vn 0.0281 -0.8177 0.5749
vn -0.5899 0.7410 0.3208
vn 0.3436 -0.3364 0.8768
vn -0.8333 -0.2956 0.4672
vn -0.7568 -0.2428 0.6069
vn -0.5652 0.1688 0.8075
vn 0.9797 -0.1859 -0.0744
vn 0.9487 0.1240 0.2908
vn 0.8906 -0.4181 0.1791
vn 0.9840 0.1666 0.0628
vn 0.8950 0.3194 0.3114
vn 0.7878 0.6046 -0.1178
vn 0.9662 0.1152 0.2306
vn 0.9445 0.3223 0.0634
vn 0.1237 0.9913 0.0444
vn 0.5721 0.5974 0.5620
vn 0.6755 0.7344 -0.0657
vn 0.7639 0.4386 0.4734
vn 0.7813 0.0498 0.6222
vn 0.5662 0.4308 0.7027
vn 0.9806 0.1411 0.1360
vn 0.8522 0.1058 0.5124
vn 0.1226 0.7195 0.6835
vn 0.9407 0.2555 0.2230
vn 0.5075 -0.1756 0.8436
vn 0.8869 0.0537 0.4588
vn 0.4400 -0.4841 0.7563
vn 0.9151 -0.1327 0.3808
vn 0.8643 -0.4424 0.2394
vn 0.5083 -0.7102 0.4871
vn 0.3604 -0.2988 0.8837
vn 0.4637 -0.8710 0.1623
vn 0.8369 -0.4655 0.2881
vn 0.5318 0.7307 0.4281
vn -0.1829 0.8007 0.5704
vn -0.2194 0.9572 0.1890
vn -0.7342 0.6772 0.0485
vn 0.2727 0.9587 0.0808
vn 0.6429 0.7636 0.0599
vn 0.9487 -0.1125 -0.2953
vn 0.8378 0.3799 0.3921
vn 0.7933 0.5823 -0.1776
vn 0.7284 -0.2631 -0.6326
vn 0.2822 -0.6403 -0.7144
vn 0.2328 -0.5236 -0.8195
vn 0.7512 -0.2316 -0.6181
vn 0.3956 -0.1972 -0.8970
vn 0.6825 0.0625 -0.7282
vn 0.7662 0.3498 -0.5391
vn 0.7969 0.2130 -0.5652
vn -0.8272 0.0332 -0.5610
vn 0.9648 0.0385 0.2603
vn -0.7906 0.3720 0.4864
vn -0.4912 0.6971 0.5223
vn 0.2902 0.2567 0.9219
vn 0.3960 0.3925 0.8301
vn 0.8589 -0.5082 0.0629
vn 0.5245 0.2706 0.8072
vn -0.1994 0.9423 0.2689
vn -0.3837 0.8440 0.3747
vn -0.2843 0.8462 0.4507
vn -0.1328 -0.3595 0.9236
vn 0.4461 -0.6792 0.5828
vn -0.1089 -0.6863 0.7191
vn -0.2199 0.0177 0.9754
vn 0.5873 -0.0716 0.8062
vn 0.5716 -0.1070 0.8135
vn 0.4998 0.5127 0.6981
vn -0.4014 0.4142 0.8169
vn 0.2695 0.7217 0.6375
vn -0.3291 0.6402 0.6942
vn -0.0293 0.9740 0.2244
vn -0.9426 0.3197 -0.0961
vn -0.0932 0.9951 -0.0320
vn -0.9996 0.0255 0.0135
vn 0.6683 -0.6958 0.2632
vn -0.0034 -0.7933 0.6088
vn 0.1338 -0.9778 0.1613
vn 0.6768 -0.7350 0.0400
vn 0.4758 -0.8335 0.2808
vn 0.1259 -0.9185 0.3748
vn 0.4555 -0.8603 0.2290
vn -0.0013 -0.9994 -0.0356
vn 0.6703 -0.6474 -0.3627
vn 0.5615 -0.6195 -0.5486
vn -0.1237 -0.8390 -0.5300
vn 0.0164 -0.5569 -0.8304
vn -0.9465 -0.2503 0.2038
vn -0.7347 -0.2418 -0.6339
vn -0.1442 0.1790 -0.9732
vn -0.1760 0.1921 -0.9655
vn -0.2350 0.6402 -0.7313
vn 0.6627 0.6927 -0.2846
vn -0.1709 0.9815 -0.0867
vn 0.7122 0.3954 -0.5801
vn 0.7134 -0.0689 -0.6973
vn -0.4070 0.5406 -0.7363
vn 0.0953 0.8686 -0.4862
vn -0.3865 0.1057 -0.9162
vn -0.2863 -0.3514 -0.8914
vn 0.1023 -0.7006 -0.7062
vn -0.3165 0.2836 -0.9052
vn -0.3314 0.5580 -0.7608
vn -0.2582 0.7497 -0.6093
vn -0.4988 0.4844 -0.7188
vn -0.4477 0.5422 -0.7111
vn -0.4297 -0.1116 -0.8960
vn -0.2880 0.3919 -0.8738
vn -0.2547 -0.0582 -0.9653
vn 0.2336 0.5595 -0.7952
vn 0.2182 -0.8022 0.5558
vn 0.1843 -0.2776 -0.9428
vn 0.0397 0.0708 -0.9967
vn 0.5845 0.1794 -0.7913
vn 0.4248 -0.2781 0.8615
vn 0.5237 -0.0665 0.8493
vn 0.6767 0.0439 0.7349
vn 0.5127 -0.2585 0.8188
vn 0.4163 -0.2748 0.8667
vn 0.8145 0.0553 0.5775
vn 0.1218 -0.4314 0.8939
vn 0.2541 -0.3639 0.8961
vn 0.4259 -0.4325 0.7947
vn 0.4912 -0.5784 0.6512
vn 0.4647 -0.2869 0.8377
vn 0.8411 -0.4018 0.3621
vn 0.3320 -0.9143 0.2322
vn 0.5384 -0.6209 0.5697
vn 0.7900 -0.5606 0.2481
vn 0.7059 -0.3000 0.6417
vn 0.8069 -0.1926 0.5584
vn 0.8690 -0.1735 0.4634
vn 0.9423 0.0492 0.3310
vn 0.8599 -0.0540 0.5076
vn 0.8561 -0.1344 0.4991
vn 0.8959 -0.1142 0.4292
vn 0.0997 -0.1943 0.9759
vn 0.1357 -0.1961 0.9712
vn 0.2437 0.0618 0.9679
vn 0.1797 0.0095 0.9837
vn 0.1369 0.3202 0.9374
vn 0.0355 0.3992 0.9162
vn -0.0952 0.3874 0.9170
vn 0.8134 0.5738 0.0954
vn 0.1059 -0.7044 -0.7018
vn 0.5920 0.7990 0.1060
vn 0.1845 0.9262 -0.3287
vn 0.4203 0.9048 0.0678
vn 0.3966 0.8828 -0.2517
vn 0.0934 0.7377 -0.6686
vn 0.6337 0.5468 -0.5472
vn 0.7143 0.5218 -0.4664
vn 0.0721 0.7150 0.6954
vn 0.8579 0.2761 0.4334
vn 0.9872 -0.0637 -0.1466
vn 0.7862 -0.2932 0.5440
vn 0.8449 -0.4694 -0.2567
vn 0.6906 -0.6174 0.3768
vn 0.4950 -0.7753 -0.3924
vn 0.1307 -0.9199 -0.3697
vn 0.2114 -0.8994 0.3827
vn 0.1356 -0.9433 -0.3031
vn -0.3164 -0.8914 0.3246
vn 0.2608 -0.9547 0.1435
vn -0.3912 -0.8926 -0.2242
vn -0.4525 -0.8493 -0.2719
vn -0.6286 -0.6921 0.3547
vn -0.5884 -0.7952 0.1467
vn 0.0117 -0.9206 0.3904
vn -0.3865 -0.9208 0.0529
vn -0.5737 -0.7156 0.3984
vn -0.6710 -0.7036 0.2338
vn 0.3685 0.2819 -0.8858
vn 0.1444 0.2193 -0.9649
vn 0.4359 0.2073 -0.8758
vn -0.4854 0.8734 -0.0407
vn -0.3941 0.5948 -0.7006
vn -0.7368 0.6718 -0.0765
vn -0.7153 0.3051 -0.6287
vn -0.7646 0.6025 0.2289
vn -0.7149 0.4859 -0.5027
vn -0.6256 0.7736 -0.1009
vn -0.9487 -0.0261 -0.3150
vn -0.9249 -0.0348 0.3786
vn -0.7718 -0.5987 -0.2141
vn -0.6392 -0.7461 -0.1862
vn -0.8303 -0.3957 0.3926
vn -0.7156 -0.6981 -0.0240
vn -0.7816 -0.4595 0.4218
vn -0.5208 -0.8515 0.0610
vn -0.6604 -0.7470 0.0769
vn -0.4328 -0.8776 0.2063
vn -0.6177 -0.6619 0.4247
vn -0.7272 -0.6108 0.3134
vn 0.8719 -0.4833 -0.0787
vn 0.8254 -0.4460 0.3462
vn 0.5001 -0.8660 -0.0030
vn -0.3492 -0.9275 0.1331
vn -0.9367 -0.3460 0.0530
vn -0.6701 -0.7080 0.2229
vn -0.4225 -0.6920 0.5853
vn -0.7158 -0.6041 0.3502
vn -0.4596 -0.7111 0.5321
vn -0.4927 -0.8372 0.2375
vn -0.5922 -0.5144 0.6203
vn -0.2696 -0.4195 0.8668
vn -0.2108 -0.1623 0.9640
vn 0.1155 -0.4867 0.8659
vn 0.0084 -0.5404 0.8414
vn -0.2087 -0.0779 0.9749
vn -0.1921 -0.4878 0.8515
vn -0.0140 -0.3705 0.9287
vn -0.3110 -0.0220 0.9502
vn -0.4683 0.8834 0.0154
vn -0.9182 0.0430 -0.3938
vn -0.8912 -0.2741 0.3615
vn -0.6385 -0.0861 -0.7647
vn -0.8133 0.0512 0.5796
vn 0.0059 0.7606 0.6492
vn 0.6302 0.4624 0.6237
vn 0.3452 0.4531 0.8219
vn 0.1573 0.5001 0.8515
vn -0.7068 0.0032 -0.7074
vn -0.2148 -0.9440 -0.2505
vn 0.3104 -0.3633 -0.8784
vn 0.6153 -0.5298 -0.5837
vn 0.1038 -0.4464 -0.8888
vn 0.0378 -0.3002 -0.9531
vn 0.8566 0.0896 -0.5082
vn 0.9554 -0.1888 -0.2271
vn 0.4513 -0.8624 -0.2292
vn 0.9553 -0.2820 0.0894
vn -0.4221 -0.1011 -0.9009
vn -0.5691 -0.6440 -0.5114
vn -0.7914 0.3943 -0.4672
vn 0.0390 -0.2049 -0.9780
vn -0.4145 -0.1940 0.8892
vn 0.7732 -0.2176 -0.5957
vn 0.8636 0.1736 -0.4733
vn 0.8296 -0.2703 -0.4886
vn -0.9608 0.2056 0.1861
vn -0.9816 -0.1785 -0.0675
vn -0.8949 -0.4019 0.1942
vn -0.9827 0.1740 0.0639
vn -0.8277 0.5355 -0.1677
vn -0.8873 0.3345 0.3177
vn -0.9632 0.1311 0.2344
vn -0.9409 0.3321 0.0668
vn -0.5148 0.8390 -0.1766
vn -0.5608 0.6196 0.5491
vn -0.8204 0.5709 0.0335
vn -0.7433 0.2194 0.6320
vn -0.5828 0.6387 0.5024
vn -0.7326 0.1766 0.6574
vn -0.2796 0.2484 0.9274
vn -0.3512 0.6743 0.6496
vn -0.7310 0.1447 0.6668
vn -0.7536 0.1226 0.6458
vn -0.3991 0.1254 0.9083
vn -0.8089 -0.1972 0.5539
vn -0.3695 -0.3243 0.8708
vn -0.8799 -0.3232 0.3482
vn -0.5646 -0.6771 0.4720
vn -0.9508 -0.2286 0.2091
vn 0.3157 0.4362 0.8426
vn -0.6050 -0.7962 -0.0031
vn -0.3463 -0.3387 0.8748
vn -0.7461 -0.5520 0.3724
vn -0.1236 0.6885 -0.7146
vn -0.6789 0.5639 -0.4703
vn -0.3573 0.4478 -0.8196
vn 0.4608 0.4635 -0.7568
vn -0.7533 0.2852 -0.5927
vn -0.8740 0.0926 -0.4771
vn -0.6154 -0.7527 0.2338
vn 0.0302 -0.2717 0.9619
vn -0.6838 -0.7133 0.1539
vn -0.7382 -0.5874 -0.3316
vn -0.7425 -0.2668 -0.6144
vn -0.4237 -0.7132 -0.5584
vn -0.6513 -0.7257 -0.2216
vn 0.0104 0.2049 -0.9787
vn 0.1750 -0.8660 -0.4685
vn 0.4374 0.8704 0.2260
vn -0.9584 -0.2664 0.1026
vn -0.4628 0.5111 0.7243
vn -0.8021 -0.4259 0.4187
vn -0.5073 0.5180 0.6887
vn -0.9021 -0.4277 0.0574
vn -0.6759 -0.5736 -0.4628
vn 0.4966 0.8011 0.3340
vn 0.5766 0.8091 0.1137
vn 0.4187 0.8701 0.2601
vn -0.5605 0.8251 -0.0713
vn -0.6545 0.6990 0.2882
vn -0.8176 0.4804 0.3175
vn -0.2713 0.8929 0.3593
vn -0.0704 0.9970 0.0319
vn -0.7456 0.5722 -0.3416
vn -0.3780 0.8992 -0.2204
vn 0.2418 0.8658 0.4381
vn 0.0010 0.9930 -0.1184
vn 0.4167 0.7944 0.4419
vn 0.4531 0.8889 0.0670
vn 0.5521 0.0624 0.8314
vn 0.9303 0.3650 -0.0374
vn 0.2875 -0.0540 0.9563
vn -0.7938 0.5530 -0.2532
vn -0.9633 -0.2431 0.1139
vn -0.8043 0.1848 -0.5648
vn -0.9474 0.1699 0.2714
vn -0.8042 -0.3756 -0.4607
vn -0.9826 -0.1843 -0.0228
vn -0.5431 -0.8382 0.0490
vn -0.8318 -0.5421 -0.1193
vn -0.4134 -0.6541 -0.6334
vn -0.4578 -0.8879 -0.0461
vn -0.2634 -0.7711 -0.5797
vn -0.0506 -0.0961 0.9941
vn -0.1097 -0.9781 -0.1767
vn 0.4154 -0.6927 0.5896
vn 0.7177 -0.6918 -0.0796
vn 0.9892 -0.1305 -0.0674
vn 0.7912 -0.6011 -0.1124
vn 0.3571 0.0238 -0.9338
vn 0.8192 0.5735 -0.0041
vn 0.4593 -0.1071 -0.8818
vn 0.1889 -0.5047 -0.8423
vn 0.9608 -0.2362 0.1449
vn 0.9131 0.2241 -0.3405
vn 0.7473 -0.6500 0.1378
vn 0.3636 -0.9240 0.1188
vn 0.1436 -0.2656 -0.9533
vn 0.2536 0.7494 -0.6116
vn 0.6284 0.3387 -0.7003
vn 0.3475 -0.0707 -0.9350
vn 0.5030 0.2244 -0.8347
vn 0.1423 0.9281 -0.3439
vn -0.0568 0.3591 -0.9315
vn 0.0278 0.9074 -0.4193
vn 0.0433 -0.0407 -0.9982
vn -0.1057 -0.8322 -0.5443
vn -0.1031 -0.8661 -0.4892
vn -0.3193 -0.8418 -0.4352
vn -0.3527 0.5528 -0.7550
vn -0.3288 -0.1914 -0.9248
vn -0.5237 -0.0665 0.8493
vn -0.4632 -0.2674 0.8450
vn -0.6848 0.0436 0.7275
vn -0.4857 -0.2677 0.8321
vn -0.8791 -0.0080 0.4766
vn -0.8272 0.0807 0.5561
vn -0.1215 -0.4332 0.8931
vn -0.2160 -0.2343 0.9479
vn -0.4867 -0.5796 0.6536
vn -0.5053 -0.3552 0.7864
vn -0.2912 -0.2984 0.9089
vn -0.8415 -0.4051 0.3575
vn -0.3323 -0.9141 0.2325
vn -0.5985 -0.5297 0.6010
vn -0.8215 -0.4272 0.3776
vn -0.7059 -0.3000 0.6417
vn -0.8070 -0.1926 0.5583
vn -0.8692 -0.1722 0.4635
vn -0.9417 0.0509 0.3325
vn -0.8599 -0.0540 0.5075
vn -0.9334 -0.1248 0.3364
vn -0.8828 0.0079 0.4697
vn -0.1359 -0.1961 0.9711
vn -0.1000 -0.1943 0.9758
vn -0.2649 0.0809 0.9609
vn -0.1054 0.0805 0.9912
vn -0.0487 0.3188 0.9466
vn -0.0352 0.3991 0.9162
vn 0.0192 0.3016 0.9532
vn 0.0917 -0.9378 0.3348
vn -0.9095 -0.3120 -0.2748
vn -0.7476 -0.0089 -0.6641
vn -0.6634 0.2842 -0.6922
vn -0.3978 -0.1762 -0.9004
vn -0.6715 0.3647 -0.6451
vn -0.6948 -0.6988 -0.1701
vn -0.9497 -0.2726 0.1544
vn 0.8838 -0.1406 0.4462
vn -0.7290 0.5974 -0.3341
vn 0.2389 0.6798 -0.6934
vn -0.1591 -0.6301 0.7600
vn -0.9453 0.0107 0.3259
vn -0.7844 0.1495 0.6020
vn -0.2015 -0.4700 0.8593
vn -0.7142 0.0400 0.6988
vn 0.0723 -0.4532 0.8885
vn 0.2506 -0.1478 0.9567
vn -0.5348 0.3937 0.7477
vn 0.2385 0.4206 0.8753
vn 0.4347 -0.0181 0.9004
vn 0.7282 0.3195 0.6064
vn 0.4870 0.4875 0.7247
vn 0.6752 0.1053 0.7301
vn 0.7598 -0.2898 0.5819
vn 0.9921 0.0932 0.0840
vn 0.9481 0.2011 0.2463
vn 0.6447 0.0057 0.7645
vn 0.8794 0.1641 0.4469
vn 0.9793 0.1637 0.1190
vn 0.9899 -0.0289 0.1388
vn -0.7301 -0.5819 0.3583
vn -0.7227 -0.5240 0.4507
vn -0.5508 -0.7521 0.3619
vn 0.8838 0.4447 0.1457
vn 1.0000 -0.0023 0.0090
vn 0.8844 0.4471 0.1342
vn 0.7250 0.5208 0.4507
vn 0.9387 0.2165 -0.2681
vn 0.9972 0.0542 -0.0514
vn -0.2982 0.7429 0.5993
vn -0.2165 0.7597 0.6131
vn 0.3186 0.6265 0.7113
vn 0.8537 0.4026 0.3302
vn -0.1306 0.9671 -0.2184
vn 0.3624 0.7355 -0.5725
vn 0.4879 0.8287 -0.2741
vn -0.8873 0.1787 -0.4252
vn 0.4159 -0.4636 -0.7824
vn 0.5659 -0.4771 -0.6724
vn 0.3797 -0.2816 -0.8812
vn 0.3446 -0.8640 -0.3671
vn 0.5846 -0.4829 -0.6519
vn 0.7484 -0.6629 0.0201
vn 0.8586 -0.3416 0.3822
vn 0.9677 -0.0475 -0.2475
vn 0.9056 -0.3995 -0.1424
vn 0.4822 0.3289 0.8120
vn 0.5134 0.0529 0.8565
vn 0.7110 0.4457 0.5438
vn 0.9405 0.3319 0.0725
vn 0.9952 0.0842 0.0499
vn 0.1266 0.3338 0.9341
vn 0.4105 0.0714 0.9091
vn 0.0620 0.6455 0.7612
vn -0.2486 0.3031 0.9200
vn -0.3490 0.3505 0.8691
vn -0.2675 0.5109 0.8170
vn -0.2541 0.7581 0.6006
vn -0.2278 0.6277 0.7444
vn 0.2400 0.6518 0.7195
vn -0.5362 0.6639 -0.5212
vn -0.9013 0.4199 -0.1067
vn -0.8423 -0.0936 0.5307
vn -0.9680 0.2083 0.1401
vn -0.5391 -0.3560 0.7633
vn -0.3157 -0.5318 0.7858
vn 0.5728 -0.4043 0.7131
vn 0.3154 0.2052 0.9265
vn 0.8886 -0.2837 0.3605
vn 0.2728 -0.6976 0.6626
vn 0.6504 -0.6880 -0.3220
vn 0.3318 -0.5712 0.7507
vn 0.5377 -0.4746 0.6969
vn 0.7985 0.6020 0.0032
vn -0.6346 -0.1552 0.7571
vn -0.1873 0.9476 -0.2589
vn -0.3667 0.4192 -0.8305
vn -0.1137 -0.8022 0.5861
vn -0.7268 0.5161 -0.4533
vn 0.8480 -0.3246 -0.4190
vn 0.2915 -0.4798 -0.8276
vn -0.3967 0.0316 -0.9174
vn -0.8121 0.2632 -0.5207
vn -0.0323 -0.7225 -0.6907
vn 0.7338 -0.5209 -0.4362
vn -0.5080 -0.2682 -0.8186
vn 0.5345 0.6461 -0.5448
vn 0.7816 0.1870 -0.5951
vn 0.1377 0.4885 -0.8616
vn 0.8605 -0.4958 -0.1170
vn 0.6757 -0.6873 0.2667
vn 0.5701 -0.8018 0.1793
vn 0.9076 -0.2378 -0.3459
vn 0.7784 0.0897 -0.6213
vn 0.8488 -0.5270 0.0416
vn 0.2026 -0.4501 0.8697
vn 0.3284 -0.7016 0.6324
vn 0.3460 -0.8381 0.4216
vn 0.0443 -0.9221 0.3844
vn -0.2038 -0.1425 0.9686
vn -0.6755 -0.1293 0.7259
vn -0.3152 -0.1970 0.9283
vn 0.8765 -0.1243 -0.4650
vn 0.3437 0.3455 -0.8732
vn -0.7201 0.1286 0.6819
vn -0.8738 0.3535 0.3338
vn -0.8723 0.3334 0.3576
vn -0.6514 0.6052 -0.4577
vn -0.6496 0.6305 -0.4249
vn -0.1514 0.8111 -0.5650
vn 0.6688 -0.5462 0.5043
vn 0.1345 0.1209 0.9835
vn -0.2225 -0.3159 0.9223
vn -0.4585 0.3489 0.8174
vn 0.7695 0.2543 0.5858
vn 0.8319 0.5297 -0.1653
vn -0.1596 0.9795 -0.1226
vn 0.3099 -0.2381 0.9205
vn 0.3193 0.0562 0.9460
vn 0.2523 -0.3623 0.8973
vn 0.2492 -0.0736 0.9657
vn -0.2092 -0.3971 0.8936
vn 0.6029 -0.3540 0.7150
vn -0.0431 -0.8084 0.5870
vn -0.6880 -0.7201 0.0899
vn -0.7832 -0.0254 0.6213
vn 0.3118 0.0033 -0.9501
vn 0.8387 -0.5176 -0.1693
vn 0.7891 -0.3852 -0.4785
vn -0.4306 -0.3618 0.8269
vn -0.7930 0.4414 -0.4199
vn 0.4137 0.8680 -0.2748
vn -0.3910 0.4808 -0.7848
vn 0.4274 -0.2328 -0.8736
vn -0.7608 0.5074 -0.4045
vn 0.8132 -0.2989 -0.4994
vn 0.7491 -0.3429 -0.5667
vn -0.5462 0.0899 -0.8328
vn -0.0440 -0.3740 -0.9264
vn -0.6264 -0.0239 -0.7791
vn 0.6739 0.7387 0.0167
vn 0.1726 0.7610 -0.6254
vn -0.1914 0.7690 -0.6100
vn -0.0491 0.9938 -0.0997
vn 0.2711 0.9006 0.3397
vn -0.5545 0.5394 -0.6337
vn -0.5479 0.3813 -0.7446
vn 0.0793 0.9774 0.1960
vn -0.7339 -0.5853 -0.3446
vn -0.3335 0.6406 0.6917
vn 0.7011 0.5413 0.4642
vn 0.3113 -0.1387 0.9401
vn 0.8472 -0.0973 0.5223
vn -0.8452 -0.4527 0.2841
vn 0.7370 -0.5483 0.3953
vn -0.8199 0.2276 0.5253
vn 0.0338 -0.9280 0.3711
vn -0.9417 0.2803 0.1863
vn 0.3278 -0.9381 -0.1115
vn -0.9007 -0.2789 -0.3331
vn 0.3458 0.6653 0.6616
vn -0.6193 0.2239 0.7526
vn -0.1858 0.6047 0.7745
vn 0.8052 0.3920 0.4449
vn 0.4406 -0.1115 0.8907
vn 0.9917 -0.0447 0.1205
vn -0.5057 0.0001 0.8627
vn 0.5581 -0.5753 0.5979
vn 0.8718 -0.4895 0.0207
vn -0.8324 0.3610 0.4205
vn -0.6145 -0.5938 0.5194
vn 0.7966 -0.6043 0.0151
vn 0.2570 -0.8526 0.4550
vn -0.8609 0.1179 0.4949
vn -0.9293 -0.3690 -0.0125
vn 0.0287 0.9355 -0.3521
vn 0.7812 0.6238 -0.0269
vn 0.5938 0.7079 0.3825
vn 0.7010 -0.6182 0.3556
vn 0.0598 -0.5167 0.8541
vn 0.9083 -0.4181 -0.0130
vn -0.4729 -0.0261 0.8807
vn -0.8213 0.5642 -0.0849
vn 0.8924 -0.4377 -0.1096
vn -0.6541 0.6144 -0.4412
vn 0.5055 0.2225 -0.8336
vn 0.7565 0.0403 -0.6528
vn 0.7856 -0.0284 -0.6181
vn -0.0706 0.5751 -0.8150
vn 0.6017 0.4777 -0.6401
vn 0.0522 0.9792 -0.1960
vn 0.5636 0.5283 -0.6350
vn 0.7798 0.0114 -0.6259
vn 0.5229 -0.3263 0.7875
vn -0.1633 0.6522 0.7402
vn 0.5438 0.0223 0.8389
vn 0.9110 -0.3109 0.2710
vn -0.8582 0.4817 0.1776
vn 0.6493 0.7061 -0.2827
vn 0.9991 -0.0030 0.0416
vn 0.6082 -0.1639 0.7766
vn 0.6149 0.4767 -0.6282
vn 0.1139 0.5731 -0.8115
vn -0.9149 0.1799 -0.3613
vn -0.6863 -0.6874 0.2377
vn -0.7313 -0.4054 0.5485
vn -0.1403 -0.5674 0.8114
vn -0.8998 0.2893 -0.3267
vn -0.4782 0.4641 -0.7457
vn 0.0138 0.3115 -0.9501
vn 0.2595 0.3962 -0.8807
vn -0.4485 0.4229 -0.7874
vn 0.4585 -0.0991 0.8831
vn 0.1987 0.5061 -0.8393
vn 0.4653 0.7522 -0.4666
vn 0.7861 0.6172 0.0337
vn 0.4038 0.9083 0.1091
vn 0.3101 0.6325 0.7098
vn -0.5580 0.2300 0.7973
vn -0.4818 0.5390 -0.6909
vn -0.6635 0.7387 -0.1188
vn -0.5323 0.4955 -0.6864
vn -0.4285 0.5648 -0.7052
vn -0.5690 0.4631 -0.6796
vn -0.8452 0.1857 -0.5011
vn -0.9781 -0.1934 0.0773
vn -0.6123 -0.3945 0.6852
vn 0.3834 0.0154 0.9235
vn 0.0825 -0.2638 0.9610
vn -0.2393 0.1116 0.9645
vn -0.1640 0.8628 -0.4782
vn -0.2164 0.9061 -0.3634
vn -0.8187 -0.5601 -0.1264
vn -0.7874 -0.0450 -0.6148
vn -0.9282 -0.0376 -0.3702
vn -0.4543 -0.7163 0.5296
vn -0.7642 -0.6221 0.1702
vn -0.6287 -0.7740 0.0752
vn -0.0638 -0.6297 0.7742
vn -0.1983 -0.7608 0.6179
vn -0.8997 -0.4223 -0.1101
vn 0.0324 -0.9601 0.2778
vn -0.9542 0.2837 -0.0953
vn -0.8602 0.5086 -0.0369
vn -0.8805 0.4707 -0.0563
vn 0.0281 0.0470 0.9985
vn -0.1397 -0.4072 0.9026
vn -0.1455 -0.3316 0.9321
vn -0.2216 -0.1394 0.9651
vn -0.2678 -0.1376 0.9536
vn -0.2314 -0.2546 0.9389
vn -0.2354 -0.0396 0.9711
vn -0.1562 -0.5858 0.7953
vn 0.2366 -0.7351 0.6353
vn 0.7601 -0.5277 0.3792
vn 0.9422 -0.0141 -0.3346
vn 0.9657 0.1780 -0.1890
vn 0.8552 0.4607 -0.2374
vn 0.8908 -0.4312 -0.1434
vn 0.4816 -0.8636 0.1494
vn 0.2484 -0.9541 0.1673
vn -0.0852 -0.9956 0.0387
vn -0.3674 -0.9201 0.1354
vn 0.8655 -0.4959 0.0702
vn -0.4158 -0.8968 0.1514
vn -0.5019 -0.7990 0.3313
vn -0.2853 -0.8996 0.3307
vn -0.4578 -0.8438 0.2801
vn -0.0505 -0.9709 0.2342
vn -0.0738 -0.9352 0.3465
vn 0.2457 -0.9675 -0.0596
vn 0.5050 -0.8453 0.1746
vn 0.0898 -0.9572 0.2750
vn 0.3428 -0.9374 -0.0607
vn 0.7021 -0.7074 0.0813
vn 0.6761 -0.6003 -0.4272
vn 0.8674 -0.4240 -0.2604
vn 0.9977 -0.0588 -0.0345
vn 0.5239 -0.6888 -0.5011
vn 0.9451 0.0909 -0.3138
vn 0.7790 0.6135 -0.1299
vn 0.3965 -0.9048 0.1554
vn -0.4235 0.8932 -0.1508
vn -0.8482 0.3350 -0.4101
vn -0.5980 0.7745 -0.2062
vn 0.2507 0.9639 -0.0902
vn 0.5534 0.8294 -0.0765
vn 0.6291 0.7530 -0.1931
vn 0.0021 0.9824 -0.1869
vn 0.4436 0.8297 -0.3389
vn -0.7478 0.6604 -0.0680
vn -0.3425 0.9371 0.0666
vn -0.8012 0.5616 0.2066
vn -0.9780 -0.0637 0.1986
vn -0.9519 -0.1315 0.2769
vn -0.5488 0.7611 -0.3458
vn -0.5930 -0.7451 0.3052
vn -0.2754 -0.9136 0.2990
vn -0.7066 -0.6405 0.3010
vn -0.8875 -0.4563 -0.0638
vn -0.9471 -0.3087 -0.0881
vn -0.8629 -0.5049 -0.0232
vn -0.9485 0.2797 -0.1484
vn -0.6952 0.4275 -0.5779
vn -0.3286 -0.9444 -0.0158
vn -0.5109 -0.8596 -0.0069
vn -0.5185 -0.8548 -0.0192
vn 0.3992 -0.8290 0.3917
vn -0.5914 0.8062 0.0192
vn -0.1009 0.9933 -0.0562
vn -0.3419 0.9277 -0.1499
vn -0.6487 0.7569 -0.0800
vn -0.8510 0.5174 -0.0893
vn -0.9249 0.3790 0.0302
vn -0.9032 0.3645 0.2269
vn 0.1638 0.9532 -0.2541
vn 0.4558 0.8804 -0.1312
vn -0.9053 -0.2851 0.3149
vn -0.8913 -0.0218 0.4529
vn -0.6445 -0.6090 0.4624
vn -0.7754 -0.5708 0.2702
vn -0.7453 0.6169 0.2530
vn -0.0437 0.9983 0.0384
vn 0.5616 0.8267 -0.0345
vn 0.9218 0.2783 -0.2700
vn 0.9434 0.2888 -0.1630
vn 0.9700 -0.1754 -0.1681
vn 0.9943 -0.0993 -0.0379
vn 0.8630 -0.4872 -0.1334
vn 0.7154 -0.6979 0.0339
vn 0.6183 -0.7643 0.1835
vn 0.2217 -0.9564 0.1899
vn -0.0595 -0.9623 0.2653
vn -0.0971 -0.9536 0.2851
vn 0.6028 -0.7966 -0.0444
vn 0.9828 -0.1621 0.0881
vn 0.8897 0.4558 -0.0248
vn 0.7897 0.5917 -0.1621
vn 0.2305 -0.7993 0.5550
vn 0.3224 -0.8357 0.4446
vn -0.5106 -0.7643 0.3938
vn -0.1962 -0.9179 0.3450
vn -0.9791 -0.1980 0.0461
vn -0.8823 0.4695 -0.0328
vn -0.8120 -0.4764 0.3372
vn -0.7915 0.0592 -0.6083
vn -0.8373 0.5454 0.0385
vn 0.6271 -0.4583 0.6298
vn 0.2582 -0.9310 0.2579
vn 0.3855 0.6383 -0.6663
vn 0.3242 0.9459 -0.0156
vn 0.7353 0.3477 -0.5818
vn -0.0232 0.8776 -0.4789
vn 0.7455 0.3461 0.5696
vn 0.0083 0.9683 0.2498
vn 0.1165 0.7215 0.6825
vn 0.0806 0.8656 0.4942
vn 0.0023 0.9968 0.0797
vn -0.1327 0.9129 -0.3860
vn -0.1166 0.6612 -0.7411
vn 0.1841 0.3935 -0.9007
vn 0.0237 0.3174 -0.9480
vn 0.7399 0.6546 -0.1549
vn 0.8739 0.1359 -0.4667
vn 0.4661 0.8752 0.1292
vn -0.5311 0.8071 0.2580
vn 0.8559 0.3016 0.4201
vn 0.6896 0.3285 0.6454
vn 0.3637 0.4982 0.7871
vn 0.6379 0.2512 0.7280
vn 0.5203 0.3199 0.7918
vn 0.7082 0.1909 0.6797
vn 0.6318 -0.0035 0.7751
vn 0.7450 -0.2774 0.6066
vn 0.5987 -0.3031 0.7414
vn 0.2466 0.2337 0.9405
vn 0.2911 -0.1319 0.9475
vn 0.1733 0.1447 0.9742
vn -0.0389 0.3601 0.9321
vn 0.4427 0.4522 0.7743
vn 0.5656 0.0139 0.8246
vn 0.3903 0.5268 0.7551
vn 0.5172 0.4691 0.7158
vn 0.5771 0.4842 0.6577
vn 0.4174 0.5844 0.6959
vn 0.0240 0.7717 0.6356
vn 0.4629 0.6248 0.6287
vn -0.3341 0.5603 0.7579
vn -0.2124 0.8384 0.5019
vn -0.0831 0.6829 0.7257
vn -0.1025 0.8096 0.5780
vn 0.1964 0.7480 0.6340
vn 0.6295 0.4603 0.6260
vn 0.5032 0.4652 0.7283
vn 0.8627 0.3140 0.3964
vn 0.7844 0.3557 0.5081
vn 0.8954 0.2674 0.3561
vn 0.9567 0.1543 0.2469
vn 0.9252 0.2713 0.2653
vn 0.9179 0.2294 0.3238
vn 0.7879 0.2114 0.5785
vn 0.9165 0.1416 0.3740
vn 0.4914 0.0812 0.8671
vn 0.3670 0.3039 0.8792
vn 0.4210 -0.4187 0.8047
vn 0.1639 0.4067 0.8987
vn 0.4608 -0.2368 0.8553
vn 0.1406 -0.7945 0.5908
vn 0.3194 -0.5764 0.7521
vn 0.0500 -0.8163 0.5755
vn -0.1034 -0.8206 0.5620
vn -0.2020 -0.7704 0.6048
vn -0.1205 0.7065 -0.6974
vn -0.0120 0.7332 -0.6799
vn -0.1119 0.6290 -0.7693
vn -0.1298 0.4086 -0.9034
vn -0.2407 0.3887 -0.8894
vn -0.2159 0.2805 -0.9352
vn -0.2881 0.2800 -0.9158
vn 0.2886 0.7736 -0.5641
vn 0.2183 0.9332 -0.2855
vn 0.3647 0.8553 0.3682
vn -0.1210 0.5970 -0.7930
vn 0.0555 0.7369 0.6737
vn -0.0707 0.6621 0.7461
vn 0.0339 0.3981 0.9167
vn 0.2286 0.5073 0.8309
vn 0.0243 0.6684 0.7434
vn -0.1241 0.5164 0.8473
vn -0.1083 0.5263 0.8434
vn 0.0236 0.4961 0.8680
vn 0.0944 0.7141 0.6936
vn 0.0914 -0.1778 0.9798
vn 0.3205 -0.1550 0.9345
vn 0.5085 -0.4012 0.7619
vn 0.4438 -0.2107 0.8710
vn 0.2621 0.2903 0.9203
vn 0.6050 0.3964 0.6905
vn 0.6307 0.7756 -0.0264
vn 0.8195 0.5274 0.2241
vn 0.7912 0.5729 -0.2139
vn 0.4401 0.0875 0.8937
vn 0.9007 0.2439 0.3594
vn 0.6531 -0.0774 0.7533
vn -0.2888 0.0093 -0.9573
vn -0.1319 -0.0523 -0.9899
vn -0.1214 -0.1532 -0.9807
vn 0.1480 -0.3222 -0.9350
vn -0.0489 -0.3828 -0.9225
vn -0.0685 -0.1039 -0.9922
vn 0.2041 -0.1001 -0.9738
vn 0.4965 -0.3889 -0.7761
vn 0.6009 -0.4645 -0.6505
vn 0.8877 -0.4274 -0.1713
vn 0.8015 -0.5691 -0.1837
vn 0.8785 -0.3894 0.2767
vn 0.9147 -0.1405 0.3788
vn 0.9274 -0.3016 0.2213
vn 0.6079 -0.4024 -0.6845
vn 0.6910 -0.5497 -0.4695
vn 0.9493 -0.3084 0.0613
vn 0.7407 -0.5687 -0.3576
vn 0.2627 -0.6544 -0.7091
vn 0.8958 -0.4210 -0.1424
vn 0.9067 -0.4136 -0.0824
vn 0.9231 -0.3802 -0.0571
vn 0.9514 -0.3040 -0.0485
vn 0.7794 -0.4566 -0.4289
vn 0.9225 -0.2678 -0.2780
vn 0.9206 -0.2030 -0.3336
vn 0.6559 -0.4589 -0.5994
vn 0.3608 -0.6725 -0.6462
vn 0.4513 -0.5093 -0.7327
vn 0.8815 -0.3513 -0.3155
vn -0.0076 -0.5945 -0.8040
vn 0.1814 -0.5057 -0.8434
vn 0.1593 -0.6015 -0.7828
vn 0.1399 -0.4933 -0.8585
vn -0.2874 -0.4648 -0.8375
vn 0.0878 -0.4898 -0.8674
vn 0.8069 -0.3576 -0.4700
vn 0.9304 -0.2584 -0.2600
vn 0.6453 -0.5883 -0.4874
vn 0.4891 -0.5942 -0.6385
vn 0.2657 -0.8312 -0.4884
vn 0.1082 -0.7444 -0.6589
vn -0.0635 -0.8386 -0.5410
vn -0.1491 -0.9766 -0.1550
vn -0.1384 -0.9323 -0.3341
vn -0.2762 -0.9566 -0.0929
vn -0.3825 -0.9128 0.1431
vn 0.9896 -0.1341 -0.0519
vn 0.9799 -0.1217 -0.1583
vn 0.9831 -0.0967 -0.1555
vn 0.9924 -0.0302 -0.1191
vn 0.9833 -0.1202 -0.1365
vn 0.9862 -0.0725 -0.1491
vn 0.9529 -0.2897 -0.0893
vn 0.9444 -0.2561 -0.2064
vn 0.8697 -0.3781 -0.3173
vn 0.9271 0.0172 0.3744
vn 0.9336 -0.2339 0.2714
vn 0.8974 -0.4411 0.0098
vn 0.8812 -0.4670 0.0739
vn 0.7911 -0.1994 0.5782
vn 0.7903 -0.1858 0.5838
vn 0.7648 -0.6036 -0.2251
vn 0.8593 -0.2552 0.4432
vn 0.9130 -0.4024 -0.0677
vn 0.9507 -0.1552 0.2684
vn 0.9647 -0.0523 0.2581
vn 0.7957 0.3878 0.4653
vn 0.6802 0.5123 0.5243
vn 0.6369 0.4354 0.6362
vn 0.9219 0.2403 0.3038
vn 0.6065 0.7368 0.2988
vn 0.9189 0.3207 0.2298
vn 0.9059 0.3540 0.2323
vn 0.4517 0.4454 0.7731
vn 0.9073 -0.1472 0.3938
vn 0.7856 -0.1728 0.5942
vn 0.8124 -0.1786 0.5550
vn 0.8882 -0.4311 -0.1590
vn 0.8448 -0.5070 -0.1709
vn 0.7842 -0.2168 0.5814
vn 0.8968 -0.1327 0.4220
vn 0.9958 -0.0755 -0.0526
vn 0.9554 -0.2583 -0.1432
vn -0.4902 0.0348 0.8709
vn -0.7669 0.0258 0.6412
vn 0.0640 0.4659 -0.8825
vn 0.0735 0.1831 -0.9803
vn 0.3068 0.3701 -0.8769
vn 0.9844 -0.0544 0.1673
vn 0.8182 -0.2381 -0.5234
vn 0.9605 -0.2781 0.0025
vn 0.8689 -0.3111 -0.3850
vn 0.8257 -0.4793 -0.2973
vn 0.8858 -0.3770 -0.2705
vn 0.6141 -0.7831 0.0984
vn 0.4410 -0.6790 0.5869
vn 0.2457 -0.9214 0.3011
vn 0.6174 -0.3615 0.6987
vn 0.8188 -0.3771 0.4328
vn 0.9344 -0.2968 0.1968
vn 0.7096 -0.3049 -0.6352
vn 0.9893 -0.1449 -0.0167
vn 0.9111 -0.0626 -0.4073
vn 0.5186 0.6794 0.5191
vn 0.8688 0.4895 0.0744
vn 0.3950 0.8958 0.2035
vn 0.4977 0.8228 -0.2744
vn 0.8161 0.2453 -0.5232
vn 0.9929 0.1019 -0.0612
vn 0.3820 0.4292 -0.8185
vn 0.3583 0.7169 -0.5981
vn 0.4670 0.0425 -0.8832
vn 0.7812 0.0089 -0.6242
vn 0.3004 0.0626 -0.9517
vn 0.1320 0.6812 -0.7201
vn 0.1767 0.9625 -0.2058
vn 0.1237 0.1864 -0.9747
vn 0.2308 0.9313 0.2820
vn 0.9833 0.1536 -0.0978
vn 0.7404 0.3027 -0.6001
vn 0.8759 0.3705 0.3089
vn 0.8488 -0.1261 0.5135
vn 0.3169 0.2285 0.9205
vn 0.2367 -0.8711 0.4303
vn -0.0839 0.6371 0.7662
vn 0.0749 -0.0408 0.9964
vn -0.2969 0.2024 0.9332
vn 0.5023 -0.8384 0.2116
vn 0.9725 -0.2303 -0.0346
vn 0.3399 -0.9279 0.1530
vn 0.7024 -0.5840 -0.4069
vn 0.7254 -0.0543 -0.6862
vn 0.7643 0.5783 -0.2854
vn 0.7460 0.5465 0.3806
vn 0.2199 0.9708 0.0957
vn 0.7927 -0.3840 0.4735
vn -0.0870 0.8930 0.4416
vn 0.1924 0.6569 0.7290
vn -0.1048 0.9615 0.2541
vn 0.0637 0.5446 0.8363
vn -0.2234 0.9734 0.0506
vn 0.3759 -0.2507 0.8921
vn 0.3288 -0.6957 0.6386
vn 0.4648 -0.7549 0.4627
vn 0.4848 -0.8274 -0.2834
vn 0.6989 -0.0989 -0.7084
vn 0.3510 -0.5473 -0.7598
vn 0.1510 -0.4635 -0.8731
vn 0.0386 -0.1182 -0.9922
vn 0.2099 0.1413 -0.9675
vn 0.2066 -0.6988 -0.6848
vn -0.0589 0.2940 -0.9540
vn 0.0187 0.7240 -0.6896
vn -0.1241 0.9222 -0.3663
vn -0.1055 0.9189 -0.3801
vn -0.0888 0.7104 -0.6982
vn -0.1009 0.9131 -0.3949
vn 0.3265 -0.8065 -0.4929
vn 0.1785 -0.3178 0.9312
vn 0.3554 -0.5617 0.7471
vn 0.2264 -0.1040 0.9685
vn -0.1426 0.9897 -0.0128
vn -0.1189 0.9924 0.0323
vn -0.1167 0.9282 -0.3533
vn -0.1832 0.9819 -0.0482
vn 0.1205 0.6482 0.7519
vn -0.1339 0.8951 0.4252
vn -0.1358 0.9558 0.2606
vn -0.2916 0.9563 0.0198
vn 0.3076 -0.6784 0.6672
vn 0.3404 -0.2241 0.9132
vn 0.5607 -0.2531 0.7884
vn 0.3734 -0.8626 0.3414
vn 0.2891 -0.6039 0.7428
vn 0.2080 -0.8658 0.4551
vn 0.2067 -0.9203 0.3320
vn 0.2388 -0.9196 0.3120
vn -0.0403 -0.9870 -0.1553
vn -0.3777 -0.6879 -0.6198
vn -0.2432 -0.8351 -0.4934
vn -0.5675 -0.1073 -0.8163
vn -0.5683 0.5589 -0.6039
vn -0.5424 0.5715 -0.6158
vn -0.4528 0.8192 -0.3519
vn -0.4895 0.8496 -0.1963
vn -0.2797 0.9365 -0.2116
vn -0.2041 -0.8013 -0.5623
vn -0.3176 -0.1126 -0.9415
vn -0.4264 0.5747 -0.6984
vn -0.3260 0.7963 -0.5095
vn -0.3857 0.8567 -0.3425
vn -0.3138 0.6357 -0.7052
vn -0.3325 0.8198 -0.4663
vn -0.4427 0.8446 -0.3010
vn -0.0198 -0.7934 -0.6084
vn 0.1632 -0.9865 0.0131
vn 0.0057 -0.9810 -0.1938
vn 0.5020 -0.7943 0.3422
vn 0.8305 -0.1330 0.5409
vn 0.0941 0.9582 0.2703
vn -0.0986 0.9943 0.0409
vn 0.5199 0.6476 0.5571
vn 0.3591 0.5926 0.7210
vn -0.1425 0.9874 -0.0689
vn -0.2848 0.9565 -0.0637
vn -0.2832 0.9480 0.1455
vn -0.2121 0.8738 0.4376
vn -0.1145 0.9597 0.2567
vn 0.5198 0.7333 0.4382
vn 0.8912 -0.1732 0.4192
vn 0.6384 -0.7313 0.2403
vn 0.2991 -0.9533 0.0413
vn -0.3135 0.9395 0.1381
vn 0.1120 -0.9937 -0.0073
vn 0.2079 -0.9636 -0.1681
vn -0.2085 -0.1437 -0.9674
vn -0.3672 0.8801 0.3011
vn -0.3872 0.8761 0.2874
vn -0.0995 -0.4391 0.8929
vn 0.1362 -0.8223 0.5525
vn -0.0408 -0.7159 0.6970
vn 0.5512 -0.7027 -0.4498
vn 0.4692 -0.8816 0.0506
vn 0.5449 -0.0329 -0.8379
vn 0.4572 0.5575 -0.6929
vn 0.0306 0.9730 -0.2289
vn 0.3174 0.7306 -0.6045
vn 0.2725 0.5835 -0.7651
vn 0.5245 0.0399 -0.8505
vn -0.0497 0.5520 -0.8324
vn 0.1667 0.1772 -0.9700
vn -0.3707 0.3890 -0.8434
vn -0.3799 0.8699 -0.3145
vn -0.6158 0.7766 -0.1327
vn -0.0393 0.1524 0.9875
vn 0.3317 -0.4744 0.8154
vn 0.0966 0.3098 0.9459
vn 0.3987 -0.3278 0.8565
vn -0.5776 0.0136 -0.8162
vn 0.0960 -0.6277 0.7725
vn 0.7094 -0.5607 -0.4271
vn -0.3935 -0.4843 -0.7814
vn -0.3435 -0.5370 0.7705
vn -0.6350 -0.4954 0.5927
vn 0.6453 0.0029 0.7639
vn -0.5915 0.7038 0.3935
vn -0.5362 0.8389 0.0937
vn -0.4032 0.9122 0.0726
vn -0.0359 0.9824 -0.1835
vn -0.1079 0.9127 -0.3941
vn -0.1898 0.9817 -0.0143
vn -0.2651 0.9642 -0.0055
vn -0.3013 0.9439 -0.1351
vn -0.2881 -0.9289 0.2325
vn -0.4835 -0.8489 0.2133
vn -0.3020 -0.8328 0.4638
vn -0.1816 -0.1527 0.9714
vn -0.3291 -0.4656 0.8215
vn -0.1501 -0.9868 0.0606
vn -0.3190 -0.9310 -0.1773
vn 0.1043 -0.9472 -0.3031
vn 0.3066 -0.9367 -0.1692
vn 0.6943 -0.6315 -0.3452
vn -0.2912 -0.7082 0.6431
vn 0.4346 -0.5807 -0.6884
vn 0.9394 -0.2376 -0.2473
vn 0.9877 -0.0630 0.1430
vn 0.0268 -0.8323 -0.5536
vn -0.0320 -0.9983 0.0477
vn -0.5234 -0.1879 0.8311
vn -0.7306 0.3858 0.5633
vn -0.6882 0.5259 0.4999
vn 0.1013 -0.8627 0.4954
vn 0.3335 -0.9399 0.0729
vn 0.6213 -0.6668 -0.4116
vn -0.4786 0.1423 0.8664
vn -0.4929 0.6567 0.5708
vn -0.2613 -0.4154 0.8713
vn -0.5865 0.7431 0.3220
vn -0.6488 0.7539 0.1035
vn -0.4161 0.9059 0.0788
vn 0.7869 0.5975 0.1544
vn 0.4500 0.3975 0.7997
vn 0.8615 -0.1736 0.4772
vn 0.4056 -0.8012 0.4399
vn 0.8021 -0.5967 0.0230
vn 0.0535 0.9409 0.3344
vn 0.0404 0.5201 0.8531
vn 0.3173 -0.3894 0.8647
vn 0.2721 -0.9578 -0.0930
vn 0.3980 -0.9014 0.1703
vn 0.4572 -0.8873 -0.0595
vn 0.9123 -0.4092 -0.0149
vn 0.9992 0.0174 0.0355
vn 0.7340 -0.6740 0.0842
vn 0.9533 -0.0895 0.2886
vn -0.1929 -0.9769 -0.0918
vn -0.0271 -0.9671 -0.2529
vn 0.5051 -0.8566 -0.1055
vn 0.8230 0.5680 0.0113
vn -0.0172 0.9935 -0.1127
vn 0.2820 0.9496 -0.1369
vn -0.1319 0.9345 -0.3307
vn -0.2902 0.9272 -0.2368
vn -0.2308 0.9442 0.2350
vn -0.3031 0.9427 0.1393
vn -0.3399 0.9347 -0.1034
vn -0.1931 0.9683 0.1587
vn 0.0494 0.9984 0.0268
vn -0.0599 0.9243 0.3769
vn 0.5863 0.7900 0.1794
vn -0.8918 -0.1820 0.4143
vn -0.9119 -0.1714 0.3729
vn -0.9114 -0.2072 0.3556
vn -0.8412 -0.2124 0.4972
vn -0.9198 -0.1747 0.3514
vn -0.9314 -0.2145 0.2940
vn -0.7634 -0.5126 0.3930
vn -0.8609 -0.3748 0.3441
vn -0.9099 -0.2722 0.3131
vn -0.9353 -0.1989 0.2925
vn -0.8767 -0.3595 0.3195
vn -0.9296 -0.1456 0.3387
vn -0.9819 0.0054 0.1894
vn -0.9116 -0.1156 0.3945
vn -0.9094 -0.1038 0.4028
vn -0.9262 -0.1415 0.3495
vn -0.9258 -0.1606 0.3421
vn -0.9414 -0.1260 0.3130
vn 0.1393 0.0711 0.9877
vn 0.3772 0.1979 0.9047
vn 0.3039 0.6226 0.7212
vn 0.2791 -0.0955 0.9555
vn 0.5892 0.4227 0.6887
vn 0.8239 0.3019 0.4797
vn 0.9695 0.0183 0.2445
vn 0.6725 0.1719 0.7199
vn 0.0983 -0.0426 0.9942
vn 0.4865 -0.2508 0.8369
vn 0.2922 -0.2483 0.9236
vn 0.5485 -0.1570 0.8213
vn 0.6245 -0.2830 0.7279
vn 0.7104 -0.3541 0.6083
vn 0.9674 -0.1901 0.1670
vn 0.9322 0.0486 0.3586
vn 0.9625 -0.0746 0.2607
vn 0.6382 -0.7411 0.2084
vn 0.7110 -0.2761 0.6467
vn 0.7734 -0.2269 0.5919
vn 0.2256 0.4896 -0.8423
vn 0.3996 -0.8616 0.3129
vn 0.4886 -0.3542 0.7974
vn 0.3617 -0.3459 0.8657
vn 0.6913 0.1147 0.7134
vn 0.6477 0.2295 0.7265
vn 0.6804 0.0073 0.7328
vn 0.7488 -0.2600 0.6097
vn 0.2592 -0.1569 0.9530
vn 0.0386 0.1565 0.9869
vn 0.1045 -0.0361 0.9939
vn 0.1150 0.0981 0.9885
vn -0.0758 0.3319 0.9403
vn -0.1408 0.2498 0.9580
vn -0.1363 0.3530 0.9257
vn -0.1051 0.3601 0.9270
vn -0.1075 -0.7774 -0.6198
vn -0.3413 -0.7895 -0.5101
vn -0.3574 -0.1497 -0.9219
vn -0.3034 0.7017 -0.6447
vn -0.5151 0.8536 0.0775
vn -0.2587 0.9405 -0.2202
vn -0.2836 -0.1144 -0.9521
vn 0.0944 -0.8133 -0.5741
vn -0.2237 0.7602 -0.6099
vn -0.0649 0.9457 -0.3186
vn 0.3187 -0.9266 -0.1995
vn 0.7339 -0.3936 -0.5535
vn 0.5789 -0.4109 -0.7044
vn 0.5740 -0.3913 -0.7193
vn 0.9054 -0.0712 -0.4185
vn 0.8117 0.5101 -0.2846
vn 0.5801 -0.3675 -0.7269
vn 0.7956 -0.4702 -0.3820
vn 0.4640 -0.2355 -0.8540
vn 0.1945 0.0060 -0.9809
vn 0.0100 0.0695 -0.9975
vn -0.0965 0.1003 -0.9903
vn -0.0173 0.0187 -0.9997
vn -0.2870 -0.6461 -0.7072
vn -0.1064 -0.6535 -0.7494
vn -0.2285 -0.5022 -0.8340
vn -0.1230 0.4158 -0.9011
vn -0.1887 0.4460 -0.8749
vn -0.1024 0.3348 -0.9367
vn 0.2868 0.1521 -0.9458
vn 0.5479 -0.0151 -0.8364
vn 0.6228 0.7213 -0.3032
vn -0.9759 -0.1513 0.1574
vn 0.3026 -0.7873 -0.5371
vn 0.4831 -0.6774 -0.5548
vn 0.4922 -0.2518 -0.8332
vn -0.0616 -0.3164 -0.9466
vn 0.0899 0.4728 0.8766
vn 0.3012 -0.2507 0.9200
vn -0.3045 0.9386 -0.1621
vn 0.1570 -0.9838 -0.0860
vn 0.0962 -0.9950 0.0250
vn -0.5385 -0.3908 -0.7466
vn -0.6860 0.0864 -0.7225
vn -0.2655 0.8782 -0.3977
vn 0.0114 0.7963 0.6048
vn 0.0150 0.9368 0.3496
vn -0.4621 -0.7437 0.4831
vn -0.4065 -0.8009 0.4397
vn -0.3833 -0.8443 0.3745
vn -0.3433 -0.8270 0.4452
vn -0.3082 -0.8438 0.4394
vn 0.7682 -0.2925 -0.5695
vn 0.6792 0.5636 -0.4701
vn 0.7105 0.2029 0.6738
vn 0.8159 -0.4661 -0.3422
vn 0.8088 -0.4964 0.3154
vn 0.0794 0.3137 0.9462
vn -0.5743 -0.1549 0.8039
vn 0.1078 0.4427 0.8902
vn -0.0847 -0.1356 0.9871
vn -0.9259 -0.1012 -0.3640
vn -0.8383 0.4395 0.3226
vn -0.3838 0.0487 0.9221
vn -0.7691 -0.1184 0.6280
vn -0.2204 0.6387 -0.7372
vn 0.4745 0.1819 0.8613
vn 0.6999 0.7022 -0.1309
vn 0.6365 -0.2664 -0.7238
vn -0.2263 0.8625 -0.4526
vn 0.9398 -0.1788 -0.2912
vn -0.8408 -0.0676 -0.5372
vn -0.4178 -0.7040 -0.5743
vn 0.4540 -0.6227 -0.6373
vn 0.4960 -0.8184 -0.2902
vn -0.3210 -0.9151 -0.2440
vn -0.8639 -0.2777 -0.4201
vn -0.5054 -0.4585 -0.7310
vn 0.1114 -0.0860 -0.9900
vn 0.1537 -0.4956 -0.8549
vn 0.5084 -0.5179 -0.6879
vn 0.5245 -0.7309 -0.4367
vn -0.8018 0.0728 -0.5931
vn -0.2667 0.0152 -0.9637
vn -0.9829 0.1465 0.1114
vn 0.2807 0.9595 -0.0250
vn -0.1996 0.8058 0.5576
vn -0.9914 -0.0172 -0.1299
vn -0.4782 0.5661 0.6714
vn -0.3354 0.2489 -0.9086
vn -0.8367 0.1175 0.5348
vn -0.6269 0.2972 0.7202
vn -0.7159 0.0377 0.6971
vn 0.1650 0.7257 0.6679
vn 0.5842 0.6636 0.4673
vn -0.1879 0.5118 0.8383
vn -0.9862 -0.0210 -0.1644
vn 0.2454 -0.0568 0.9678
vn -0.3970 0.0619 0.9157
vn -0.6401 0.6435 -0.4197
vn -0.5319 0.8468 -0.0019
vn 0.3173 0.7914 -0.5226
vn 0.2111 0.8357 0.5070
vn 0.9091 0.4095 0.0771
vn -0.8740 0.2689 0.4046
vn -0.6490 -0.3116 -0.6940
vn 0.9018 0.2345 -0.3630
vn 0.6922 -0.4383 -0.5733
vn 0.8890 0.1491 0.4329
vn 0.9694 -0.2431 -0.0343
vn 0.7098 0.2045 0.6741
vn 0.1940 -0.0103 0.9809
vn 0.1191 -0.8894 -0.4413
vn 0.6718 -0.7369 -0.0749
vn -0.5875 -0.8087 -0.0291
vn -0.7088 -0.3863 0.5902
vn 0.4828 -0.4837 0.7300
vn -0.1119 0.8122 0.5725
vn -0.3886 0.6961 0.6037
vn -0.4585 0.5860 0.6681
vn 0.6141 0.1169 0.7805
vn -0.2367 0.7466 0.6217
vn -0.9123 -0.0861 0.4005
vn 0.1030 0.8756 0.4719
vn 0.7218 0.1865 0.6665
vn -0.9233 -0.0955 -0.3721
vn -0.9901 -0.1165 0.0782
vn -0.5712 -0.2077 0.7941
vn -0.7628 -0.2765 0.5845
vn 0.3987 -0.0232 0.9168
vn 0.8515 -0.2221 0.4750
vn 0.2993 0.7441 -0.5973
vn 0.7241 -0.0924 -0.6835
vn -0.4425 0.7032 -0.5566
vn 0.9518 -0.0948 -0.2917
vn -0.8342 0.0219 -0.5511
vn -0.7163 -0.1240 -0.6867
vn -0.3740 -0.3765 -0.8476
vn 0.6178 -0.4129 -0.6692
vn 0.5344 -0.6090 -0.5862
vn -0.1494 -0.6817 -0.7162
vn 0.1327 0.7997 -0.5855
vn 0.3399 0.4036 -0.8494
vn 0.5607 0.1599 -0.8124
vn 0.4045 0.7748 -0.4858
vn 0.2743 0.9605 -0.0474
vn 0.9931 -0.0392 0.1104
vn 0.8046 0.4763 0.3546
vn -0.3473 0.6546 0.6715
vn -0.1806 0.9445 -0.2746
vn -0.9964 0.0826 -0.0185
vn 0.3748 -0.5152 0.7708
vn -0.9493 0.1695 0.2648
vn 0.7244 0.1295 0.6771
vn -0.5972 -0.4312 0.6764
vn 0.9141 -0.1185 0.3878
vn -0.7997 -0.5749 0.1732
vn 0.5951 -0.7840 0.1764
vn 0.1301 0.9567 -0.2603
vn 0.1461 -0.9429 0.2992
vn 0.5484 0.7341 0.4005
vn 0.2012 0.8315 0.5179
vn -0.3852 0.9116 -0.1436
vn -0.6211 0.6777 -0.3938
vn -0.4910 0.4904 0.7200
vn 0.3290 0.0539 0.9428
vn -0.8319 -0.0002 0.5549
vn -0.9939 -0.0267 -0.1072
vn 0.8537 0.0511 0.5183
vn 0.1418 -0.6454 0.7506
vn -0.9924 -0.1095 -0.0564
vn -0.6982 -0.4274 0.5743
vn 0.7446 -0.0882 0.6616
vn 0.5861 -0.7432 0.3227
vn 0.2324 0.6221 -0.7476
vn 0.9457 0.3159 -0.0759
vn -0.5736 0.8148 -0.0837
vn -0.3870 0.8257 -0.4105
vn 0.8690 0.2021 0.4517
vn -0.3265 -0.0155 0.9451
vn -0.8560 0.2891 -0.4285
vn -0.9666 0.1602 -0.2001
vn 0.4930 0.1643 -0.8544
vn -0.5096 -0.4599 -0.7272
vn 0.8839 -0.0278 0.4669
vn -0.9507 -0.0065 -0.3101
vn 0.0508 0.9985 0.0203
vn -0.2305 0.6201 0.7499
vn -0.6447 0.7539 0.1266
vn -0.7988 0.4825 0.3593
vn -0.1360 0.8424 -0.5214
vn -0.6230 0.5790 -0.5260
vn -0.2086 -0.1938 0.9586
vn -0.7580 -0.0246 0.6517
vn -0.7162 0.4575 0.5269
vn 0.4025 -0.8663 0.2960
vn -0.5200 -0.8093 -0.2733
vn -0.4898 -0.6331 -0.5994
vn -0.9482 -0.1549 -0.2774
vn -0.7266 0.5364 0.4293
vn -0.9244 0.0862 -0.3716
vn 0.8423 -0.1762 0.5094
vn 0.9547 0.0169 0.2970
vn -0.4740 0.5334 0.7006
vn -0.1837 -0.9150 0.3593
vn -0.0809 0.6038 0.7930
vn 0.8699 -0.4482 0.2061
vn -0.4327 0.5137 -0.7408
vn 0.0026 0.9128 -0.4084
vn 0.1366 0.5580 -0.8185
vn 0.9399 0.0177 -0.3411
vn 0.8822 0.4700 0.0278
vn 0.5467 0.7800 -0.3045
vn -0.1232 0.6895 -0.7138
vn 0.6179 -0.5425 0.5691
vn -0.8879 -0.3622 -0.2836
vn 0.0029 -0.9973 0.0730
vn -0.7482 0.4235 -0.5107
vn -0.8193 0.5261 -0.2278
vn -0.9047 0.3392 -0.2577
vn -0.7751 0.3874 0.4992
vn -0.5615 -0.1889 0.8056
vn 0.2769 -0.1845 0.9430
vn 0.3680 0.7051 0.6061
vn -0.0758 0.8477 0.5251
vn 0.4670 0.8758 -0.1217
vn 0.7545 -0.4189 -0.5053
vn 0.8604 -0.5038 0.0767
vn 0.6380 -0.5710 -0.5166
vn 0.6761 -0.5133 -0.5287
vn 0.6029 -0.7714 -0.2037
vn 0.5828 -0.4402 0.6830
vn 0.3796 0.1243 0.9168
vn -0.1083 0.9103 0.3994
vn -0.0918 0.6742 0.7328
vn 0.0338 0.9748 0.2205
vn 0.6026 0.7965 -0.0505
vn 0.4388 0.5940 -0.6742
vn 0.5599 -0.8245 -0.0818
vn -0.1301 -0.7064 0.6957
vn 0.5169 -0.7589 0.3960
vn 0.5054 -0.5007 -0.7028
vn 0.8174 -0.3462 -0.4605
vn 0.4068 -0.4275 0.8073
vn -0.3753 0.1364 0.9168
vn -0.4310 -0.2347 0.8713
vn 0.1393 0.0548 -0.9887
vn 0.4800 -0.2089 -0.8520
vn -0.5161 0.4690 0.7168
vn -0.0255 0.9778 0.2080
vn -0.3171 0.7289 0.6068
vn 0.0322 0.8058 0.5913
vn 0.1046 0.6667 0.7379
vn 0.1315 0.7153 0.6864
vn -0.0028 0.4360 0.9000
vn -0.0967 0.3728 0.9229
vn -0.0953 0.2831 0.9543
vn 0.3546 -0.2237 0.9079
vn 0.6644 -0.1358 0.7349
vn -0.1077 -0.1611 0.9810
vn 0.7685 -0.0671 0.6363
vn 0.7851 0.0503 0.6173
vn 0.8161 -0.1016 0.5689
vn -0.3399 -0.3800 0.8603
vn -0.6181 -0.4289 0.6588
vn 0.7580 -0.0577 0.6497
vn 0.0872 -0.6350 0.7676
vn 0.5197 -0.2708 0.8103
vn -0.8738 -0.3974 0.2804
vn -0.7108 -0.5967 0.3724
vn 0.4968 -0.4653 0.7326
vn 0.4993 -0.1489 0.8535
vn -0.1275 -0.5067 0.8526
vn -0.0742 -0.7281 0.6815
vn -0.4810 -0.6992 0.5290
vn -0.7942 -0.3344 0.5073
vn -0.7503 -0.6543 0.0947
vn -0.8608 -0.5028 0.0789
vn -0.9672 -0.1475 -0.2069
vn -0.7105 -0.5956 0.3747
vn 0.5917 0.1238 -0.7966
vn -0.2698 0.2558 -0.9283
vn 0.0430 0.2544 -0.9661
vn -0.3623 0.2760 -0.8902
vn -0.7133 0.1348 -0.6878
vn -0.1582 0.4760 -0.8651
vn -0.8852 0.0549 -0.4619
vn -0.8481 -0.0765 -0.5242
vn -0.8710 -0.3850 0.3053
vn -0.7595 -0.1694 -0.6281
vn 0.1094 0.8383 -0.5342
vn 0.3691 0.7487 -0.5507
vn 0.6787 0.7158 0.1643
vn 0.3700 0.4713 -0.8006
vn 0.7486 0.6630 -0.0014
vn 0.5145 0.8155 -0.2651
vn -0.0070 0.5702 -0.8215
vn 0.8289 0.1560 0.5372
vn 0.9979 0.0632 -0.0167
vn 0.6964 0.4303 -0.5744
vn 0.9515 -0.3028 -0.0548
vn 0.1879 0.9822 0.0003
vn 0.9127 -0.3867 -0.1324
vn 0.6074 -0.6018 -0.5186
vn -0.7282 -0.6128 0.3069
vn -0.9400 -0.3343 -0.0684
vn 0.6592 -0.0847 0.7472
vn 0.8087 -0.0986 0.5799
vn 0.8607 -0.1229 0.4941
vn 0.3204 -0.1733 0.9313
vn -0.0264 -0.4239 -0.9053
vn 0.3073 -0.1567 -0.9386
vn 0.1747 -0.2885 -0.9414
vn -0.6333 -0.2588 -0.7293
vn 0.5527 -0.3796 -0.7419
vn 0.4350 -0.5593 -0.7056
vn -0.2538 -0.3256 -0.9108
vn 0.2980 -0.3553 -0.8860
vn 0.8387 -0.1387 -0.5266
vn 0.9340 -0.1931 -0.3008
vn 0.9880 0.0819 -0.1307
vn -0.6728 -0.1492 -0.7246
vn 0.9937 -0.1011 -0.0480
vn -0.9452 -0.1040 -0.3096
vn -0.9161 0.1028 -0.3876
vn -0.9478 0.2936 0.1243
vn -0.9759 -0.1152 0.1855
vn -0.8515 0.0993 0.5149
vn -0.6726 0.5141 0.5323
vn -0.5247 0.3477 0.7770
vn -0.0597 0.5371 0.8414
vn -0.8365 -0.0851 0.5413
vn -0.9541 -0.2030 0.2201
vn 0.7958 0.3813 0.4704
vn 0.0648 0.6430 0.7631
vn 0.8483 0.3726 0.3762
vn 0.4543 0.4621 0.7617
vn 0.0232 0.4631 0.8860
vn -0.5810 0.6447 0.4967
vn -0.9271 0.3710 0.0541
vn 0.4952 -0.2828 0.8215
vn 0.8959 0.0598 0.4403
vn 0.7648 -0.1781 0.6191
vn 0.4237 -0.2139 0.8802
vn 0.7344 -0.1547 0.6609
vn 0.9711 -0.0052 -0.2384
vn 0.9473 0.2861 -0.1443
vn 0.5952 0.3168 -0.7385
vn 0.6718 0.0058 0.7407
vn -0.9382 -0.2008 0.2817
vn -0.9634 -0.2666 -0.0295
vn -0.6533 -0.2331 0.7203
vn -0.7988 -0.5987 0.0594
vn 0.0581 -0.2350 -0.9703
vn 0.5038 -0.6337 -0.5870
vn -0.5262 -0.4666 -0.7109
vn -0.9937 0.0795 -0.0795
vn -0.3636 0.5306 -0.7657
vn -0.7426 0.3831 0.5493
vn -0.2228 0.9081 0.3545
vn -0.2137 0.9745 -0.0677
vn -0.1122 0.8492 -0.5159
vn -0.3739 0.6941 -0.6151
vn -0.0888 0.6200 -0.7796
vn -0.3329 0.2842 -0.8991
vn -0.0717 0.4267 -0.9015
vn -0.3513 -0.4519 -0.8200
vn -0.5848 -0.7215 -0.3708
vn -0.7879 -0.3930 -0.4741
vn -0.7265 0.0835 -0.6821
vn 0.6011 -0.7341 0.3159
vn -0.6734 0.1751 0.7182
vn -0.3632 0.4803 0.7984
vn -0.4918 0.2738 0.8266
vn -0.6306 0.3162 0.7088
vn -0.6134 -0.0094 0.7897
vn -0.6996 0.1299 0.7026
vn -0.7441 -0.2824 0.6055
vn -0.6089 -0.3428 0.7153
vn -0.2770 -0.1675 0.9462
vn -0.1900 0.2334 0.9536
vn -0.4913 0.5968 0.6344
vn -0.4169 0.4987 0.7600
vn -0.3407 0.6172 0.7092
vn -0.3843 0.5386 0.7498
vn -0.3112 0.6054 0.7326
vn -0.0136 0.6464 0.7629
vn -0.4330 0.6189 0.6553
vn -0.1498 0.7685 0.6221
vn 0.1551 0.8340 0.5296
vn 0.2963 0.6482 0.7015
vn 0.0120 0.8107 0.5853
vn -0.2596 0.7385 0.6222
vn -0.0052 0.5777 0.8162
vn -0.6034 0.4517 0.6571
vn -0.4724 0.4669 0.7475
vn -0.8486 0.3213 0.4203
vn -0.7397 0.4503 0.5001
vn -0.8847 0.2965 0.3596
vn -0.9539 0.1792 0.2408
vn -0.9172 0.3067 0.2545
vn -0.8977 0.3343 0.2871
vn -0.7297 0.3600 0.5813
vn -0.8975 0.3088 0.3149
vn -0.3985 0.1973 0.8957
vn -0.3842 0.0368 0.9225
vn -0.4020 0.2835 0.8706
vn -0.3880 -0.4614 0.7978
vn -0.4758 -0.2508 0.8430
vn -0.2182 0.4163 0.8826
vn -0.2687 -0.6460 0.7145
vn -0.1836 -0.7700 0.6111
vn 0.1871 -0.8240 0.5348
vn 0.0900 -0.7789 0.6207
vn 0.2496 -0.7868 0.5644
vn -0.0242 -0.8250 0.5646
vn 0.0241 0.6993 -0.7144
vn 0.1649 0.6613 -0.7318
vn -0.0668 0.6241 -0.7785
vn 0.1812 0.5338 -0.8260
vn 0.0871 0.3764 -0.9224
vn 0.2016 0.2820 -0.9380
vn 0.3034 0.2953 -0.9060
vn -0.3963 0.8362 -0.3791
vn -0.2971 0.7553 -0.5841
vn -0.6993 0.6830 0.2108
vn -0.2461 0.8558 -0.4550
vn -0.1554 0.9870 -0.0399
vn -0.0903 0.9244 0.3706
vn -0.3483 0.6891 0.6355
vn -0.2038 0.7064 0.6778
vn -0.1639 0.4090 0.8977
vn 0.0271 0.5011 0.8650
vn 0.1678 0.6356 0.7536
vn -0.0183 0.6773 0.7355
vn 0.1238 0.5264 0.8412
vn 0.1256 0.5193 0.8453
vn -0.0028 0.7593 0.6508
vn -0.0424 0.4018 0.9148
vn -0.1499 -0.1642 0.9750
vn -0.3271 -0.1778 0.9281
vn -0.5092 -0.4016 0.7612
vn -0.4462 -0.1940 0.8737
vn -0.3655 0.1916 0.9109
vn 0.1024 0.7798 0.6176
vn -0.7115 0.6644 -0.2289
vn -0.9250 0.2663 0.2709
vn -0.6837 0.2857 0.6715
vn -0.3352 0.5266 0.7813
vn -0.6641 -0.0417 0.7464
vn 0.1356 -0.0188 -0.9906
vn 0.2591 0.0095 -0.9658
vn 0.1381 -0.1453 -0.9797
vn -0.0305 -0.0466 -0.9984
vn -0.2705 -0.4340 -0.8594
vn -0.2894 -0.1094 -0.9509
vn -0.6825 -0.2771 -0.6763
vn -0.6110 -0.1698 -0.7732
vn -0.7956 -0.3353 -0.5047
vn -0.4985 -0.0766 -0.8635
vn -0.5706 -0.4414 -0.6925
vn -0.9183 -0.3023 -0.2555
vn -0.7942 -0.6065 -0.0369
vn -0.8938 -0.4151 0.1698
vn -0.9011 -0.2850 0.3269
vn -0.9472 -0.2766 -0.1623
vn -0.9732 -0.2246 0.0485
vn -0.7739 -0.5047 -0.3826
vn 0.0621 -0.4314 -0.9000
vn -0.9350 -0.3542 -0.0160
vn -0.9110 -0.4076 -0.0624
vn -0.9333 -0.3574 -0.0345
vn -0.9505 -0.3077 -0.0420
vn -0.7932 -0.4600 -0.3991
vn -0.9119 -0.2885 -0.2918
vn -0.9311 -0.1595 -0.3280
vn -0.3493 -0.6632 -0.6620
vn -0.6945 -0.4239 -0.5814
vn -0.4472 -0.4972 -0.7435
vn -0.8804 -0.3060 -0.3624
vn -0.0251 -0.5761 -0.8170
vn -0.1861 -0.4953 -0.8486
vn -0.1480 -0.5073 -0.8489
vn -0.1201 -0.5708 -0.8123
vn 0.2402 -0.4913 -0.8372
vn -0.0876 -0.4975 -0.8631
vn -0.9161 -0.2340 -0.3255
vn -0.6430 -0.5708 -0.5106
vn -0.5024 -0.6019 -0.6208
vn -0.2638 -0.8497 -0.4565
vn -0.0990 -0.7273 -0.6792
vn 0.0624 -0.8450 -0.5312
vn 0.1476 -0.9765 -0.1568
vn 0.1547 -0.9318 -0.3283
vn 0.3214 -0.9371 -0.1361
vn 0.3059 -0.9473 0.0954
vn 0.3652 -0.9252 0.1030
vn -0.6918 -0.5813 -0.4284
vn -0.9697 -0.0859 -0.2289
vn -0.9803 -0.0777 -0.1815
vn -0.9934 0.0496 -0.1034
vn -0.9915 -0.0257 -0.1276
vn -0.9819 -0.1216 -0.1450
vn -0.9845 -0.0842 -0.1538
vn -0.9624 -0.2551 -0.0934
vn -0.9417 -0.2607 -0.2127
vn -0.8701 -0.3719 -0.3233
vn -0.9362 -0.1914 0.2948
vn -0.9334 -0.2417 0.2653
vn -0.8316 -0.5553 -0.0012
vn -0.9392 -0.2496 0.2357
vn -0.7804 -0.2383 0.5781
vn -0.9358 -0.2411 0.2572
vn -0.7513 -0.5355 -0.3858
vn -0.9299 0.0188 0.3674
vn -0.9309 -0.2883 0.2242
vn -0.9736 -0.0503 0.2225
vn -0.8614 0.2768 0.4258
vn -0.7388 0.4333 0.5162
vn -0.7997 0.4215 0.4276
vn -0.9358 0.2266 0.2700
vn -0.8964 0.3418 0.2822
vn -0.9516 -0.1514 0.2676
vn -0.6352 0.4900 0.5970
vn -0.8798 0.3811 0.2841
vn -0.5392 0.4184 0.7309
vn -0.9091 -0.1214 0.3985
vn -0.8115 -0.1901 0.5526
vn -0.7602 -0.2051 0.6165
vn -0.9049 -0.4247 -0.0286
vn -0.9155 -0.4006 -0.0372
vn -0.8034 -0.2530 0.5390
vn -0.9216 -0.1762 0.3458
vn -0.8122 -0.5440 -0.2106
vn -0.7682 -0.5909 -0.2464
vn -0.9531 -0.2956 0.0649
vn -0.0723 0.1732 -0.9822
vn -0.0618 0.4652 -0.8830
vn -0.2827 0.3474 -0.8941
vn -0.8164 -0.2469 -0.5220
vn -0.9863 -0.0505 0.1570
vn -0.9477 -0.3192 -0.0052
vn -0.8077 -0.3888 -0.4433
vn -0.8258 -0.4795 -0.2969
vn -0.4283 -0.6928 0.5802
vn -0.6110 -0.7858 0.0959
vn -0.2412 -0.9196 0.3101
vn -0.6206 -0.3669 0.6930
vn -0.8206 -0.3766 0.4299
vn -0.9347 -0.2959 0.1969
vn -0.8844 -0.3600 -0.2969
vn -0.7235 -0.2747 -0.6334
vn -0.9892 -0.1463 -0.0067
vn -0.9187 -0.0442 -0.3925
vn -0.8632 0.4996 0.0726
vn -0.5204 0.6759 0.5219
vn -0.3934 0.8944 0.2130
vn -0.4984 0.8197 -0.2822
vn -0.8038 0.2555 -0.5373
vn -0.9930 0.1003 -0.0620
vn -0.3715 0.7405 -0.5600
vn -0.3735 0.4332 -0.8203
vn -0.4610 0.0509 -0.8859
vn -0.7797 -0.0009 -0.6261
vn -0.2789 0.0799 -0.9570
vn -0.1319 0.6813 -0.7200
vn -0.1767 0.9625 -0.2059
vn -0.1237 0.1865 -0.9746
vn -0.2473 0.9275 0.2803
vn -0.9771 0.1606 -0.1396
vn -0.7387 0.2863 -0.6102
vn 0.9649 0.2599 0.0387
vn 0.6909 0.7201 0.0640
vn 0.7886 0.4831 0.3804
vn 0.2879 0.7232 0.6278
vn -0.4464 0.7227 -0.5276
vn -0.1856 0.7238 0.6646
vn -0.4073 0.4768 0.7790
vn -0.9555 -0.2946 0.0123
vn -0.7931 0.0826 -0.6035
vn -0.7279 -0.3222 -0.6053
vn -0.9104 -0.3774 0.1696
vn -0.2410 -0.1265 -0.9623
vn 0.0125 0.5544 -0.8322
vn -0.1600 0.9384 -0.3063
vn 0.6704 0.6955 -0.2585
vn -0.9193 0.2925 -0.2633
vn 0.0462 0.9986 -0.0250
vn 0.4021 0.9138 0.0568
vn 0.6132 0.7887 -0.0450
vn 0.0317 0.9905 0.1337
vn -0.9964 0.0773 -0.0348
vn -0.7678 0.6390 0.0473
vn 0.8681 0.4955 0.0304
vn 0.8788 0.4233 -0.2204
vn -0.9474 -0.3175 -0.0409
vn -0.9700 -0.0888 -0.2262
vn -0.6165 -0.6829 -0.3919
vn -0.0245 -0.8911 -0.4531
vn 0.2697 -0.5584 -0.7845
vn 0.1674 -0.9424 -0.2894
vn 0.5053 -0.8230 -0.2595
vn 0.6439 -0.5941 -0.4821
vn -0.1646 -0.9473 -0.2750
vn 0.8162 -0.5381 -0.2105
vn 0.9662 -0.0235 -0.2567
vn 0.9360 0.3309 -0.1196
vn 0.9386 0.3196 -0.1304
vn 0.9863 -0.0605 -0.1533
vn 0.9424 0.3050 -0.1374
vn -0.3528 -0.8843 -0.3059
vn -0.9648 0.2563 -0.0592
vn -0.7519 0.6589 0.0200
vn 0.6859 0.7099 -0.1599
vn 0.7770 0.6276 -0.0485
vn 0.4233 0.9007 0.0980
vn -0.0261 0.9991 -0.0335
vn 0.5747 0.8167 0.0521
vn 0.7587 0.6350 0.1456
vn -0.8044 0.5891 -0.0767
vn -0.9971 0.0699 -0.0296
vn -0.8265 0.4643 -0.3183
vn -0.9350 -0.3142 -0.1646
vn -0.9840 0.1783 -0.0040
vn -0.9414 -0.3372 0.0085
vn -0.9724 -0.2299 0.0387
vn -0.9266 -0.3758 -0.0148
vn -0.6379 -0.7579 0.1365
vn -0.0166 -0.9502 0.3113
vn -0.2395 -0.9471 0.2135
vn 0.9426 -0.1232 0.3105
vn 0.5827 -0.7278 0.3617
vn 0.9572 -0.1107 0.2676
vn 0.9415 0.2536 0.2220
vn 0.8943 0.4410 0.0761
vn 0.8781 0.3782 0.2929
vn -0.1892 -0.9693 0.1571
vn 0.5959 -0.8002 0.0676
vn 0.9794 -0.1503 0.1352
vn 0.9885 0.1239 0.0865
vn 0.9466 0.2819 0.1568
vn 0.9881 -0.1473 0.0441
vn 0.9827 0.1677 0.0782
vn 0.9302 0.3086 0.1990
vn -0.2111 -0.9773 -0.0192
vn -0.7717 -0.6360 0.0004
vn -0.6132 -0.7880 0.0554
vn -0.9307 -0.2696 -0.2474
vn -0.6851 0.3540 -0.6367
vn 0.7274 0.6862 -0.0046
vn 0.5104 0.8434 -0.1681
vn 0.0040 0.8873 -0.4611
vn -0.1267 0.9623 -0.2407
vn 0.8182 0.5639 0.1123
vn 0.8064 0.5907 -0.0284
vn 0.6837 0.7112 0.1637
vn 0.4395 0.8837 0.1612
vn 0.5745 0.8181 0.0258
vn 0.1224 0.8539 -0.5058
vn -0.6325 0.2678 -0.7268
vn -0.8601 -0.2537 -0.4426
vn -0.8052 -0.5778 -0.1331
vn 0.6879 0.7001 0.1913
vn -0.7556 -0.6539 0.0380
vn -0.6565 -0.7483 -0.0951
vn 0.5557 -0.8313 -0.0141
vn 0.6012 0.4631 0.6512
vn 0.7866 0.5406 0.2984
vn -0.8331 -0.2248 0.5053
vn -0.4603 0.0479 0.8865
vn -0.7676 -0.1244 0.6287
vn -0.7270 -0.3646 -0.5819
vn -0.9479 -0.3076 -0.0830
vn -0.1117 -0.1029 -0.9884
vn 0.7812 0.5187 0.3474
vn 0.2552 0.2728 -0.9276
vn 0.5777 0.3993 -0.7119
vn 0.4810 0.1455 -0.8646
vn -0.0566 -0.1028 -0.9931
vn 0.6074 -0.0043 -0.7944
vn 0.1750 -0.1968 -0.9647
vn 0.4587 -0.3680 -0.8088
vn 0.6415 -0.3290 -0.6930
vn 0.8895 0.3368 -0.3089
vn 0.8833 0.4399 -0.1621
vn 0.1424 -0.7445 -0.6523
vn 0.3162 -0.8498 -0.4216
vn -0.3046 -0.8868 0.3476
vn -0.2265 -0.7853 0.5762
vn -0.2664 -0.4013 0.8763
vn -0.2922 -0.4410 0.8486
vn -0.1310 -0.7926 0.5955
vn 0.0241 -0.9348 -0.3542
vn -0.6113 -0.6867 0.3934
vn -0.1468 0.3806 0.9130
vn 0.0484 -0.6593 0.7504
vn 0.6985 -0.5755 0.4254
vn -0.2407 -0.5307 0.8127
vn -0.3152 -0.3591 0.8785
vn 0.8549 0.4219 0.3019
vn 0.9098 0.4150 0.0106
vn 0.8652 0.5013 -0.0119
vn 0.7705 0.4953 -0.4013
vn 0.8270 0.5130 -0.2299
vn 0.8665 0.4705 -0.1665
vn 0.8482 0.5280 -0.0430
vn -0.0908 -0.7205 0.6875
vn 0.1118 0.0665 0.9915
vn -0.0927 -0.3515 0.9316
vn 0.2230 -0.9429 -0.2475
vn 0.0218 -0.8314 0.5553
vn -0.4876 -0.7710 -0.4097
vn -0.2669 -0.8814 0.3898
vn -0.6964 -0.5837 0.4175
vn -0.9832 0.0718 0.1678
vn -0.5473 -0.8339 -0.0714
vn -0.6360 -0.1634 0.7542
vn -0.8015 -0.2568 -0.5401
vn -0.0614 -0.7793 -0.6236
vn 0.6372 -0.7009 -0.3206
vn 0.5120 -0.8559 0.0728
vn -0.4869 -0.6997 -0.5228
vn -0.8017 -0.5893 0.1000
vn -0.2418 -0.2896 0.9261
vn 0.3872 0.1179 0.9144
vn 0.5465 0.2400 0.8024
vn -0.7988 -0.2732 0.5359
vn -0.9302 -0.3670 0.0076
vn -0.7523 -0.3156 -0.5784
vn 0.1498 0.2596 0.9540
vn 0.7723 0.5557 0.3079
vn -0.2934 -0.0171 0.9558
vn 0.7770 0.4185 0.4702
vn 0.8786 0.3670 0.3056
vn 0.8506 0.5032 0.1524
vn -0.3353 0.8947 -0.2950
vn 0.1051 0.5891 -0.8012
vn -0.6717 0.3051 -0.6750
vn -0.6710 -0.3134 -0.6720
vn -0.9664 -0.1494 -0.2093
vn 0.4388 0.8918 -0.1104
vn -0.1630 0.9825 0.0903
vn -0.9093 0.4132 -0.0493
vn -0.8002 -0.5993 -0.0217
vn -0.9209 -0.3734 -0.1121
vn -0.7314 -0.6019 -0.3207
vn -0.5638 -0.2048 -0.8001
vn -0.3210 0.0907 -0.9427
vn -0.7429 -0.3143 -0.5911
vn -0.4309 0.2424 -0.8692
vn -0.5531 -0.8228 0.1305
vn -0.7448 -0.6341 0.2079
vn -0.7002 -0.6051 -0.3789
vn 0.9038 0.4196 0.0847
vn 0.9328 0.3573 -0.0478
vn 0.6171 0.7759 0.1309
vn 0.8381 0.5197 0.1658
vn 0.6786 0.7103 0.1870
vn 0.7870 0.5908 -0.1776
vn 0.7589 0.4508 -0.4699
vn 0.6637 0.7436 0.0811
vn 0.6823 0.6974 -0.2194
vn 0.4604 0.8876 0.0138
vn 0.1562 0.7361 -0.6586
vn 0.1879 0.3548 -0.9159
vn -0.1475 0.1120 0.9827
vn -0.2354 0.1577 0.9590
vn -0.1253 0.0518 0.9908
vn -0.1083 0.0867 0.9903
vn -0.0951 0.0678 0.9932
vn -0.0852 -0.0010 0.9964
vn -0.4116 -0.1130 0.9043
vn -0.2532 -0.0658 0.9652
vn -0.1417 -0.0234 0.9896
vn -0.0695 0.0146 0.9975
vn -0.2381 -0.0875 0.9673
vn -0.0640 0.0765 0.9950
vn 0.1487 0.0609 0.9870
vn -0.0771 0.1683 0.9827
vn -0.0818 0.1432 0.9863
vn -0.0685 0.0877 0.9938
vn -0.0780 0.0681 0.9946
vn -0.0306 0.0687 0.9972
vn -0.3649 0.2145 0.9060
vn -0.1367 0.1021 0.9853
vn -0.3044 0.6296 0.7148
vn -0.2837 -0.0926 0.9544
vn -0.5922 0.4190 0.6882
vn -0.6670 0.1506 0.7296
vn -0.8233 0.3316 0.4606
vn -0.9706 0.0286 0.2389
vn -0.9322 0.0485 0.3586
vn -0.9626 -0.0745 0.2606
vn -0.9672 -0.1920 0.1663
vn -0.4867 -0.2442 0.8387
vn -0.0961 -0.0408 0.9945
vn -0.2996 -0.2580 0.9185
vn -0.5568 -0.1665 0.8138
vn -0.6339 -0.2817 0.7203
vn -0.6355 -0.7482 0.1906
vn -0.7176 -0.2770 0.6390
vn -0.7830 -0.2313 0.5774
vn -0.2959 0.4812 -0.8251
vn -0.4227 -0.8250 0.3751
vn -0.4904 -0.3545 0.7961
vn -0.3633 -0.3457 0.8652
vn -0.7104 -0.3540 0.6083
vn -0.5510 0.1374 0.8231
vn -0.5793 0.3397 0.7410
vn -0.2797 0.1387 0.9500
vn -0.6781 -0.2784 0.6802
vn -0.6653 0.0279 0.7460
vn -0.1946 -0.1392 0.9709
vn -0.0557 0.1540 0.9865
vn -0.1111 -0.0284 0.9934
vn -0.1037 0.0033 0.9946
vn -0.0423 0.2502 0.9673
vn 0.1410 0.2494 0.9581
vn 0.0382 0.3394 0.9399
vn 0.1365 0.3529 0.9257
vn 0.1051 0.3601 0.9270
vn -0.1685 -0.9312 0.3233
vn -0.1260 -0.9895 0.0703
vn 0.5620 -0.8151 0.1407
vn 0.7175 0.5826 0.3819
vn 0.9985 0.0103 0.0533
vn 0.9045 0.4221 0.0610
vn 0.5860 -0.8082 0.0594
vn -0.2642 -0.9593 -0.1000
vn 0.9983 0.0351 -0.0473
vn 0.9095 0.3861 -0.1542
vn -0.6412 -0.7390 -0.2067
vn -0.5656 -0.7665 0.3043
vn -0.5526 -0.8120 0.1879
vn -0.7085 -0.6753 -0.2049
vn -0.7376 -0.6359 -0.2270
vn -0.5525 -0.8103 0.1951
vn -0.9270 -0.2871 -0.2414
vn -0.6148 -0.5497 -0.5655
vn -0.6201 -0.6162 -0.4855
vn 0.3846 -0.3727 -0.8445
vn -0.6432 -0.2616 -0.7197
vn -0.2295 0.1089 -0.9672
vn -0.0243 0.1089 -0.9938
vn 0.0264 -0.0456 -0.9986
vn -0.5631 -0.5284 -0.6354
vn 0.2626 -0.6709 -0.6935
vn 0.1006 -0.7069 -0.7002
vn 0.2063 -0.6466 -0.7344
vn 0.2164 -0.4260 -0.8784
vn -0.2564 -0.7057 -0.6605
vn -0.0959 0.4650 -0.8801
vn -0.0152 0.3450 -0.9385
vn -0.5569 -0.0820 -0.8265
vn -0.8372 -0.0662 -0.5429
vn -0.8686 -0.4689 -0.1599
vn -0.6768 0.3418 -0.6520
vn 0.8443 -0.3723 -0.3853
vn -0.7459 -0.5458 -0.3819
vn -0.4531 -0.3286 -0.8287
vn -0.1210 -0.4784 -0.8698
vn -0.2331 0.9724 -0.0104
vn -0.8399 0.5421 -0.0268
vn 0.8714 0.4778 0.1112
vn -0.7066 -0.7068 -0.0339
vn -0.7698 -0.6349 0.0660
vn 0.3148 -0.8769 0.3632
vn 0.6955 -0.5735 0.4329
vn 0.9638 0.2655 0.0258
vn 0.2014 0.9794 0.0169
vn 0.3681 0.9297 -0.0093
vn 0.9835 0.1733 0.0511
vn 0.9784 0.1930 0.0738
vn 0.9965 0.0794 0.0269
vn 0.9988 0.0490 0.0079
vn 0.9463 0.2935 0.1352
vn 0.9313 0.3233 0.1677
vn 0.7605 -0.2523 0.5983
vn 0.7822 -0.2242 0.5813
vn 0.6387 -0.3562 0.6820
vn 0.6253 -0.3563 0.6943
vn 0.4887 -0.4245 0.7623
vn 0.7014 -0.3310 0.6312
vn 0.5312 -0.3688 0.7628
vn 0.8565 -0.1634 0.4895
vn 0.9032 -0.1582 0.3989
vn 0.3854 -0.4487 0.8063
vn -0.7887 -0.2194 0.5743
vn -0.7644 -0.2504 0.5941
vn -0.6378 -0.3574 0.6823
vn -0.6294 -0.3486 0.6945
vn -0.4799 -0.3994 0.7811
vn -0.7014 -0.3309 0.6312
vn -0.5310 -0.3692 0.7627
vn -0.8566 -0.1634 0.4895
vn -0.9032 -0.1582 0.3989
vn -0.3855 -0.4487 0.8062
vt 0.535636 1.238275
vt 0.536748 1.228669
vt 0.575505 1.239927
vt 0.565327 1.249599
vt 0.575122 1.132703
vt 0.536898 1.121716
vt 0.576019 1.123127
vt 0.547129 1.112242
vt 0.583455 1.137924
vt 0.584023 1.233778
vt 0.528154 1.223039
vt 0.528574 1.126847
vt 0.536709 1.228598
vt 0.575578 1.239853
vt 0.574960 1.132635
vt 0.537074 1.121652
vt 0.528154 1.223262
vt 0.584029 1.234388
vt 0.574873 1.132556
vt 0.575439 1.239986
vt 0.537200 1.121724
vt 0.536959 1.228857
vt 0.584022 1.233594
vt 0.528154 1.223281
vt 0.536774 1.228685
vt 0.575487 1.239930
vt 0.575088 1.132686
vt 0.536919 1.121709
vt 0.584023 1.233697
vt 0.528154 1.223027
vt 0.536710 1.228599
vt 0.575578 1.239852
vt 0.574960 1.132636
vt 0.537077 1.121651
vt 0.528154 1.223261
vt 0.584029 1.234387
vt 0.575469 1.239975
vt 0.574886 1.132563
vt 0.537199 1.121721
vt 0.536887 1.228821
vt 0.528154 1.223275
vt 0.584022 1.233666
vt 1.206785 1.355105
vt 1.207361 1.359515
vt 1.207718 1.362457
vt 1.203972 1.358786
vt 0.531128 0.540888
vt 0.556050 0.486953
vt 0.555741 0.535224
vt 0.502585 0.487575
vt 0.588654 0.549106
vt 0.599736 0.495447
vt 0.628941 0.586496
vt 0.622853 0.485098
vt 0.610039 0.568726
vt 0.504517 0.541939
vt 0.458957 0.555861
vt 0.437629 0.568865
vt 0.433075 0.564058
vt 0.482188 0.548564
vt 0.458498 0.494772
vt 0.431425 0.498012
vt 0.410807 0.545538
vt 0.424157 0.578488
vt 0.410807 0.589268
vt 0.502311 0.467325
vt 0.534151 0.467247
vt 0.563213 0.467282
vt 0.470027 0.467226
vt 0.455485 0.473528
vt 0.442424 0.467226
vt 0.424948 0.467321
vt 0.410807 0.467856
vt 0.410807 0.491052
vt 0.242431 0.700955
vt 0.227133 0.668313
vt 0.222001 0.702638
vt 0.242414 0.667277
vt 0.303427 0.877512
vt 0.303489 0.894845
vt 0.280780 0.879254
vt 0.280036 0.893842
vt 0.324318 0.895844
vt 0.320205 0.876943
vt 0.341456 0.894117
vt 0.342060 0.874356
vt 0.333048 0.869417
vt 0.340327 0.859804
vt 0.331132 0.865716
vt 0.337272 0.821206
vt 0.338700 0.837131
vt 0.328256 0.837393
vt 0.329380 0.808914
vt 0.338078 0.794005
vt 0.329135 0.791131
vt 0.343950 0.786978
vt 0.337748 0.774530
vt 0.323067 0.768921
vt 0.319280 0.755544
vt 0.330203 0.760243
vt 0.323401 0.742274
vt 0.274304 0.661584
vt 0.278983 0.674422
vt 0.252362 0.684758
vt 0.274137 0.691606
vt 0.245510 0.664917
vt 0.251106 0.649532
vt 0.291759 0.629591
vt 0.281327 0.646042
vt 0.261462 0.634074
vt 0.291134 0.614592
vt 0.299448 0.620269
vt 0.312003 0.609019
vt 0.301321 0.599699
vt 0.286372 0.603910
vt 0.280332 0.611433
vt 0.272675 0.620921
vt 0.282021 0.715214
vt 0.264812 0.702134
vt 0.297994 0.723842
vt 0.295674 0.695240
vt 0.286003 0.684889
vt 0.307076 0.703661
vt 0.309188 0.728775
vt 0.318190 0.710138
vt 0.313676 0.740237
vt 1.011747 0.656870
vt 0.983309 0.654437
vt 1.008790 0.645663
vt 0.895117 0.671534
vt 0.900187 0.698479
vt 0.873206 0.675747
vt 0.913390 0.669304
vt 0.918302 0.697037
vt 0.873417 0.703642
vt 0.934167 0.696596
vt 0.930360 0.669140
vt 0.962980 0.697420
vt 0.953377 0.670760
vt 0.994173 0.676792
vt 0.986371 0.683776
vt 1.010147 0.673295
vt 1.000133 0.676485
vt 0.847664 0.693549
vt 0.847190 0.669206
vt 0.824543 0.663724
vt 0.829641 0.686852
vt 0.817271 0.683570
vt 0.806646 0.659209
vt 0.805082 0.670480
vt 0.792114 0.679605
vt 0.801173 0.693131
vt 0.785535 0.704236
vt 0.778225 0.688873
vt 0.774093 0.712735
vt 0.748413 0.713698
vt 0.745840 0.712275
vt 0.726326 0.715560
vt 0.709810 0.707552
vt 0.689319 0.699272
vt 0.693320 0.684497
vt 0.667458 0.673972
vt 0.689558 0.680374
vt 0.702810 0.686323
vt 0.717363 0.693090
vt 0.668377 0.693556
vt 0.737167 0.691420
vt 0.758839 0.689934
vt 0.388005 0.580796
vt 0.401819 0.580742
vt 0.359078 0.584066
vt 0.421724 0.573839
vt 0.420838 0.590625
vt 0.411298 0.574480
vt 0.405077 0.588752
vt 0.382120 0.589957
vt 0.362162 0.593224
vt 0.327719 0.595546
vt 0.341581 0.588775
vt 0.328314 0.606367
vt 0.346941 0.598382
vt 0.314418 0.597180
vt 0.169600 0.271456
vt 0.175866 0.258809
vt 0.192342 0.254022
vt 0.158919 0.259966
vt 0.192022 0.269074
vt 0.214508 0.265388
vt 0.153657 0.258792
vt 0.144438 0.266917
vt 0.162894 0.224246
vt 0.160548 0.245865
vt 0.148461 0.246378
vt 0.184646 0.226020
vt 0.170437 0.236970
vt 0.181267 0.214865
vt 0.196760 0.214909
vt 0.180060 0.232487
vt 0.189897 0.232945
vt 0.199744 0.239138
vt 0.217387 0.247381
vt 0.206620 0.247126
vt 0.215102 0.226665
vt 0.237911 0.264682
vt 0.410497 0.787831
vt 0.400422 0.782575
vt 0.411237 0.773779
vt 0.402070 0.768966
vt 0.406335 0.765753
vt 0.411911 0.760989
vt 0.407878 0.761951
vt 0.576203 0.750005
vt 0.563924 0.763371
vt 0.549148 0.775614
vt 0.535266 0.760474
vt 0.536156 0.784633
vt 0.523337 0.779670
vt 0.525340 0.758065
vt 0.545881 0.753399
vt 0.569698 0.732623
vt 0.556741 0.743676
vt 0.587248 0.739215
vt 0.587061 0.716270
vt 0.597080 0.739798
vt 0.597973 0.705884
vt 0.617718 0.724950
vt 0.615481 0.690722
vt 0.633909 0.678255
vt 0.645258 0.706619
vt 0.648355 0.668553
vt 0.663164 0.698871
vt 0.655198 0.654929
vt 0.674521 0.665757
vt 0.683409 0.676637
vt 0.683409 0.712770
vt 0.647650 0.608326
vt 0.674001 0.604315
vt 0.661412 0.586724
vt 0.683409 0.589167
vt 0.683394 0.571257
vt 0.593771 0.558141
vt 0.552819 0.542567
vt 0.576876 0.549850
vt 0.505091 0.769365
vt 0.507793 0.748681
vt 0.482253 0.754206
vt 0.486970 0.734281
vt 0.469880 0.757588
vt 0.468000 0.718561
vt 0.445249 0.740206
vt 0.446348 0.703816
vt 0.427277 0.725023
vt 0.427679 0.688422
vt 0.410807 0.676447
vt 0.410807 0.713016
vt 0.666017 0.454817
vt 0.683409 0.467366
vt 0.649833 0.461594
vt 0.683409 0.490088
vt 0.651253 0.498706
vt 0.646100 0.474762
vt 0.683409 0.546080
vt 0.588550 0.467311
vt 0.604410 0.467218
vt 0.618775 0.462790
vt 0.631591 0.454580
vt 0.410807 0.571280
vt 0.912246 1.460616
vt 0.954997 1.459938
vt 0.902595 1.479977
vt 0.932505 1.483393
vt 0.963737 1.479808
vt 0.922537 1.435615
vt 0.948634 1.433829
vt 0.924321 1.408771
vt 0.949687 1.411778
vt 0.917109 1.393119
vt 0.924881 1.382010
vt 0.943731 1.376773
vt 0.961813 1.395747
vt 0.963535 1.386404
vt 0.555517 0.487114
vt 0.531128 0.540886
vt 0.555742 0.535221
vt 0.502590 0.487579
vt 0.588589 0.549006
vt 0.599883 0.495982
vt 0.629004 0.586535
vt 0.622970 0.486129
vt 0.610065 0.568695
vt 0.504517 0.541939
vt 0.458963 0.555874
vt 0.433174 0.563897
vt 0.482188 0.548565
vt 0.458332 0.494899
vt 0.431439 0.498148
vt 0.410807 0.544376
vt 0.410807 0.589269
vt 0.502336 0.467433
vt 0.534144 0.467278
vt 0.563221 0.467259
vt 0.443132 0.467535
vt 0.424947 0.467319
vt 0.410807 0.468193
vt 0.410807 0.491087
vt 0.227146 0.668343
vt 0.242430 0.700892
vt 0.221999 0.702674
vt 0.242414 0.667266
vt 0.303489 0.894848
vt 0.303429 0.877507
vt 0.280774 0.879381
vt 0.280036 0.893844
vt 0.324319 0.895843
vt 0.320205 0.876943
vt 0.341391 0.894162
vt 0.342042 0.873791
vt 0.331530 0.869805
vt 0.339867 0.857590
vt 0.331268 0.862419
vt 0.338503 0.822151
vt 0.328293 0.837749
vt 0.329578 0.821324
vt 0.338139 0.794713
vt 0.329102 0.790640
vt 0.343850 0.786937
vt 0.323092 0.768986
vt 0.329365 0.805856
vt 0.337765 0.774523
vt 0.330201 0.760244
vt 0.319279 0.755545
vt 0.324096 0.743135
vt 0.278977 0.674423
vt 0.274299 0.661585
vt 0.252219 0.684836
vt 0.286058 0.684848
vt 0.245490 0.664917
vt 0.251157 0.649559
vt 0.292020 0.629743
vt 0.299522 0.620291
vt 0.283857 0.623649
vt 0.311838 0.608927
vt 0.302300 0.599567
vt 0.284171 0.606659
vt 0.272651 0.620895
vt 0.264769 0.702183
vt 0.281986 0.715291
vt 0.295553 0.695324
vt 0.308552 0.701789
vt 0.309200 0.728800
vt 0.317891 0.711071
vt 0.313851 0.740160
vt 0.280908 0.645466
vt 0.261220 0.634031
vt 0.983310 0.654437
vt 1.011747 0.656870
vt 1.008791 0.645663
vt 0.900187 0.698478
vt 0.895117 0.671534
vt 0.873206 0.675746
vt 0.913390 0.669304
vt 0.918302 0.697037
vt 0.873417 0.703642
vt 0.934167 0.696596
vt 0.930360 0.669141
vt 0.962980 0.697420
vt 0.953376 0.670759
vt 0.994232 0.676761
vt 1.010147 0.673295
vt 0.847664 0.693549
vt 0.824543 0.663724
vt 0.829641 0.686852
vt 0.847190 0.669206
vt 0.817271 0.683571
vt 0.806646 0.659209
vt 0.792114 0.679605
vt 0.801173 0.693131
vt 0.778225 0.688873
vt 0.785535 0.704235
vt 0.774094 0.712732
vt 0.745840 0.712272
vt 0.726325 0.715559
vt 0.689319 0.699273
vt 0.709810 0.707551
vt 0.693350 0.684510
vt 0.667458 0.673973
vt 0.717363 0.693090
vt 0.668377 0.693556
vt 0.737167 0.691420
vt 0.758839 0.689934
vt 0.420793 0.590620
vt 0.421724 0.573838
vt 0.411298 0.574479
vt 0.403362 0.588595
vt 0.401823 0.580752
vt 0.370762 0.591613
vt 0.362877 0.591675
vt 0.360045 0.593863
vt 0.362695 0.584883
vt 0.369933 0.581729
vt 0.389852 0.580771
vt 0.357155 0.584273
vt 0.327614 0.595445
vt 0.333714 0.603447
vt 0.169598 0.271458
vt 0.192340 0.254022
vt 0.158924 0.259966
vt 0.192022 0.269074
vt 0.214508 0.265388
vt 0.153657 0.258792
vt 0.144438 0.266917
vt 0.160548 0.245865
vt 0.162907 0.224234
vt 0.148462 0.246376
vt 0.184645 0.226020
vt 0.181260 0.214866
vt 0.196759 0.214909
vt 0.199745 0.239139
vt 0.217387 0.247380
vt 0.237912 0.264684
vt 0.215095 0.226659
vt 0.400421 0.782575
vt 0.411237 0.773781
vt 0.402071 0.768970
vt 0.406335 0.765754
vt 0.411911 0.760989
vt 0.407878 0.761951
vt 0.564030 0.763266
vt 0.576192 0.749924
vt 0.549142 0.775607
vt 0.536155 0.784628
vt 0.526004 0.758688
vt 0.523330 0.779683
vt 0.545881 0.753402
vt 0.571330 0.734095
vt 0.535265 0.760455
vt 0.563482 0.737826
vt 0.575076 0.726840
vt 0.587030 0.716186
vt 0.587263 0.739253
vt 0.597095 0.739836
vt 0.597976 0.705893
vt 0.617814 0.725137
vt 0.615485 0.690793
vt 0.633928 0.678400
vt 0.631772 0.715613
vt 0.646273 0.706128
vt 0.648354 0.668489
vt 0.663164 0.698868
vt 0.654861 0.654983
vt 0.674543 0.666102
vt 0.683409 0.676637
vt 0.683409 0.712771
vt 0.647578 0.608399
vt 0.674004 0.604315
vt 0.661164 0.586767
vt 0.683409 0.589172
vt 0.683408 0.571278
vt 0.646567 0.475492
vt 0.683409 0.544758
vt 0.683409 0.489656
vt 0.650376 0.462359
vt 0.683409 0.467362
vt 0.665864 0.455043
vt 0.588550 0.467317
vt 0.604411 0.467204
vt 0.618748 0.462726
vt 0.632315 0.455301
vt 0.505085 0.769374
vt 0.507776 0.748863
vt 0.486966 0.734293
vt 0.482252 0.754151
vt 0.463203 0.753591
vt 0.468015 0.718362
vt 0.445276 0.740107
vt 0.446365 0.703742
vt 0.427273 0.725011
vt 0.427679 0.688422
vt 0.410807 0.676448
vt 0.410807 0.713016
vt 0.949507 1.460529
vt 0.912302 1.460642
vt 0.902343 1.480016
vt 0.963688 1.479821
vt 0.948304 1.433867
vt 0.922532 1.435614
vt 0.924801 1.407349
vt 0.949600 1.412110
vt 0.924874 1.382007
vt 0.917093 1.393120
vt 0.945104 1.376965
vt 0.961658 1.395539
vt 1.035228 1.353030
vt 1.022148 1.397420
vt 1.007690 1.387682
vt 1.019392 1.349971
vt 1.001722 1.358531
vt 0.973478 1.351285
vt 0.985333 1.346595
vt 0.980151 1.344618
vt 0.983017 1.346623
vt 0.941953 1.341404
vt 0.945112 1.309871
vt 0.948894 1.348890
vt 0.953802 1.316242
vt 0.953888 1.309985
vt 0.969503 1.315813
vt 0.968926 1.311631
vt 0.968441 1.294318
vt 0.980716 1.315071
vt 0.980391 1.287930
vt 0.944881 1.290578
vt 0.956606 1.268543
vt 0.967619 1.272732
vt 0.980168 1.269318
vt 0.955485 1.260949
vt 0.944626 1.269252
vt 0.971772 1.261784
vt 1.123996 1.377750
vt 1.116201 1.481217
vt 1.085443 1.456698
vt 1.172264 1.497404
vt 1.183969 1.430825
vt 1.194750 1.489238
vt 1.147875 1.471238
vt 1.152173 1.365346
vt 1.170074 1.372445
vt 1.183905 1.366321
vt 1.208463 1.431108
vt 1.208463 1.461065
vt 1.208463 1.479996
vt 1.208463 1.389363
vt 1.204000 1.358826
vt 1.207810 1.363491
vt 1.162239 1.308846
vt 1.153126 1.315411
vt 1.197129 1.312119
vt 1.206113 1.303860
vt 1.206113 1.331790
vt 1.135362 1.323540
vt 1.135879 1.303161
vt 1.148319 1.283873
vt 1.175409 1.308398
vt 1.186292 1.283004
vt 1.187968 1.312291
vt 1.201043 1.276131
vt 1.176273 1.274104
vt 1.158355 1.279124
vt 1.147495 1.276097
vt 0.951522 1.405815
vt 0.983218 1.405829
vt 0.983654 1.413819
vt 0.962862 1.396676
vt 0.990801 1.391476
vt 0.902743 1.363612
vt 0.931433 1.347076
vt 0.936314 1.345717
vt 0.902473 1.347639
vt 0.902473 1.315538
vt 0.910976 1.320891
vt 0.925888 1.322010
vt 0.936962 1.316495
vt 0.925280 1.317908
vt 0.926079 1.298800
vt 0.912162 1.283893
vt 0.937498 1.293025
vt 0.902473 1.296145
vt 0.902473 1.285198
vt 0.926116 1.280414
vt 0.912185 1.264448
vt 0.930296 1.266363
vt 1.113245 1.360237
vt 1.091233 1.377519
vt 1.059617 1.368022
vt 1.072905 1.356432
vt 1.096847 1.358795
vt 1.030813 1.486450
vt 1.021544 1.408084
vt 1.057727 1.348113
vt 1.059001 1.320483
vt 1.068608 1.318253
vt 1.083110 1.320193
vt 1.083513 1.312150
vt 1.094181 1.313837
vt 1.072364 1.271496
vt 1.094181 1.296268
vt 1.059001 1.297285
vt 1.082449 1.270653
vt 1.059001 1.281607
vt 1.087379 1.266352
vt 1.065743 1.266835
vt 1.096169 1.352776
vt 1.097621 1.316945
vt 1.106779 1.320714
vt 1.121218 1.322655
vt 1.120748 1.314778
vt 1.132811 1.317524
vt 1.106350 1.296164
vt 1.124417 1.296456
vt 1.132811 1.298721
vt 1.097621 1.296457
vt 1.110612 1.272827
vt 1.132811 1.286145
vt 1.124232 1.268851
vt 1.097621 1.281491
vt 1.105983 1.267480
vt 1.142191 1.360162
vt 1.133535 1.353926
vt 1.082343 1.349136
vt 0.993874 1.305969
vt 1.002120 1.304020
vt 0.984200 1.319241
vt 1.010885 1.286497
vt 1.026819 1.290640
vt 0.984567 1.284593
vt 1.029968 1.317137
vt 1.046856 1.307132
vt 1.055529 1.295824
vt 1.055282 1.319301
vt 1.038573 1.306765
vt 1.048446 1.348718
vt 1.035590 1.267254
vt 1.049812 1.266320
vt 1.055710 1.278813
vt 0.997247 1.279464
vt 1.014617 1.263455
vt 0.996366 1.262836
vt 0.984664 1.275439
vt 1.206783 1.355213
vt 0.929050 1.224250
vt 0.941056 1.184897
vt 0.953382 1.211570
vt 0.929293 1.184443
vt 0.917594 1.209579
vt 0.996525 1.215563
vt 0.985952 1.225422
vt 0.977378 1.186200
vt 0.967255 1.215060
vt 0.996218 1.183255
vt 1.010137 1.187540
vt 1.010137 1.199399
vt 0.917670 1.186325
vt 1.010137 1.174300
vt 0.960271 1.178962
vt 0.917708 1.173998
vt 0.927846 1.147908
vt 0.937313 1.155791
vt 0.940440 1.144758
vt 0.957336 1.148133
vt 0.979260 1.156512
vt 1.004525 1.155037
vt 0.991949 1.155916
vt 1.011473 1.217311
vt 1.021206 1.227066
vt 1.011359 1.237355
vt 1.003178 1.241205
vt 0.991223 1.242054
vt 0.967457 1.241629
vt 0.948090 1.230327
vt 0.958007 1.236210
vt 0.934925 1.227174
vt 0.913746 1.219722
vt 0.913546 1.230405
vt 1.000517 1.421483
vt 1.014421 1.416558
vt 1.010168 1.459927
vt 0.955575 1.459812
vt 0.987004 1.459158
vt 0.963966 1.479747
vt 0.948923 1.433781
vt 0.988472 1.420364
vt 0.977520 1.493000
vt 1.049292 1.479747
vt 1.003929 1.498698
vt 0.902473 1.353029
vt 0.902473 1.350086
vt 0.938013 1.375770
vt 0.953153 1.378131
vt 0.924857 1.382000
vt 0.902473 1.393408
vt 0.917201 1.393115
vt 0.902473 1.425003
vt 0.926777 1.404701
vt 0.922514 1.435609
vt 0.902473 1.478983
vt 0.912247 1.460616
vt 0.587237 0.739532
vt 0.579030 0.821580
vt 0.571324 0.755648
vt 0.597214 0.739982
vt 0.618222 0.747385
vt 0.632805 0.821590
vt 0.646322 0.705517
vt 0.659671 0.793823
vt 0.611185 0.836210
vt 0.683409 0.788724
vt 0.683409 0.816565
vt 0.683296 0.881683
vt 0.683409 0.918136
vt 0.658767 0.937542
vt 0.683409 0.953146
vt 0.657299 0.983665
vt 0.683409 0.974816
vt 0.638434 0.901847
vt 0.643258 0.954170
vt 0.624154 0.909506
vt 0.625867 0.966982
vt 0.608607 0.942983
vt 0.590958 0.895541
vt 0.638593 0.988995
vt 0.587970 0.942909
vt 0.565676 0.908411
vt 0.683409 0.989190
vt 0.509376 0.947324
vt 0.473840 0.957180
vt 0.485098 0.900667
vt 0.532876 0.928922
vt 0.548144 0.938509
vt 0.549186 0.835688
vt 0.521580 0.816134
vt 0.536635 0.784530
vt 0.471382 0.758409
vt 0.485732 0.829896
vt 0.467492 0.820186
vt 0.439266 0.775535
vt 0.442867 0.823823
vt 0.505045 0.771407
vt 0.425404 0.838168
vt 0.410807 0.819670
vt 0.410807 0.785645
vt 0.410807 0.752198
vt 0.427317 0.725826
vt 0.410807 0.714031
vt 0.445273 0.740043
vt 0.482253 0.754200
vt 0.663162 0.698853
vt 0.683409 0.752198
vt 0.683409 0.713648
vt 0.620600 0.723438
vt 0.484263 0.665385
vt 0.507137 0.684244
vt 0.507779 0.748005
vt 0.486975 0.734383
vt 0.468025 0.718232
vt 0.446368 0.703216
vt 0.452364 0.635034
vt 0.525217 0.756444
vt 0.529770 0.690079
vt 0.427449 0.648230
vt 0.429861 0.572648
vt 0.410807 0.589316
vt 0.410807 0.676138
vt 0.459074 0.556027
vt 0.499440 0.543503
vt 0.531106 0.540741
vt 0.573514 0.728379
vt 0.562972 0.659000
vt 0.586987 0.715903
vt 0.580653 0.628946
vt 0.597960 0.705817
vt 0.605498 0.633790
vt 0.616984 0.575995
vt 0.633856 0.676113
vt 0.648378 0.668079
vt 0.645743 0.608077
vt 0.615485 0.690799
vt 0.584556 0.553619
vt 0.552830 0.542665
vt 0.546115 0.671871
vt 0.410729 0.974845
vt 0.410807 0.953146
vt 0.411473 0.918193
vt 0.410807 0.881711
vt 0.445414 0.900655
vt 0.470653 0.886687
vt 0.439663 0.985903
vt 0.460526 0.993812
vt 0.489177 0.968641
vt 0.434221 1.020365
vt 0.410807 0.989190
vt 0.310625 0.643177
vt 0.302592 0.664480
vt 0.301324 0.638423
vt 0.323091 0.641729
vt 0.316488 0.696342
vt 0.302574 0.685118
vt 0.334411 0.685393
vt 0.345768 0.670154
vt 0.340311 0.656162
vt 0.348052 0.636814
vt 0.337798 0.626006
vt 0.320535 0.624731
vt 0.328640 0.606221
vt 0.281541 0.646049
vt 0.292337 0.629788
vt 0.274376 0.661571
vt 0.285920 0.684773
vt 0.297480 0.696875
vt 0.318805 0.709717
vt 0.339926 0.707314
vt 0.316618 0.715707
vt 0.340531 0.728311
vt 0.322127 0.737369
vt 0.338015 0.750111
vt 0.330212 0.760237
vt 0.349457 0.774892
vt 0.367419 0.753017
vt 0.365023 0.770096
vt 0.376123 0.808089
vt 0.406343 0.813537
vt 0.354507 0.825371
vt 0.352070 0.801108
vt 0.363982 0.859258
vt 0.340765 0.862611
vt 0.341686 0.871474
vt 0.376948 0.885451
vt 0.343501 0.892722
vt 0.407036 0.853299
vt 0.405331 0.895696
vt 0.387978 0.843886
vt 0.404907 0.908665
vt 0.374038 0.907519
vt 0.338419 0.896292
vt 0.358204 0.923012
vt 0.312072 0.895060
vt 0.312396 0.920712
vt 0.279981 0.894738
vt 0.279124 0.909799
vt 0.278641 0.918975
vt 0.278054 0.930118
vt 0.304946 0.945444
vt 0.277324 0.943984
vt 0.358176 0.948104
vt 0.387462 0.934875
vt 0.377436 0.948624
vt 0.403449 0.938126
vt 0.402977 0.948585
vt 0.402258 0.960740
vt 0.382761 0.955306
vt 0.386590 0.962825
vt 0.401822 0.968887
vt 0.386964 0.968104
vt 0.417292 0.657391
vt 0.409029 0.655389
vt 0.419002 0.624296
vt 0.398926 0.609209
vt 0.419711 0.611341
vt 0.409869 0.589125
vt 0.420834 0.590740
vt 0.403067 0.656292
vt 0.377927 0.644624
vt 0.377458 0.663033
vt 0.367756 0.616482
vt 0.353563 0.694807
vt 0.402022 0.724276
vt 0.389966 0.745295
vt 0.359999 0.721605
vt 0.371400 0.710381
vt 0.413005 0.739981
vt 0.414112 0.718575
vt 0.405354 0.713141
vt 0.372651 0.701037
vt 0.415128 0.699607
vt 0.408544 0.694816
vt 0.415637 0.688930
vt 0.408641 0.686935
vt 0.387613 0.700824
vt 0.387402 0.678776
vt 0.391665 0.653907
vt 0.391801 0.664778
vt 0.397755 0.660628
vt 0.398413 0.693479
vt 0.397630 0.669304
vt 0.404939 0.683723
vt 0.000615 0.943132
vt 0.016749 0.947373
vt 0.000790 0.908496
vt 0.115370 0.900227
vt 0.067441 0.866875
vt 0.093241 0.944738
vt 0.133279 0.960738
vt 0.150279 0.912031
vt 0.171722 0.865496
vt 0.202467 0.902227
vt 0.206411 0.934978
vt 0.221320 0.933184
vt 0.240792 0.933226
vt 0.240881 0.918092
vt 0.174684 0.948928
vt 0.208670 0.953460
vt 0.241159 0.872539
vt 0.201126 0.820372
vt 0.141418 0.819357
vt 0.241308 0.848250
vt 0.241440 0.826645
vt 0.241580 0.803653
vt 0.241741 0.777367
vt 0.199986 0.725079
vt 0.242044 0.727755
vt 0.242421 0.703547
vt 0.155826 0.658568
vt 0.144580 0.734250
vt 0.113747 0.664718
vt 0.200367 0.659994
vt 0.068097 0.731338
vt 0.073829 0.659901
vt 0.035236 0.678440
vt 0.002344 0.660336
vt 0.001903 0.732480
vt 0.002667 0.624675
vt 0.145116 0.585383
vt 0.193832 0.554291
vt 0.146912 0.538937
vt 0.103135 0.575531
vt 0.104485 0.528009
vt 0.063413 0.576036
vt 0.002885 0.568605
vt 0.002038 0.520755
vt 0.066569 0.517679
vt 0.015042 0.471085
vt -0.021835 0.472327
vt 0.243039 0.565044
vt 0.242898 0.588059
vt 0.242778 0.607740
vt 0.242638 0.630591
vt 0.242451 0.661250
vt 0.242417 0.666758
vt 0.227038 0.668155
vt 0.222607 0.685241
vt 0.221983 0.702652
vt 0.311169 0.818529
vt 0.278548 0.791323
vt 0.312736 0.761983
vt 0.289292 0.749851
vt 0.277676 0.778258
vt 0.276316 0.757707
vt 0.317314 0.754227
vt 0.323816 0.770575
vt 0.279336 0.803346
vt 0.280294 0.818395
vt 0.329301 0.823922
vt 0.328146 0.837359
vt 0.320222 0.876948
vt 0.330865 0.862106
vt 0.282127 0.853647
vt 0.303433 0.877457
vt 0.280938 0.876232
vt 0.280794 0.878970
vt 0.331507 0.869801
vt 0.329405 0.809722
vt 0.329210 0.793017
vt 0.328666 0.784308
vt 0.288105 0.743035
vt 0.309426 0.729786
vt 0.283625 0.752213
vt 0.275975 0.752543
vt 0.280483 0.726110
vt 0.297996 0.723838
vt 0.282003 0.715247
vt 0.264736 0.702222
vt 0.281098 -0.031720
vt 0.344946 0.061985
vt 0.280717 0.035741
vt 0.189383 0.030798
vt 0.257097 0.138573
vt 0.198515 0.103624
vt 0.236415 0.138299
vt 0.190427 0.126612
vt 0.226849 0.154009
vt 0.114540 0.158745
vt 0.099661 0.173146
vt 0.082224 0.173633
vt 0.130081 0.221873
vt 0.180981 0.214854
vt 0.196926 0.215098
vt 0.247134 0.159431
vt 0.241893 0.177389
vt 0.271915 0.173836
vt 0.272662 0.295090
vt 0.298495 0.242399
vt 0.327971 0.281479
vt 0.353630 0.240133
vt 0.327416 0.188388
vt 0.282864 0.215768
vt 0.369239 0.171998
vt 0.377675 0.215470
vt 0.345795 0.148462
vt 0.293418 0.110704
vt 0.322529 0.092968
vt 0.416022 0.195647
vt 0.404350 0.263494
vt 0.395737 0.137224
vt 0.358979 0.329333
vt 0.208562 0.017305
vt 0.221518 0.008691
vt 0.744264 0.586900
vt 0.664961 0.614458
vt 0.669523 0.572400
vt 0.663734 0.594579
vt 0.695033 0.560127
vt 0.746654 0.558673
vt 0.725651 0.547729
vt 0.798984 0.584219
vt 0.882347 0.561470
vt 0.814497 0.551735
vt 0.874617 0.544001
vt 0.894902 0.538841
vt 0.917593 0.558702
vt 0.912509 0.582716
vt 0.980148 0.582439
vt 0.866992 0.586542
vt 0.953368 0.670733
vt 0.924556 0.602718
vt 0.983240 0.654388
vt 0.930353 0.669085
vt 1.003037 0.575344
vt 0.888808 0.606208
vt 0.861994 0.632346
vt 0.833440 0.665832
vt 0.795816 0.614041
vt 0.745913 0.612059
vt 0.766085 0.638042
vt 0.758838 0.689912
vt 0.737161 0.691389
vt 0.721157 0.638041
vt 0.778222 0.688876
vt 0.717372 0.693073
vt 0.689937 0.639084
vt 0.665743 0.637404
vt 0.666415 0.651741
vt 0.692649 0.681762
vt 0.667428 0.673339
vt 0.804786 0.670643
vt 0.806649 0.659213
vt 0.873182 0.675663
vt 0.906692 0.670095
vt 1.008380 0.636807
vt 1.008794 0.645650
vt 1.007711 0.621364
vt 1.006650 0.598751
vt 0.943231 0.797393
vt 0.962995 0.697447
vt 0.978892 0.791264
vt 0.996953 0.678405
vt 0.874142 0.802290
vt 0.908427 0.801764
vt 0.908119 0.899252
vt 0.847955 0.892734
vt 0.873439 0.703720
vt 0.842795 0.808158
vt 0.829085 0.716823
vt 0.832411 0.688887
vt 0.806326 0.727242
vt 0.774821 0.768866
vt 0.774241 0.712870
vt 0.745983 0.798439
vt 0.710510 0.801236
vt 0.710165 0.710703
vt 0.691948 0.726067
vt 0.671290 0.755675
vt 0.668378 0.693580
vt 0.780883 0.883140
vt 0.753815 0.915610
vt 0.717304 0.891054
vt 0.677915 0.896455
vt 0.674531 0.824770
vt 0.726581 0.984189
vt 0.680127 0.940367
vt 0.682114 0.986427
vt 0.781748 0.981593
vt 0.831254 0.936916
vt 0.815817 0.881447
vt 0.873106 0.949688
vt 0.918094 0.950997
vt 0.977413 0.911337
vt 0.997963 0.930620
vt 0.946593 0.948851
vt 0.949911 0.886022
vt 1.019892 0.881057
vt 1.022810 0.943262
vt 1.014339 0.762670
vt 1.012687 0.727458
vt 0.983320 0.972271
vt 0.946869 0.973981
vt 0.921968 0.975149
vt 0.889633 0.976666
vt 0.861419 0.977989
vt 1.024081 0.970360
vt 0.824159 0.955581
vt 0.827724 0.979570
vt 0.753130 0.983068
vt 0.661235 0.541286
vt 0.656592 0.442312
vt 0.747818 0.456926
vt 0.786715 0.473815
vt 0.781384 0.544225
vt 0.861458 0.509142
vt 0.831387 0.485706
vt 0.906775 0.495170
vt 0.918187 0.534849
vt 0.962978 0.526104
vt 0.933276 0.493964
vt 0.925892 0.437966
vt 0.903781 0.435938
vt 0.923716 0.367018
vt 0.901149 0.364347
vt 0.916130 0.305890
vt 0.967262 0.364747
vt 0.964790 0.315727
vt 0.915645 0.261262
vt 0.941119 0.251686
vt 0.988176 0.299113
vt 0.908389 0.229276
vt 0.894042 0.272046
vt 0.884616 0.228330
vt 0.815930 0.253268
vt 0.858637 0.272292
vt 0.991458 0.274856
vt 0.990445 0.253268
vt 0.832185 0.227178
vt 0.994075 0.330644
vt 0.995597 0.363094
vt 0.997146 0.396114
vt 0.959928 0.485847
vt 0.949379 0.421646
vt 1.002959 0.520048
vt 0.998561 0.426284
vt 1.004296 0.548551
vt 0.648443 0.268573
vt 0.675348 0.268930
vt 0.649652 0.293146
vt 0.650761 0.317988
vt 0.685940 0.319062
vt 0.698133 0.295433
vt 0.700860 0.267620
vt 0.725340 0.265947
vt 0.740363 0.294313
vt 0.745532 0.262083
vt 0.748831 0.333398
vt 0.789442 0.285234
vt 0.768156 0.248749
vt 0.794335 0.235687
vt 0.846881 0.304954
vt 0.786704 0.313569
vt 0.723211 0.355035
vt 0.676072 0.347045
vt 0.652107 0.346684
vt 0.786151 0.356559
vt 0.814591 0.376693
vt 0.851137 0.435771
vt 0.722408 0.412509
vt 0.694588 0.419905
vt 0.748949 0.379592
vt 0.672777 0.392359
vt 0.653629 0.379134
vt 0.655178 0.412154
vt 1.225729 1.098202
vt 1.237673 1.082366
vt 1.250041 1.098327
vt 1.271948 1.120146
vt 1.264099 1.147183
vt 1.213964 1.086336
vt 1.235477 1.070137
vt 1.262967 1.081468
vt 1.282403 1.179984
vt 1.290709 1.159712
vt 1.262798 1.231788
vt 1.251002 1.177935
vt 1.227081 1.160296
vt 1.218302 1.252043
vt 1.195284 1.241307
vt 1.293848 1.299299
vt 1.280289 1.302801
vt 1.236288 1.271218
vt 1.198665 1.160906
vt 1.158140 1.190583
vt 1.183910 1.129376
vt 1.171180 1.116271
vt 1.154840 1.116066
vt 1.196175 1.079601
vt 1.085394 1.202184
vt 1.108145 1.172745
vt 1.109583 1.258655
vt 1.148842 1.240661
vt 1.086628 1.250766
vt 1.179317 1.234754
vt 1.125117 1.132684
vt 1.112688 1.146476
vt 1.106424 1.087451
vt 1.124827 1.107258
vt 1.092740 1.155108
vt 1.061826 1.156495
vt 1.082303 1.073758
vt 1.064538 1.067860
vt 1.049693 1.066335
vt 1.043432 1.152259
vt 0.992075 1.069025
vt 0.926129 1.067997
vt 0.992642 1.124021
vt 0.886781 1.098420
vt 0.895789 1.077719
vt 0.894537 1.122235
vt 0.925480 1.128183
vt 0.957782 1.120792
vt 0.164419 0.307714
vt 0.190209 0.300100
vt 0.228971 0.355922
vt 0.170188 0.271852
vt 0.225907 0.291538
vt 0.237558 0.263702
vt 0.242252 0.234032
vt 0.211899 0.265966
vt 0.133374 0.270922
vt 0.122038 0.254308
vt 0.144624 0.266975
vt 0.146381 0.251834
vt 0.154668 0.233430
vt 0.166856 0.220586
vt 0.208726 0.220600
vt 0.233774 0.251927
vt 0.219434 0.230688
vt 0.137114 0.105832
vt 0.144606 0.060527
vt 0.157527 0.051697
vt 0.253308 -0.012961
vt 0.118296 0.105247
vt 0.122240 0.075518
vt 0.106290 0.086285
vt 0.338313 0.810521
vt 0.338215 0.823767
vt 0.338060 0.792835
vt 0.343999 0.787013
vt 0.369150 0.783829
vt 0.401885 0.768970
vt 0.400444 0.782564
vt 0.410508 0.787864
vt 0.406994 0.762462
vt 0.406327 0.765748
vt 0.409212 0.761176
vt 0.411914 0.760930
vt 1.276866 1.326074
vt 1.293848 1.325896
vt 1.293622 1.344490
vt 1.293825 1.365199
vt 1.293849 1.390424
vt 1.278077 1.388346
vt 1.248406 1.345847
vt 1.248406 1.328386
vt 1.248406 1.362107
vt 1.248406 1.392494
vt 1.248406 1.297871
vt 0.607964 0.992876
vt 0.627925 1.000684
vt 0.619041 1.016659
vt 0.585016 0.973015
vt 0.566716 0.955707
vt 0.615167 1.019142
vt 0.200634 0.990307
vt 0.201808 0.996915
vt 0.154350 1.005912
vt 0.105625 0.991044
vt 0.064820 0.978893
vt 0.029712 0.967461
vt 0.001583 0.784850
vt 0.072277 0.827197
vt 0.001184 0.850013
vt 0.350088 0.597160
vt 0.364829 0.592853
vt 0.384102 0.589881
vt 0.313395 0.608086
vt 0.299687 0.620340
vt 0.535309 0.760438
vt 0.427671 0.688539
vt 0.850774 0.334938
vt 0.860707 0.366857
vt 0.878857 0.376296
vt 0.874235 0.312310
vt 0.929647 0.696777
vt 0.900236 0.698616
vt 1.010151 0.673379
vt 0.797351 0.696146
vt 0.817270 0.683567
vt 0.748412 0.713683
vt 0.726339 0.715656
vt 0.689311 0.699308
vt 1.072046 1.243179
vt 1.062794 1.227789
vt 0.673274 0.651802
vt 0.683409 0.676532
vt 0.674671 0.668584
vt 0.674135 0.604701
vt 0.683409 0.589316
vt 1.034692 1.380218
vt 1.038207 1.356264
vt 1.007689 1.387684
vt 1.011678 1.353858
vt 0.995493 1.376066
vt 0.986374 1.347561
vt 0.970191 1.347931
vt 0.980689 1.344188
vt 0.945111 1.309760
vt 0.940589 1.342723
vt 0.940777 1.348638
vt 0.953803 1.316255
vt 0.953881 1.310125
vt 0.969534 1.315817
vt 0.969025 1.311626
vt 0.968442 1.294317
vt 0.980698 1.313559
vt 0.980391 1.287932
vt 0.944881 1.290544
vt 0.956606 1.268543
vt 0.967619 1.272730
vt 0.974395 1.264137
vt 0.955485 1.260949
vt 0.944626 1.269251
vt 1.129838 1.450433
vt 1.121225 1.386761
vt 1.086426 1.445544
vt 1.049415 1.408398
vt 1.021706 1.408071
vt 1.082524 1.488711
vt 1.049064 1.479814
vt 1.118745 1.484418
vt 1.152469 1.494949
vt 1.172755 1.497365
vt 1.170621 1.437947
vt 1.204141 1.462198
vt 1.146786 1.371324
vt 1.191369 1.435003
vt 1.185169 1.370804
vt 1.208463 1.438390
vt 1.194791 1.489617
vt 1.208463 1.371985
vt 1.170014 1.373547
vt 1.204014 1.358847
vt 1.169503 1.333574
vt 1.159315 1.329249
vt 1.148098 1.338019
vt 1.144437 1.327717
vt 1.135305 1.325798
vt 1.160296 1.303694
vt 1.175315 1.307456
vt 1.194075 1.328995
vt 1.192278 1.307823
vt 1.206039 1.329331
vt 1.206113 1.303862
vt 1.135879 1.303161
vt 1.148590 1.280562
vt 1.186291 1.283003
vt 1.201043 1.276132
vt 1.176268 1.274105
vt 1.158354 1.279124
vt 1.147497 1.276095
vt 0.982537 1.403349
vt 0.951438 1.406121
vt 0.983593 1.413856
vt 0.990678 1.391852
vt 0.962557 1.396807
vt 0.952853 1.378178
vt 0.936314 1.345816
vt 0.902473 1.315654
vt 0.902473 1.346487
vt 0.909178 1.349838
vt 0.910973 1.321658
vt 0.925921 1.322027
vt 0.936963 1.316427
vt 0.925785 1.317915
vt 0.926079 1.298802
vt 0.911299 1.312698
vt 0.937493 1.293245
vt 0.902473 1.296253
vt 0.902473 1.285197
vt 0.912146 1.276860
vt 0.926115 1.280412
vt 0.930296 1.266362
vt 0.912187 1.264448
vt 1.110770 1.360613
vt 1.092635 1.370159
vt 1.059532 1.367383
vt 1.073667 1.356312
vt 1.057659 1.350739
vt 1.059001 1.320710
vt 1.062141 1.315305
vt 1.083601 1.312456
vt 1.083164 1.320216
vt 1.094181 1.314131
vt 1.072359 1.271520
vt 1.094181 1.296266
vt 1.059001 1.297278
vt 1.082449 1.270654
vt 1.059001 1.281603
vt 1.087381 1.266353
vt 1.065743 1.266835
vt 1.095570 1.351756
vt 1.097621 1.316851
vt 1.106757 1.320428
vt 1.132811 1.317854
vt 1.119853 1.322587
vt 1.123156 1.347831
vt 1.121222 1.314694
vt 1.106359 1.296283
vt 1.124417 1.296445
vt 1.132811 1.298566
vt 1.097621 1.296545
vt 1.110613 1.272827
vt 1.132811 1.286144
vt 1.124231 1.268850
vt 1.097621 1.281491
vt 1.105983 1.267480
vt 1.134644 1.361434
vt 1.135368 1.354690
vt 1.134012 1.355291
vt 1.082764 1.349729
vt 1.027359 1.318887
vt 1.007917 1.320410
vt 0.992750 1.319174
vt 0.984264 1.313049
vt 1.008475 1.310457
vt 0.997113 1.293817
vt 1.026003 1.290135
vt 0.984477 1.293123
vt 1.043444 1.316677
vt 1.045001 1.288745
vt 1.055357 1.312153
vt 1.055561 1.292768
vt 1.045656 1.347467
vt 1.055050 1.341002
vt 1.041036 1.267828
vt 1.048303 1.265451
vt 1.055718 1.278028
vt 1.016477 1.263508
vt 0.996363 1.262837
vt 0.997247 1.279464
vt 0.984664 1.275437
vt 1.055646 1.284881
vt 0.984573 1.284017
vt 1.206113 1.337126
vt 1.206783 1.355211
vt 1.182308 1.334940
vt 0.960275 1.197015
vt 0.960490 1.216183
vt 0.984843 1.205240
vt 0.933699 1.194131
vt 0.931018 1.215266
vt 0.917612 1.204253
vt 1.008866 1.200675
vt 0.996137 1.187244
vt 1.010137 1.187101
vt 0.917669 1.186512
vt 0.977336 1.186100
vt 0.950682 1.179180
vt 0.966056 1.182836
vt 0.917766 1.156468
vt 0.927868 1.147977
vt 0.940819 1.157019
vt 0.956889 1.148524
vt 0.979174 1.156665
vt 0.992158 1.156012
vt 0.995551 1.150356
vt 1.010137 1.159419
vt 1.011456 1.217202
vt 0.996577 1.225927
vt 0.992051 1.242161
vt 0.928400 1.225889
vt 0.913680 1.223232
vt 1.013280 1.417256
vt 1.000513 1.421442
vt 1.004974 1.452492
vt 1.038151 1.458275
vt 0.995656 1.501789
vt 0.966214 1.479964
vt 0.949558 1.433641
vt 0.988406 1.420591
vt 1.029498 1.489094
vt 1.010673 1.496462
vt 0.902473 1.368446
vt 0.902473 1.415638
vt 0.926779 1.404680
vt 0.902473 1.437779
vt 0.908300 1.468442
vt 0.635454 0.821774
vt 0.652331 0.750021
vt 0.618571 0.744874
vt 0.664226 0.795429
vt 0.683409 0.802348
vt 0.683409 0.752165
vt 0.616968 0.829905
vt 0.596989 0.739697
vt 0.682600 0.873895
vt 0.674507 0.952634
vt 0.683323 0.918147
vt 0.658170 0.983157
vt 0.640578 0.925347
vt 0.639990 0.893605
vt 0.624092 0.908056
vt 0.645421 0.954236
vt 0.604348 0.936578
vt 0.591258 0.896994
vt 0.646986 0.986042
vt 0.587452 0.945780
vt 0.565608 0.910687
vt 0.487556 0.967405
vt 0.509294 0.946545
vt 0.484212 0.918055
vt 0.508437 0.811043
vt 0.532873 0.928861
vt 0.486056 0.844945
vt 0.548143 0.938535
vt 0.541383 0.830114
vt 0.579795 0.815985
vt 0.536635 0.784619
vt 0.483165 0.799888
vt 0.468037 0.830768
vt 0.428350 0.794368
vt 0.452049 0.761533
vt 0.442888 0.822467
vt 0.470553 0.758364
vt 0.505062 0.769994
vt 0.410807 0.801255
vt 0.410807 0.752883
vt 0.428572 0.755512
vt 0.410807 0.713133
vt 0.427287 0.725062
vt 0.445265 0.740147
vt 0.587262 0.739186
vt 0.570384 0.757135
vt 0.646267 0.706380
vt 0.663161 0.698850
vt 0.683409 0.713131
vt 0.630405 0.717156
vt 0.485722 0.680035
vt 0.486211 0.733631
vt 0.507774 0.747840
vt 0.517475 0.687885
vt 0.446822 0.649554
vt 0.446368 0.703216
vt 0.482204 0.547745
vt 0.459054 0.555731
vt 0.429189 0.574272
vt 0.427539 0.652033
vt 0.410807 0.590120
vt 0.504621 0.542076
vt 0.410807 0.676440
vt 0.532872 0.696593
vt 0.531106 0.540740
vt 0.559514 0.651088
vt 0.543288 0.706625
vt 0.569298 0.698625
vt 0.580494 0.625874
vt 0.598000 0.704732
vt 0.605320 0.628609
vt 0.587016 0.716151
vt 0.573601 0.728210
vt 0.618039 0.576609
vt 0.648211 0.653959
vt 0.648472 0.668495
vt 0.584714 0.553696
vt 0.552828 0.542643
vt 0.429069 0.961484
vt 0.423989 0.873241
vt 0.410807 0.918136
vt 0.445578 0.923197
vt 0.440539 0.870972
vt 0.464605 0.896931
vt 0.410807 0.851336
vt 0.426963 1.005638
vt 0.434390 1.020553
vt 0.410807 0.974816
vt 0.286198 0.683745
vt 0.298904 0.681613
vt 0.295624 0.656328
vt 0.311592 0.676334
vt 0.309960 0.654911
vt 0.318957 0.695432
vt 0.331936 0.675091
vt 0.327799 0.656558
vt 0.345350 0.638580
vt 0.324064 0.638758
vt 0.342196 0.621086
vt 0.328316 0.606419
vt 0.357785 0.594692
vt 0.300651 0.622609
vt 0.282105 0.646058
vt 0.274518 0.661968
vt 0.295881 0.695201
vt 0.318307 0.709816
vt 0.340996 0.709201
vt 0.339818 0.727798
vt 0.316978 0.715602
vt 0.337893 0.750566
vt 0.324087 0.743135
vt 0.349309 0.774651
vt 0.365191 0.770185
vt 0.368946 0.754249
vt 0.340719 0.862303
vt 0.355971 0.846764
vt 0.356309 0.822217
vt 0.341502 0.870567
vt 0.383257 0.864410
vt 0.343425 0.892617
vt 0.377862 0.884742
vt 0.405330 0.895100
vt 0.407021 0.853583
vt 0.404881 0.909150
vt 0.373666 0.907439
vt 0.396500 0.826021
vt 0.338418 0.896291
vt 0.355135 0.923500
vt 0.311494 0.895008
vt 0.313084 0.919648
vt 0.279984 0.894702
vt 0.303329 0.945396
vt 0.329764 0.946749
vt 0.358254 0.948273
vt 0.387358 0.934380
vt 0.402955 0.948583
vt 0.403521 0.936749
vt 0.382717 0.955306
vt 0.402528 0.955609
vt 0.401770 0.968884
vt 0.386518 0.962826
vt 0.402168 0.962447
vt 0.409008 0.655314
vt 0.417289 0.657390
vt 0.385207 0.627252
vt 0.419394 0.617884
vt 0.397860 0.609108
vt 0.411058 0.589198
vt 0.393163 0.650263
vt 0.403056 0.656264
vt 0.387748 0.663647
vt 0.359295 0.639723
vt 0.341942 0.656446
vt 0.346137 0.670762
vt 0.371480 0.670224
vt 0.337252 0.691331
vt 0.364442 0.731929
vt 0.399802 0.737740
vt 0.403242 0.719520
vt 0.367314 0.708085
vt 0.413005 0.739985
vt 0.414112 0.718582
vt 0.376021 0.700523
vt 0.406066 0.709933
vt 0.415128 0.699608
vt 0.408539 0.694822
vt 0.415637 0.688930
vt 0.408660 0.686948
vt 0.394482 0.696283
vt 0.355554 0.693965
vt 0.397984 0.659898
vt 0.397331 0.667381
vt 0.393779 0.679054
vt 0.380179 0.688950
vt 0.404829 0.683544
vt 0.016782 0.947367
vt 0.000615 0.943132
vt 0.000797 0.908332
vt 0.085293 0.941460
vt 0.125371 0.856973
vt 0.114738 0.940990
vt 0.160985 0.893894
vt 0.154487 0.966421
vt 0.170680 0.936788
vt 0.154328 1.005839
vt 0.164644 0.851416
vt 0.204226 0.912026
vt 0.220856 0.933961
vt 0.240645 0.933222
vt 0.240882 0.917874
vt 0.220829 0.864681
vt 0.241151 0.873791
vt 0.199932 0.832970
vt 0.072274 0.858196
vt 0.199854 0.727301
vt 0.242033 0.729503
vt 0.242422 0.703378
vt 0.142230 0.736455
vt 0.155407 0.652463
vt 0.113585 0.661680
vt 0.200122 0.657627
vt 0.065957 0.731084
vt 0.073647 0.657046
vt 0.002343 0.660514
vt 0.035350 0.675245
vt 0.001899 0.733009
vt 0.002684 0.624409
vt 0.193837 0.554255
vt 0.133341 0.561699
vt 0.103240 0.576236
vt 0.104484 0.528013
vt 0.063550 0.576747
vt 0.002878 0.568290
vt 0.001725 0.518895
vt 0.066567 0.517688
vt 0.032922 0.492130
vt 0.010246 0.471190
vt -0.022141 0.472354
vt 0.146930 0.538915
vt 0.306829 0.776581
vt 0.321542 0.767992
vt 0.289287 0.749783
vt 0.278573 0.791305
vt 0.276354 0.758271
vt 0.277646 0.777807
vt 0.318293 0.754882
vt 0.311341 0.817602
vt 0.329402 0.823735
vt 0.328179 0.837299
vt 0.330604 0.860493
vt 0.303447 0.877820
vt 0.282432 0.847863
vt 0.280324 0.818182
vt 0.320202 0.876925
vt 0.329402 0.810022
vt 0.309040 0.728862
vt 0.288077 0.743043
vt 0.279757 0.725098
vt 0.282393 0.715541
vt 0.313854 0.740158
vt 0.344918 0.061943
vt 0.281098 -0.031721
vt 0.280727 0.035829
vt 0.257120 0.138579
vt 0.189134 0.030821
vt 0.198566 0.103700
vt 0.236412 0.138296
vt 0.190437 0.126609
vt 0.099662 0.173146
vt 0.114535 0.158746
vt 0.082225 0.173632
vt 0.130078 0.221868
vt 0.180982 0.214854
vt 0.196926 0.215098
vt 0.226846 0.154008
vt 0.247134 0.159431
vt 0.241895 0.177390
vt 0.271914 0.173835
vt 0.298496 0.242398
vt 0.272663 0.295091
vt 0.327975 0.281476
vt 0.353632 0.240134
vt 0.327417 0.188388
vt 0.282863 0.215767
vt 0.377668 0.215470
vt 0.369238 0.171999
vt 0.345797 0.148464
vt 0.294759 0.112328
vt 0.322516 0.092946
vt 0.395745 0.137236
vt 0.358980 0.329333
vt 0.208553 0.017293
vt 0.221640 0.008833
vt 0.663760 0.595120
vt 0.697218 0.590915
vt 0.663130 0.581693
vt 0.695028 0.561377
vt 0.740425 0.589405
vt 0.726457 0.562334
vt 0.755843 0.556029
vt 0.785979 0.588676
vt 0.880776 0.561649
vt 0.816259 0.565164
vt 0.894651 0.537741
vt 0.913185 0.558543
vt 0.912545 0.582712
vt 0.977987 0.574160
vt 0.875502 0.589679
vt 0.924786 0.604811
vt 0.953368 0.670733
vt 0.983241 0.654391
vt 0.930353 0.669086
vt 0.864754 0.634545
vt 0.897097 0.611850
vt 1.005841 0.581487
vt 1.005096 0.565616
vt 0.824540 0.590925
vt 0.833657 0.665886
vt 0.806606 0.659060
vt 0.766157 0.638038
vt 0.744161 0.612085
vt 0.758838 0.689912
vt 0.721177 0.638042
vt 0.778222 0.688876
vt 0.717372 0.693073
vt 0.689964 0.639700
vt 0.692662 0.681768
vt 0.804789 0.670641
vt 0.873182 0.675663
vt 0.906716 0.670092
vt 1.008305 0.635082
vt 0.962996 0.697447
vt 0.943226 0.797339
vt 0.978888 0.791201
vt 0.996972 0.678386
vt 0.908431 0.801814
vt 0.874111 0.802163
vt 0.908084 0.899236
vt 0.847970 0.892845
vt 0.873439 0.703720
vt 0.829083 0.716813
vt 0.842799 0.808213
vt 0.832438 0.688904
vt 0.806318 0.727122
vt 0.774796 0.768800
vt 0.774241 0.712871
vt 0.710501 0.801123
vt 0.745967 0.798289
vt 0.710166 0.710713
vt 0.691948 0.726076
vt 0.668378 0.693578
vt 0.671283 0.755509
vt 0.780877 0.883426
vt 0.753816 0.915608
vt 0.717312 0.891069
vt 0.677912 0.896367
vt 0.674530 0.824741
vt 0.726580 0.984190
vt 0.680128 0.940367
vt 0.682114 0.986424
vt 0.781748 0.981594
vt 0.831302 0.936918
vt 0.815834 0.881568
vt 0.873086 0.949664
vt 0.918093 0.950989
vt 0.997924 0.930723
vt 0.977412 0.911345
vt 0.946593 0.948840
vt 0.949928 0.885876
vt 1.022813 0.943333
vt 1.019881 0.880823
vt 1.014339 0.762675
vt 1.012684 0.727393
vt 0.824173 0.955582
vt 0.694548 0.420368
vt 0.659771 0.510080
vt 0.787286 0.478639
vt 0.749053 0.488589
vt 0.781361 0.544055
vt 0.861549 0.509366
vt 0.831427 0.485883
vt 0.906807 0.494730
vt 0.661355 0.543865
vt 0.918673 0.530718
vt 0.940211 0.512940
vt 0.926230 0.442981
vt 0.904058 0.439043
vt 0.923805 0.369899
vt 0.901055 0.369067
vt 0.900903 0.327286
vt 0.936678 0.302810
vt 0.962776 0.377413
vt 0.967969 0.309981
vt 0.875817 0.301874
vt 0.915786 0.274789
vt 0.939474 0.262343
vt 0.904668 0.249813
vt 0.937607 0.250966
vt 0.836336 0.246622
vt 0.857094 0.272406
vt 0.966020 0.254463
vt 0.992692 0.301173
vt 0.990824 0.261333
vt 0.990438 0.253106
vt 0.884472 0.227702
vt 0.858157 0.225864
vt 0.953233 0.467010
vt 0.975788 0.521520
vt 1.003296 0.527240
vt 0.998578 0.426647
vt 0.649700 0.291537
vt 0.651268 0.328810
vt 0.682874 0.318929
vt 0.694886 0.281577
vt 0.724253 0.308588
vt 0.735373 0.273506
vt 0.750912 0.293913
vt 0.794115 0.285961
vt 0.815107 0.263705
vt 0.826541 0.227463
vt 0.761606 0.252847
vt 0.722949 0.265985
vt 0.675386 0.268046
vt 0.648470 0.269146
vt 0.852609 0.314727
vt 0.808241 0.308857
vt 0.749160 0.327270
vt 0.703193 0.358477
vt 0.672608 0.345473
vt 0.781864 0.360050
vt 0.815001 0.382582
vt 0.851124 0.435781
vt 0.722514 0.409085
vt 0.656633 0.443172
vt 0.748915 0.381101
vt 0.672782 0.393858
vt 1.225729 1.098201
vt 1.250041 1.098326
vt 1.264101 1.147192
vt 1.271949 1.120148
vt 1.213964 1.086336
vt 1.235482 1.070137
vt 1.262966 1.081467
vt 1.282435 1.180326
vt 1.289080 1.141517
vt 1.262801 1.231861
vt 1.251001 1.177939
vt 1.227081 1.160296
vt 1.218300 1.252043
vt 1.195286 1.241301
vt 1.280265 1.302850
vt 1.292989 1.188488
vt 1.154831 1.116070
vt 1.171176 1.116275
vt 1.196188 1.079591
vt 1.108146 1.172745
vt 1.085395 1.202185
vt 1.158150 1.190568
vt 1.183906 1.129378
vt 1.179258 1.235102
vt 1.202745 1.149755
vt 1.106424 1.087451
vt 1.061824 1.156495
vt 1.049579 1.066336
vt 1.043375 1.152229
vt 0.988329 1.068897
vt 0.926104 1.067982
vt 0.190207 0.300218
vt 0.165050 0.308727
vt 0.228983 0.356456
vt 0.170192 0.271853
vt 0.225909 0.291540
vt 0.211893 0.265967
vt 0.237558 0.263702
vt 0.242254 0.234035
vt 0.233772 0.251923
vt 0.219434 0.230688
vt 0.208726 0.220600
vt 0.122037 0.254306
vt 0.133374 0.270923
vt 0.144624 0.266975
vt 0.146382 0.251830
vt 0.154666 0.233433
vt 0.137099 0.105829
vt 0.144613 0.060515
vt 0.252517 -0.012426
vt 0.118297 0.105243
vt 0.122221 0.075531
vt 0.338305 0.810392
vt 0.372289 0.806707
vt 0.344024 0.787065
vt 0.369155 0.783553
vt 0.401885 0.768970
vt 0.400444 0.782564
vt 0.410507 0.787861
vt 0.409277 0.810728
vt 1.276957 1.326071
vt 1.293613 1.344490
vt 1.293822 1.365199
vt 1.278042 1.388350
vt 1.293848 1.299074
vt 0.608085 0.992879
vt 0.635722 0.993063
vt 0.618370 1.017089
vt 0.586071 0.973777
vt 0.200675 0.990395
vt 0.207038 0.969039
vt 0.208811 0.945279
vt 0.177671 1.002478
vt 0.110060 0.991929
vt 0.075071 0.982061
vt 0.029712 0.967461
vt 0.201911 0.996888
vt 0.001580 0.785257
vt 0.075029 0.792344
vt 0.002982 0.822233
vt 0.001137 0.857684
vt 0.145158 0.809167
vt 0.367787 0.607877
vt 0.375467 0.591014
vt 0.313296 0.608162
vt 0.533939 0.736827
vt 0.546458 0.752828
vt 0.534931 0.760378
vt 0.837897 0.349517
vt 0.868662 0.382235
vt 0.877204 0.344194
vt 0.929664 0.696777
vt 0.797258 0.696208
vt 0.748412 0.713683
vt 1.062793 1.227789
vt 0.683409 0.643548
vt 0.673279 0.642077
vt 0.683409 0.676350
vt 0.674149 0.604348
vt 0.189901 0.232925
vt 0.192508 0.253956
vt 0.175898 0.258712
vt 0.170440 0.236988
vt 0.159089 0.259960
vt 0.158575 0.248951
vt 0.199793 0.239178
vt 0.153654 0.258842
vt 0.192507 0.253956
vt 0.189901 0.232925
vt 0.175898 0.258712
vt 0.159094 0.259960
vt 0.158573 0.248954
vt 0.199794 0.239179
s 1
usemtl defaultSG
f 3/1/1 2/2/2 1/3/3
f 4/4/4 3/1/1 1/3/3
f 5/5/5 1/3/3 2/2/2
f 6/6/6 5/5/5 2/2/2
f 7/7/7 5/5/5 6/6/6
f 8/8/8 7/7/7 6/6/6
f 11/9/9 10/10/10 5/5/5
f 10/10/10 1/3/3 5/5/5
f 9/11/11 6/6/6 2/2/2
f 12/12/12 6/6/6 9/11/11
f 15/1/13 14/13/14 13/14/15
f 16/4/16 15/1/13 13/14/15
f 13/14/15 14/13/14 17/15/17
f 14/13/14 18/16/18 17/15/17
f 19/7/19 17/15/17 18/16/18
f 20/8/20 19/7/19 18/16/18
f 21/17/21 18/16/18 14/13/14
f 22/12/22 18/16/18 21/17/21
f 24/9/23 23/18/24 17/15/17
f 23/18/24 13/14/15 17/15/17
f 27/19/25 26/20/26 25/21/27
f 28/7/28 27/19/25 25/21/27
f 29/8/29 28/7/28 25/21/27
f 25/21/27 26/20/26 30/22/30
f 31/1/31 30/22/30 26/20/26
f 32/4/32 31/1/31 26/20/26
f 34/9/33 33/23/34 27/19/25
f 33/23/34 26/20/26 27/19/25
f 35/24/35 25/21/27 30/22/30
f 36/12/36 25/21/27 35/24/35
f 38/25/37 39/1/38 37/26/39
f 39/1/38 40/4/40 37/26/39
f 37/26/39 41/27/41 38/25/37
f 41/27/41 42/28/42 38/25/37
f 41/27/41 43/7/43 42/28/42
f 43/7/43 44/8/44 42/28/42
f 46/29/45 47/9/46 41/27/41
f 37/26/39 46/29/45 41/27/41
f 42/28/42 45/30/47 38/25/37
f 42/28/42 48/12/48 45/30/47
f 50/31/49 51/1/50 49/32/51
f 51/1/50 52/4/52 49/32/51
f 50/31/49 49/32/51 53/33/53
f 54/34/54 50/31/49 53/33/53
f 53/33/53 55/7/55 54/34/54
f 55/7/55 56/8/56 54/34/54
f 54/34/54 57/35/57 50/31/49
f 54/34/54 58/12/58 57/35/57
f 60/36/59 59/9/60 53/33/53
f 49/32/51 60/36/59 53/33/53
f 63/37/61 62/38/62 61/39/63
f 62/38/62 64/7/64 61/39/63
f 64/7/64 65/8/65 61/39/63
f 63/37/61 61/39/63 66/40/66
f 66/40/66 67/1/67 63/37/61
f 67/1/67 68/4/68 63/37/61
f 61/39/63 69/41/69 66/40/66
f 61/39/63 70/12/70 69/41/69
f 63/37/61 71/42/71 62/38/62
f 71/42/71 72/9/72 62/38/62
f 75/43/73 74/44/74 73/45/75
f 76/46/76 75/43/73 73/45/75
f 79/47/77 78/48/78 77/49/79
f 80/50/80 78/48/78 79/47/77
f 77/49/79 78/48/78 81/51/81
f 78/48/78 82/52/82 81/51/81
f 84/53/83 82/52/82 83/54/84
f 84/53/83 86/55/85 82/52/82
f 86/55/85 81/51/81 82/52/82
f 79/47/77 87/56/86 80/50/80
f 89/57/87 91/58/88 90/59/89
f 88/60/90 89/57/87 92/61/91
f 89/57/87 90/59/89 92/61/91
f 90/59/89 104/62/92 92/61/91
f 90/59/89 93/63/93 104/62/92
f 94/64/94 90/59/89 91/58/88
f 90/59/89 94/64/94 95/65/95
f 92/61/91 80/50/80 88/60/90
f 80/50/80 87/56/86 88/60/90
f 78/48/78 80/50/80 96/66/96
f 97/67/97 78/48/78 96/66/96
f 97/67/97 98/68/98 78/48/78
f 100/69/99 96/66/96 99/70/100
f 96/66/96 80/50/80 92/61/91
f 99/70/100 96/66/96 92/61/91
f 101/71/101 100/69/99 99/70/100
f 101/71/101 99/70/100 102/72/102
f 99/70/100 92/61/91 104/62/92
f 102/72/102 99/70/100 104/62/92
f 102/72/102 104/62/92 103/73/103
f 104/62/92 105/74/104 103/73/103
f 105/74/104 104/62/92 93/63/93
f 109/75/105 107/76/106 108/77/107
f 106/78/108 107/76/106 109/75/105
f 110/79/109 112/80/110 111/81/111
f 112/80/110 113/82/112 111/81/111
f 112/80/110 110/79/109 114/83/113
f 110/79/109 115/84/114 114/83/113
f 114/83/113 115/84/114 116/85/115
f 116/85/115 115/84/114 117/86/116
f 117/86/116 119/87/117 118/88/118
f 119/87/117 117/86/116 115/84/114
f 120/89/119 119/87/117 115/84/114
f 118/88/118 119/87/117 121/90/120
f 122/91/121 118/88/118 121/90/120
f 119/87/117 124/92/122 121/90/120
f 124/92/122 125/93/123 121/90/120
f 121/90/120 125/93/123 123/94/124
f 125/93/123 126/95/125 123/94/124
f 123/94/124 126/95/125 127/96/126
f 126/95/125 128/97/127 127/96/126
f 129/98/128 128/97/127 126/95/125
f 120/89/119 124/92/122 119/87/117
f 129/98/128 130/99/129 131/100/130
f 128/97/127 129/98/128 131/100/130
f 132/101/131 131/100/130 130/99/129
f 138/102/132 137/103/133 144/104/134
f 145/105/135 144/104/134 137/103/133
f 155/106/136 138/102/132 144/104/134
f 154/107/137 138/102/132 155/106/136
f 140/108/138 139/109/139 146/110/140
f 146/110/140 139/109/139 154/107/137
f 147/111/141 141/112/142 140/108/138
f 142/113/143 141/112/142 147/111/141
f 142/113/143 147/111/141 148/114/144
f 149/115/145 148/114/144 147/111/141
f 152/116/146 149/115/145 147/111/141
f 153/117/147 152/116/146 147/111/141
f 140/108/138 153/117/147 147/111/141
f 157/118/148 156/119/149 145/105/135
f 158/120/150 157/118/148 145/105/135
f 135/121/151 145/105/135 136/122/152
f 134/123/153 145/105/135 135/121/151
f 134/123/153 158/120/150 145/105/135
f 159/124/154 158/120/150 134/123/153
f 133/125/155 159/124/154 134/123/153
f 136/122/152 145/105/135 137/103/133
f 133/125/155 132/101/131 159/124/154
f 159/124/154 132/101/131 160/126/156
f 160/126/156 132/101/131 130/99/129
f 154/107/137 139/109/139 138/102/132
f 146/110/140 153/117/147 140/108/138
f 171/127/157 169/128/158 170/129/159
f 164/130/160 172/131/161 165/132/162
f 172/131/161 164/130/160 163/133/163
f 173/134/164 172/131/161 163/133/163
f 172/131/161 174/135/165 165/132/162
f 173/134/164 163/133/163 175/136/166
f 163/133/163 161/137/167 175/136/166
f 175/136/166 161/137/167 176/138/168
f 161/137/167 162/139/169 176/138/168
f 162/139/169 177/140/170 176/138/168
f 176/138/168 177/140/170 178/141/171
f 162/139/169 169/128/158 177/140/170
f 171/127/157 177/140/170 169/128/158
f 177/140/170 171/127/157 179/142/172
f 180/143/173 178/141/171 177/140/170
f 180/143/173 177/140/170 179/142/172
f 181/144/174 166/145/175 165/132/162
f 167/146/176 166/145/175 181/144/174
f 182/147/177 167/146/176 181/144/174
f 167/146/176 182/147/177 183/148/178
f 168/149/179 167/146/176 183/148/178
f 168/149/179 183/148/178 184/150/180
f 184/150/180 183/148/178 185/151/181
f 174/135/165 181/144/174 165/132/162
f 183/148/178 187/152/182 185/151/181
f 185/151/181 187/152/182 188/153/183
f 186/154/184 185/151/181 188/153/183
f 189/155/185 191/156/186 190/157/187
f 191/156/186 192/158/188 190/157/187
f 193/159/189 194/160/190 195/161/191
f 195/161/191 194/160/190 196/162/192
f 196/162/192 197/163/193 195/161/191
f 197/163/193 198/164/194 195/161/191
f 199/165/195 195/161/191 198/164/194
f 199/165/195 193/159/189 195/161/191
f 194/160/190 200/166/196 196/162/192
f 199/165/195 192/158/188 193/159/189
f 190/157/187 192/158/188 199/165/195
f 201/167/197 190/157/187 199/165/195
f 201/167/197 202/168/198 190/157/187
f 189/155/185 190/157/187 202/168/198
f 186/154/184 189/155/185 202/168/198
f 186/154/184 188/153/183 189/155/185
f 207/169/199 205/170/200 206/171/201
f 203/172/202 208/173/203 204/174/204
f 209/175/205 205/170/200 204/174/204
f 208/173/203 209/175/205 204/174/204
f 205/170/200 209/175/205 206/171/201
f 209/175/205 210/176/206 206/171/201
f 211/177/207 206/171/201 210/176/206
f 206/171/201 151/178/208 213/179/209
f 151/178/208 206/171/201 211/177/207
f 143/180/210 211/177/207 212/181/211
f 143/180/210 151/178/208 211/177/207
f 151/178/208 143/180/210 142/113/143
f 150/182/212 151/178/208 142/113/143
f 148/114/144 150/182/212 142/113/143
f 145/105/135 156/119/149 144/104/134
f 217/183/213 216/184/214 215/185/215
f 218/186/216 216/184/214 217/183/213
f 220/187/217 215/185/215 214/188/218
f 217/183/213 215/185/215 220/187/217
f 219/189/219 218/186/216 217/183/213
f 221/190/220 219/189/219 217/183/213
f 225/191/221 222/192/222 224/193/223
f 226/194/224 222/192/222 225/191/221
f 222/192/222 226/194/224 223/195/225
f 225/191/221 227/196/226 226/194/224
f 228/197/227 226/194/224 227/196/226
f 223/195/225 226/194/224 229/198/228
f 229/198/228 226/194/224 230/199/229
f 226/194/224 231/200/230 230/199/229
f 226/194/224 232/201/231 231/200/230
f 233/202/232 231/200/230 232/201/231
f 234/203/233 235/204/234 232/201/231
f 235/204/234 214/188/218 232/201/231
f 232/201/231 214/188/218 233/202/232
f 226/194/224 234/203/233 232/201/231
f 233/202/232 214/188/218 215/185/215
f 234/203/233 226/194/224 228/197/227
f 221/190/220 224/193/223 219/189/219
f 219/189/219 224/193/223 222/192/222
f 237/205/235 236/206/236 238/207/237
f 238/207/237 236/206/236 239/208/238
f 238/207/237 239/208/238 240/209/239
f 238/207/237 240/209/239 241/210/240
f 240/209/239 242/211/241 241/210/240
f 247/212/242 246/213/243 245/214/244
f 248/215/245 243/216/246 244/217/247
f 249/218/248 248/215/245 244/217/247
f 250/219/249 245/214/244 243/216/246
f 248/215/245 250/219/249 243/216/246
f 245/214/244 250/219/249 247/212/242
f 250/219/249 251/220/250 247/212/242
f 255/221/251 251/220/250 250/219/249
f 252/222/252 251/220/250 259/223/253
f 247/212/242 251/220/250 252/222/252
f 252/222/252 259/223/253 253/224/254
f 253/224/254 259/223/253 260/225/255
f 253/224/254 260/225/255 254/226/256
f 254/226/256 260/225/255 261/227/257
f 254/226/256 261/227/257 262/228/258
f 256/229/259 254/226/256 262/228/258
f 263/230/260 256/229/259 262/228/258
f 263/230/260 257/231/261 256/229/259
f 263/230/260 264/232/262 257/231/261
f 264/232/262 265/233/263 257/231/261
f 257/231/261 265/233/263 266/234/264
f 258/235/265 257/231/261 266/234/264
f 264/232/262 263/230/260 267/236/266
f 264/232/262 267/236/266 265/233/263
f 267/236/266 268/237/267 265/233/263
f 268/237/267 267/236/266 270/238/268
f 270/238/268 267/236/266 84/53/83
f 268/237/267 270/238/268 269/239/269
f 270/238/268 271/240/270 269/239/269
f 86/55/85 272/241/271 81/51/81
f 79/47/77 77/49/79 273/242/272
f 274/243/273 273/242/272 77/49/79
f 81/51/81 274/243/273 77/49/79
f 272/241/271 274/243/273 81/51/81
f 244/217/247 279/244/274 280/245/275
f 249/218/248 244/217/247 280/245/275
f 279/244/274 278/246/276 281/247/277
f 280/245/275 279/244/274 281/247/277
f 278/246/276 275/248/278 281/247/277
f 281/247/277 275/248/278 282/249/279
f 282/249/279 275/248/278 276/250/280
f 283/251/281 282/249/279 276/250/280
f 283/251/281 276/250/280 277/252/282
f 284/253/283 283/251/281 277/252/282
f 285/254/284 284/253/283 277/252/282
f 285/254/284 277/252/282 286/255/285
f 287/256/286 288/257/287 289/258/288
f 288/257/287 290/259/289 289/258/288
f 85/260/290 289/258/288 290/259/289
f 271/240/270 85/260/290 290/259/289
f 85/260/290 291/261/291 289/258/288
f 83/54/84 85/260/290 84/53/83
f 292/262/292 271/240/270 290/259/289
f 85/260/290 271/240/270 270/238/268
f 84/53/83 85/260/290 270/238/268
f 85/260/290 83/54/84 291/261/291
f 82/52/82 78/48/78 293/263/293
f 293/263/293 294/264/294 82/52/82
f 83/54/84 82/52/82 294/264/294
f 295/265/295 83/54/84 294/264/294
f 291/261/291 83/54/84 295/265/295
f 78/48/78 98/68/98 293/263/293
f 296/266/296 291/261/291 295/265/295
f 291/261/291 296/266/296 289/258/288
f 297/267/297 93/63/93 90/59/89
f 90/59/89 95/65/95 297/267/297
f 298/268/298 300/269/299 299/270/300
f 300/269/299 301/271/301 299/270/300
f 301/271/301 300/269/299 302/272/302
f 298/268/298 303/273/303 304/274/304
f 300/269/299 298/268/298 304/274/304
f 303/273/303 305/275/305 304/274/304
f 304/274/304 305/275/305 306/276/306
f 307/277/307 308/278/308 305/275/305
f 308/278/308 309/279/309 305/275/305
f 310/280/310 306/276/306 305/275/305
f 309/279/309 310/280/310 305/275/305
f 311/281/311 310/280/310 309/279/309
f 316/282/312 315/283/313 314/284/314
f 316/282/312 317/285/315 315/283/313
f 316/282/312 314/284/314 318/286/316
f 319/287/317 316/282/312 318/286/316
f 319/287/317 321/288/318 320/289/319
f 322/290/320 321/288/318 319/287/317
f 318/286/316 322/290/320 319/287/317
f 323/291/321 315/283/313 317/285/315
f 327/58/322 325/292/323 326/293/324
f 323/291/321 317/285/315 324/294/325
f 325/292/323 324/294/325 328/295/326
f 317/285/315 328/295/326 324/294/325
f 326/293/324 325/292/323 328/295/326
f 339/296/327 326/293/324 328/295/326
f 329/297/328 326/293/324 339/296/327
f 326/293/324 330/64/329 327/58/322
f 330/64/329 326/293/324 331/298/330
f 317/285/315 332/299/331 328/295/326
f 317/285/315 316/282/312 332/299/331
f 316/282/312 333/300/332 332/299/331
f 334/301/333 333/300/332 316/282/312
f 332/299/331 335/302/334 328/295/326
f 332/299/331 336/69/335 335/302/334
f 335/302/334 337/303/336 339/296/327
f 339/296/327 337/303/336 338/304/337
f 328/295/326 335/302/334 339/296/327
f 340/305/338 339/296/327 338/304/337
f 339/296/327 340/305/338 329/297/328
f 342/306/339 344/307/340 343/308/341
f 342/306/339 341/309/342 344/307/340
f 347/310/343 345/311/344 346/312/345
f 348/313/346 347/310/343 346/312/345
f 345/311/344 347/310/343 349/314/347
f 350/315/348 345/311/344 349/314/347
f 350/315/348 349/314/347 351/316/349
f 350/315/348 351/316/349 352/317/350
f 354/318/351 352/317/350 353/319/352
f 352/317/350 354/318/351 350/315/348
f 355/320/353 354/318/351 353/319/352
f 356/91/354 357/321/355 353/319/352
f 355/320/353 353/319/352 357/321/355
f 359/322/356 355/320/353 357/321/355
f 360/323/357 359/322/356 357/321/355
f 360/323/357 357/321/355 358/324/358
f 361/325/359 360/323/357 358/324/358
f 361/325/359 358/324/358 362/326/360
f 362/326/360 364/327/361 361/325/359
f 360/323/357 361/325/359 365/328/362
f 362/326/360 363/329/363 366/330/364
f 364/327/361 362/326/360 366/330/364
f 367/331/365 364/327/361 366/330/364
f 366/330/364 368/332/366 367/331/365
f 373/333/367 374/334/368 380/335/369
f 380/335/369 372/336/370 373/333/367
f 374/334/368 388/337/371 380/335/369
f 374/334/368 387/338/372 388/337/371
f 376/339/373 377/340/374 381/341/375
f 377/340/374 378/342/376 381/341/375
f 378/342/376 382/343/377 381/341/375
f 383/344/378 381/341/375 382/343/377
f 383/344/378 385/345/379 381/341/375
f 389/346/380 390/347/381 372/336/370
f 390/347/381 371/348/382 372/336/370
f 390/347/381 370/349/383 371/348/382
f 391/350/384 370/349/383 390/347/381
f 391/350/384 369/351/385 370/349/383
f 369/351/385 391/350/384 392/352/386
f 368/332/366 369/351/385 392/352/386
f 368/332/366 392/352/386 367/331/365
f 376/339/373 381/341/375 375/353/387
f 386/354/388 375/353/387 381/341/375
f 375/353/387 386/354/388 387/338/372
f 375/353/387 387/338/372 374/334/368
f 385/345/379 386/354/388 381/341/375
f 401/355/389 403/356/390 402/357/391
f 404/358/392 396/359/393 397/360/394
f 396/359/393 404/358/392 395/361/395
f 404/358/392 405/362/396 395/361/395
f 406/363/397 404/358/392 397/360/394
f 395/361/395 405/362/396 407/364/398
f 393/365/399 395/361/395 407/364/398
f 393/365/399 407/364/398 408/366/400
f 394/367/401 393/365/399 408/366/400
f 409/368/402 394/367/401 408/366/400
f 409/368/402 408/366/400 410/141/403
f 401/355/389 394/367/401 409/368/402
f 409/368/402 403/356/390 401/355/389
f 403/356/390 409/368/402 411/369/404
f 410/141/403 412/143/405 409/368/402
f 409/368/402 412/143/405 411/369/404
f 413/370/406 406/363/397 397/360/394
f 399/371/407 414/372/408 413/370/406
f 398/373/409 399/371/407 413/370/406
f 414/372/408 399/371/407 415/374/410
f 399/371/407 400/375/411 415/374/410
f 415/374/410 400/375/411 416/150/412
f 415/374/410 416/150/412 417/376/413
f 398/373/409 413/370/406 397/360/394
f 419/377/414 415/374/410 417/376/413
f 417/376/413 418/378/415 420/379/416
f 419/377/414 417/376/413 420/379/416
f 423/156/417 421/380/418 422/381/419
f 424/382/420 423/156/417 422/381/419
f 426/383/421 425/384/422 427/385/423
f 426/383/421 427/385/423 428/386/424
f 429/163/425 428/386/424 427/385/423
f 430/164/426 429/163/425 427/385/423
f 427/385/423 431/387/427 430/164/426
f 425/384/422 431/387/427 427/385/423
f 432/388/428 426/383/421 428/386/424
f 424/382/420 431/387/427 425/384/422
f 422/381/419 433/389/429 431/387/427
f 424/382/420 422/381/419 431/387/427
f 434/390/430 433/389/429 422/381/419
f 421/380/418 418/378/415 434/390/430
f 422/381/419 421/380/418 434/390/430
f 420/379/416 418/378/415 421/380/418
f 439/391/431 435/392/432 436/393/433
f 440/394/434 439/391/431 436/393/433
f 437/395/435 440/394/434 436/393/433
f 441/396/436 440/394/434 442/397/437
f 442/397/437 443/398/438 441/396/436
f 437/395/435 444/399/439 440/394/434
f 445/400/440 444/399/439 437/395/435
f 438/401/441 445/400/440 437/395/435
f 444/399/439 442/397/437 440/394/434
f 444/399/439 445/400/440 446/402/442
f 446/402/442 384/403/443 444/399/439
f 444/399/439 384/403/443 442/397/437
f 442/397/437 379/404/444 443/398/438
f 384/403/443 379/404/444 442/397/437
f 379/404/444 384/403/443 378/342/376
f 384/403/443 382/343/377 378/342/376
f 389/346/380 372/336/370 380/335/369
f 449/184/445 450/405/446 448/406/447
f 449/184/445 451/407/448 450/405/446
f 448/406/447 453/408/449 447/409/450
f 448/406/447 450/405/446 453/408/449
f 451/407/448 452/410/451 450/405/446
f 452/410/451 454/411/452 450/405/446
f 455/412/453 458/413/454 457/414/455
f 455/412/453 459/415/456 458/413/454
f 459/415/456 455/412/453 456/195/457
f 460/416/458 458/413/454 459/415/456
f 459/415/456 461/417/459 460/416/458
f 459/415/456 456/195/457 462/198/460
f 459/415/456 462/198/460 463/199/461
f 464/418/462 459/415/456 463/199/461
f 465/419/463 459/415/456 464/418/462
f 464/418/462 466/202/464 465/419/463
f 468/420/465 467/421/466 465/419/463
f 447/409/450 468/420/465 465/419/463
f 447/409/450 465/419/463 466/202/464
f 467/421/466 459/415/456 465/419/463
f 447/409/450 466/202/464 448/406/447
f 457/414/455 454/411/452 452/410/451
f 457/414/455 452/410/451 455/412/453
f 459/415/456 467/421/466 461/417/459
f 469/422/467 470/205/468 471/423/469
f 469/422/467 471/423/469 472/424/470
f 472/424/470 471/423/469 473/425/471
f 473/425/471 471/423/469 474/426/472
f 475/427/473 473/425/471 474/426/472
f 479/428/474 480/429/475 478/430/476
f 476/431/477 481/432/478 477/433/479
f 482/434/480 481/432/478 476/431/477
f 478/430/476 482/434/480 476/431/477
f 482/434/480 478/430/476 480/429/475
f 483/435/481 482/434/480 480/429/475
f 487/436/482 481/432/478 482/434/480
f 483/435/481 488/437/483 482/434/480
f 493/438/484 488/437/483 483/435/481
f 493/438/484 483/435/481 494/439/485
f 483/435/481 484/440/486 494/439/485
f 483/435/481 480/429/475 484/440/486
f 494/439/485 484/440/486 485/441/487
f 494/439/485 485/441/487 495/442/488
f 495/442/488 485/441/487 486/443/489
f 495/442/488 486/443/489 496/444/490
f 496/444/490 486/443/489 497/445/491
f 486/443/489 489/446/492 497/445/491
f 497/445/491 489/446/492 490/447/493
f 490/447/493 498/448/494 497/445/491
f 491/449/495 498/448/494 490/447/493
f 499/450/496 498/448/494 491/449/495
f 500/451/497 499/450/496 491/449/495
f 500/451/497 491/449/495 501/452/498
f 491/449/495 492/453/499 501/452/498
f 502/454/500 498/448/494 499/450/496
f 502/454/500 499/450/496 500/451/497
f 503/455/501 502/454/500 500/451/497
f 502/454/500 503/455/501 505/456/502
f 502/454/500 505/456/502 321/288/318
f 505/456/502 503/455/501 504/457/503
f 506/458/504 505/456/502 504/457/503
f 507/241/505 322/290/320 318/286/316
f 508/243/506 507/241/505 318/286/316
f 508/243/506 318/286/316 314/284/314
f 509/242/507 508/243/506 314/284/314
f 314/284/314 315/283/313 509/242/507
f 513/459/508 321/288/318 505/456/502
f 506/458/504 510/460/509 511/461/510
f 513/459/508 506/458/504 511/461/510
f 513/459/508 320/289/319 321/288/318
f 512/462/511 513/459/508 511/461/510
f 511/461/510 514/463/512 512/462/511
f 514/463/512 515/464/513 512/462/511
f 316/282/312 319/287/317 516/465/514
f 517/466/515 516/465/514 319/287/317
f 319/287/317 320/289/319 517/466/515
f 320/289/319 518/467/516 517/466/515
f 320/289/319 513/459/508 518/467/516
f 334/301/333 316/282/312 516/465/514
f 513/459/508 519/468/517 518/467/516
f 519/468/517 513/459/508 512/462/511
f 524/469/518 477/433/479 525/470/519
f 477/433/479 481/432/478 525/470/519
f 524/469/518 525/470/519 526/471/520
f 523/472/521 524/469/518 526/471/520
f 520/473/522 523/472/521 526/471/520
f 520/473/522 526/471/520 527/474/523
f 520/473/522 527/474/523 521/475/524
f 527/474/523 528/476/525 521/475/524
f 521/475/524 528/476/525 522/477/526
f 528/476/525 529/478/527 522/477/526
f 529/478/527 530/479/528 522/477/526
f 522/477/526 530/479/528 531/480/529
f 329/297/328 532/267/530 326/293/324
f 331/298/330 326/293/324 532/267/530
f 506/458/504 513/459/508 505/456/502
f 535/481/531 533/482/532 534/483/533
f 536/271/534 535/481/531 534/483/533
f 535/481/531 536/271/534 537/484/535
f 533/482/532 535/481/531 539/485/536
f 538/486/537 533/482/532 539/485/536
f 540/487/538 538/486/537 539/485/536
f 540/487/538 539/485/536 541/488/539
f 543/489/540 542/490/541 540/487/538
f 544/491/542 543/489/540 540/487/538
f 541/488/539 545/492/543 540/487/538
f 545/492/543 544/491/542 540/487/538
f 545/492/543 546/281/544 544/491/542
f 850/493/545 853/494/546 852/495/547
f 852/495/547 854/496/548 850/493/545
f 854/496/548 852/495/547 855/497/549
f 855/497/549 857/498/550 856/499/551
f 859/500/552 860/501/553 857/498/550
f 857/498/550 860/501/553 856/499/551
f 861/502/554 862/503/555 858/504/556
f 862/503/555 863/505/557 858/504/556
f 864/506/558 863/505/557 862/503/555
f 863/505/557 864/506/558 865/507/559
f 864/506/558 866/508/560 865/507/559
f 864/506/558 867/509/561 866/508/560
f 866/508/560 867/509/561 868/510/562
f 867/509/561 869/511/563 868/510/562
f 862/503/555 870/512/564 864/506/558
f 868/510/562 865/507/559 866/508/560
f 865/507/559 868/510/562 859/500/552
f 857/498/550 865/507/559 859/500/552
f 858/504/556 865/507/559 857/498/550
f 863/505/557 865/507/559 858/504/556
f 864/506/558 871/513/565 867/509/561
f 871/513/565 872/514/566 867/509/561
f 872/514/566 873/515/567 869/511/563
f 872/514/566 871/513/565 875/516/568
f 875/516/568 871/513/565 874/517/569
f 876/518/570 872/514/566 875/516/568
f 876/518/570 873/515/567 872/514/566
f 874/517/569 871/513/565 864/506/558
f 870/512/564 874/517/569 864/506/558
f 867/509/561 872/514/566 869/511/563
f 881/519/571 880/520/572 879/521/573
f 1497/522/574 884/523/575 883/524/576
f 882/525/577 884/523/575 1497/522/574
f 885/526/578 882/525/577 880/520/572
f 882/525/577 885/526/578 886/527/579
f 884/523/575 882/525/577 886/527/579
f 884/523/575 886/527/579 891/528/580
f 884/523/575 891/528/580 887/529/581
f 884/523/575 887/529/581 888/530/582
f 883/524/576 884/523/575 888/530/582
f 888/530/582 889/531/583 883/524/576
f 891/528/580 890/532/584 887/529/581
f 885/526/578 880/520/572 881/519/571
f 891/528/580 549/533/585 547/534/586
f 891/528/580 547/534/586 890/532/584
f 885/526/578 892/535/587 886/527/579
f 893/536/588 892/535/587 885/526/578
f 898/537/589 900/538/590 899/539/591
f 895/540/592 901/541/593 896/542/594
f 894/543/595 902/544/596 897/545/597
f 897/545/597 902/544/596 898/537/589
f 898/537/589 903/546/598 900/538/590
f 902/544/596 903/546/598 898/537/589
f 894/543/595 904/547/599 902/544/596
f 905/548/600 904/547/599 894/543/595
f 892/535/587 905/548/600 894/543/595
f 893/536/588 905/548/600 892/535/587
f 896/542/594 905/548/600 893/536/588
f 906/549/601 904/547/599 905/548/600
f 896/542/594 906/549/601 905/548/600
f 901/541/593 906/549/601 896/542/594
f 696/550/602 908/551/603 907/552/604
f 696/550/602 695/553/605 908/551/603
f 695/553/605 909/554/606 908/551/603
f 855/497/549 852/495/547 909/554/606
f 857/498/550 855/497/549 909/554/606
f 694/281/607 857/498/550 695/553/605
f 909/554/606 695/553/605 857/498/550
f 911/555/608 910/556/609 858/504/556
f 910/556/609 912/557/610 858/504/556
f 912/557/610 861/502/554 858/504/556
f 913/558/611 914/559/612 911/555/608
f 914/559/612 915/560/613 911/555/608
f 911/555/608 915/560/613 910/556/609
f 915/560/613 916/561/614 910/556/609
f 910/556/609 916/561/614 912/557/610
f 916/561/614 917/562/615 912/557/610
f 917/562/615 916/561/614 918/563/616
f 918/563/616 919/564/617 917/562/615
f 920/565/618 919/564/617 918/563/616
f 915/560/613 920/565/618 918/563/616
f 915/560/613 918/563/616 916/561/614
f 919/564/617 921/566/619 917/562/615
f 922/567/620 920/565/618 915/560/613
f 914/559/612 922/567/620 915/560/613
f 923/568/621 920/565/618 922/567/620
f 920/565/618 924/569/622 919/564/617
f 926/570/623 925/571/624 924/569/622
f 920/565/618 926/570/623 924/569/622
f 926/570/623 920/565/618 923/568/621
f 924/569/622 925/571/624 921/566/619
f 919/564/617 924/569/622 921/566/619
f 928/572/625 881/519/571 927/573/626
f 881/519/571 879/521/573 927/573/626
f 927/573/626 879/521/573 929/574/627
f 930/575/628 927/573/626 929/574/627
f 930/575/628 931/576/629 927/573/626
f 879/521/573 878/577/630 929/574/627
f 929/574/627 878/577/630 850/493/545
f 878/577/630 877/578/631 850/493/545
f 853/494/546 850/493/545 877/578/631
f 930/575/628 929/574/627 972/579/632
f 972/579/632 932/580/633 930/575/628
f 932/580/633 933/581/634 930/575/628
f 934/582/635 936/583/636 935/584/637
f 934/582/635 933/581/634 936/583/636
f 933/581/634 942/585/638 936/583/636
f 936/583/636 937/586/639 935/584/637
f 938/587/640 942/585/638 933/581/634
f 932/580/633 938/587/640 933/581/634
f 936/583/636 942/585/638 940/588/641
f 938/587/640 939/589/642 942/585/638
f 936/583/636 940/588/641 937/586/639
f 940/588/641 943/590/643 937/586/639
f 939/589/642 941/591/644 942/585/638
f 942/585/638 943/590/643 940/588/641
f 941/591/644 943/590/643 942/585/638
f 944/592/645 945/593/646 931/576/629
f 945/593/646 946/594/647 931/576/629
f 947/595/648 949/596/649 948/597/650
f 947/595/648 946/594/647 949/596/649
f 946/594/647 951/598/651 949/596/649
f 949/596/649 950/599/652 948/597/650
f 950/599/652 952/600/653 948/597/650
f 953/601/654 951/598/651 946/594/647
f 945/593/646 953/601/654 946/594/647
f 956/602/655 950/599/652 949/596/649
f 949/596/649 951/598/651 956/602/655
f 950/599/652 954/603/656 952/600/653
f 950/599/652 955/604/657 954/603/656
f 956/602/655 955/604/657 950/599/652
f 957/605/658 956/602/655 951/598/651
f 953/601/654 957/605/658 951/598/651
f 956/602/655 958/606/659 955/604/657
f 958/606/659 956/602/655 957/605/658
f 960/607/660 881/519/571 959/608/661
f 959/608/661 895/540/592 960/607/660
f 895/540/592 896/542/594 960/607/660
f 896/542/594 893/536/588 960/607/660
f 960/607/660 893/536/588 885/526/578
f 881/519/571 928/572/625 959/608/661
f 928/572/625 947/595/648 959/608/661
f 946/594/647 947/595/648 928/572/625
f 931/576/629 946/594/647 928/572/625
f 947/595/648 948/597/650 959/608/661
f 931/576/629 928/572/625 927/573/626
f 931/576/629 961/609/662 944/592/645
f 961/609/662 934/582/635 944/592/645
f 933/581/634 934/582/635 961/609/662
f 930/575/628 933/581/634 961/609/662
f 934/582/635 935/584/637 944/592/645
f 931/576/629 930/575/628 961/609/662
f 963/610/663 962/611/664 855/497/549
f 856/499/551 963/610/663 855/497/549
f 964/612/665 963/610/663 856/499/551
f 962/611/664 977/613/666 855/497/549
f 855/497/549 977/613/666 854/496/548
f 977/613/666 965/614/667 854/496/548
f 964/612/665 966/615/668 963/610/663
f 854/496/548 965/614/667 967/616/669
f 969/617/670 971/618/671 970/619/672
f 968/620/673 967/616/669 965/614/667
f 969/617/670 851/621/674 968/620/673
f 969/617/670 970/619/672 851/621/674
f 854/496/548 967/616/669 850/493/545
f 967/616/669 968/620/673 850/493/545
f 850/493/545 968/620/673 851/621/674
f 851/621/674 970/619/672 972/579/632
f 929/574/627 851/621/674 972/579/632
f 850/493/545 851/621/674 929/574/627
f 860/501/553 964/612/665 856/499/551
f 974/622/675 973/623/676 969/617/670
f 968/620/673 974/622/675 969/617/670
f 965/614/667 974/622/675 968/620/673
f 969/617/670 973/623/676 975/624/677
f 978/625/678 976/626/679 977/613/666
f 974/622/675 965/614/667 976/626/679
f 978/625/678 980/627/680 976/626/679
f 980/627/680 978/625/678 979/628/681
f 974/622/675 976/626/679 973/623/676
f 969/617/670 975/624/677 971/618/671
f 977/613/666 976/626/679 965/614/667
f 962/611/664 978/625/678 977/613/666
f 963/610/663 978/625/678 962/611/664
f 979/628/681 978/625/678 963/610/663
f 966/615/668 979/628/681 963/610/663
f 903/546/598 902/544/596 904/547/599
f 898/537/589 899/539/591 548/629/682
f 549/533/585 898/537/589 548/629/682
f 897/545/597 898/537/589 549/533/585
f 891/528/580 897/545/597 549/533/585
f 894/543/595 897/545/597 891/528/580
f 886/527/579 894/543/595 891/528/580
f 892/535/587 894/543/595 886/527/579
f 986/630/683 994/631/684 985/632/685
f 995/633/686 994/631/684 986/630/683
f 987/634/687 995/633/686 986/630/683
f 981/635/688 982/636/689 991/637/690
f 982/636/689 984/638/691 991/637/690
f 988/639/692 981/635/688 991/637/690
f 989/640/693 983/641/694 981/635/688
f 988/639/692 989/640/693 981/635/688
f 987/634/687 990/642/695 995/633/686
f 988/639/692 992/643/696 989/640/693
f 994/631/684 993/644/697 985/632/685
f 990/642/695 996/645/698 995/633/686
f 984/638/691 985/632/685 993/644/697
f 984/638/691 993/644/697 991/637/690
f 996/645/698 997/646/699 995/633/686
f 997/646/699 998/647/700 995/633/686
f 999/648/701 998/647/700 997/646/699
f 1000/649/702 998/647/700 999/648/701
f 995/633/686 998/647/700 994/631/684
f 998/647/700 1000/649/702 993/644/697
f 994/631/684 998/647/700 993/644/697
f 993/644/697 1000/649/702 991/637/690
f 1000/649/702 1001/650/703 991/637/690
f 1000/649/702 1003/651/704 1002/652/705
f 1001/650/703 1000/649/702 1002/652/705
f 1001/650/703 1002/652/705 988/639/692
f 991/637/690 1001/650/703 988/639/692
f 1002/652/705 1003/651/704 992/643/696
f 988/639/692 1002/652/705 992/643/696
f 1006/653/706 1005/654/707 1004/655/708
f 981/635/688 1006/653/706 1004/655/708
f 1006/653/706 981/635/688 983/641/694
f 981/635/688 1007/656/709 982/636/689
f 981/635/688 1004/655/708 1007/656/709
f 1007/656/709 1008/657/710 982/636/689
f 982/636/689 1008/657/710 984/638/691
f 1008/657/710 1009/658/711 984/638/691
f 986/630/683 985/632/685 1010/659/712
f 1010/659/712 985/632/685 1011/660/713
f 1011/660/713 984/638/691 1009/658/711
f 1011/660/713 985/632/685 984/638/691
f 1012/661/714 986/630/683 1010/659/712
f 1014/662/715 986/630/683 1013/663/716
f 1014/662/715 987/634/687 986/630/683
f 1017/664/717 1016/665/718 1015/666/719
f 1015/666/719 1016/665/718 878/577/630
f 1016/665/718 877/578/631 878/577/630
f 689/667/720 1019/668/721 690/669/722
f 689/667/720 692/670/723 1019/668/721
f 692/670/723 1018/671/724 1019/668/721
f 690/669/722 1019/668/721 1020/672/725
f 1021/673/726 878/577/630 879/521/573
f 1015/666/719 878/577/630 1022/674/727
f 1020/672/725 1019/668/721 1022/674/727
f 1022/674/727 1019/668/721 1015/666/719
f 907/552/604 1018/671/724 692/670/723
f 907/552/604 692/670/723 696/550/602
f 1019/668/721 1018/671/724 1017/664/717
f 1015/666/719 1019/668/721 1017/664/717
f 1023/675/728 1024/676/729 911/555/608
f 1024/676/729 913/558/611 911/555/608
f 911/555/608 858/504/556 699/677/730
f 699/677/730 858/504/556 857/498/550
f 857/498/550 698/678/731 699/677/730
f 857/498/550 694/281/607 698/678/731
f 911/555/608 699/677/730 700/679/732
f 1025/680/733 911/555/608 700/679/732
f 697/681/734 1025/680/733 700/679/732
f 697/681/734 1026/682/735 1025/680/733
f 693/683/736 1026/682/735 697/681/734
f 1026/682/735 693/683/736 691/684/737
f 688/685/738 1026/682/735 691/684/737
f 687/686/739 688/685/738 691/684/737
f 654/687/740 1027/688/741 653/689/742
f 655/690/743 1027/688/741 654/687/740
f 655/690/743 1029/691/744 1028/692/745
f 1029/691/744 1030/693/746 1028/692/745
f 1031/694/747 1028/692/745 1030/693/746
f 1028/692/745 1033/695/748 655/690/743
f 1032/696/749 1034/697/750 1031/694/747
f 1034/697/750 1035/698/751 1031/694/747
f 1031/694/747 1035/698/751 1028/692/745
f 1035/698/751 1038/699/752 1036/700/753
f 1038/699/752 1039/701/754 1036/700/753
f 1036/700/753 1039/701/754 1037/702/755
f 1039/701/754 1040/703/756 1037/702/755
f 1041/704/757 1035/698/751 1036/700/753
f 1041/704/757 1043/705/758 1042/706/759
f 1041/704/757 1036/700/753 1043/705/758
f 1043/705/758 1044/707/760 1042/706/759
f 1042/706/759 1044/707/760 1045/708/761
f 1042/706/759 1045/708/761 1046/709/762
f 1043/705/758 1047/710/763 1044/707/760
f 1048/711/764 1046/709/762 1045/708/761
f 1046/709/762 1048/711/764 1049/712/765
f 1047/710/763 1043/705/758 1037/702/755
f 1043/705/758 1036/700/753 1037/702/755
f 1040/703/756 1050/713/766 1037/702/755
f 1053/714/767 1055/715/768 1054/716/769
f 1052/717/770 1049/712/765 1051/718/771
f 1049/712/765 1052/717/770 1056/719/772
f 1052/717/770 1057/720/773 1056/719/772
f 652/721/774 1027/688/741 1056/719/772
f 655/690/743 1033/695/748 1027/688/741
f 1062/722/775 1058/723/776 1059/724/777
f 1062/722/775 1059/724/777 1063/725/778
f 1059/724/777 1060/726/779 1063/725/778
f 679/727/780 1057/720/773 1062/722/775
f 1062/722/775 1057/720/773 1058/723/776
f 1060/726/779 1061/728/781 1063/725/778
f 1061/728/781 1064/729/782 1065/730/783
f 1063/725/778 1061/728/781 1065/730/783
f 679/727/780 652/721/774 1057/720/773
f 1063/725/778 1065/730/783 1066/731/784
f 677/732/785 1063/725/778 1066/731/784
f 677/732/785 1066/731/784 686/733/786
f 677/732/785 676/734/787 1063/725/778
f 1062/722/775 678/735/788 679/727/780
f 676/734/787 1062/722/775 1063/725/778
f 1056/719/772 1057/720/773 652/721/774
f 652/721/774 653/689/742 1027/688/741
f 1031/694/747 1030/693/746 660/736/789
f 1067/737/790 1032/696/749 1031/694/747
f 1031/694/747 661/738/791 1067/737/790
f 661/738/791 1031/694/747 660/736/789
f 656/739/792 1030/693/746 1029/691/744
f 655/690/743 656/739/792 1029/691/744
f 1069/740/793 1068/741/794 680/742/795
f 681/743/796 1069/740/793 680/742/795
f 682/744/797 1069/740/793 681/743/796
f 683/745/798 1071/746/799 1069/740/793
f 683/745/798 1069/740/793 682/744/797
f 680/742/795 1068/741/794 657/747/800
f 1068/741/794 1070/748/801 657/747/800
f 1072/749/802 553/750/803 1071/746/799
f 554/751/804 553/750/803 1072/749/802
f 685/752/805 554/751/804 1072/749/802
f 553/750/803 552/753/806 1071/746/799
f 1071/746/799 552/753/806 1069/740/793
f 552/753/806 551/754/807 1069/740/793
f 1069/740/793 551/754/807 1068/741/794
f 1068/741/794 551/754/807 550/755/808
f 1070/748/801 1068/741/794 550/755/808
f 659/756/809 1074/757/810 662/758/811
f 1074/757/810 1075/759/812 662/758/811
f 662/758/811 1075/759/812 663/760/813
f 1075/759/812 1076/761/814 663/760/813
f 1076/761/814 673/762/815 665/763/816
f 665/763/816 673/762/815 668/764/817
f 673/762/815 670/765/818 668/764/817
f 663/760/813 1076/761/814 664/766/819
f 664/766/819 1076/761/814 665/763/816
f 673/762/815 1076/761/814 674/767/820
f 1076/761/814 1075/759/812 674/767/820
f 674/767/820 1075/759/812 675/768/821
f 1074/757/810 675/768/821 1075/759/812
f 675/768/821 1074/757/810 1073/769/822
f 1073/769/822 550/755/808 675/768/821
f 1070/748/801 550/755/808 1073/769/822
f 1079/770/823 1078/771/824 1077/772/825
f 1061/728/781 1077/772/825 1080/773/826
f 1081/774/827 1077/772/825 1061/728/781
f 1077/772/825 1081/774/827 1079/770/823
f 1082/775/828 1055/715/768 1081/774/827
f 1081/774/827 1083/776/829 1079/770/823
f 1055/715/768 1083/776/829 1081/774/827
f 1055/715/768 1084/777/830 1083/776/829
f 1082/775/828 1081/774/827 1060/726/779
f 1060/726/779 1081/774/827 1061/728/781
f 1061/728/781 1080/773/826 1064/729/782
f 1059/724/777 1082/775/828 1060/726/779
f 1054/716/769 1082/775/828 1059/724/777
f 1058/723/776 1054/716/769 1059/724/777
f 1053/714/767 1054/716/769 1058/723/776
f 1057/720/773 1053/714/767 1058/723/776
f 1052/717/770 1053/714/767 1057/720/773
f 1082/775/828 1054/716/769 1055/715/768
f 1084/777/830 1055/715/768 1085/778/831
f 1055/715/768 1053/714/767 1085/778/831
f 1079/770/823 1087/779/832 1086/780/833
f 1079/770/823 1083/776/829 1087/779/832
f 1092/781/834 1088/782/835 1091/783/836
f 1092/781/834 1093/784/837 1088/782/835
f 1090/785/838 1089/786/839 1094/787/840
f 1094/787/840 1089/786/839 1095/788/841
f 1095/788/841 1089/786/839 1096/789/842
f 1089/786/839 1088/782/835 1096/789/842
f 1088/782/835 1093/784/837 1096/789/842
f 1142/790/843 1096/789/842 1093/784/837
f 1097/791/844 1142/790/843 1093/784/837
f 1093/784/837 1098/792/845 1097/791/844
f 1092/781/834 1098/792/845 1093/784/837
f 593/793/846 1097/791/844 1098/792/845
f 1098/792/845 1092/781/834 1091/783/836
f 589/794/847 590/795/848 1091/783/836
f 1091/783/836 1088/782/835 589/794/847
f 588/796/849 589/794/847 1088/782/835
f 587/797/850 588/796/849 1088/782/835
f 1088/782/835 1089/786/839 587/797/850
f 587/797/850 1089/786/839 586/798/851
f 1089/786/839 1090/785/838 586/798/851
f 586/798/851 1090/785/838 585/799/852
f 1099/800/853 585/799/852 1090/785/838
f 584/801/854 585/799/852 1099/800/853
f 1100/802/855 584/801/854 1099/800/853
f 583/803/856 584/801/854 1100/802/855
f 1101/804/857 583/803/856 1100/802/855
f 582/805/858 583/803/856 1101/804/857
f 1101/804/857 1102/806/859 582/805/858
f 1103/807/860 1104/808/861 1101/804/857
f 1101/804/857 1104/808/861 1102/806/859
f 1107/809/862 1461/810/863 1108/811/864
f 1106/812/865 1107/809/862 1108/811/864
f 1109/813/866 567/814/867 1108/811/864
f 567/814/867 569/91/868 1108/811/864
f 567/814/867 1109/813/866 566/815/869
f 1109/813/866 1110/816/870 566/815/869
f 566/815/869 1110/816/870 565/817/871
f 1110/816/870 1112/818/872 1111/819/873
f 1110/816/870 1113/820/874 1112/818/872
f 1110/816/870 1109/813/866 1113/820/874
f 1111/819/873 1114/821/875 1110/816/870
f 1114/821/875 1115/822/876 1110/816/870
f 1110/816/870 1115/822/876 565/817/871
f 1109/813/866 1108/811/864 1113/820/874
f 564/823/877 1115/822/876 1116/824/878
f 565/817/871 1115/822/876 564/823/877
f 564/823/877 1116/824/878 562/825/879
f 1116/824/878 1117/826/880 562/825/879
f 563/827/881 562/825/879 1117/826/880
f 1118/828/882 563/827/881 1117/826/880
f 1119/829/883 1118/828/882 1117/826/880
f 1120/830/884 1119/829/883 1117/826/880
f 1121/831/885 1120/830/884 1117/826/880
f 1122/832/886 1120/830/884 1121/831/885
f 1116/824/878 1121/831/885 1117/826/880
f 1121/831/885 1116/824/878 1123/833/887
f 1123/833/887 1116/824/878 1125/834/888
f 1123/833/887 1125/834/888 1124/835/889
f 1126/836/890 1127/837/891 1125/834/888
f 1125/834/888 1127/837/891 1124/835/889
f 1128/838/892 1129/839/893 1127/837/891
f 1124/835/889 1127/837/891 1129/839/893
f 1115/822/876 1125/834/888 1116/824/878
f 1126/836/890 1125/834/888 1115/822/876
f 1114/821/875 1126/836/890 1115/822/876
f 1130/840/894 1132/841/895 1131/842/896
f 1128/838/892 1132/841/895 1130/840/894
f 1128/838/892 1130/840/894 1129/839/893
f 1133/843/897 1134/844/898 1135/845/899
f 1135/845/899 1137/846/900 1136/847/901
f 1136/847/901 629/848/902 628/849/903
f 1136/847/901 1137/846/900 629/848/902
f 1138/850/904 1139/851/905 1134/844/898
f 1141/852/906 1096/789/842 1139/851/905
f 1142/790/843 1139/851/905 1096/789/842
f 1142/790/843 1143/853/907 1139/851/905
f 1143/853/907 1134/844/898 1139/851/905
f 1096/789/842 1141/852/906 1095/788/841
f 1099/800/853 1090/785/838 1094/787/840
f 1144/854/908 1099/800/853 1094/787/840
f 1147/855/909 1146/856/910 1145/857/911
f 1148/858/912 1147/855/909 1145/857/911
f 1147/855/909 1149/859/913 1146/856/910
f 1149/859/913 1147/855/909 1150/860/914
f 1147/855/909 1148/858/912 1151/861/915
f 1152/862/916 1151/861/915 1148/858/912
f 1151/861/915 1150/860/914 1147/855/909
f 1153/863/917 1150/860/914 1151/861/915
f 1154/864/918 1153/863/917 1151/861/915
f 1153/863/917 1154/864/918 1155/865/919
f 1154/864/918 1156/866/920 1155/865/919
f 1152/862/916 1157/867/921 1151/861/915
f 1145/857/911 1144/854/908 1148/858/912
f 1145/857/911 1099/800/853 1144/854/908
f 1095/788/841 1144/854/908 1094/787/840
f 1158/868/922 1095/788/841 1141/852/906
f 1140/869/923 1141/852/906 1139/851/905
f 1159/870/924 1141/852/906 1140/869/923
f 1138/850/904 1140/869/923 1139/851/905
f 1138/850/904 1160/871/925 1140/869/923
f 1160/871/925 1159/870/924 1140/869/923
f 1141/852/906 1159/870/924 1158/868/922
f 1152/862/916 1095/788/841 1158/868/922
f 1095/788/841 1152/862/916 1144/854/908
f 1148/858/912 1144/854/908 1152/862/916
f 1158/868/922 1157/867/921 1152/862/916
f 1158/868/922 1161/872/926 1157/867/921
f 1151/861/915 1157/867/921 1161/872/926
f 1161/872/926 1154/864/918 1151/861/915
f 1160/871/925 1162/873/927 1159/870/924
f 1162/873/927 1158/868/922 1159/870/924
f 1156/866/920 1154/864/918 1161/872/926
f 1161/872/926 1163/874/928 1156/866/920
f 1158/868/922 1162/873/927 1163/874/928
f 1161/872/926 1158/868/922 1163/874/928
f 1166/875/929 1165/876/930 1164/877/931
f 1168/878/932 1167/879/933 1165/876/930
f 1168/878/932 1165/876/930 1169/880/934
f 1168/878/932 1169/880/934 1170/881/935
f 1171/882/936 1168/878/932 1170/881/935
f 1171/882/936 1172/883/937 1168/878/932
f 1178/884/938 1174/885/939 1175/886/940
f 1176/887/941 1177/888/942 1175/886/940
f 1175/886/940 1177/888/942 1178/884/938
f 1173/889/943 1179/890/944 1174/885/939
f 1178/884/938 1173/889/943 1174/885/939
f 1171/882/936 1173/889/943 1178/884/938
f 1172/883/937 1171/882/936 1178/884/938
f 1178/884/938 1177/888/942 1180/891/945
f 1172/883/937 1178/884/938 1181/892/946
f 1172/883/937 1489/893/947 1168/878/932
f 1168/878/932 1489/893/947 1167/879/933
f 1182/894/948 1178/884/938 1180/891/945
f 1178/884/938 1182/894/948 1183/895/949
f 1181/892/946 1178/884/938 1183/895/949
f 1184/896/950 1181/892/946 1183/895/949
f 1185/897/951 1181/892/946 1184/896/950
f 1186/898/952 1181/892/946 1185/897/951
f 1187/899/953 1186/898/952 1185/897/951
f 1186/898/952 1187/899/953 559/900/954
f 1189/901/955 1188/902/956 1186/898/952
f 1190/903/957 1188/902/956 1189/901/955
f 1192/904/958 1189/901/955 1186/898/952
f 1193/905/959 1188/902/956 1190/903/957
f 1191/906/960 1193/905/959 1190/903/957
f 1194/907/961 1195/908/962 1193/905/959
f 1194/907/961 1193/905/959 1191/906/960
f 1195/908/962 1485/909/963 1193/905/959
f 1196/910/964 1195/908/962 1194/907/961
f 1190/903/957 1189/901/955 1197/911/965
f 1197/911/965 1189/901/955 1198/912/966
f 1199/913/967 1197/911/965 1198/912/966
f 1197/911/965 1199/913/967 1200/914/968
f 1202/915/969 1200/914/968 1199/913/967
f 1200/914/968 1202/915/969 1201/916/970
f 1203/917/971 1201/916/970 1204/918/972
f 1201/916/970 1205/919/973 1204/918/972
f 1202/915/969 1205/919/973 1201/916/970
f 1203/917/971 1196/910/964 1201/916/970
f 1204/918/972 1207/920/974 1206/921/975
f 1204/918/972 1205/919/973 1207/920/974
f 1200/914/968 1190/903/957 1197/911/965
f 1191/906/960 1190/903/957 1200/914/968
f 1201/916/970 1191/906/960 1200/914/968
f 1194/907/961 1191/906/960 1201/916/970
f 1196/910/964 1194/907/961 1201/916/970
f 1209/922/976 1198/912/966 1208/923/977
f 1198/912/966 1210/924/978 1208/923/977
f 1198/912/966 1192/904/958 1210/924/978
f 1189/901/955 1192/904/958 1198/912/966
f 1212/925/979 1192/904/958 1211/926/980
f 1192/904/958 1212/925/979 1210/924/978
f 555/927/981 1211/926/980 1192/904/958
f 556/928/982 555/927/981 1192/904/958
f 557/929/983 556/928/982 1192/904/958
f 558/930/984 557/929/983 1192/904/958
f 1186/898/952 558/930/984 1192/904/958
f 558/930/984 1186/898/952 559/900/954
f 1217/931/985 1216/932/986 1215/933/987
f 1215/933/987 1216/932/986 1214/934/988
f 1216/932/986 1218/935/989 1214/934/988
f 1214/934/988 1218/935/989 1213/936/990
f 1214/934/988 581/937/991 1215/933/987
f 1217/931/985 1215/933/987 580/938/992
f 1219/939/993 1216/932/986 1220/940/994
f 1217/931/985 1220/940/994 1216/932/986
f 1217/931/985 574/941/995 576/942/996
f 1221/943/997 1217/931/985 576/942/996
f 1221/943/997 576/942/996 577/944/998
f 1221/943/997 1222/945/999 1217/931/985
f 1222/945/999 1221/943/997 560/946/1000
f 1223/947/1001 1222/945/999 560/946/1000
f 1222/945/999 1220/940/994 1217/931/985
f 560/946/1000 561/948/1002 1223/947/1001
f 577/944/998 568/949/1003 1221/943/997
f 574/941/995 1217/931/985 575/950/1004
f 578/951/1005 575/950/1004 1217/931/985
f 1217/931/985 580/938/992 579/952/1006
f 578/951/1005 1217/931/985 579/952/1006
f 580/938/992 1215/933/987 581/937/991
f 1224/953/1007 597/954/1008 581/937/991
f 581/937/991 1214/934/988 1224/953/1007
f 1214/934/988 1213/936/990 1225/955/1009
f 1213/936/990 1226/956/1010 1225/955/1009
f 1227/957/1011 597/954/1008 1224/953/1007
f 1227/957/1011 596/958/1012 597/954/1008
f 596/958/1012 1227/957/1011 595/959/1013
f 594/960/1014 595/959/1013 1227/957/1011
f 1229/961/1015 1259/962/1016 1228/963/1017
f 1232/964/1018 1234/965/1019 1233/966/1020
f 1233/966/1020 1234/965/1019 1235/967/1021
f 1235/967/1021 1236/968/1022 1233/966/1020
f 1235/967/1021 1237/969/1023 1236/968/1022
f 1238/970/1024 1239/971/1025 1240/972/1026
f 1238/970/1024 1241/973/1027 1239/971/1025
f 639/974/1028 1238/970/1024 640/975/1029
f 1238/970/1024 1236/968/1022 640/975/1029
f 1237/969/1023 640/975/1029 1236/968/1022
f 1237/969/1023 1243/976/1030 1242/977/1031
f 1235/967/1021 1243/976/1030 1237/969/1023
f 1235/967/1021 1234/965/1019 1243/976/1030
f 1255/978/1032 1242/977/1031 1243/976/1030
f 1247/979/1033 1245/980/1034 1246/981/1035
f 1248/982/1036 1246/981/1035 1245/980/1034
f 1245/980/1034 1250/983/1037 1248/982/1036
f 1250/983/1037 1245/980/1034 1244/984/1038
f 1248/982/1036 1250/983/1037 1251/985/1039
f 1249/986/1040 1248/982/1036 1251/985/1039
f 1251/985/1039 1250/983/1037 1252/987/1041
f 1252/987/1041 1253/988/1042 1254/989/1043
f 1252/987/1041 1250/983/1037 1253/988/1042
f 1253/988/1042 1250/983/1037 1255/978/1032
f 1253/988/1042 1255/978/1032 1234/965/1019
f 1249/986/1040 1251/985/1039 1256/990/1044
f 1249/986/1040 1256/990/1044 1257/991/1045
f 1248/982/1036 1249/986/1040 1257/991/1045
f 1251/985/1039 1258/992/1046 1256/990/1044
f 1251/985/1039 1252/987/1041 1258/992/1046
f 1252/987/1041 1259/962/1016 1258/992/1046
f 1252/987/1041 1254/989/1043 1259/962/1016
f 1248/982/1036 1257/991/1045 1260/993/1047
f 1246/981/1035 1248/982/1036 1260/993/1047
f 1250/983/1037 1244/984/1038 1255/978/1032
f 1255/978/1032 1243/976/1030 1234/965/1019
f 1242/977/1031 1255/978/1032 1244/984/1038
f 1234/965/1019 1232/964/1018 1253/988/1042
f 1232/964/1018 1231/994/1048 1253/988/1042
f 1230/995/1049 1253/988/1042 1231/994/1048
f 1228/963/1017 1253/988/1042 1230/995/1049
f 1228/963/1017 1254/989/1043 1253/988/1042
f 1254/989/1043 1228/963/1017 1259/962/1016
f 1261/996/1050 1263/997/1051 1262/998/1052
f 1262/998/1052 1263/997/1051 1265/999/1053
f 1261/996/1050 1262/998/1052 1334/1000/1054
f 1266/1001/1055 1261/996/1050 1334/1000/1054
f 1334/1000/1054 1336/1002/1056 1266/1001/1055
f 1261/996/1050 1266/1001/1055 1264/1003/1057
f 1268/1004/1058 1264/1003/1057 1267/1005/1059
f 1269/1006/1060 1268/1004/1058 1267/1005/1059
f 1269/1006/1060 1270/1007/1061 1268/1004/1058
f 1272/1008/1062 1271/1009/1063 1268/1004/1058
f 1272/1008/1062 1268/1004/1058 1270/1007/1061
f 1273/1010/1064 1271/1009/1063 1272/1008/1062
f 1274/1011/1065 1268/1004/1058 1271/1009/1063
f 599/1012/1066 1275/1013/1067 1273/1010/1064
f 604/1014/1068 599/1012/1066 1273/1010/1064
f 599/1012/1066 598/1015/1069 1275/1013/1067
f 1271/1009/1063 1273/1010/1064 1275/1013/1067
f 1278/1016/1070 1273/1010/1064 1272/1008/1062
f 1275/1013/1067 1276/1017/1071 1271/1009/1063
f 1274/1011/1065 1271/1009/1063 1276/1017/1071
f 1264/1003/1057 1268/1004/1058 1274/1011/1065
f 1277/1018/1072 1274/1011/1065 1276/1017/1071
f 1264/1003/1057 1274/1011/1065 1277/1018/1072
f 1277/1018/1072 602/1019/1073 1280/1020/1074
f 1280/1020/1074 1264/1003/1057 1277/1018/1072
f 1264/1003/1057 1280/1020/1074 1282/1021/1075
f 1281/1022/1076 1282/1021/1075 1280/1020/1074
f 1281/1022/1076 627/1023/1077 626/1024/1078
f 1283/1025/1079 1281/1022/1076 626/1024/1078
f 1281/1022/1076 613/1026/1080 627/1023/1077
f 1281/1022/1076 1283/1025/1079 1282/1021/1075
f 1283/1025/1079 626/1024/1078 623/1027/1081
f 1282/1021/1075 1263/997/1051 1261/996/1050
f 1283/1025/1079 1263/997/1051 1282/1021/1075
f 1283/1025/1079 623/1027/1081 1284/1028/1082
f 1283/1025/1079 1284/1028/1082 1263/997/1051
f 1284/1028/1082 1285/1029/1083 1263/997/1051
f 1284/1028/1082 1286/1030/1084 1285/1029/1083
f 1286/1030/1084 1284/1028/1082 622/1031/1085
f 621/1032/1086 1286/1030/1084 622/1031/1085
f 623/1027/1081 622/1031/1085 1284/1028/1082
f 612/1033/1087 613/1026/1080 1281/1022/1076
f 1281/1022/1076 1280/1020/1074 612/1033/1087
f 612/1033/1087 1280/1020/1074 603/1034/1088
f 1280/1020/1074 602/1019/1073 603/1034/1088
f 601/1035/1089 602/1019/1073 1277/1018/1072
f 601/1035/1089 1277/1018/1072 600/1036/1090
f 1277/1018/1072 1276/1017/1071 600/1036/1090
f 600/1036/1090 1276/1017/1071 1275/1013/1067
f 598/1015/1069 600/1036/1090 1275/1013/1067
f 1287/1037/1091 605/1038/1092 604/1014/1068
f 1287/1037/1091 604/1014/1068 1273/1010/1064
f 1288/1039/1093 1287/1037/1091 1273/1010/1064
f 1273/1010/1064 1289/1040/1094 1288/1039/1093
f 1278/1016/1070 1289/1040/1094 1273/1010/1064
f 1290/1041/1095 609/1042/1096 1291/1043/1097
f 609/1042/1096 610/1044/1098 1291/1043/1097
f 1294/1045/1099 1293/1046/1100 1295/1047/1101
f 1294/1045/1099 1295/1047/1101 1297/1048/1102
f 608/1049/1103 1293/1046/1100 1294/1045/1099
f 1298/1050/1104 1299/1051/1105 1294/1045/1099
f 1294/1045/1099 1299/1051/1105 614/1052/1106
f 1294/1045/1099 614/1052/1106 608/1049/1103
f 1300/1053/1107 1299/1051/1105 1298/1050/1104
f 1300/1053/1107 1301/1054/1108 617/1055/1109
f 1302/1056/1110 1303/1057/1111 620/1058/1112
f 1303/1057/1111 1304/1059/1113 620/1058/1112
f 1305/1060/1114 625/1061/1115 1304/1059/1113
f 1304/1059/1113 1303/1057/1111 1305/1060/1114
f 1297/1048/1102 1298/1050/1104 1294/1045/1099
f 1306/1062/1116 1302/1056/1110 1301/1054/1108
f 1301/1054/1108 1300/1053/1107 1306/1062/1116
f 1307/1063/1117 1302/1056/1110 1306/1062/1116
f 1308/1064/1118 1303/1057/1111 1302/1056/1110
f 1307/1063/1117 1308/1064/1118 1302/1056/1110
f 1308/1064/1118 1309/1065/1119 1303/1057/1111
f 1309/1065/1119 1310/1066/1120 1303/1057/1111
f 1311/1067/1121 1308/1064/1118 1307/1063/1117
f 1308/1064/1118 1311/1067/1121 1309/1065/1119
f 1311/1067/1121 1312/1068/1122 1309/1065/1119
f 1313/1069/1123 1312/1068/1122 1311/1067/1121
f 1306/1062/1116 1314/1070/1124 1307/1063/1117
f 1315/1071/1125 1306/1062/1116 1316/1072/1126
f 1300/1053/1107 1316/1072/1126 1306/1062/1116
f 1316/1072/1126 1300/1053/1107 1298/1050/1104
f 1316/1072/1126 1298/1050/1104 1297/1048/1102
f 1314/1070/1124 1306/1062/1116 1315/1071/1125
f 1315/1071/1125 1316/1072/1126 1297/1048/1102
f 1297/1048/1102 1317/1073/1127 1315/1071/1125
f 1295/1047/1101 1317/1073/1127 1297/1048/1102
f 1296/1074/1128 1317/1073/1127 1295/1047/1101
f 1319/1075/1129 1320/1076/1130 1318/1077/1131
f 1318/1077/1131 1296/1074/1128 1295/1047/1101
f 1321/1078/1132 1318/1077/1131 1295/1047/1101
f 1318/1077/1131 1321/1078/1132 1319/1075/1129
f 1295/1047/1101 1293/1046/1100 1321/1078/1132
f 1293/1046/1100 1290/1041/1095 1321/1078/1132
f 1322/1079/1133 1323/1080/1134 1320/1076/1130
f 1290/1041/1095 1291/1043/1097 1321/1078/1132
f 1324/1081/1135 1322/1079/1133 1291/1043/1097
f 1324/1081/1135 1291/1043/1097 610/1044/1098
f 1292/1082/1136 1324/1081/1135 610/1044/1098
f 1322/1079/1133 1319/1075/1129 1291/1043/1097
f 1320/1076/1130 1319/1075/1129 1322/1079/1133
f 1291/1043/1097 1319/1075/1129 1321/1078/1132
f 1320/1076/1130 1325/1083/1137 1326/1084/1138
f 1318/1077/1131 1320/1076/1130 1326/1084/1138
f 1326/1084/1138 1327/1085/1139 1318/1077/1131
f 1327/1085/1139 1296/1074/1128 1318/1077/1131
f 1296/1074/1128 1327/1085/1139 1328/1086/1140
f 1317/1073/1127 1296/1074/1128 1328/1086/1140
f 1317/1073/1127 1328/1086/1140 1329/1087/1141
f 1325/1083/1137 1320/1076/1130 1330/1088/1142
f 1320/1076/1130 1323/1080/1134 1330/1088/1142
f 1315/1071/1125 1317/1073/1127 1331/1089/1143
f 1331/1089/1143 1314/1070/1124 1315/1071/1125
f 1317/1073/1127 1329/1087/1141 1332/1090/1144
f 1331/1089/1143 1317/1073/1127 1332/1090/1144
f 1314/1070/1124 1331/1089/1143 1332/1090/1144
f 1307/1063/1117 1314/1070/1124 1333/1091/1145
f 1307/1063/1117 1333/1091/1145 1311/1067/1121
f 1490/1092/1146 1335/1093/1147 1334/1000/1054
f 1266/1001/1055 1336/1002/1056 1337/1094/1148
f 1266/1001/1055 1337/1094/1148 1338/1095/1149
f 1266/1001/1055 1338/1095/1149 1339/1096/1150
f 1269/1006/1060 1267/1005/1059 1340/1097/1151
f 1269/1006/1060 1340/1097/1151 1270/1007/1061
f 1264/1003/1057 1339/1096/1150 1267/1005/1059
f 1340/1097/1151 1267/1005/1059 1341/1098/1152
f 1270/1007/1061 1340/1097/1151 1342/1099/1153
f 1266/1001/1055 1339/1096/1150 1264/1003/1057
f 1342/1099/1153 1343/1100/1154 1270/1007/1061
f 1343/1100/1154 1272/1008/1062 1270/1007/1061
f 1344/1101/1155 1272/1008/1062 1343/1100/1154
f 1344/1101/1155 1278/1016/1070 1272/1008/1062
f 1345/1102/1156 1342/1099/1153 1346/1103/1157
f 1342/1099/1153 1347/1104/1158 1346/1103/1157
f 1348/1105/1159 1346/1103/1157 1347/1104/1158
f 1349/1106/1160 1348/1105/1159 1347/1104/1158
f 1348/1105/1159 1349/1106/1160 1350/1107/1161
f 1351/1108/1162 1348/1105/1159 1350/1107/1161
f 1352/1109/1163 1351/1108/1162 1350/1107/1161
f 1352/1109/1163 1350/1107/1161 1353/1110/1164
f 1353/1110/1164 1355/1111/1165 1354/1112/1166
f 1353/1110/1164 1356/1113/1167 1355/1111/1165
f 1350/1107/1161 1357/1114/1168 1353/1110/1164
f 1357/1114/1168 1358/1115/1169 1353/1110/1164
f 1356/1113/1167 1353/1110/1164 1358/1115/1169
f 1359/1116/1170 1358/1115/1169 1357/1114/1168
f 1360/1117/1171 1359/1116/1170 1357/1114/1168
f 1352/1109/1163 1353/1110/1164 1354/1112/1166
f 1354/1112/1166 1355/1111/1165 1361/1118/1172
f 1355/1111/1165 1362/1119/1173 1361/1118/1172
f 1359/1116/1170 1363/1120/1174 1358/1115/1169
f 1364/1121/1175 1352/1109/1163 1354/1112/1166
f 1352/1109/1163 1364/1121/1175 1365/1122/1176
f 1351/1108/1162 1352/1109/1163 1365/1122/1176
f 1366/1123/1177 1351/1108/1162 1365/1122/1176
f 1368/1124/1178 1367/1125/1179 1351/1108/1162
f 1368/1124/1178 1345/1102/1156 1367/1125/1179
f 1345/1102/1156 1346/1103/1157 1367/1125/1179
f 1370/1126/1180 1368/1124/1178 1369/1127/1181
f 1344/1101/1155 1368/1124/1178 1370/1126/1180
f 1370/1126/1180 1279/1128/1182 1344/1101/1155
f 1278/1016/1070 1344/1101/1155 1279/1128/1182
f 1368/1124/1178 1344/1101/1155 1345/1102/1156
f 1345/1102/1156 1344/1101/1155 1343/1100/1154
f 1343/1100/1154 1342/1099/1153 1345/1102/1156
f 1348/1105/1159 1367/1125/1179 1346/1103/1157
f 1367/1125/1179 1348/1105/1159 1351/1108/1162
f 1373/1129/1183 1372/1130/1184 1371/1131/1185
f 1375/1132/1186 1371/1131/1185 1374/1133/1187
f 1371/1131/1185 1372/1130/1184 1376/1134/1188
f 1372/1130/1184 1377/1135/1189 1376/1134/1188
f 1376/1134/1188 1377/1135/1189 1378/1136/1190
f 1379/1137/1191 1376/1134/1188 1378/1136/1190
f 1378/1136/1190 1380/1138/1192 1379/1137/1191
f 1376/1134/1188 1379/1137/1191 1381/1139/1193
f 1374/1133/1187 1376/1134/1188 1381/1139/1193
f 1371/1131/1185 1376/1134/1188 1374/1133/1187
f 1379/1137/1191 1380/1138/1192 1382/1140/1194
f 1380/1138/1192 1383/1141/1195 1382/1140/1194
f 1383/1141/1195 1359/1116/1170 1382/1140/1194
f 1384/1142/1196 1363/1120/1174 1359/1116/1170
f 1383/1141/1195 1384/1142/1196 1359/1116/1170
f 1382/1140/1194 1359/1116/1170 1385/1143/1197
f 1386/1144/1198 1382/1140/1194 1385/1143/1197
f 1379/1137/1191 1382/1140/1194 1386/1144/1198
f 1381/1139/1193 1379/1137/1191 1386/1144/1198
f 1374/1133/1187 1381/1139/1193 1387/1145/1199
f 1388/1146/1200 1374/1133/1187 1387/1145/1199
f 1374/1133/1187 1388/1146/1200 1389/1147/1201
f 1375/1132/1186 1374/1133/1187 1389/1147/1201
f 1381/1139/1193 1386/1144/1198 1390/1148/1202
f 1391/1149/1203 1338/1095/1149 1390/1148/1202
f 1267/1005/1059 1339/1096/1150 1338/1095/1149
f 1391/1149/1203 1341/1098/1152 1338/1095/1149
f 1267/1005/1059 1338/1095/1149 1341/1098/1152
f 1341/1098/1152 1392/1150/1204 1340/1097/1151
f 1337/1094/1148 1336/1002/1056 1393/1151/1205
f 1336/1002/1056 1334/1000/1054 1393/1151/1205
f 1334/1000/1054 1394/1152/1206 1393/1151/1205
f 1334/1000/1054 1335/1093/1147 1394/1152/1206
f 1395/1153/1207 1337/1094/1148 1393/1151/1205
f 1395/1153/1207 1390/1148/1202 1338/1095/1149
f 1337/1094/1148 1395/1153/1207 1338/1095/1149
f 1390/1148/1202 1395/1153/1207 1381/1139/1193
f 1393/1151/1205 1387/1145/1199 1395/1153/1207
f 1395/1153/1207 1387/1145/1199 1381/1139/1193
f 1388/1146/1200 1387/1145/1199 1393/1151/1205
f 1388/1146/1200 1396/1154/1208 1397/1155/1209
f 1389/1147/1201 1388/1146/1200 1397/1155/1209
f 1394/1152/1206 1388/1146/1200 1393/1151/1205
f 1396/1154/1208 1388/1146/1200 1394/1152/1206
f 1398/1156/1210 1397/1155/1209 1396/1154/1208
f 1398/1156/1210 1396/1154/1208 1335/1093/1147
f 1396/1154/1208 1394/1152/1206 1335/1093/1147
f 1401/1157/1211 1400/1158/1212 1399/1159/1213
f 1403/1160/1214 1402/1161/1215 1399/1159/1213
f 1400/1158/1212 1401/1157/1211 1404/1162/1216
f 1405/1163/1217 1400/1158/1212 1404/1162/1216
f 1406/1164/1218 1399/1159/1213 1400/1158/1212
f 1405/1163/1217 1406/1164/1218 1400/1158/1212
f 1406/1164/1218 1403/1160/1214 1399/1159/1213
f 1403/1160/1214 1409/1165/1219 1402/1161/1215
f 1407/1166/1220 1409/1165/1219 1403/1160/1214
f 1406/1164/1218 1407/1166/1220 1403/1160/1214
f 1409/1165/1219 1410/1167/1221 1402/1161/1215
f 1408/1168/1222 1402/1161/1215 1410/1167/1221
f 1411/1169/1223 1408/1168/1222 1412/1170/1224
f 1410/1167/1221 1412/1170/1224 1408/1168/1222
f 1413/1171/1225 1411/1169/1223 1412/1170/1224
f 1409/1165/1219 1407/1166/1220 1414/1172/1226
f 1415/1173/1227 1409/1165/1219 1414/1172/1226
f 1409/1165/1219 1415/1173/1227 1410/1167/1221
f 1416/1174/1228 1412/1170/1224 1410/1167/1221
f 1417/1175/1229 1424/1176/1230 1418/1177/1231
f 1419/1178/1232 1421/1179/1233 1420/1180/1234
f 1423/1181/1235 1422/1182/1236 1424/1176/1230
f 1422/1182/1236 1421/1179/1233 1424/1176/1230
f 1421/1179/1233 1419/1178/1232 1418/1177/1231
f 1424/1176/1230 1421/1179/1233 1418/1177/1231
f 1424/1176/1230 1425/1183/1237 1423/1181/1235
f 1425/1183/1237 1424/1176/1230 1426/1184/1238
f 1425/1183/1237 1427/1185/1239 1423/1181/1235
f 1426/1184/1238 1424/1176/1230 1428/1186/1240
f 1417/1175/1229 1428/1186/1240 1424/1176/1230
f 1428/1186/1240 1417/1175/1229 1413/1171/1225
f 1413/1171/1225 1417/1175/1229 1411/1169/1223
f 1431/1187/1241 1430/1188/1242 1429/1189/1243
f 1432/1190/1244 1431/1187/1241 1429/1189/1243
f 1433/1191/1245 1429/1189/1243 1430/1188/1242
f 1433/1191/1245 1434/1192/1246 1429/1189/1243
f 1436/1193/1247 1429/1189/1243 1435/1194/1248
f 1437/1195/1249 1435/1194/1248 1429/1189/1243
f 1434/1192/1246 1438/1196/1250 1429/1189/1243
f 1439/1197/1251 1437/1195/1249 1429/1189/1243
f 1440/1198/1252 1439/1197/1251 1429/1189/1243
f 1440/1198/1252 1429/1189/1243 1438/1196/1250
f 1438/1196/1250 1441/1199/1253 1440/1198/1252
f 1442/1200/1254 1443/1201/1255 1440/1198/1252
f 1444/1202/1256 1442/1200/1254 1440/1198/1252
f 1445/1203/1257 1444/1202/1256 1440/1198/1252
f 1446/1204/1258 1445/1203/1257 1440/1198/1252
f 1441/1199/1253 1446/1204/1258 1440/1198/1252
f 1447/1205/1259 1448/1206/1260 1449/1207/1261
f 1448/1206/1260 1447/1205/1259 634/1208/1262
f 1449/1207/1261 1448/1206/1260 1450/1209/1263
f 1449/1207/1261 1450/1209/1263 1247/979/1033
f 1247/979/1033 1450/1209/1263 644/1210/1264
f 1245/980/1034 1247/979/1033 644/1210/1264
f 1245/980/1034 644/1210/1264 1453/1211/1265
f 644/1210/1264 1450/1209/1263 633/1212/1266
f 1450/1209/1263 1448/1206/1260 633/1212/1266
f 634/1208/1262 633/1212/1266 1448/1206/1260
f 1245/980/1034 1453/1211/1265 1244/984/1038
f 1447/1205/1259 1451/1213/1267 634/1208/1262
f 1451/1213/1267 1452/1214/1268 635/1215/1269
f 636/1216/1270 635/1215/1269 1452/1214/1268
f 1452/1214/1268 1241/973/1027 637/1217/1271
f 634/1208/1262 1451/1213/1267 635/1215/1269
f 1239/971/1025 1452/1214/1268 1240/972/1026
f 1241/973/1027 1452/1214/1268 1239/971/1025
f 639/974/1028 1241/973/1027 1238/970/1024
f 636/1216/1270 1452/1214/1268 637/1217/1271
f 639/974/1028 638/1218/1272 1241/973/1027
f 638/1218/1272 637/1217/1271 1241/973/1027
f 1449/1207/1261 1246/981/1035 1260/993/1047
f 1246/981/1035 1449/1207/1261 1247/979/1033
f 640/975/1029 1237/969/1023 641/1219/1273
f 1237/969/1023 1242/977/1031 641/1219/1273
f 1242/977/1031 1244/984/1038 1453/1211/1265
f 1453/1211/1265 644/1210/1264 643/1220/1274
f 1453/1211/1265 643/1220/1274 642/1221/1275
f 641/1219/1273 1242/977/1031 1453/1211/1265
f 642/1221/1275 641/1219/1273 1453/1211/1265
f 1238/970/1024 1454/1222/1276 1236/968/1022
f 1454/1222/1276 1233/966/1020 1236/968/1022
f 1455/1223/1277 1233/966/1020 1454/1222/1276
f 1456/1224/1278 1232/964/1018 1233/966/1020
f 1456/1224/1278 1233/966/1020 1455/1223/1277
f 1457/1225/1279 1228/963/1017 1230/995/1049
f 1229/961/1015 1228/963/1017 1457/1225/1279
f 1240/972/1026 1458/1226/1280 1454/1222/1276
f 1454/1222/1276 1459/1227/1281 1455/1223/1277
f 1459/1227/1281 1454/1222/1276 1458/1226/1280
f 1460/1228/1282 1459/1227/1281 1458/1226/1280
f 1240/972/1026 1454/1222/1276 1238/970/1024
f 571/1229/1283 1106/812/865 570/1230/1284
f 1106/812/865 1108/811/864 570/1230/1284
f 569/91/868 570/1230/1284 1108/811/864
f 1106/812/865 571/1229/1283 572/1231/1285
f 573/1232/1286 1106/812/865 572/1231/1285
f 1107/809/862 1106/812/865 1105/1233/1287
f 573/1232/1286 1102/806/859 1106/812/865
f 1106/812/865 1102/806/859 1105/1233/1287
f 1105/1233/1287 1102/806/859 1104/808/861
f 1102/806/859 573/1232/1286 582/805/858
f 881/519/571 960/607/660 885/526/578
f 1103/807/860 647/1234/1288 1104/808/861
f 1103/807/860 1146/856/910 647/1234/1288
f 645/1235/1289 1104/808/861 647/1234/1288
f 1105/1233/1287 1104/808/861 645/1235/1289
f 646/1236/1290 1105/1233/1287 645/1235/1289
f 1107/809/862 1105/1233/1287 646/1236/1290
f 646/1236/1290 1461/810/863 1107/809/862
f 1112/818/872 1113/820/874 1461/810/863
f 1461/810/863 1113/820/874 1108/811/864
f 649/1237/1291 648/1238/1292 647/1234/1288
f 1146/856/910 649/1237/1291 647/1234/1288
f 649/1237/1291 1146/856/910 1149/859/913
f 649/1237/1291 1149/859/913 650/1239/1293
f 651/1240/1294 650/1239/1293 1149/859/913
f 1464/1241/1295 1463/1242/1296 1462/1243/1297
f 1465/1244/1298 1467/1245/1299 1466/1246/1300
f 1464/1241/1295 1462/1243/1297 1468/1247/1301
f 1469/1248/1302 1464/1241/1295 1468/1247/1301
f 1468/1247/1301 1462/1243/1297 1465/1244/1298
f 1470/1249/1303 1468/1247/1301 1465/1244/1298
f 1470/1249/1303 1465/1244/1298 1466/1246/1300
f 1471/1250/1304 1470/1249/1303 1466/1246/1300
f 1415/1173/1227 1464/1241/1295 1469/1248/1302
f 1472/1251/1305 1415/1173/1227 1469/1248/1302
f 1415/1173/1227 1472/1251/1305 1410/1167/1221
f 1416/1174/1228 1410/1167/1221 1472/1251/1305
f 1415/1173/1227 1463/1242/1296 1464/1241/1295
f 1415/1173/1227 1414/1172/1226 1463/1242/1296
f 1411/1169/1223 1402/1161/1215 1408/1168/1222
f 1411/1169/1223 1399/1159/1213 1402/1161/1215
f 1401/1157/1211 1399/1159/1213 1411/1169/1223
f 1417/1175/1229 1401/1157/1211 1411/1169/1223
f 1417/1175/1229 1418/1177/1231 1401/1157/1211
f 1401/1157/1211 1418/1177/1231 1419/1178/1232
f 1404/1162/1216 1401/1157/1211 1419/1178/1232
f 1419/1178/1232 1420/1180/1234 1404/1162/1216
f 1420/1180/1234 1405/1163/1217 1404/1162/1216
f 1044/707/760 1473/1252/1306 1045/708/761
f 1474/1253/1307 1473/1252/1306 1044/707/760
f 1474/1253/1307 1044/707/760 1047/710/763
f 1475/1254/1308 1473/1252/1306 1474/1253/1307
f 1048/711/764 1045/708/761 1473/1252/1306
f 1048/711/764 1473/1252/1306 1476/1255/1309
f 1048/711/764 1476/1255/1309 1477/1256/1310
f 1049/712/765 1048/711/764 1477/1256/1310
f 1049/712/765 1477/1256/1310 1051/718/771
f 1473/1252/1306 1475/1254/1308 1478/1257/1311
f 1173/889/943 1479/1258/1312 1179/890/944
f 1479/1258/1312 1173/889/943 1480/1259/1313
f 1173/889/943 1170/881/935 1480/1259/1313
f 1171/882/936 1170/881/935 1173/889/943
f 1480/1259/1313 1170/881/935 1481/1260/1314
f 1481/1260/1314 1170/881/935 1482/1261/1315
f 1170/881/935 1169/880/934 1482/1261/1315
f 1483/1262/1316 1482/1261/1315 1169/880/934
f 1165/876/930 1483/1262/1316 1169/880/934
f 1165/876/930 1484/1263/1317 1483/1262/1316
f 1193/905/959 1485/909/963 1486/1264/1318
f 1487/1265/1319 1193/905/959 1486/1264/1318
f 1486/1264/1318 1488/1266/1320 1487/1265/1319
f 1488/1266/1320 1167/879/933 1487/1265/1319
f 1167/879/933 1488/1266/1320 1164/877/931
f 1489/893/947 1487/1265/1319 1167/879/933
f 1164/877/931 1165/876/930 1167/879/933
f 1193/905/959 1487/1265/1319 1188/902/956
f 1181/892/946 1186/898/952 1188/902/956
f 1181/892/946 1188/902/956 1489/893/947
f 1487/1265/1319 1489/893/947 1188/902/956
f 1489/893/947 1172/883/937 1181/892/946
f 1334/1000/1054 1262/998/1052 1490/1092/1146
f 1143/853/907 1137/846/900 1135/845/899
f 1143/853/907 1135/845/899 1134/844/898
f 1097/791/844 1143/853/907 1142/790/843
f 632/1267/1321 631/1268/1322 1143/853/907
f 630/1269/1323 629/848/902 1137/846/900
f 1137/846/900 1143/853/907 630/1269/1323
f 631/1268/1322 630/1269/1323 1143/853/907
f 1097/791/844 632/1267/1321 1143/853/907
f 593/793/846 632/1267/1321 1097/791/844
f 593/793/846 1098/792/845 592/1270/1324
f 1098/792/845 1091/783/836 592/1270/1324
f 592/1270/1324 1091/783/836 591/1271/1325
f 591/1271/1325 1091/783/836 590/795/848
f 1073/769/822 1074/757/810 659/756/809
f 659/756/809 658/1272/1326 1073/769/822
f 658/1272/1326 1070/748/801 1073/769/822
f 658/1272/1326 657/747/800 1070/748/801
f 684/1273/1327 1072/749/802 683/745/798
f 1072/749/802 1071/746/799 683/745/798
f 684/1273/1327 685/752/805 1072/749/802
f 1261/996/1050 1264/1003/1057 1282/1021/1075
f 1386/1144/1198 1391/1149/1203 1390/1148/1202
f 1391/1149/1203 1491/1274/1328 1392/1150/1204
f 1392/1150/1204 1491/1274/1328 1492/1275/1329
f 1341/1098/1152 1391/1149/1203 1392/1150/1204
f 1340/1097/1151 1392/1150/1204 1342/1099/1153
f 1347/1104/1158 1342/1099/1153 1493/1276/1330
f 1392/1150/1204 1493/1276/1330 1342/1099/1153
f 1392/1150/1204 1492/1275/1329 1493/1276/1330
f 1493/1276/1330 1349/1106/1160 1347/1104/1158
f 1493/1276/1330 1494/1277/1331 1349/1106/1160
f 1494/1277/1331 1350/1107/1161 1349/1106/1160
f 1350/1107/1161 1494/1277/1331 1357/1114/1168
f 1494/1277/1331 1360/1117/1171 1357/1114/1168
f 1494/1277/1331 1385/1143/1197 1360/1117/1171
f 1494/1277/1331 1493/1276/1330 1492/1275/1329
f 1491/1274/1328 1494/1277/1331 1492/1275/1329
f 1385/1143/1197 1494/1277/1331 1491/1274/1328
f 1391/1149/1203 1386/1144/1198 1491/1274/1328
f 1386/1144/1198 1385/1143/1197 1491/1274/1328
f 1385/1143/1197 1359/1116/1170 1360/1117/1171
f 1368/1124/1178 1351/1108/1162 1369/1127/1181
f 1366/1123/1177 1369/1127/1181 1351/1108/1162
f 1042/706/759 1028/692/745 1041/704/757
f 1033/695/748 1028/692/745 1042/706/759
f 1028/692/745 1035/698/751 1041/704/757
f 1046/709/762 1033/695/748 1042/706/759
f 1027/688/741 1033/695/748 1046/709/762
f 1046/709/762 1049/712/765 1027/688/741
f 1056/719/772 1027/688/741 1049/712/765
f 1145/857/911 1146/856/910 1103/807/860
f 1145/857/911 1103/807/860 1100/802/855
f 1100/802/855 1103/807/860 1101/804/857
f 1100/802/855 1099/800/853 1145/857/911
f 609/1042/1096 1290/1041/1095 606/1278/1332
f 1293/1046/1100 606/1278/1332 1290/1041/1095
f 606/1278/1332 1293/1046/1100 607/1279/1333
f 1293/1046/1100 608/1049/1103 607/1279/1333
f 610/1044/1098 611/1280/1334 1292/1082/1136
f 614/1052/1106 1299/1051/1105 616/1281/1335
f 1299/1051/1105 1300/1053/1107 616/1281/1335
f 615/1282/1336 614/1052/1106 616/1281/1335
f 1300/1053/1107 617/1055/1109 616/1281/1335
f 618/1283/1337 617/1055/1109 1301/1054/1108
f 618/1283/1337 1301/1054/1108 1302/1056/1110
f 619/1284/1338 618/1283/1337 1302/1056/1110
f 1302/1056/1110 620/1058/1112 619/1284/1338
f 624/1285/1339 620/1058/1112 1304/1059/1113
f 624/1285/1339 1304/1059/1113 625/1061/1115
f 1427/1185/1239 1496/1286/1340 1495/1287/1341
f 1427/1185/1239 1495/1287/1341 1423/1181/1235
f 669/1288/1342 667/1289/1343 666/1290/1344
f 669/1288/1342 671/1291/1345 667/1289/1343
f 672/1292/1346 667/1289/1343 671/1291/1345
f 880/520/572 882/525/577 1497/522/574
f 1499/1293/1347 1498/1294/1348 1501/1295/1349
f 1502/494/1350 1499/1293/1347 1501/1295/1349
f 1503/1296/1351 1501/1295/1349 1498/1294/1348
f 1501/1295/1349 1503/1296/1351 1504/1297/1352
f 1503/1296/1351 1505/1298/1353 1504/1297/1352
f 1505/1298/1353 1506/1299/1354 1504/1297/1352
f 1507/1300/1355 1506/1299/1354 1505/1298/1353
f 1510/1301/1356 1509/1302/1357 1508/1303/1358
f 1511/1304/1359 1510/1301/1356 1508/1303/1358
f 1511/1304/1359 1508/1303/1358 1506/1299/1354
f 1511/1304/1359 1512/1305/1360 1510/1301/1356
f 1512/1305/1360 1511/1304/1359 1513/1306/1361
f 1514/1307/1362 1512/1305/1360 1513/1306/1361
f 1515/1308/1363 1512/1305/1360 1514/1307/1362
f 1515/1308/1363 1514/1307/1362 1516/1309/1364
f 1517/1310/1365 1515/1308/1363 1516/1309/1364
f 1518/1311/1366 1510/1301/1356 1512/1305/1360
f 1513/1306/1361 1516/1309/1364 1514/1307/1362
f 1516/1309/1364 1513/1306/1361 1507/1300/1355
f 1513/1306/1361 1506/1299/1354 1507/1300/1355
f 1513/1306/1361 1511/1304/1359 1506/1299/1354
f 1519/1312/1367 1512/1305/1360 1515/1308/1363
f 1520/1313/1368 1519/1312/1367 1515/1308/1363
f 1521/1314/1369 1520/1313/1368 1517/1310/1365
f 1519/1312/1367 1520/1313/1368 1523/1315/1370
f 1519/1312/1367 1523/1315/1370 1522/1316/1371
f 1520/1313/1368 1521/1314/1369 1523/1315/1370
f 1519/1312/1367 1522/1316/1371 1512/1305/1360
f 1522/1316/1371 1518/1311/1366 1512/1305/1360
f 1520/1313/1368 1515/1308/1363 1517/1310/1365
f 1527/1317/1372 1526/1318/1373 1525/1319/1374
f 1524/1320/1375 1502/494/1350 1528/1321/1376
f 1527/1317/1372 1525/1319/1374 1529/1322/1377
f 1525/1319/1374 1530/1323/1378 1529/1322/1377
f 1527/1317/1372 1529/1322/1377 1531/1324/1379
f 1531/1324/1379 1532/1325/1380 1533/1326/1381
f 1534/1327/1382 1531/1324/1379 1533/1326/1381
f 1534/1327/1382 1527/1317/1372 1531/1324/1379
f 1534/1327/1382 1533/1326/1381 1535/1328/1383
f 1534/1327/1382 1541/1329/1384 1527/1317/1372
f 1536/1330/1385 1534/1327/1382 1535/1328/1383
f 1534/1327/1382 1536/1330/1385 1543/1331/1386
f 1543/1331/1386 1536/1330/1385 1537/1332/1387
f 1537/1332/1387 1536/1330/1385 1535/1328/1383
f 1538/1333/1388 1535/1328/1383 1533/1326/1381
f 1539/531/1389 1535/1328/1383 1538/1333/1388
f 1540/1334/1390 1543/1331/1386 1537/1332/1387
f 1542/1335/1391 1534/1327/1382 1543/1331/1386
f 702/1336/1392 1543/1331/1386 1540/1334/1390
f 701/45/1393 702/1336/1392 1540/1334/1390
f 1544/1337/1394 1541/1329/1384 1542/1335/1391
f 1544/1337/1394 1546/1338/1395 1545/1339/1396
f 1545/1339/1396 1546/1338/1395 1547/1340/1397
f 1549/1341/1398 1545/1339/1396 1547/1340/1397
f 1547/1340/1397 1546/1338/1395 1550/1342/1399
f 1551/1343/1400 1544/1337/1394 1552/1344/1401
f 1553/1345/1402 1551/1343/1400 1552/1344/1401
f 1553/1345/1402 1552/1344/1401 1554/1346/1403
f 1555/1347/1404 1553/1345/1402 1554/1346/1403
f 1556/1348/1405 1549/1341/1398 1547/1340/1397
f 1544/1337/1394 1551/1343/1400 1546/1338/1395
f 1551/1343/1400 1550/1342/1399 1546/1338/1395
f 1547/1340/1397 1550/1342/1399 1557/1349/1406
f 1556/1348/1405 1547/1340/1397 1557/1349/1406
f 1558/1350/1407 1551/1343/1400 1553/1345/1402
f 1559/1351/1408 1553/1345/1402 1555/1347/1404
f 1559/1351/1408 1558/1350/1407 1553/1345/1402
f 1560/1352/1409 1551/1343/1400 1558/1350/1407
f 1560/1352/1409 1561/1353/1410 1551/1343/1400
f 1561/1353/1410 1550/1342/1399 1551/1343/1400
f 1561/1353/1410 1557/1349/1406 1550/1342/1399
f 1560/1352/1409 1562/1354/1411 1561/1353/1410
f 1562/1354/1411 1557/1349/1406 1561/1353/1410
f 1562/1354/1411 1556/1348/1405 1557/1349/1406
f 1564/1355/1412 845/1356/1413 1563/1357/1414
f 1504/1297/1352 1564/1355/1412 1565/1358/1415
f 1565/1358/1415 1501/1295/1349 1504/1297/1352
f 845/1356/1413 1564/1355/1412 844/1359/1416
f 844/1359/1416 1564/1355/1412 843/281/1417
f 1506/1299/1354 847/1360/1418 1504/1297/1352
f 847/1360/1418 843/281/1417 1564/1355/1412
f 1564/1355/1412 1504/1297/1352 847/1360/1418
f 1506/1299/1354 1508/1303/1358 847/1360/1418
f 1509/1302/1357 1567/1361/1419 1508/1303/1358
f 1568/1362/1420 1685/1363/1421 1566/1364/1422
f 1569/1365/1423 1568/1362/1420 1566/1364/1422
f 1570/1366/1424 1569/1365/1423 1566/1364/1422
f 1570/1366/1424 1566/1364/1422 1508/1303/1358
f 1570/1366/1424 1508/1303/1358 1567/1361/1419
f 1571/1367/1425 1570/1366/1424 1567/1361/1419
f 1570/1366/1424 1571/1367/1425 1572/1368/1426
f 1573/1369/1427 1572/1368/1426 1571/1367/1425
f 1573/1369/1427 1574/1370/1428 1572/1368/1426
f 1569/1365/1423 1574/1370/1428 1568/1362/1420
f 1574/1370/1428 1569/1365/1423 1570/1366/1424
f 1572/1368/1426 1574/1370/1428 1570/1366/1424
f 1575/1371/1429 1573/1369/1427 1571/1367/1425
f 1576/1372/1430 1568/1362/1420 1574/1370/1428
f 1574/1370/1428 1577/1373/1431 1576/1372/1430
f 1578/1374/1432 1574/1370/1428 1573/1369/1427
f 1579/1375/1433 1578/1374/1432 1573/1369/1427
f 1578/1374/1432 1577/1373/1431 1574/1370/1428
f 1580/1376/1434 1581/1377/1435 1579/1375/1433
f 1581/1377/1435 1578/1374/1432 1579/1375/1433
f 1578/1374/1432 1581/1377/1435 1577/1373/1431
f 1580/1376/1434 1579/1375/1433 1575/1371/1429
f 1579/1375/1433 1573/1369/1427 1575/1371/1429
f 1526/1318/1373 1583/1378/1436 1582/1379/1437
f 1525/1319/1374 1526/1318/1373 1582/1379/1437
f 1525/1319/1374 1582/1379/1437 1584/1380/1438
f 1582/1379/1437 1585/1381/1439 1584/1380/1438
f 1524/1320/1375 1525/1319/1374 1584/1380/1438
f 1524/1320/1375 1584/1380/1438 1499/1293/1347
f 1499/1293/1347 1502/494/1350 1524/1320/1375
f 1527/1317/1372 1541/1329/1384 1526/1318/1373
f 1584/1380/1438 1585/1381/1439 1586/1382/1440
f 1587/1383/1441 1586/1382/1440 1585/1381/1439
f 1588/1384/1442 1587/1383/1441 1585/1381/1439
f 1591/1385/1443 1589/1386/1444 1590/1387/1445
f 1588/1384/1442 1589/1386/1444 1591/1385/1443
f 1597/1388/1446 1588/1384/1442 1591/1385/1443
f 1592/1389/1447 1591/1385/1443 1590/1387/1445
f 1597/1388/1446 1593/1390/1448 1588/1384/1442
f 1597/1388/1446 1591/1385/1443 1595/1391/1449
f 1594/1392/1450 1593/1390/1448 1597/1388/1446
f 1595/1391/1449 1591/1385/1443 1592/1389/1447
f 1598/1393/1451 1595/1391/1449 1592/1389/1447
f 1596/1394/1452 1594/1392/1450 1597/1388/1446
f 1598/1393/1451 1597/1388/1446 1595/1391/1449
f 1598/1393/1451 1596/1394/1452 1597/1388/1446
f 1582/1379/1437 1583/1378/1436 1599/1395/1453
f 1600/1396/1454 1599/1395/1453 1583/1378/1436
f 1601/1397/1455 1600/1396/1454 1583/1378/1436
f 1603/1398/1456 1602/1399/1457 1617/1400/1458
f 1604/1401/1459 1602/1399/1457 1603/1398/1456
f 1601/1397/1455 1602/1399/1457 1604/1401/1459
f 1606/1402/1460 1601/1397/1455 1604/1401/1459
f 1605/1403/1461 1604/1401/1459 1603/1398/1456
f 1607/1404/1462 1605/1403/1461 1603/1398/1456
f 1606/1402/1460 1608/1405/1463 1601/1397/1455
f 1608/1405/1463 1600/1396/1454 1601/1397/1455
f 1605/1403/1461 1611/1406/1464 1604/1401/1459
f 1606/1402/1460 1604/1401/1459 1611/1406/1464
f 1609/1407/1465 1605/1403/1461 1607/1404/1462
f 1610/1408/1466 1605/1403/1461 1609/1407/1465
f 1610/1408/1466 1611/1406/1464 1605/1403/1461
f 1611/1406/1464 1612/1409/1467 1606/1402/1460
f 1612/1409/1467 1608/1405/1463 1606/1402/1460
f 1613/1410/1468 1611/1406/1464 1610/1408/1466
f 1611/1406/1464 1613/1410/1468 1612/1409/1467
f 1616/1411/1469 1615/1412/1470 1614/1413/1471
f 1549/1341/1398 1615/1412/1470 1616/1411/1469
f 1545/1339/1396 1549/1341/1398 1616/1411/1469
f 1545/1339/1396 1616/1411/1469 1541/1329/1384
f 1545/1339/1396 1541/1329/1384 1544/1337/1394
f 1617/1400/1458 1616/1411/1469 1614/1413/1471
f 1602/1399/1457 1583/1378/1436 1617/1400/1458
f 1602/1399/1457 1601/1397/1455 1583/1378/1436
f 1603/1398/1456 1617/1400/1458 1614/1413/1471
f 1618/1414/1472 1585/1381/1439 1582/1379/1437
f 1618/1414/1472 1582/1379/1437 1599/1395/1453
f 1589/1386/1444 1618/1414/1472 1599/1395/1453
f 1589/1386/1444 1588/1384/1442 1618/1414/1472
f 1588/1384/1442 1585/1381/1439 1618/1414/1472
f 1590/1387/1445 1589/1386/1444 1599/1395/1453
f 1619/1415/1473 1503/1296/1351 1498/1294/1348
f 1620/1416/1474 1503/1296/1351 1619/1415/1473
f 1620/1416/1474 1505/1298/1353 1503/1296/1351
f 1620/1416/1474 1621/1417/1475 1505/1298/1353
f 1621/1417/1475 1622/1418/1476 1505/1298/1353
f 1623/1419/1477 1621/1417/1475 1620/1416/1474
f 1624/1420/1478 1621/1417/1475 1623/1419/1477
f 1625/1421/1479 1623/1419/1477 1619/1415/1473
f 1624/1420/1478 1626/1422/1480 1621/1417/1475
f 1626/1422/1480 1622/1418/1476 1621/1417/1475
f 1625/1421/1479 1619/1415/1473 1627/1423/1481
f 1628/1424/1482 1625/1421/1479 1627/1423/1481
f 1628/1424/1482 1627/1423/1481 1629/1425/1483
f 1630/1426/1484 1628/1424/1482 1629/1425/1483
f 1629/1425/1483 1627/1423/1481 1500/1427/1485
f 1620/1416/1474 1619/1415/1473 1623/1419/1477
f 1619/1415/1473 1498/1294/1348 1500/1427/1485
f 1627/1423/1481 1619/1415/1473 1500/1427/1485
f 1631/1428/1486 1500/1427/1485 1586/1382/1440
f 1629/1425/1483 1500/1427/1485 1631/1428/1486
f 1500/1427/1485 1584/1380/1438 1586/1382/1440
f 1500/1427/1485 1498/1294/1348 1584/1380/1438
f 1498/1294/1348 1499/1293/1347 1584/1380/1438
f 1622/1418/1476 1507/1300/1355 1505/1298/1353
f 1632/1429/1487 1625/1421/1479 1628/1424/1482
f 1637/1430/1488 1632/1429/1487 1633/1431/1489
f 1637/1430/1488 1634/1432/1490 1632/1429/1487
f 1638/1433/1491 1635/1434/1492 1634/1432/1490
f 1635/1434/1492 1638/1433/1491 1636/1435/1493
f 1625/1421/1479 1632/1429/1487 1634/1432/1490
f 1639/1436/1494 1628/1424/1482 1630/1426/1484
f 1635/1434/1492 1636/1435/1493 1624/1420/1478
f 1636/1435/1493 1640/1437/1495 1624/1420/1478
f 1632/1429/1487 1628/1424/1482 1639/1436/1494
f 1633/1431/1489 1632/1429/1487 1639/1436/1494
f 1624/1420/1478 1640/1437/1495 1626/1422/1480
f 1635/1434/1492 1624/1420/1478 1623/1419/1477
f 1634/1432/1490 1635/1434/1492 1623/1419/1477
f 1634/1432/1490 1623/1419/1477 1625/1421/1479
f 1558/1350/1407 1559/1351/1408 1560/1352/1409
f 1641/1438/1496 1554/1346/1403 703/1439/1497
f 1554/1346/1403 702/1336/1392 703/1439/1497
f 1554/1346/1403 1548/1440/1498 702/1336/1392
f 1548/1440/1498 1543/1331/1386 702/1336/1392
f 1548/1440/1498 1544/1337/1394 1543/1331/1386
f 1544/1337/1394 1542/1335/1391 1543/1331/1386
f 1552/1344/1401 1548/1440/1498 1554/1346/1403
f 1552/1344/1401 1544/1337/1394 1548/1440/1498
f 1645/1441/1499 1646/1442/1500 1643/1443/1501
f 1645/1441/1499 1647/1444/1502 1646/1442/1500
f 1647/1444/1502 1648/1445/1503 1646/1442/1500
f 1647/1444/1502 1649/1446/1504 1648/1445/1503
f 1642/1447/1505 1650/1448/1506 1643/1443/1501
f 1651/1449/1507 1650/1448/1506 1642/1447/1505
f 1652/1450/1508 1649/1446/1504 1647/1444/1502
f 1643/1443/1501 1650/1448/1506 1653/1451/1509
f 1645/1441/1499 1643/1443/1501 1653/1451/1509
f 1655/1452/1510 1645/1441/1499 1654/1453/1511
f 1655/1452/1510 1647/1444/1502 1645/1441/1499
f 1654/1453/1511 1645/1441/1499 1653/1451/1509
f 1656/1454/1512 1652/1450/1508 1647/1444/1502
f 1657/1455/1513 1656/1454/1512 1647/1444/1502
f 1657/1455/1513 1647/1444/1502 1655/1452/1510
f 1658/1456/1514 1657/1455/1513 1655/1452/1510
f 1658/1456/1514 1659/648/1515 1657/1455/1513
f 1658/1456/1514 1660/1457/1516 1659/648/1515
f 1660/1457/1516 1658/1456/1514 1655/1452/1510
f 1660/1457/1516 1655/1452/1510 1654/1453/1511
f 1660/1457/1516 1654/1453/1511 1653/1451/1509
f 1661/1458/1517 1660/1457/1516 1653/1451/1509
f 1660/1457/1516 1661/1458/1517 1662/1459/1518
f 1663/1460/1519 1660/1457/1516 1662/1459/1518
f 1663/1460/1519 1662/1459/1518 1664/1461/1520
f 1661/1458/1517 1653/1451/1509 1650/1448/1506
f 1662/1459/1518 1661/1458/1517 1650/1448/1506
f 1662/1459/1518 1650/1448/1506 1651/1449/1507
f 1664/1461/1520 1662/1459/1518 1651/1449/1507
f 1644/1462/1521 1666/1463/1522 1665/655/1523
f 1667/654/1524 1644/1462/1521 1665/655/1523
f 1642/1447/1505 1666/1463/1522 1644/1462/1521
f 1642/1447/1505 1643/1443/1501 1666/1463/1522
f 1665/655/1523 1666/1463/1522 1668/656/1525
f 1669/1464/1526 1668/656/1525 1666/1463/1522
f 1643/1443/1501 1669/1464/1526 1666/1463/1522
f 1669/1464/1526 1643/1443/1501 1646/1442/1500
f 1670/658/1527 1669/1464/1526 1646/1442/1500
f 1646/1442/1500 1648/1445/1503 1671/659/1528
f 1646/1442/1500 1671/659/1528 1672/660/1529
f 1646/1442/1500 1672/660/1529 1670/658/1527
f 1648/1445/1503 1673/661/1530 1671/659/1528
f 1673/661/1530 1648/1445/1503 1674/1465/1531
f 1674/1465/1531 1648/1445/1503 1675/1466/1532
f 1649/1446/1504 1675/1466/1532 1648/1445/1503
f 1678/1467/1533 1677/1468/1534 1676/1469/1535
f 1524/1320/1375 1528/1321/1376 1678/1467/1533
f 1680/1470/1536 1678/1467/1533 1676/1469/1535
f 1525/1319/1374 1524/1320/1375 1680/1470/1536
f 1680/1470/1536 1524/1320/1375 1678/1467/1533
f 1680/1470/1536 1530/1323/1378 1525/1319/1374
f 1680/1470/1536 1676/1469/1535 1681/1471/1537
f 1681/1471/1537 1676/1469/1535 839/1472/1538
f 841/1473/1539 839/1472/1538 1676/1469/1535
f 1679/1474/1540 841/1473/1539 1676/1469/1535
f 1530/1323/1378 1680/1470/1536 1682/1475/1541
f 1682/1475/1541 1680/1470/1536 1683/1476/1542
f 1683/1476/1542 1680/1470/1536 1681/1471/1537
f 1679/1474/1540 1563/1357/1414 841/1473/1539
f 841/1473/1539 1563/1357/1414 845/1356/1413
f 1679/1474/1540 1676/1469/1535 1677/1468/1534
f 1685/1363/1421 1684/1477/1543 1566/1364/1422
f 1566/1364/1422 1684/1477/1543 1508/1303/1358
f 1508/1303/1358 1684/1477/1543 848/677/1544
f 1508/1303/1358 848/677/1544 847/1360/1418
f 848/677/1544 1684/1477/1543 849/679/1545
f 1684/1477/1543 846/681/1546 849/679/1545
f 1686/1478/1547 846/681/1546 1684/1477/1543
f 1686/1478/1547 842/1479/1548 846/681/1546
f 842/1479/1548 1686/1478/1547 840/684/1549
f 1686/1478/1547 1687/1480/1550 840/684/1549
f 1687/1480/1550 838/1481/1551 840/684/1549
f 1695/1482/1552 1690/1483/1553 1689/1484/1554
f 1695/1482/1552 1691/1485/1555 1690/1483/1553
f 1693/1486/1556 1692/1487/1557 1691/1485/1555
f 1694/1488/1558 1689/1484/1554 805/1489/1559
f 1689/1484/1554 1694/1488/1558 1695/1482/1552
f 1696/1490/1560 1693/1486/1556 1691/1485/1555
f 1698/1491/1561 1697/1492/1562 1696/1490/1560
f 1700/703/1563 1698/1491/1561 1699/1493/1564
f 1698/1491/1561 1696/1490/1560 1701/1494/1565
f 1696/1490/1560 1702/1495/1566 1701/1494/1565
f 1701/1494/1565 1702/1495/1566 1703/1496/1567
f 1704/1497/1568 1701/1494/1565 1703/1496/1567
f 1705/1498/1569 1704/1497/1568 1703/1496/1567
f 1705/1498/1569 1703/1496/1567 1706/1499/1570
f 1707/1500/1571 1704/1497/1568 1705/1498/1569
f 1708/1501/1572 1705/1498/1569 1706/1499/1570
f 1708/1501/1572 1706/1499/1570 1709/1502/1573
f 1704/1497/1568 1707/1500/1571 1699/1493/1564
f 1698/1491/1561 1704/1497/1568 1699/1493/1564
f 1698/1491/1561 1701/1494/1565 1704/1497/1568
f 1711/713/1574 1700/703/1563 1699/1493/1564
f 1716/1503/1575 1714/1504/1576 1715/1505/1577
f 1714/1504/1576 1719/1506/1578 1715/1505/1577
f 1714/1504/1576 1713/1507/1579 1719/1506/1578
f 1719/1506/1578 1717/1508/1580 1715/1505/1577
f 1709/1502/1573 1713/1507/1579 1712/1509/1581
f 1713/1507/1579 1709/1502/1573 1718/1510/1582
f 1688/1511/1583 802/1512/1584 1718/1510/1582
f 1694/1488/1558 805/1489/1559 1688/1511/1583
f 1720/1513/1585 1717/1508/1580 1719/1506/1578
f 1720/1513/1585 1721/1514/1586 1717/1508/1580
f 1723/1515/1587 1720/1513/1585 1724/1516/1588
f 1721/1514/1586 1720/1513/1585 1723/1515/1587
f 1722/1517/1589 1721/1514/1586 1723/1515/1587
f 1720/1513/1585 827/1518/1590 1724/1516/1588
f 831/1519/1591 827/1518/1590 1720/1513/1585
f 1719/1506/1578 831/1519/1591 1720/1513/1585
f 1725/1520/1592 1723/1515/1587 1726/1521/1593
f 1724/1516/1588 1727/1522/1594 1723/1515/1587
f 1727/1522/1594 1726/1521/1593 1723/1515/1587
f 802/1512/1584 831/1519/1591 1719/1506/1578
f 1718/1510/1582 802/1512/1584 1719/1506/1578
f 1726/1521/1593 1727/1522/1594 837/1523/1595
f 830/735/1596 827/1518/1590 831/1519/1591
f 1727/1522/1594 829/1524/1597 837/1523/1595
f 1727/1522/1594 1724/1516/1588 829/1524/1597
f 1724/1516/1588 828/1525/1598 829/1524/1597
f 827/1518/1590 828/1525/1598 1724/1516/1588
f 1688/1511/1583 804/1526/1599 803/1527/1600
f 803/1527/1600 802/1512/1584 1688/1511/1583
f 1688/1511/1583 805/1489/1559 804/1526/1599
f 810/1528/1601 1690/1483/1553 811/1529/1602
f 1691/1485/1555 1692/1487/1557 1690/1483/1553
f 812/1530/1603 1690/1483/1553 1692/1487/1557
f 1690/1483/1553 812/1530/1603 811/1529/1602
f 810/1528/1601 806/1531/1604 1690/1483/1553
f 1690/1483/1553 806/1531/1604 1689/1484/1554
f 806/1531/1604 805/1489/1559 1689/1484/1554
f 1728/1532/1605 833/1533/1606 832/1534/1607
f 1729/1535/1608 1728/1532/1605 832/1534/1607
f 1730/1536/1609 834/1537/1610 1728/1532/1605
f 1728/1532/1605 834/1537/1610 833/1533/1606
f 706/1538/1611 1728/1532/1605 1729/1535/1608
f 706/1538/1611 1731/1539/1612 1728/1532/1605
f 1731/1539/1612 1730/1536/1609 1728/1532/1605
f 707/1540/1613 1732/1541/1614 1730/1536/1609
f 707/1540/1613 708/1542/1615 1732/1541/1614
f 705/1543/1616 706/1538/1611 1729/1535/1608
f 707/1540/1613 1730/1536/1609 1731/1539/1612
f 708/1542/1615 836/1544/1617 1732/1541/1614
f 705/1543/1616 1733/1545/1618 704/1546/1619
f 705/1543/1616 1729/1535/1608 1733/1545/1618
f 1735/1547/1620 1733/1545/1618 1734/1548/1621
f 1734/1548/1621 1736/1549/1622 1735/1547/1620
f 1737/1550/1623 1735/1547/1620 1736/1549/1622
f 1737/1550/1623 1736/1549/1622 814/1551/1624
f 1738/1552/1625 1737/1550/1623 814/1551/1624
f 813/1553/1626 1736/1549/1622 809/1554/1627
f 1736/1549/1622 813/1553/1626 814/1551/1624
f 821/765/1628 824/1555/1629 820/1556/1630
f 824/1555/1629 1738/1552/1625 816/1557/1631
f 1738/1552/1625 814/1551/1624 815/766/1632
f 1738/1552/1625 815/766/1632 816/1557/1631
f 816/1557/1631 820/1556/1630 824/1555/1629
f 1738/1552/1625 824/1555/1629 825/1558/1633
f 1737/1550/1623 1738/1552/1625 825/1558/1633
f 1737/1550/1623 825/1558/1633 826/1559/1634
f 826/1559/1634 1735/1547/1620 1737/1550/1623
f 704/1546/1619 1735/1547/1620 826/1559/1634
f 704/1546/1619 1733/1545/1618 1735/1547/1620
f 1741/1560/1635 1740/1561/1636 1739/1562/1637
f 1742/771/1638 1741/1560/1635 1739/1562/1637
f 1739/1562/1637 1740/1561/1636 1743/773/1639
f 1744/1563/1640 1740/1561/1636 1741/1560/1635
f 1744/1563/1640 1745/1564/1641 1740/1561/1636
f 1744/1563/1640 1746/1565/1642 1745/1564/1641
f 1716/1503/1575 1746/1565/1642 1744/1563/1640
f 1741/1560/1635 1716/1503/1575 1744/1563/1640
f 1746/1565/1642 1721/1514/1586 1745/1564/1641
f 1743/773/1639 1740/1561/1636 1747/1566/1643
f 1745/1564/1641 1721/1514/1586 1722/1517/1589
f 1721/1514/1586 1746/1565/1642 1717/1508/1580
f 1713/1507/1579 1718/1510/1582 1719/1506/1578
f 1745/1564/1641 1722/1517/1589 1723/1515/1587
f 1740/1561/1636 1745/1564/1641 1723/1515/1587
f 1740/1561/1636 1723/1515/1587 1725/1520/1592
f 1747/1566/1643 1740/1561/1636 1725/1520/1592
f 1717/1508/1580 1746/1565/1642 1715/1505/1577
f 1715/1505/1577 1746/1565/1642 1716/1503/1575
f 1749/1567/1644 1748/1568/1645 1741/1560/1635
f 1749/1567/1644 1741/1560/1635 1750/1569/1646
f 1741/1560/1635 1742/771/1638 1750/1569/1646
f 1749/1567/1644 1750/1569/1646 1751/780/1647
f 740/1570/1648 1753/1571/1649 1752/1572/1650
f 1753/1571/1649 1754/1573/1651 1752/1572/1650
f 1754/1573/1651 1755/1574/1652 1752/1572/1650
f 1754/1573/1651 1756/1575/1653 1757/1576/1654
f 1754/1573/1651 1757/1576/1654 1758/1577/1655
f 1755/1574/1652 1754/1573/1651 1758/1577/1655
f 1758/1577/1655 1806/1578/1656 1759/1579/1657
f 1806/1578/1656 1760/1580/1658 1759/1579/1657
f 1755/1574/1652 1758/1577/1655 1759/1579/1657
f 746/1581/1659 1755/1574/1652 1759/1579/1657
f 746/1581/1659 1759/1579/1657 1760/1580/1658
f 1760/1580/1658 782/1582/1660 746/1581/1659
f 744/1583/1661 1752/1572/1650 1755/1574/1652
f 744/1583/1661 743/795/1662 1752/1572/1650
f 743/795/1662 742/1584/1663 1752/1572/1650
f 742/1584/1663 741/1585/1664 1752/1572/1650
f 741/1585/1664 740/1570/1648 1752/1572/1650
f 1753/1571/1649 740/1570/1648 739/1586/1665
f 1754/1573/1651 1753/1571/1649 739/1586/1665
f 1756/1575/1653 1754/1573/1651 739/1586/1665
f 1756/1575/1653 739/1586/1665 738/1587/1666
f 738/1587/1666 1761/1588/1667 1756/1575/1653
f 738/1587/1666 1762/1589/1668 1761/1588/1667
f 738/1587/1666 737/1590/1669 1762/1589/1668
f 737/1590/1669 1763/1591/1670 1762/1589/1668
f 737/1590/1669 736/1592/1671 1763/1591/1670
f 736/1592/1671 734/805/1672 1763/1591/1670
f 1764/1593/1673 1763/1591/1670 734/805/1672
f 1766/1594/1674 1765/1595/1675 1763/1591/1670
f 1766/1594/1674 1763/1591/1670 1764/1593/1673
f 723/91/1676 721/1596/1677 1770/1597/1678
f 723/91/1676 1770/1597/1678 1769/1598/1679
f 1770/1597/1678 721/1596/1677 720/1599/1680
f 1770/1597/1678 720/1599/1680 1771/1600/1681
f 720/1599/1680 719/1601/1682 1772/1602/1683
f 720/1599/1680 1772/1602/1683 1771/1600/1681
f 1771/1600/1681 1772/1602/1683 1773/1603/1684
f 1774/1604/1685 1771/1600/1681 1773/1603/1684
f 1775/1605/1686 1773/1603/1684 1772/1602/1683
f 1776/1606/1687 1775/1605/1686 1772/1602/1683
f 1776/1606/1687 1772/1602/1683 719/1601/1682
f 1778/1607/1688 1771/1600/1681 1774/1604/1685
f 1770/1597/1678 1771/1600/1681 1778/1607/1688
f 1776/1606/1687 718/1608/1689 1777/1609/1690
f 1776/1606/1687 719/1601/1682 718/1608/1689
f 1777/1609/1690 718/1608/1689 715/1610/1691
f 1779/1611/1692 1777/1609/1690 715/1610/1691
f 715/1610/1691 716/1612/1693 1779/1611/1692
f 716/1612/1693 1780/828/1694 1779/1611/1692
f 1780/828/1694 1781/829/1695 1779/1611/1692
f 1781/829/1695 1782/830/1696 1779/1611/1692
f 1782/830/1696 1783/1613/1697 1779/1611/1692
f 1782/830/1696 1784/832/1698 1783/1613/1697
f 1783/1613/1697 1777/1609/1690 1779/1611/1692
f 1783/1613/1697 1785/1614/1699 1777/1609/1690
f 1777/1609/1690 1785/1614/1699 1786/1615/1700
f 1777/1609/1690 1786/1615/1700 1788/1616/1701
f 1788/1616/1701 1786/1615/1700 1787/835/1702
f 1790/1617/1703 1789/1618/1704 1788/1616/1701
f 1790/1617/1703 1788/1616/1701 1787/835/1702
f 1792/1619/1705 1791/1620/1706 1790/1617/1703
f 1790/1617/1703 1787/835/1702 1792/1619/1705
f 1788/1616/1701 1776/1606/1687 1777/1609/1690
f 1788/1616/1701 1789/1618/1704 1776/1606/1687
f 1789/1618/1704 1775/1605/1686 1776/1606/1687
f 1795/1621/1707 1793/1622/1708 1794/842/1709
f 1795/1621/1707 1796/1623/1710 1793/1622/1708
f 1796/1623/1710 1791/1620/1706 1792/1619/1705
f 1793/1622/1708 1796/1623/1710 1792/1619/1705
f 1798/1624/1711 1797/1625/1712 1799/1626/1713
f 1797/1625/1712 1800/1627/1714 1799/1626/1713
f 1801/1628/1715 1799/1626/1713 1800/1627/1714
f 780/1629/1716 1800/1627/1714 779/849/1717
f 1801/1628/1715 1800/1627/1714 780/1629/1716
f 1799/1626/1713 1802/1630/1718 1798/1624/1711
f 1802/1630/1718 1803/1631/1719 1798/1624/1711
f 1805/1632/1720 1802/1630/1718 1804/1633/1721
f 1807/1634/1722 1805/1632/1720 1804/1633/1721
f 1799/1626/1713 1804/1633/1721 1802/1630/1718
f 1758/1577/1655 1807/1634/1722 1806/1578/1656
f 1808/1635/1723 1807/1634/1722 1758/1577/1655
f 1757/1576/1654 1808/1635/1723 1758/1577/1655
f 1804/1633/1721 1806/1578/1656 1807/1634/1722
f 1809/1636/1724 1807/1634/1722 1808/1635/1723
f 1805/1632/1720 1807/1634/1722 1809/1636/1724
f 1808/1635/1723 1757/1576/1654 1810/1637/1725
f 1756/1575/1653 1810/1637/1725 1757/1576/1654
f 1756/1575/1653 1761/1588/1667 1810/1637/1725
f 1761/1588/1667 1762/1589/1668 1811/1638/1726
f 1812/1639/1727 1815/1640/1728 1811/1638/1726
f 1815/1640/1728 1813/1641/1729 1811/1638/1726
f 1814/1642/1730 1815/1640/1728 1812/1639/1727
f 1815/1640/1728 1814/1642/1730 1816/1643/1731
f 1812/1639/1727 1811/1638/1726 1765/1595/1675
f 1817/1644/1732 1813/1641/1729 1815/1640/1728
f 1817/1644/1732 1815/1640/1728 1818/1645/1733
f 1818/1645/1733 1815/1640/1728 1816/1643/1731
f 1816/1643/1731 1819/1646/1734 1818/1645/1733
f 1819/1646/1734 1820/1647/1735 1818/1645/1733
f 1820/1647/1735 1819/1646/1734 1821/1648/1736
f 1822/1649/1737 1820/1647/1735 1821/1648/1736
f 1823/1650/1738 1817/1644/1732 1818/1645/1733
f 1811/1638/1726 1813/1641/1729 1761/1588/1667
f 1824/1651/1739 1761/1588/1667 1813/1641/1729
f 1761/1588/1667 1824/1651/1739 1810/1637/1725
f 1824/1651/1739 1808/1635/1723 1810/1637/1725
f 1825/1652/1740 1803/1631/1719 1802/1630/1718
f 1805/1632/1720 1825/1652/1740 1802/1630/1718
f 1826/1653/1741 1825/1652/1740 1805/1632/1720
f 1805/1632/1720 1809/1636/1724 1827/1654/1742
f 1828/1655/1743 1827/1654/1742 1809/1636/1724
f 1828/1655/1743 1809/1636/1724 1817/1644/1732
f 1808/1635/1723 1817/1644/1732 1809/1636/1724
f 1817/1644/1732 1808/1635/1723 1824/1651/1739
f 1824/1651/1739 1813/1641/1729 1817/1644/1732
f 1817/1644/1732 1823/1650/1738 1828/1655/1743
f 1823/1650/1738 1827/1654/1742 1828/1655/1743
f 1820/1647/1735 1823/1650/1738 1818/1645/1733
f 1827/1654/1742 1826/1653/1741 1805/1632/1720
f 1820/1647/1735 1822/1649/1737 1823/1650/1738
f 1829/1656/1744 1823/1650/1738 1822/1649/1737
f 1823/1650/1738 1829/1656/1744 1827/1654/1742
f 1826/1653/1741 1827/1654/1742 1829/1656/1744
f 1832/1657/1745 1831/1658/1746 1830/1659/1747
f 1830/1659/1747 1833/1660/1748 1832/1657/1745
f 1835/1661/1749 1836/1662/1750 1833/1660/1748
f 1836/1662/1750 1837/1663/1751 2154/1664/1752
f 1837/1663/1751 1838/1665/1753 2154/1664/1752
f 1839/1666/1754 1836/1662/1750 2154/1664/1752
f 1835/1661/1749 1837/1663/1751 1836/1662/1750
f 1840/1667/1755 1837/1663/1751 1835/1661/1749
f 1838/1665/1753 1841/1668/1756 1842/1669/1757
f 1843/1670/1758 1842/1669/1757 1841/1668/1756
f 1844/1671/1759 1843/1670/1758 1845/1672/1760
f 1846/1673/1761 1844/1671/1759 1845/1672/1760
f 1845/1672/1760 1843/1670/1758 1841/1668/1756
f 1838/1665/1753 1837/1663/1751 1841/1668/1756
f 1841/1668/1756 1847/1674/1762 1845/1672/1760
f 1837/1663/1751 1847/1674/1762 1841/1668/1756
f 1837/1663/1751 1840/1667/1755 1847/1674/1762
f 1834/1675/1763 1835/1661/1749 1833/1660/1748
f 1845/1672/1760 1848/894/1764 1846/1673/1761
f 1848/894/1764 1845/1672/1760 1849/895/1765
f 1845/1672/1760 1847/1674/1762 1849/895/1765
f 1847/1674/1762 1850/896/1766 1849/895/1765
f 1847/1674/1762 1851/897/1767 1850/896/1766
f 1847/1674/1762 1852/1676/1768 1851/897/1767
f 1852/1676/1768 1853/1677/1769 1851/897/1767
f 1853/1677/1769 1852/1676/1768 713/1678/1770
f 1854/1679/1771 1855/1680/1772 1852/1676/1768
f 1854/1679/1771 1856/1681/1773 1855/1680/1772
f 1855/1680/1772 1858/1682/1774 1852/1676/1768
f 1859/1683/1775 1857/1684/1776 1856/1681/1773
f 1854/1679/1771 1859/1683/1775 1856/1681/1773
f 1861/1685/1777 1860/1686/1778 1859/1683/1775
f 1859/1683/1775 1860/1686/1778 1857/1684/1776
f 2160/1687/1779 1861/1685/1777 1859/1683/1775
f 1861/1685/1777 1862/1688/1780 1860/1686/1778
f 1858/1682/1774 1855/1680/1772 1863/1689/1781
f 1855/1680/1772 1864/1690/1782 1863/1689/1781
f 1865/1691/1783 1867/1692/1784 1864/1690/1782
f 1867/1692/1784 1865/1691/1783 1866/1693/1785
f 1866/1693/1785 1868/1694/1786 1869/1695/1787
f 1870/1696/1788 1866/1693/1785 1869/1695/1787
f 1870/1696/1788 1867/1692/1784 1866/1693/1785
f 1855/1680/1772 1865/1691/1783 1864/1690/1782
f 1862/1688/1780 1868/1694/1786 1866/1693/1785
f 1872/1697/1789 1869/1695/1787 1871/1698/1790
f 1870/1696/1788 1869/1695/1787 1872/1697/1789
f 1869/1695/1787 1873/1699/1791 1871/1698/1790
f 1856/1681/1773 1865/1691/1783 1855/1680/1772
f 1857/1684/1776 1866/1693/1785 1865/1691/1783
f 1856/1681/1773 1857/1684/1776 1865/1691/1783
f 1860/1686/1778 1862/1688/1780 1866/1693/1785
f 1857/1684/1776 1860/1686/1778 1866/1693/1785
f 1867/1692/1784 1874/1700/1792 1864/1690/1782
f 1874/1700/1792 1863/1689/1781 1864/1690/1782
f 1863/1689/1781 1876/922/1793 1875/923/1794
f 1858/1682/1774 1863/1689/1781 1875/923/1794
f 1877/924/1795 1858/1682/1774 1875/923/1794
f 1858/1682/1774 1879/925/1796 1878/926/1797
f 1879/925/1796 1858/1682/1774 1877/924/1795
f 1878/926/1797 709/927/1798 1858/1682/1774
f 709/927/1798 710/928/1799 1858/1682/1774
f 710/928/1799 711/929/1800 1858/1682/1774
f 711/929/1800 712/930/1801 1858/1682/1774
f 712/930/1801 1852/1676/1768 1858/1682/1774
f 1852/1676/1768 712/930/1801 713/1678/1770
f 1882/1701/1802 1883/1702/1803 1881/1703/1804
f 1882/1701/1802 1881/1703/1804 1885/1704/1805
f 1885/1704/1805 1881/1703/1804 1880/1705/1806
f 1886/1706/1807 1885/1704/1805 1880/1705/1806
f 735/1707/1808 1881/1703/1804 1883/1702/1803
f 1882/1701/1802 1884/1708/1809 1883/1702/1803
f 1885/1704/1805 1887/939/1810 1884/1708/1809
f 1882/1701/1802 1885/1704/1805 1884/1708/1809
f 728/1709/1811 1884/1708/1809 730/1710/1812
f 730/1710/1812 1884/1708/1809 731/1711/1813
f 1884/1708/1809 1888/1712/1814 731/1711/1813
f 1884/1708/1809 1889/1713/1815 1888/1712/1814
f 1889/1713/1815 1890/947/1816 1888/1712/1814
f 1891/1714/1817 1889/1713/1815 1884/1708/1809
f 1891/1714/1817 1884/1708/1809 1887/939/1810
f 731/1711/1813 1888/1712/1814 717/1715/1818
f 714/948/1819 1888/1712/1814 1890/947/1816
f 722/949/1820 731/1711/1813 717/1715/1818
f 1884/1708/1809 728/1709/1811 729/1716/1821
f 729/1716/1821 732/951/1822 1884/1708/1809
f 1884/1708/1809 732/951/1822 733/952/1823
f 1883/1702/1803 1884/1708/1809 733/952/1823
f 748/1717/1824 1892/1718/1825 735/1707/1808
f 1881/1703/1804 735/1707/1808 1892/1718/1825
f 1880/1705/1806 1881/1703/1804 1893/955/1826
f 1894/956/1827 1880/1705/1806 1893/955/1826
f 748/1717/1824 1895/1719/1828 1892/1718/1825
f 1895/1719/1828 748/1717/1824 747/1720/1829
f 748/1717/1824 735/1707/1808 749/1721/1830
f 1927/1722/1831 1897/1723/1832 1896/1724/1833
f 1902/1725/1834 1900/1726/1835 1901/1727/1836
f 1902/1725/1834 1901/1727/1836 1903/1728/1837
f 1904/1729/1838 1903/1728/1837 1901/1727/1836
f 1906/1730/1839 1905/1731/1840 1907/1732/1841
f 1908/1733/1842 1905/1731/1840 1906/1730/1839
f 1905/1731/1840 789/1734/1843 790/1735/1844
f 1904/1729/1838 1905/1731/1840 790/1735/1844
f 790/1735/1844 1909/1736/1845 1904/1729/1838
f 1911/1737/1846 1909/1736/1845 1910/1738/1847
f 1911/1737/1846 1903/1728/1837 1909/1736/1845
f 1902/1725/1834 1903/1728/1837 1911/1737/1846
f 1910/1738/1847 1923/1739/1848 1911/1737/1846
f 1913/1740/1849 1915/1741/1850 1914/1742/1851
f 1914/1742/1851 1916/1743/1852 1913/1740/1849
f 1918/1744/1853 1913/1740/1849 1916/1743/1852
f 1913/1740/1849 1918/1744/1853 1912/1745/1854
f 1916/1743/1852 1917/1746/1855 1919/1747/1856
f 1918/1744/1853 1916/1743/1852 1919/1747/1856
f 1918/1744/1853 1919/1747/1856 1920/1748/1857
f 1921/1749/1858 1920/1748/1857 1922/1750/1859
f 1918/1744/1853 1920/1748/1857 1921/1749/1858
f 1918/1744/1853 1921/1749/1858 1923/1739/1848
f 1923/1739/1848 1921/1749/1858 1902/1725/1834
f 1919/1747/1856 1917/1746/1855 1924/990/1860
f 1924/990/1860 1917/1746/1855 1925/991/1861
f 1917/1746/1855 1916/1743/1852 1925/991/1861
f 1926/1751/1862 1919/1747/1856 1924/990/1860
f 1920/1748/1857 1919/1747/1856 1926/1751/1862
f 1927/1722/1831 1920/1748/1857 1926/1751/1862
f 1922/1750/1859 1920/1748/1857 1927/1722/1831
f 1916/1743/1852 1914/1742/1851 1928/1752/1863
f 1925/991/1861 1916/1743/1852 1928/1752/1863
f 1912/1745/1854 1918/1744/1853 1923/1739/1848
f 1911/1737/1846 1923/1739/1848 1902/1725/1834
f 1923/1739/1848 1910/1738/1847 1912/1745/1854
f 1900/1726/1835 1902/1725/1834 1921/1749/1858
f 1899/1753/1864 1900/1726/1835 1921/1749/1858
f 1921/1749/1858 1898/1754/1865 1899/1753/1864
f 1922/1750/1859 1896/1724/1833 1898/1754/1865
f 1921/1749/1858 1922/1750/1859 1898/1754/1865
f 1896/1724/1833 1922/1750/1859 1927/1722/1831
f 1932/1755/1866 1930/1756/1867 1931/1757/1868
f 1933/1758/1869 1931/1757/1868 1930/1756/1867
f 1930/1756/1867 1929/1759/1870 1933/1758/1869
f 1929/1759/1870 1934/1760/1871 1933/1758/1869
f 1929/1759/1870 1935/1761/1872 1934/1760/1871
f 1935/1761/1872 1929/1759/1870 1950/1762/1873
f 1937/1763/1874 1938/1006/1875 1936/1764/1876
f 1939/1765/1877 1938/1006/1875 1937/1763/1874
f 1940/1766/1878 1939/1765/1877 1937/1763/1874
f 1940/1766/1878 1937/1763/1874 1941/1767/1879
f 1941/1767/1879 1942/1768/1880 1940/1766/1878
f 1937/1763/1874 1943/1769/1881 1941/1767/1879
f 1944/1770/1882 751/1771/1883 1942/1768/1880
f 751/1771/1883 755/1772/1884 1942/1768/1880
f 750/1773/1885 751/1771/1883 1944/1770/1882
f 1942/1768/1880 1941/1767/1879 1944/1770/1882
f 1946/1774/1886 1945/1775/1887 1943/1769/1881
f 1947/1776/1888 1948/1777/1889 1942/1768/1880
f 1945/1775/1887 1944/1770/1882 1941/1767/1879
f 1941/1767/1879 1943/1769/1881 1945/1775/1887
f 1949/1778/1890 1943/1769/1881 1937/1763/1874
f 1937/1763/1874 1936/1764/1876 1949/1778/1890
f 1949/1778/1890 1936/1764/1876 1950/1762/1873
f 1943/1769/1881 1949/1778/1890 1946/1774/1886
f 754/1779/1891 1946/1774/1886 1950/1762/1873
f 1949/1778/1890 1950/1762/1873 1946/1774/1886
f 1951/1780/1892 1950/1762/1873 1952/1781/1893
f 1953/1782/1894 1952/1781/1893 1950/1762/1873
f 778/1783/1895 1952/1781/1893 777/1024/1896
f 1952/1781/1893 1954/1784/1897 777/1024/1896
f 765/1785/1898 1952/1781/1893 778/1783/1895
f 1954/1784/1897 1952/1781/1893 1953/1782/1894
f 777/1024/1896 1954/1784/1897 774/1786/1899
f 1930/1756/1867 1953/1782/1894 1929/1759/1870
f 1930/1756/1867 1954/1784/1897 1953/1782/1894
f 1930/1756/1867 1932/1755/1866 1955/1787/1900
f 774/1786/1899 1954/1784/1897 1955/1787/1900
f 1955/1787/1900 1954/1784/1897 1930/1756/1867
f 1956/1029/1901 1955/1787/1900 1932/1755/1866
f 1957/1030/1902 1955/1787/1900 1956/1029/1901
f 1955/1787/1900 1957/1030/1902 773/1788/1903
f 1957/1030/1902 772/1032/1904 773/1788/1903
f 773/1788/1903 774/1786/1899 1955/1787/1900
f 765/1785/1898 764/1789/1905 1952/1781/1893
f 1951/1780/1892 1952/1781/1893 764/1789/1905
f 754/1779/1891 1950/1762/1873 1951/1780/1892
f 754/1779/1891 753/1790/1906 1946/1774/1886
f 1946/1774/1886 753/1790/1906 752/1791/1907
f 1945/1775/1887 1946/1774/1886 752/1791/1907
f 1945/1775/1887 752/1791/1907 1944/1770/1882
f 752/1791/1907 750/1773/1885 1944/1770/1882
f 756/1038/1908 1958/1792/1909 755/1772/1884
f 755/1772/1884 1958/1792/1909 1942/1768/1880
f 1947/1776/1888 1942/1768/1880 1958/1792/1909
f 760/1793/1910 1959/1794/1911 1960/1795/1912
f 761/1796/1913 760/1793/1910 1960/1795/1912
f 1962/1797/1914 1963/1798/1915 1964/1799/1916
f 1964/1799/1916 1963/1798/1915 1966/1800/1917
f 1962/1797/1914 759/1801/1918 1963/1798/1915
f 1968/1802/1919 1967/1803/1920 1963/1798/1915
f 1968/1802/1919 1963/1798/1915 763/1804/1921
f 763/1804/1921 1963/1798/1915 759/1801/1918
f 1968/1802/1919 1969/1805/1922 1967/1803/1920
f 1970/1806/1923 1969/1805/1922 768/1807/1924
f 1972/1808/1925 1971/1809/1926 771/1810/1927
f 1973/1811/1928 1972/1808/1925 771/1810/1927
f 776/1812/1929 1974/1813/1930 1973/1811/1928
f 1972/1808/1925 1973/1811/1928 1974/1813/1930
f 1967/1803/1920 1966/1800/1917 1963/1798/1915
f 1971/1809/1926 1975/1814/1931 1970/1806/1923
f 1969/1805/1922 1970/1806/1923 1975/1814/1931
f 1971/1809/1926 1976/1815/1932 1975/1814/1931
f 1977/1816/1933 1976/1815/1932 1971/1809/1926
f 1972/1808/1925 1977/1816/1933 1971/1809/1926
f 1978/1817/1934 1977/1816/1933 1972/1808/1925
f 1979/1818/1935 1978/1817/1934 1972/1808/1925
f 1977/1816/1933 1980/1819/1936 1976/1815/1932
f 1980/1819/1936 1977/1816/1933 1978/1817/1934
f 1981/1820/1937 1980/1819/1936 1978/1817/1934
f 1981/1820/1937 1982/1821/1938 1980/1819/1936
f 1983/1822/1939 1975/1814/1931 1976/1815/1932
f 1975/1814/1931 1984/1823/1940 1985/1824/1941
f 1985/1824/1941 1969/1805/1922 1975/1814/1931
f 1969/1805/1922 1985/1824/1941 1967/1803/1920
f 1967/1803/1920 1985/1824/1941 1966/1800/1917
f 1975/1814/1931 1983/1822/1939 1984/1823/1940
f 1985/1824/1941 1984/1823/1940 1966/1800/1917
f 1986/1825/1942 1966/1800/1917 1984/1823/1940
f 1986/1825/1942 1964/1799/1916 1966/1800/1917
f 1986/1825/1942 1965/1826/1943 1964/1799/1916
f 1989/1827/1944 1988/1828/1945 1987/1829/1946
f 1965/1826/1943 1987/1829/1946 1964/1799/1916
f 1987/1829/1946 1990/1830/1947 1964/1799/1916
f 1990/1830/1947 1987/1829/1946 1988/1828/1945
f 1962/1797/1914 1964/1799/1916 1990/1830/1947
f 1959/1794/1911 1962/1797/1914 1990/1830/1947
f 1992/1831/1948 1991/1832/1949 1989/1827/1944
f 1960/1795/1912 1959/1794/1911 1990/1830/1947
f 1991/1832/1949 1993/1833/1950 1960/1795/1912
f 1960/1795/1912 1993/1833/1950 761/1796/1913
f 1993/1833/1950 1961/1834/1951 761/1796/1913
f 1988/1828/1945 1991/1832/1949 1960/1795/1912
f 1988/1828/1945 1989/1827/1944 1991/1832/1949
f 1988/1828/1945 1960/1795/1912 1990/1830/1947
f 1994/1083/1952 1989/1827/1944 1995/1084/1953
f 1989/1827/1944 1987/1829/1946 1995/1084/1953
f 1996/1085/1954 1995/1084/1953 1987/1829/1946
f 1965/1826/1943 1996/1085/1954 1987/1829/1946
f 1996/1085/1954 1965/1826/1943 1997/1086/1955
f 1965/1826/1943 1986/1825/1942 1997/1086/1955
f 1997/1086/1955 1986/1825/1942 1998/1087/1956
f 1989/1827/1944 1994/1083/1952 1999/1088/1957
f 1992/1831/1948 1989/1827/1944 1999/1088/1957
f 1986/1825/1942 1984/1823/1940 2000/1835/1958
f 1983/1822/1939 2000/1835/1958 1984/1823/1940
f 1998/1087/1956 1986/1825/1942 2001/1090/1959
f 1986/1825/1942 2000/1835/1958 2001/1090/1959
f 2000/1835/1958 1983/1822/1939 2001/1090/1959
f 1983/1822/1939 1976/1815/1932 2002/1091/1960
f 2002/1091/1960 1976/1815/1932 1980/1819/1936
f 2004/1836/1961 2003/1837/1962 1933/1758/1869
f 2004/1836/1961 1933/1758/1869 1934/1760/1871
f 2006/1838/1963 2005/1839/1964 2007/1840/1965
f 2005/1839/1964 1935/1761/1872 2007/1840/1965
f 1935/1761/1872 2005/1839/1964 1934/1760/1871
f 1936/1764/1876 1938/1006/1875 2008/1841/1966
f 2008/1841/1966 1938/1006/1875 1939/1765/1877
f 2007/1840/1965 1950/1762/1873 1936/1764/1876
f 1936/1764/1876 2008/1841/1966 2009/1842/1967
f 2008/1841/1966 1939/1765/1877 2010/1843/1968
f 2007/1840/1965 1935/1761/1872 1950/1762/1873
f 1931/1757/1868 1933/1758/1869 2011/1844/1969
f 2003/1837/1962 2011/1844/1969 1933/1758/1869
f 2012/1845/1970 2010/1843/1968 1939/1765/1877
f 1940/1766/1878 2012/1845/1970 1939/1765/1877
f 1940/1766/1878 1942/1768/1880 2012/1845/1970
f 1942/1768/1880 2013/1846/1971 2012/1845/1970
f 2010/1843/1968 2013/1846/1971 2014/1847/1972
f 2015/1848/1973 2010/1843/1968 2014/1847/1972
f 2014/1847/1972 2016/1849/1974 2015/1848/1973
f 2016/1849/1974 2017/1850/1975 2015/1848/1973
f 2017/1850/1975 2016/1849/1974 2018/1851/1976
f 2016/1849/1974 2019/1852/1977 2018/1851/1976
f 2016/1849/1974 2020/1853/1978 2019/1852/1977
f 2020/1853/1978 2021/1854/1979 2019/1852/1977
f 2019/1852/1977 2022/1855/1980 2018/1851/1976
f 2022/1855/1980 2019/1852/1977 2023/1856/1981
f 2024/1857/1982 2023/1856/1981 2019/1852/1977
f 2025/1858/1983 2023/1856/1981 2024/1857/1982
f 2026/1113/1984 2025/1858/1983 2024/1857/1982
f 2027/1859/1985 2026/1113/1984 2024/1857/1982
f 2025/1858/1983 2028/1860/1986 2023/1856/1981
f 2028/1860/1986 2029/1861/1987 2023/1856/1981
f 2024/1857/1982 2019/1852/1977 2030/1862/1988
f 2019/1852/1977 2021/1854/1979 2030/1862/1988
f 2030/1862/1988 2021/1854/1979 2031/1863/1989
f 2032/1864/1990 2030/1862/1988 2031/1863/1989
f 2024/1857/1982 2030/1862/1988 2027/1859/1985
f 2032/1864/1990 2033/1865/1991 2030/1862/1988
f 2026/1113/1984 2034/1866/1992 2025/1858/1983
f 2035/1867/1993 2028/1860/1986 2025/1858/1983
f 2034/1866/1992 2035/1867/1993 2025/1858/1983
f 2021/1854/1979 2036/1121/1994 2031/1863/1989
f 2036/1121/1994 2021/1854/1979 2037/1122/1995
f 2021/1854/1979 2020/1853/1978 2037/1122/1995
f 2020/1853/1978 2038/1123/1996 2037/1122/1995
f 2039/1868/1997 2040/1869/1998 2020/1853/1978
f 2014/1847/1972 2013/1846/1971 2039/1868/1997
f 2040/1869/1998 2042/1870/1999 2041/1871/2000
f 2040/1869/1998 1942/1768/1880 2042/1870/1999
f 1942/1768/1880 1948/1777/1889 2042/1870/1999
f 1942/1768/1880 2040/1869/1998 2013/1846/1971
f 2013/1846/1971 2040/1869/1998 2039/1868/1997
f 2010/1843/1968 2012/1845/1970 2013/1846/1971
f 2039/1868/1997 2020/1853/1978 2014/1847/1972
f 2020/1853/1978 2016/1849/1974 2014/1847/1972
f 2043/1872/2001 2046/1873/2002 2045/1874/2003
f 2044/1875/2004 2048/1876/2005 2047/1877/2006
f 2047/1877/2006 2048/1876/2005 2049/1878/2007
f 2044/1875/2004 2045/1874/2003 2048/1876/2005
f 2044/1875/2004 2043/1872/2001 2045/1874/2003
f 2047/1877/2006 2049/1878/2007 2050/1879/2008
f 2052/1142/2009 2051/1880/2010 2028/1860/1986
f 2053/1881/2011 2052/1142/2009 2028/1860/1986
f 2054/1882/2012 2050/1879/2008 2051/1880/2010
f 2052/1142/2009 2054/1882/2012 2051/1880/2010
f 2047/1877/2006 2050/1879/2008 2054/1882/2012
f 2047/1877/2006 2054/1882/2012 2055/1883/2013
f 2055/1883/2013 2044/1875/2004 2047/1877/2006
f 2055/1883/2013 2056/1884/2014 2044/1875/2004
f 2056/1884/2014 2057/1885/2015 2044/1875/2004
f 2057/1885/2015 2043/1872/2001 2044/1875/2004
f 2051/1880/2010 2050/1879/2008 2058/1886/2016
f 2050/1879/2008 2059/1887/2017 2058/1886/2016
f 2049/1878/2007 2060/1888/2018 2050/1879/2008
f 2060/1888/2018 2049/1878/2007 2048/1876/2005
f 2048/1876/2005 2045/1874/2003 2060/1888/2018
f 2045/1874/2003 2061/1889/2019 2060/1888/2018
f 2062/1890/2020 2061/1889/2019 2045/1874/2003
f 2062/1890/2020 2045/1874/2003 2046/1873/2002
f 2050/1879/2008 2060/1888/2018 2063/1891/2021
f 2059/1887/2017 2050/1879/2008 2063/1891/2021
f 2063/1891/2021 2006/1838/1963 2064/1892/2022
f 2007/1840/1965 1936/1764/1876 2006/1838/1963
f 2009/1842/1967 2064/1892/2022 2006/1838/1963
f 2006/1838/1963 1936/1764/1876 2009/1842/1967
f 2065/1893/2023 2009/1842/1967 2008/1841/1966
f 1934/1760/1871 2005/1839/1964 2066/1894/2024
f 2004/1836/1961 1934/1760/1871 2066/1894/2024
f 2067/1895/2025 2003/1837/1962 2004/1836/1961
f 2005/1839/1964 2068/1896/2026 2066/1894/2024
f 2068/1896/2026 2005/1839/1964 2006/1838/1963
f 2063/1891/2021 2068/1896/2026 2006/1838/1963
f 2068/1896/2026 2063/1891/2021 2060/1888/2018
f 2061/1889/2019 2066/1894/2024 2068/1896/2026
f 2061/1889/2019 2068/1896/2026 2060/1888/2018
f 2062/1890/2020 2069/1897/2027 2061/1889/2019
f 2069/1897/2027 2062/1890/2020 2070/1155/2028
f 2062/1890/2020 2046/1873/2002 2070/1155/2028
f 2061/1889/2019 2004/1836/1961 2066/1894/2024
f 2061/1889/2019 2069/1897/2027 2004/1836/1961
f 2070/1155/2028 2071/1156/2029 2069/1897/2027
f 2069/1897/2027 2071/1156/2029 2067/1895/2025
f 2004/1836/1961 2069/1897/2027 2067/1895/2025
f 2074/1158/2030 2073/1898/2031 2072/1899/2032
f 2075/1900/2033 2076/1901/2034 2072/1899/2032
f 2073/1898/2031 2074/1158/2030 2077/1902/2035
f 2074/1158/2030 2078/1903/2036 2077/1902/2035
f 2079/1904/2037 2078/1903/2036 2074/1158/2030
f 2072/1899/2032 2079/1904/2037 2074/1158/2030
f 2076/1901/2034 2079/1904/2037 2072/1899/2032
f 2082/1905/2038 2076/1901/2034 2075/1900/2033
f 2082/1905/2038 2080/1906/2039 2076/1901/2034
f 2080/1906/2039 2079/1904/2037 2076/1901/2034
f 2084/1907/2040 2082/1905/2038 2075/1900/2033
f 2075/1900/2033 2081/1908/2041 2084/1907/2040
f 2081/1908/2041 2085/1909/2042 2086/1910/2043
f 2086/1910/2043 2084/1907/2040 2081/1908/2041
f 2085/1909/2042 2087/1911/2044 2086/1910/2043
f 2082/1905/2038 2088/1912/2045 2083/1913/2046
f 2088/1912/2045 2082/1905/2038 2084/1907/2040
f 2086/1910/2043 2089/1174/2047 2084/1907/2040
f 2094/1914/2048 2092/1915/2049 2093/1916/2050
f 2095/1917/2051 2096/1918/2052 2097/1919/2053
f 2094/1914/2048 2095/1917/2051 2097/1919/2053
f 2092/1915/2049 2094/1914/2048 2091/1920/2054
f 2094/1914/2048 2097/1919/2053 2091/1920/2054
f 2098/1183/2055 2097/1919/2053 2096/1918/2052
f 2097/1919/2053 2098/1183/2055 2099/1184/2056
f 2100/1185/2057 2098/1183/2055 2096/1918/2052
f 2097/1919/2053 2099/1184/2056 2101/1921/2058
f 2101/1921/2058 2087/1911/2044 2085/1909/2042
f 2090/1922/2059 2101/1921/2058 2085/1909/2042
f 2097/1919/2053 2090/1922/2059 2091/1920/2054
f 2097/1919/2053 2101/1921/2058 2090/1922/2059
f 2104/1187/2060 2103/1190/2061 2102/1923/2062
f 2105/1188/2063 2104/1187/2060 2102/1923/2062
f 2102/1923/2062 2106/1191/2064 2105/1188/2063
f 2107/1924/2065 2106/1191/2064 2102/1923/2062
f 2102/1923/2062 2109/1193/2066 2108/1194/2067
f 2108/1194/2067 2110/1925/2068 2102/1923/2062
f 2111/1926/2069 2107/1924/2065 2102/1923/2062
f 2110/1925/2068 2112/1927/2070 2102/1923/2062
f 2112/1927/2070 2113/1928/2071 2102/1923/2062
f 2102/1923/2062 2113/1928/2071 2111/1926/2069
f 2114/1199/2072 2111/1926/2069 2113/1928/2071
f 2116/1201/2073 2115/1200/2074 2113/1928/2071
f 2115/1200/2074 2117/1202/2075 2113/1928/2071
f 2117/1202/2075 2118/1203/2076 2113/1928/2071
f 2118/1203/2076 2119/1204/2077 2113/1928/2071
f 2119/1204/2077 2114/1199/2072 2113/1928/2071
f 2083/1913/2046 2080/1906/2039 2082/1905/2038
f 2121/1929/2078 2120/1930/2079 2122/1931/2080
f 2120/1930/2079 2121/1929/2078 784/1932/2081
f 2123/1933/2082 2121/1929/2078 2122/1931/2080
f 2121/1929/2078 2123/1933/2082 783/1934/2083
f 783/1934/2083 784/1932/2081 2121/1929/2078
f 2123/1933/2082 2122/1931/2080 1915/1741/1850
f 2123/1933/2082 1915/1741/1850 794/1935/2084
f 1915/1741/1850 1913/1740/1849 794/1935/2084
f 794/1935/2084 1913/1740/1849 2124/1936/2085
f 2123/1933/2082 794/1935/2084 783/1934/2083
f 2124/1936/2085 1913/1740/1849 1912/1745/1854
f 794/1935/2084 2124/1936/2085 793/1937/2086
f 1912/1745/1854 1910/1738/1847 2124/1936/2085
f 793/1937/2086 2124/1936/2085 792/1938/2087
f 1910/1738/1847 791/1939/2088 2124/1936/2085
f 1909/1736/1845 790/1735/1844 791/1939/2088
f 1910/1738/1847 1909/1736/1845 791/1939/2088
f 791/1939/2088 792/1938/2087 2124/1936/2085
f 1914/1742/1851 2122/1931/2080 1928/1752/1863
f 2122/1931/2080 1914/1742/1851 1915/1741/1850
f 2125/1940/2089 2126/1941/2090 785/1942/2091
f 785/1942/2091 786/1943/2092 2125/1940/2089
f 1908/1733/1842 2125/1940/2089 787/1944/2093
f 2126/1941/2090 2120/1930/2079 784/1932/2081
f 2126/1941/2090 784/1932/2081 785/1942/2091
f 1909/1736/1845 1903/1728/1837 1904/1729/1838
f 2128/1945/2094 1905/1731/1840 1904/1729/1838
f 1901/1727/1836 2128/1945/2094 1904/1729/1838
f 1901/1727/1836 2127/1946/2095 2128/1945/2094
f 1900/1726/1835 2129/1224/2096 1901/1727/1836
f 1901/1727/1836 2129/1224/2096 2127/1946/2095
f 1896/1724/1833 2130/1947/2097 1898/1754/1865
f 1896/1724/1833 1897/1723/1832 2130/1947/2097
f 2131/1948/2098 1907/1732/1841 2128/1945/2094
f 2132/1949/2099 2128/1945/2094 2127/1946/2095
f 2128/1945/2094 2132/1949/2099 2131/1948/2098
f 2132/1949/2099 2133/1228/2100 2131/1948/2098
f 2128/1945/2094 1907/1732/1841 1905/1731/1840
f 2125/1940/2089 1906/1730/1839 1907/1732/1841
f 2125/1940/2089 1908/1733/1842 1906/1730/1839
f 1908/1733/1842 789/1734/1843 1905/1731/1840
f 2125/1940/2089 786/1943/2092 787/1944/2093
f 788/1218/2101 789/1734/1843 1908/1733/1842
f 787/1944/2093 788/1218/2101 1908/1733/1842
f 1769/1598/1679 725/1950/2102 724/1230/2103
f 724/1230/2103 723/91/1676 1769/1598/1679
f 725/1950/2102 1769/1598/1679 1768/1951/2104
f 727/1952/2105 725/1950/2102 1768/1951/2104
f 725/1950/2102 727/1952/2105 726/1231/2106
f 1764/1593/1673 727/1952/2105 1768/1951/2104
f 1764/1593/1673 1768/1951/2104 1767/1953/2107
f 1764/1593/1673 1767/1953/2107 1766/1594/1674
f 727/1952/2105 1764/1593/1673 734/805/1672
f 1541/1329/1384 1534/1327/1382 1542/1335/1391
f 1616/1411/1469 1583/1378/1436 1526/1318/1373
f 1541/1329/1384 1616/1411/1469 1526/1318/1373
f 1617/1400/1458 1583/1378/1436 1616/1411/1469
f 797/1954/2108 1765/1595/1675 1766/1594/1674
f 1765/1595/1675 797/1954/2108 1812/1639/1727
f 1766/1594/1674 796/1955/2109 797/1954/2108
f 1766/1594/1674 1767/1953/2107 796/1955/2109
f 1767/1953/2107 795/1956/2110 796/1955/2109
f 1767/1953/2107 1768/1951/2104 795/1956/2110
f 2134/1957/2111 795/1956/2110 1768/1951/2104
f 1768/1951/2104 1778/1607/1688 2134/1957/2111
f 1769/1598/1679 1778/1607/1688 1768/1951/2104
f 2134/1957/2111 1778/1607/1688 1774/1604/1685
f 1778/1607/1688 1769/1598/1679 1770/1597/1678
f 798/1238/2112 799/1237/2113 797/1954/2108
f 799/1237/2113 1812/1639/1727 797/1954/2108
f 1812/1639/1727 799/1237/2113 1814/1642/1730
f 1814/1642/1730 799/1237/2113 800/1239/2114
f 800/1239/2114 801/1240/2115 1814/1642/1730
f 2137/1242/2116 2136/1958/2117 2135/1959/2118
f 2140/1245/2119 2138/1960/2120 2139/1961/2121
f 2135/1959/2118 2136/1958/2117 2141/1247/2122
f 2136/1958/2117 2142/1248/2123 2141/1247/2122
f 2135/1959/2118 2141/1247/2122 2138/1960/2120
f 2141/1247/2122 2143/1249/2124 2138/1960/2120
f 2138/1960/2120 2143/1249/2124 2139/1961/2121
f 2143/1249/2124 2144/1250/2125 2139/1961/2121
f 2136/1958/2117 2088/1912/2045 2142/1248/2123
f 2088/1912/2045 2145/1251/2126 2142/1248/2123
f 2145/1251/2126 2088/1912/2045 2084/1907/2040
f 2084/1907/2040 2089/1174/2047 2145/1251/2126
f 2137/1242/2116 2088/1912/2045 2136/1958/2117
f 2146/1962/2127 2083/1913/2046 2088/1912/2045
f 2146/1962/2127 2088/1912/2045 2137/1242/2116
f 2147/1963/2128 1707/1500/1571 1705/1498/1569
f 2147/1963/2128 1710/1964/2129 1707/1500/1571
f 2147/1963/2128 2148/1965/2130 1710/1964/2129
f 2147/1963/2128 1705/1498/1569 2149/1966/2131
f 1705/1498/1569 1708/1501/1572 2149/1966/2131
f 2149/1966/2131 1708/1501/1572 2150/1256/2132
f 1708/1501/1572 1709/1502/1573 2150/1256/2132
f 2150/1256/2132 1709/1502/1573 1712/1509/1581
f 2153/1967/2133 2154/1664/1752 2152/1968/2134
f 1842/1669/1757 2151/1969/2135 2152/1968/2134
f 1838/1665/1753 2152/1968/2134 2154/1664/1752
f 1842/1669/1757 2152/1968/2134 1838/1665/1753
f 2155/1970/2136 1839/1666/1754 2154/1664/1752
f 2154/1664/1752 2153/1967/2133 2155/1970/2136
f 1836/1662/1750 1839/1666/1754 2156/1971/2137
f 1836/1662/1750 2156/1971/2137 2157/1972/2138
f 1833/1660/1748 1836/1662/1750 2157/1972/2138
f 1832/1657/1745 1833/1660/1748 2157/1972/2138
f 2158/1973/2139 1832/1657/1745 2157/1972/2138
f 2153/1967/2133 2159/1974/2140 2155/1970/2136
f 2075/1900/2033 2085/1909/2042 2081/1908/2041
f 2072/1899/2032 2085/1909/2042 2075/1900/2033
f 2072/1899/2032 2073/1898/2031 2085/1909/2042
f 2073/1898/2031 2090/1922/2059 2085/1909/2042
f 2091/1920/2054 2090/1922/2059 2073/1898/2031
f 2091/1920/2054 2073/1898/2031 2092/1915/2049
f 2073/1898/2031 2077/1902/2035 2092/1915/2049
f 2093/1916/2050 2092/1915/2049 2077/1902/2035
f 2078/1903/2036 2093/1916/2050 2077/1902/2035
f 2160/1687/1779 1859/1683/1775 2161/1975/2141
f 1859/1683/1775 2162/1976/2142 2161/1975/2141
f 2163/1977/2143 2161/1975/2141 2162/1976/2142
f 1834/1675/1763 2164/1978/2144 2163/1977/2143
f 2164/1978/2144 1834/1675/1763 1830/1659/1747
f 1834/1675/1763 2163/1977/2143 2162/1976/2142
f 1833/1660/1748 1830/1659/1747 1834/1675/1763
f 2162/1976/2142 1859/1683/1775 1854/1679/1771
f 1852/1676/1768 1847/1674/1762 1854/1679/1771
f 1854/1679/1771 1847/1674/1762 2165/1979/2145
f 1835/1661/1749 1834/1675/1763 2165/1979/2145
f 2162/1976/2142 2165/1979/2145 1834/1675/1763
f 2165/1979/2145 2162/1976/2142 1854/1679/1771
f 1835/1661/1749 2165/1979/2145 1840/1667/1755
f 1840/1667/1755 2165/1979/2145 1847/1674/1762
f 1804/1633/1721 1799/1626/1713 1806/1578/1656
f 2166/1980/2146 1806/1578/1656 1799/1626/1713
f 2166/1980/2146 1760/1580/1658 1806/1578/1656
f 780/1629/1716 781/1981/2147 1801/1628/1715
f 2166/1980/2146 1801/1628/1715 781/1981/2147
f 2166/1980/2146 781/1981/2147 782/1582/1660
f 1799/1626/1713 1801/1628/1715 2166/1980/2146
f 2166/1980/2146 782/1582/1660 1760/1580/1658
f 1755/1574/1652 745/1982/2148 744/1583/1661
f 745/1982/2148 1755/1574/1652 746/1581/1659
f 1736/1549/1622 1734/1548/1621 2167/1983/2149
f 809/1554/1627 1736/1549/1622 2167/1983/2149
f 1733/1545/1618 2167/1983/2149 1734/1548/1621
f 1729/1535/1608 2167/1983/2149 1733/1545/1618
f 832/1534/1607 2167/1983/2149 1729/1535/1608
f 808/1984/2150 809/1554/1627 2167/1983/2149
f 807/1985/2151 808/1984/2150 2167/1983/2149
f 2167/1983/2149 832/1534/1607 807/1985/2151
f 1732/1541/1614 835/1273/2152 834/1537/1610
f 1730/1536/1609 1732/1541/1614 834/1537/1610
f 836/1544/1617 835/1273/2152 1732/1541/1614
f 1950/1762/1873 1929/1759/1870 1953/1782/1894
f 2064/1892/2022 2059/1887/2017 2063/1891/2021
f 2168/1986/2153 2064/1892/2022 2065/1893/2023
f 2168/1986/2153 2065/1893/2023 2169/1987/2154
f 2064/1892/2022 2009/1842/1967 2065/1893/2023
f 2065/1893/2023 2008/1841/1966 2010/1843/1968
f 2010/1843/1968 2015/1848/1973 2169/1987/2154
f 2169/1987/2154 2065/1893/2023 2010/1843/1968
f 2017/1850/1975 2169/1987/2154 2015/1848/1973
f 2170/1988/2155 2169/1987/2154 2017/1850/1975
f 2018/1851/1976 2170/1988/2155 2017/1850/1975
f 2170/1988/2155 2018/1851/1976 2022/1855/1980
f 2029/1861/1987 2022/1855/1980 2023/1856/1981
f 2058/1886/2016 2022/1855/1980 2029/1861/1987
f 2170/1988/2155 2058/1886/2016 2169/1987/2154
f 2170/1988/2155 2022/1855/1980 2058/1886/2016
f 2168/1986/2153 2169/1987/2154 2058/1886/2016
f 2059/1887/2017 2064/1892/2022 2168/1986/2153
f 2058/1886/2016 2059/1887/2017 2168/1986/2153
f 2051/1880/2010 2058/1886/2016 2029/1861/1987
f 2051/1880/2010 2029/1861/1987 2028/1860/1986
f 2053/1881/2011 2028/1860/1986 2035/1867/1993
f 2020/1853/1978 2040/1869/1998 2041/1871/2000
f 2041/1871/2000 2038/1123/1996 2020/1853/1978
f 1695/1482/1552 1703/1496/1567 1702/1495/1566
f 1695/1482/1552 1694/1488/1558 1703/1496/1567
f 1694/1488/1558 1706/1499/1570 1703/1496/1567
f 1702/1495/1566 1696/1490/1560 1691/1485/1555
f 1702/1495/1566 1691/1485/1555 1695/1482/1552
f 1694/1488/1558 1688/1511/1583 1706/1499/1570
f 1709/1502/1573 1706/1499/1570 1688/1511/1583
f 1688/1511/1583 1718/1510/1582 1709/1502/1573
f 1811/1638/1726 1762/1589/1668 1763/1591/1670
f 1765/1595/1675 1811/1638/1726 1763/1591/1670
f 1959/1794/1911 760/1793/1910 757/1989/2156
f 757/1989/2156 1962/1797/1914 1959/1794/1911
f 1962/1797/1914 757/1989/2156 758/1279/2157
f 759/1801/1918 1962/1797/1914 758/1279/2157
f 762/1280/2158 761/1796/1913 1961/1834/1951
f 1968/1802/1919 763/1804/1921 767/1990/2159
f 1969/1805/1922 1968/1802/1919 767/1990/2159
f 763/1804/1921 766/1282/2160 767/1990/2159
f 768/1807/1924 1969/1805/1922 767/1990/2159
f 768/1807/1924 769/1991/2161 1970/1806/1923
f 1970/1806/1923 769/1991/2161 1971/1809/1926
f 769/1991/2161 770/1284/2162 1971/1809/1926
f 771/1810/1927 1971/1809/1926 770/1284/2162
f 771/1810/1927 775/1285/2163 1973/1811/1928
f 1973/1811/1928 775/1285/2163 776/1812/1929
f 2172/1286/2164 2100/1185/2057 2171/1992/2165
f 2171/1992/2165 2100/1185/2057 2096/1918/2052
f 2173/1993/2166 819/1994/2167 817/1290/2168
f 818/1995/2169 2173/1993/2166 817/1290/2168
f 2173/1993/2166 823/1292/2170 819/1994/2167
f 823/1292/2170 822/1996/2171 819/1994/2167
f 1972/1808/1925 1974/1813/1930 1979/1818/1935
f 1305/1060/1114 1303/1057/1111 1310/1066/1120
f 2181/1997/2172 2174/1998/2173 2175/1999/2174
f 2179/2000/2175 2175/1999/2174 2176/2001/2176
f 2175/1999/2174 2179/2000/2175 2181/1997/2172
f 2179/2000/2175 2180/198/2177 2181/1997/2172
f 2178/2002/2178 2179/2000/2175 2176/2001/2176
f 2174/1998/2173 2181/1997/2172 2183/202/2179
f 2181/1997/2172 2182/2003/2180 2183/202/2179
f 2178/2002/2178 2176/2001/2176 2177/2004/2181
f 2184/2005/2182 2191/2006/2183 2185/2007/2184
f 2185/2007/2184 2189/2000/2185 2186/2008/2186
f 2189/2000/2185 2185/2007/2184 2191/2006/2183
f 2190/198/2187 2189/2000/2185 2191/2006/2183
f 2189/2000/2185 2188/2009/2188 2186/2008/2186
f 2191/2006/2183 2184/2005/2182 2193/202/2189
f 2192/2010/2190 2191/2006/2183 2193/202/2189
f 2186/2008/2186 2188/2009/2188 2187/2004/2191
l 312 313
